sigla;market_cod;classe;razao_social
AALR3;BVMF:AALR3;ACAO;CENTRO DE IMAGEM DIAGNOSTICOS S.A.
ABCB4;BVMF:ABCB4;ACAO;BCO ABC BRASIL S.A.
ABEV3;BVMF:ABEV3;ACAO;AMBEV S.A.
AERI3;BVMF:AERI3;ACAO;AERIS IND. E COM. DE EQUIP. GERACAO DE ENERGIA S/A
AFLT3;BVMF:AFLT3;ACAO;AFLUENTE TRANSMISSAO DE ENERGIA ELETRICA S/A
AGRO3;BVMF:AGRO3;ACAO;BRASILAGRO CIA BRAS DE PROP AGRICOLAS
AGXY3;BVMF:AGXY3;ACAO;AGROGALAXY PARTICIPACOES S.A.
AHEB3;BVMF:AHEB3;ACAO;SAO PAULO TURISMO S.A.
ALLD3;BVMF:ALLD3;ACAO;ALLIED TECNOLOGIA S.A.
ALOS3;BVMF:ALOS3;ACAO;ALLOS S.A
ALPA3;BVMF:ALPA3;ACAO;ALPARGATAS S.A.
ALPA4;BVMF:ALPA4;ACAO;ALPARGATAS S.A.
ALPK3;BVMF:ALPK3;ACAO;ALLPARK EMPREENDIMENTOS PARTICIPACOES SERVICOS S.A
ALUP11;BVMF:ALUP11;ACAO;ALUPAR INVESTIMENTO S/A
ALUP3;BVMF:ALUP3;ACAO;ALUPAR INVESTIMENTO S/A
ALUP4;BVMF:ALUP4;ACAO;ALUPAR INVESTIMENTO S/A
AMAR3;BVMF:AMAR3;ACAO;MARISA LOJAS S.A.
AMBP3;BVMF:AMBP3;ACAO;AMBIPAR PARTICIPACOES E EMPREENDIMENTOS SA
AMER3;BVMF:AMER3;ACAO;AMERICANAS S.A
AMOB3;BVMF:AMOB3;ACAO;AUTOMOB PARTICIPACOES S.A.
ANIM3;BVMF:ANIM3;ACAO;GAEC EDUCACAO S/A
ARML3;BVMF:ARML3;ACAO;ARMAC LOCACAO. LOGISTICA E SERVICOS S.A.
ASAI3;BVMF:ASAI3;ACAO;SENDAS DISTRIBUIDORA S.A.
ATED3;BVMF:ATED3;ACAO;ATOM EDUCACAO E EDITORA S.A.
ATMP3;BVMF:ATMP3;ACAO;ATMA PARTICIPACOES S.A.
ATOM3;BVMF:ATOM3;ACAO;ATOM EMPREENDIMENTOS E PARTICIPACOES S.A.
AURE3;BVMF:AURE3;ACAO;AUREN ENERGIA S.A.
AVLL3;BVMF:AVLL3;ACAO;ALPHAVILLE S.A.
AXIA3;BVMF:AXIA3;ACAO;CENTRAIS ELET BRAS S.A. - ELETROBRAS
AXIA5;BVMF:AXIA5;ACAO;CENTRAIS ELET BRAS S.A. - ELETROBRAS
AXIA6;BVMF:AXIA6;ACAO;CENTRAIS ELET BRAS S.A. - ELETROBRAS
AXIA7;BVMF:AXIA7;ACAO;CENTRAIS ELET BRAS S.A. - ELETROBRAS
AZEV3;BVMF:AZEV3;ACAO;AZEVEDO E TRAVASSOS S.A.
AZEV4;BVMF:AZEV4;ACAO;AZEVEDO E TRAVASSOS S.A.
AZTE3;BVMF:AZTE3;ACAO;AZEVEDO & TRAVASSOS ENERGIA S.A.
AZUL54;BVMF:AZUL54;ACAO;AZUL S.A.
AZZA3;BVMF:AZZA3;ACAO;AZZAS 2154 S.A.
B3SA3;BVMF:B3SA3;ACAO;B3 S.A. BRASIL BOLSA BALCAO
BALM3;BVMF:BALM3;ACAO;BAUMER S.A.
BALM4;BVMF:BALM4;ACAO;BAUMER S.A.
BAUH4;BVMF:BAUH4;ACAO;EXCELSIOR ALIMENTOS S.A.
BAZA3;BVMF:BAZA3;ACAO;BCO AMAZONIA S.A.
BBAS3;BVMF:BBAS3;ACAO;BCO BRASIL S.A.
BBDC3;BVMF:BBDC3;ACAO;BCO BRADESCO S.A.
BBDC4;BVMF:BBDC4;ACAO;BCO BRADESCO S.A.
BBSE3;BVMF:BBSE3;ACAO;BB SEGURIDADE PARTICIPACOES S.A.
BDLL3;BVMF:BDLL3;ACAO;BARDELLA S.A. INDUSTRIAS MECANICAS
BDLL4;BVMF:BDLL4;ACAO;BARDELLA S.A. INDUSTRIAS MECANICAS
BEEF3;BVMF:BEEF3;ACAO;MINERVA S.A.
BEES3;BVMF:BEES3;ACAO;BANESTES S.A. BCO EST ESPIRITO SANTO
BEES4;BVMF:BEES4;ACAO;BANESTES S.A. BCO EST ESPIRITO SANTO
BGIP3;BVMF:BGIP3;ACAO;BCO ESTADO DE SERGIPE S.A. BANESE
BGIP4;BVMF:BGIP4;ACAO;BCO ESTADO DE SERGIPE S.A. BANESE
BHIA3;BVMF:BHIA3;ACAO;GRUPO CASAS BAHIA S.A
BIED3;BVMF:BIED3;ACAO;BIOMA EDUCACAO S.A.
BIOM3;BVMF:BIOM3;ACAO;BIOMM S.A.
BLAU3;BVMF:BLAU3;ACAO;BLAU FARMACEUTICA S.A.
BMEB3;BVMF:BMEB3;ACAO;BCO MERCANTIL DO BRASIL S.A.
BMEB4;BVMF:BMEB4;ACAO;BCO MERCANTIL DO BRASIL S.A.
BMGB4;BVMF:BMGB4;ACAO;BANCO BMG S.A.
BMIN3;BVMF:BMIN3;ACAO;BCO MERCANTIL DE INVESTIMENTOS S.A.
BMIN4;BVMF:BMIN4;ACAO;BCO MERCANTIL DE INVESTIMENTOS S.A.
BMKS3;BVMF:BMKS3;ACAO;BICICLETAS MONARK S.A.
BMOB3;BVMF:BMOB3;ACAO;BEMOBI MOBILE TECH S.A.
BNBR3;BVMF:BNBR3;ACAO;BCO NORDESTE DO BRASIL S.A.
BOAS3;BVMF:BOAS3;ACAO;BOA VISTA SERVICOS S.A.
BOBR4;BVMF:BOBR4;ACAO;BOMBRIL S.A.
BPAC11;BVMF:BPAC11;ACAO;BCO BTG PACTUAL S.A.
BPAC3;BVMF:BPAC3;ACAO;BCO BTG PACTUAL S.A.
BPAC5;BVMF:BPAC5;ACAO;BCO BTG PACTUAL S.A.
BPAN4;BVMF:BPAN4;ACAO;BCO PAN S.A.
BRAP3;BVMF:BRAP3;ACAO;BRADESPAR S.A.
BRAP4;BVMF:BRAP4;ACAO;BRADESPAR S.A.
BRAV3;BVMF:BRAV3;ACAO;3R PETROLEUM OLEO E GAS S.A
BRBI11;BVMF:BRBI11;ACAO;BR ADVISORY PARTNERS PARTICIPACOES S.A.
BRFS3;BVMF:BRFS3;ACAO;BRF S.A.
BRGE12;BVMF:BRGE12;ACAO;CONSORCIO ALFA DE ADMINISTRACAO S.A.
BRGE3;BVMF:BRGE3;ACAO;CONSORCIO ALFA DE ADMINISTRACAO S.A.
BRGE5;BVMF:BRGE5;ACAO;CONSORCIO ALFA DE ADMINISTRACAO S.A.
BRGE6;BVMF:BRGE6;ACAO;CONSORCIO ALFA DE ADMINISTRACAO S.A.
BRIV3;BVMF:BRIV3;ACAO;BCO ALFA DE INVESTIMENTO S.A.
BRIV4;BVMF:BRIV4;ACAO;BCO ALFA DE INVESTIMENTO S.A.
BRKM3;BVMF:BRKM3;ACAO;BRASKEM S.A.
BRKM5;BVMF:BRKM5;ACAO;BRASKEM S.A.
BRKM6;BVMF:BRKM6;ACAO;BRASKEM S.A.
BRSR3;BVMF:BRSR3;ACAO;BCO ESTADO DO RIO GRANDE DO SUL S.A.
BRSR5;BVMF:BRSR5;ACAO;BCO ESTADO DO RIO GRANDE DO SUL S.A.
BRSR6;BVMF:BRSR6;ACAO;BCO ESTADO DO RIO GRANDE DO SUL S.A.
BRST3;BVMF:BRST3;ACAO;BRISANET SERVICOS DE TELECOMUNICACOES S.A.
BSLI3;BVMF:BSLI3;ACAO;BRB BCO DE BRASILIA S.A.
BSLI4;BVMF:BSLI4;ACAO;BRB BCO DE BRASILIA S.A.
CAMB3;BVMF:CAMB3;ACAO;CAMBUCI S.A.
CAML3;BVMF:CAML3;ACAO;CAMIL ALIMENTOS S.A.
CASH3;BVMF:CASH3;ACAO;MELIUZ S.A.
CASN3;BVMF:CASN3;ACAO;CIA CATARINENSE DE AGUAS E SANEAM.-CASAN
CBAV3;BVMF:CBAV3;ACAO;COMPANHIA BRASILEIRA DE ALUMINIO
CCRO3;BVMF:CCRO3;ACAO;CCR S.A.
CCTY3;BVMF:CCTY3;ACAO;RDVC CITY S.A.
CEAB3;BVMF:CEAB3;ACAO;CEA MODAS S.A.
CEBR3;BVMF:CEBR3;ACAO;CIA ENERGETICA DE BRASILIA
CEBR5;BVMF:CEBR5;ACAO;CIA ENERGETICA DE BRASILIA
CEBR6;BVMF:CEBR6;ACAO;CIA ENERGETICA DE BRASILIA
CEDO3;BVMF:CEDO3;ACAO;CIA FIACAO TECIDOS CEDRO CACHOEIRA
CEDO4;BVMF:CEDO4;ACAO;CIA FIACAO TECIDOS CEDRO CACHOEIRA
CEEB3;BVMF:CEEB3;ACAO;CIA ELETRICIDADE EST. DA BAHIA COELBA
CEEB5;BVMF:CEEB5;ACAO;CIA ELETRICIDADE EST. DA BAHIA COELBA
CEED3;BVMF:CEED3;ACAO;CIA ESTADUAL DE DISTRIB ENER ELET-CEEE-D
CEED4;BVMF:CEED4;ACAO;CIA ESTADUAL DE DISTRIB ENER ELET-CEEE-D
CGAS3;BVMF:CGAS3;ACAO;CIA GAS DE SAO PAULO COMGAS
CGAS5;BVMF:CGAS5;ACAO;CIA GAS DE SAO PAULO COMGAS
CGRA3;BVMF:CGRA3;ACAO;GRAZZIOTIN S.A.
CGRA4;BVMF:CGRA4;ACAO;GRAZZIOTIN S.A.
CLSA3;BVMF:CLSA3;ACAO;CLEAR SALE S.A.
CLSC3;BVMF:CLSC3;ACAO;CENTRAIS ELET DE SANTA CATARINA S.A.
CLSC4;BVMF:CLSC4;ACAO;CENTRAIS ELET DE SANTA CATARINA S.A.
CMIG3;BVMF:CMIG3;ACAO;CIA ENERGETICA DE MINAS GERAIS CEMIG
CMIG4;BVMF:CMIG4;ACAO;CIA ENERGETICA DE MINAS GERAIS CEMIG
CMIN3;BVMF:CMIN3;ACAO;CSN MINERACAO S.A.
COCE3;BVMF:COCE3;ACAO;CIA ENERGETICA DO CEARA COELCE
COCE5;BVMF:COCE5;ACAO;CIA ENERGETICA DO CEARA COELCE
COGN3;BVMF:COGN3;ACAO;COGNA EDUCACAO S.A.
CPFE3;BVMF:CPFE3;ACAO;CPFL ENERGIA S.A.
CPLE11;BVMF:CPLE11;ACAO;CIA PARANAENSE DE ENERGIA COPEL
CPLE3;BVMF:CPLE3;ACAO;CIA PARANAENSE DE ENERGIA COPEL
CPLE6;BVMF:CPLE6;ACAO;CIA PARANAENSE DE ENERGIA COPEL
CRFB3;BVMF:CRFB3;ACAO;ATACADAO S.A.
CRIV3;BVMF:CRIV3;ACAO;FINANCEIRA ALFA S.A. CRED FINANC E INVS
CRIV4;BVMF:CRIV4;ACAO;FINANCEIRA ALFA S.A. CRED FINANC E INVS
CRPG3;BVMF:CRPG3;ACAO;CRISTAL PIGMENTOS DO BRASIL S.A.
CRPG5;BVMF:CRPG5;ACAO;CRISTAL PIGMENTOS DO BRASIL S.A.
CRPG6;BVMF:CRPG6;ACAO;CRISTAL PIGMENTOS DO BRASIL S.A.
CSAN3;BVMF:CSAN3;ACAO;COSAN S.A.
CSED3;BVMF:CSED3;ACAO;CRUZEIRO DO SUL EDUCACIONAL S.A.
CSMG3;BVMF:CSMG3;ACAO;CIA SANEAMENTO DE MINAS GERAIS-COPASA MG
CSNA3;BVMF:CSNA3;ACAO;CIA SIDERURGICA NACIONAL
CSRN3;BVMF:CSRN3;ACAO;CIA ENERGETICA DO RIO GDE NORTE COSERN
CSRN5;BVMF:CSRN5;ACAO;CIA ENERGETICA DO RIO GDE NORTE COSERN
CSRN6;BVMF:CSRN6;ACAO;CIA ENERGETICA DO RIO GDE NORTE COSERN
CSUD3;BVMF:CSUD3;ACAO;CSU DIGITAL S.A.
CTKA4;BVMF:CTKA4;ACAO;KARSTEN S.A.
CTNM3;BVMF:CTNM3;ACAO;CIA TECIDOS NORTE DE MINAS COTEMINAS
CTNM4;BVMF:CTNM4;ACAO;CIA TECIDOS NORTE DE MINAS COTEMINAS
CTSA3;BVMF:CTSA3;ACAO;CIA TECIDOS SANTANENSE
CTSA4;BVMF:CTSA4;ACAO;CIA TECIDOS SANTANENSE
CURY3;BVMF:CURY3;ACAO;CURY CONSTRUTORA E INCORPORADORA S.A.
CVCB3;BVMF:CVCB3;ACAO;CVC BRASIL OPERADORA E AGENCIA DE VIAGENS S.A.
CXSE3;BVMF:CXSE3;ACAO;CAIXA SEGURIDADE PARTICIPACOES S.A.
CYRE3;BVMF:CYRE3;ACAO;CYRELA BRAZIL REALTY S.A.EMPREEND E PART
DASA3;BVMF:DASA3;ACAO;DIAGNOSTICOS DA AMERICA S.A.
DESK3;BVMF:DESK3;ACAO;DESKTOP SIGMANET COMUNICACAO MULTIMIDIA S.A.
DEXP3;BVMF:DEXP3;ACAO;DEXXOS PARTICIPACOES S.A.
DEXP4;BVMF:DEXP4;ACAO;DEXXOS PARTICIPACOES S.A.
DIRR3;BVMF:DIRR3;ACAO;DIRECIONAL ENGENHARIA S.A.
DMVF3;BVMF:DMVF3;ACAO;D1000 VAREJO FARMA PARTICIPACOES S.A.
DOHL3;BVMF:DOHL3;ACAO;DOHLER S.A.
DOHL4;BVMF:DOHL4;ACAO;DOHLER S.A.
DOTZ3;BVMF:DOTZ3;ACAO;DOTZ S.A.
DTCY3;BVMF:DTCY3;ACAO;DTCOM DIRECT TO COMPANY S.A.
DXCO3;BVMF:DXCO3;ACAO;DEXCO S.A.
EALT3;BVMF:EALT3;ACAO;ELECTRO ACO ALTONA S.A.
EALT4;BVMF:EALT4;ACAO;ELECTRO ACO ALTONA S.A.
ECOR3;BVMF:ECOR3;ACAO;ECORODOVIAS INFRAESTRUTURA E LOGISTICA S.A.
EGIE3;BVMF:EGIE3;ACAO;ENGIE BRASIL ENERGIA S.A.
EKTR3;BVMF:EKTR3;ACAO;ELEKTRO REDES S.A.
EKTR4;BVMF:EKTR4;ACAO;ELEKTRO REDES S.A.
ELET3;BVMF:ELET3;ACAO;CENTRAIS ELET BRAS S.A. ELETROBRAS
ELET6;BVMF:ELET6;ACAO;CENTRAIS ELET BRAS S.A. ELETROBRAS
ELMD3;BVMF:ELMD3;ACAO;ELETROMIDIA S.A.
EMAE4;BVMF:EMAE4;ACAO;EMAE EMPRESA METROP.AGUAS ENERGIA S.A.
EMBJ3;BVMF:EMBJ3;ACAO;EMBRAER S.A.
ENAT3;BVMF:ENAT3;ACAO;ENAUTA PARTICIPACOES S.A.
ENEV3;BVMF:ENEV3;ACAO;ENEVA S.A
ENGI11;BVMF:ENGI11;ACAO;ENERGISA S.A.
ENGI3;BVMF:ENGI3;ACAO;ENERGISA S.A.
ENGI4;BVMF:ENGI4;ACAO;ENERGISA S.A.
ENJU3;BVMF:ENJU3;ACAO;ENJOEI.COM.BR ATIVIDADES DE INTERNET S.A.
ENMT3;BVMF:ENMT3;ACAO;ENERGISA MATO GROSSO-DISTRIBUIDORA DE ENERGIA S/A
ENMT4;BVMF:ENMT4;ACAO;ENERGISA MATO GROSSO-DISTRIBUIDORA DE ENERGIA S/A
EPAR3;BVMF:EPAR3;ACAO;EMBPAR PARTICIPACOES S.A.
EQMA3B;BVMF:EQMA3B;ACAO;EQUATORIAL MARANHAO DISTRIBUIDORA DE ENERGIA S.A.
EQPA3;BVMF:EQPA3;ACAO;EQUATORIAL PARA DISTRIBUIDORA DE ENERGIA S.A.
EQPA5;BVMF:EQPA5;ACAO;EQUATORIAL PARA DISTRIBUIDORA DE ENERGIA S.A.
EQPA7;BVMF:EQPA7;ACAO;EQUATORIAL PARA DISTRIBUIDORA DE ENERGIA S.A.
EQTL3;BVMF:EQTL3;ACAO;EQUATORIAL ENERGIA S.A.
ESPA3;BVMF:ESPA3;ACAO;MPM CORPOREOS S.A.
ESTR4;BVMF:ESTR4;ACAO;MANUFATURA DE BRINQUEDOS ESTRELA S.A.
ETER3;BVMF:ETER3;ACAO;ETERNIT S.A.
EUCA3;BVMF:EUCA3;ACAO;EUCATEX S.A. INDUSTRIA E COMERCIO
EUCA4;BVMF:EUCA4;ACAO;EUCATEX S.A. INDUSTRIA E COMERCIO
EVEN3;BVMF:EVEN3;ACAO;EVEN CONSTRUTORA E INCORPORADORA S.A.
EZTC3;BVMF:EZTC3;ACAO;EZ TEC EMPREEND. E PARTICIPACOES S.A.
FESA3;BVMF:FESA3;ACAO;CIA FERRO LIGAS DA BAHIA FERBASA
FESA4;BVMF:FESA4;ACAO;CIA FERRO LIGAS DA BAHIA FERBASA
FHER3;BVMF:FHER3;ACAO;FERTILIZANTES HERINGER S.A.
FICT3;BVMF:FICT3;ACAO;FICTOR ALIMENTOS S.A
FIQE3;BVMF:FIQE3;ACAO;UNIFIQUE TELECOMUNICACOES S.A.
FLRY3;BVMF:FLRY3;ACAO;FLEURY S.A.
FNCN3;BVMF:FNCN3;ACAO;FINANSINOS S.A. CREDITO FINANC E INVEST
FRAS3;BVMF:FRAS3;ACAO;FRAS-LE S.A.
FRIO3;BVMF:FRIO3;ACAO;METALFRIO SOLUTIONS S.A.
GEPA3;BVMF:GEPA3;ACAO;RIO PARANAPANEMA ENERGIA S.A.
GEPA4;BVMF:GEPA4;ACAO;RIO PARANAPANEMA ENERGIA S.A.
GFSA3;BVMF:GFSA3;ACAO;GAFISA S.A.
GGBR3;BVMF:GGBR3;ACAO;GERDAU S.A.
GGBR4;BVMF:GGBR4;ACAO;GERDAU S.A.
GGPS3;BVMF:GGPS3;ACAO;GPS PARTICIPACOES E EMPREENDIMENTOS S.A.
GMAT3;BVMF:GMAT3;ACAO;GRUPO MATEUS S.A.
GOAU3;BVMF:GOAU3;ACAO;METALURGICA GERDAU S.A.
GOAU4;BVMF:GOAU4;ACAO;METALURGICA GERDAU S.A.
GOLL4;BVMF:GOLL4;ACAO;GOL LINHAS AEREAS INTELIGENTES S.A.
GRND3;BVMF:GRND3;ACAO;GRENDENE S.A.
GSHP3;BVMF:GSHP3;ACAO;GENERAL SHOPPING E OUTLETS DO BRASIL S.A.
GUAR3;BVMF:GUAR3;ACAO;GUARARAPES CONFECCOES S.A.
HAGA3;BVMF:HAGA3;ACAO;HAGA S.A. INDUSTRIA E COMERCIO
HAGA4;BVMF:HAGA4;ACAO;HAGA S.A. INDUSTRIA E COMERCIO
HAPV3;BVMF:HAPV3;ACAO;HAPVIDA PARTICIPACOES E INVESTIMENTOS SA
HBOR3;BVMF:HBOR3;ACAO;HELBOR EMPREENDIMENTOS S.A.
HBRE3;BVMF:HBRE3;ACAO;HBR REALTY EMPREENDIMENTOS IMOBILIARIOS S/A
HBSA3;BVMF:HBSA3;ACAO;HIDROVIAS DO BRASIL S.A.
HBTS5;BVMF:HBTS5;ACAO;CIA HABITASUL DE PARTICIPACOES
HETA4;BVMF:HETA4;ACAO;HERCULES S.A. FABRICA DE TALHERES
HOOT4;BVMF:HOOT4;ACAO;HOTEIS OTHON S.A.
HYPE3;BVMF:HYPE3;ACAO;HYPERA S.A.
IBOV11;BVMF:IBOV11;ACAO;INDICE BOVESPA IBOVESPA
IFCM3;BVMF:IFCM3;ACAO;INFRACOMMERCE CXAAS S.A.
IGBR3;BVMF:IGBR3;ACAO;IGB ELETRONICA S/A
IGTI11;BVMF:IGTI11;ACAO;JEREISSATI PARTICIPACOES S.A.
IGTI3;BVMF:IGTI3;ACAO;JEREISSATI PARTICIPACOES S.A.
IGTI4;BVMF:IGTI4;ACAO;JEREISSATI PARTICIPACOES S.A.
INEP3;BVMF:INEP3;ACAO;INEPAR S.A. INDUSTRIA E CONSTRUCOES
INEP4;BVMF:INEP4;ACAO;INEPAR S.A. INDUSTRIA E CONSTRUCOES
INTB3;BVMF:INTB3;ACAO;INTELBRAS S.A. IND DE TELEC ELETRONICA BRASILEIRA
IRBR3;BVMF:IRBR3;ACAO;IRB BRASIL RESSEGUROS S.A.
ISAE3;BVMF:ISAE3;ACAO;ISA ENERGIA BRASIL S.A
ISAE4;BVMF:ISAE4;ACAO;ISA ENERGIA BRASIL S.A
ITSA3;BVMF:ITSA3;ACAO;ITAUSA INVESTIMENTOS ITAU S.A.
ITSA4;BVMF:ITSA4;ACAO;ITAUSA INVESTIMENTOS ITAU S.A.
ITUB3;BVMF:ITUB3;ACAO;ITAU UNIBANCO HOLDING S.A.
ITUB4;BVMF:ITUB4;ACAO;ITAU UNIBANCO HOLDING S.A.
JALL3;BVMF:JALL3;ACAO;JALLES MACHADO S.A.
JFEN3;BVMF:JFEN3;ACAO;JOAO FORTES ENGENHARIA S.A.
JHSF3;BVMF:JHSF3;ACAO;JHSF PARTICIPACOES S.A.
JOPA3;BVMF:JOPA3;ACAO;JOSAPAR-JOAQUIM OLIVEIRA S.A. PARTICIP
JSLG3;BVMF:JSLG3;ACAO;JSL S.A.
KEPL3;BVMF:KEPL3;ACAO;KEPLER WEBER S.A.
KLBN11;BVMF:KLBN11;ACAO;KLABIN S.A.
KLBN3;BVMF:KLBN3;ACAO;KLABIN S.A.
KLBN4;BVMF:KLBN4;ACAO;KLABIN S.A.
KRSA3;BVMF:KRSA3;ACAO;KORA SAUDE PARTICIPACOES S.A
LAND3;BVMF:LAND3;ACAO;TERRA SANTA PROPRIEDADES AGRICOLAS S.A.
LAVV3;BVMF:LAVV3;ACAO;LAVVI EMPREENDIMENTOS IMOBILIARIOS S.A.
LEVE3;BVMF:LEVE3;ACAO;MAHLE-METAL LEVE S.A.
LIGT3;BVMF:LIGT3;ACAO;LIGHT S.A.
LIPR3;BVMF:LIPR3;ACAO;ELETROBRAS PARTICIPACOES S.A. ELETROPAR
LJQQ3;BVMF:LJQQ3;ACAO;LOJAS QUERO-QUERO S/A
LOGG3;BVMF:LOGG3;ACAO;LOG COMMERCIAL PROPERTIES
LOGN3;BVMF:LOGN3;ACAO;LOG-IN LOGISTICA INTERMODAL S.A.
LPSB3;BVMF:LPSB3;ACAO;LPS BRASIL CONSULTORIA DE IMOVEIS S.A.
LREN3;BVMF:LREN3;ACAO;LOJAS RENNER S.A.
LUPA3;BVMF:LUPA3;ACAO;LUPATECH S.A.
LUXM4;BVMF:LUXM4;ACAO;TREVISA INVESTIMENTOS S.A.
LWSA3;BVMF:LWSA3;ACAO;LOCAWEB SERVICOS DE INTERNET S.A.
MAPT3;BVMF:MAPT3;ACAO;CEMEPE INVESTIMENTOS S.A.
MAPT4;BVMF:MAPT4;ACAO;CEMEPE INVESTIMENTOS S.A.
MATD3;BVMF:MATD3;ACAO;HOSPITAL MATER DEI S/A
MBRF3;BVMF:MBRF3;ACAO;MARFRIG GLOBAL FOODS S.A.
MDIA3;BVMF:MDIA3;ACAO;M.DIAS BRANCO S.A. IND COM DE ALIMENTOS
MDNE3;BVMF:MDNE3;ACAO;MOURA DUBEUX ENGENHARIA S.A.
MEAL3;BVMF:MEAL3;ACAO;INTERNATIONAL MEAL COMPANY ALIMENTACAO S.A.
MELK3;BVMF:MELK3;ACAO;MELNICK EVEN DESENVOLVIMENTO IMOBILIARIO S.A.
MERC4;BVMF:MERC4;ACAO;MERCANTIL BRASIL FINANC S.A. C.F.I.
MGEL4;BVMF:MGEL4;ACAO;MANGELS INDUSTRIAL S.A.
MGLU3;BVMF:MGLU3;ACAO;MAGAZINE LUIZA S.A.
MILS3;BVMF:MILS3;ACAO;MILLS ESTRUTURAS E SERVICOS DE ENGENHARIA S.A.
MLAS3;BVMF:MLAS3;ACAO;MULTILASER INDUSTRIAL S.A.
MNDL3;BVMF:MNDL3;ACAO;MUNDIAL S.A. PRODUTOS DE CONSUMO
MNPR3;BVMF:MNPR3;ACAO;MINUPAR PARTICIPACOES S.A.
MOAR3;BVMF:MOAR3;ACAO;MONTEIRO ARANHA S.A.
MODL3;BVMF:MODL3;ACAO;BANCO MODAL S.A
MOTV3;BVMF:MOTV3;ACAO;MOTIVA INFRAESTRUTURA DE MOBILIDADE S.A.
MOVI3;BVMF:MOVI3;ACAO;MOVIDA PARTICIPACOES SA
MRSA3B;BVMF:MRSA3B;ACAO;MRS LOGISTICA S.A.
MRSA5B;BVMF:MRSA5B;ACAO;MRS LOGISTICA S.A.
MRSA6B;BVMF:MRSA6B;ACAO;MRS LOGISTICA S.A.
MRVE3;BVMF:MRVE3;ACAO;MRV ENGENHARIA E PARTICIPACOES S.A.
MTRE3;BVMF:MTRE3;ACAO;MITRE REALTY EMPREENDIMENTOS E PARTICIPACOES S.A.
MTSA4;BVMF:MTSA4;ACAO;METISA METALURGICA TIMBOENSE S.A.
MULT3;BVMF:MULT3;ACAO;MULTIPLAN EMPREEND IMOBILIARIOS S.A.
MWET3;BVMF:MWET3;ACAO;WETZEL S.A.
MWET4;BVMF:MWET4;ACAO;WETZEL S.A.
MYPK3;BVMF:MYPK3;ACAO;IOCHPE MAXION S.A.
NATU3;BVMF:NATU3;ACAO;NATURA COSMETICOS S.A.
NEOE3;BVMF:NEOE3;ACAO;NEOENERGIA S.A.
NEXP3;BVMF:NEXP3;ACAO;NEXPE PARTICIPACOES S.A
NGRD3;BVMF:NGRD3;ACAO;NEOGRID PARTICIPACOES S.A.
NINJ3;BVMF:NINJ3;ACAO;GETNINJAS S.A.
NORD3;BVMF:NORD3;ACAO;NORDON INDUSTRIAS METALURGICAS S.A.
NUTR3;BVMF:NUTR3;ACAO;NUTRIPLANT INDUSTRIA E COMERCIO S.A.
OBTC3;BVMF:OBTC3;ACAO;ORANJEBTC S.A. - EDUCACAO E INVESTIMENTO
ODPV3;BVMF:ODPV3;ACAO;ODONTOPREV S.A.
OFSA3;BVMF:OFSA3;ACAO;OURO FINO SAUDE ANIMAL PARTICIPACOES S.A.
OIBR3;BVMF:OIBR3;ACAO;OI S.A.
OIBR4;BVMF:OIBR4;ACAO;OI S.A.
ONCO3;BVMF:ONCO3;ACAO;ONCOCLINICAS DO BRASIL SERVICOS MEDICOS S.A.
OPCT3;BVMF:OPCT3;ACAO;OCEANPACT SERVICOS MARITIMOS S.A.
ORVR3;BVMF:ORVR3;ACAO;ORIZON VALORIZACAO DE RESIDUOS S.A.
OSXB3;BVMF:OSXB3;ACAO;OSX BRASIL S.A.
PATI3;BVMF:PATI3;ACAO;PANATLANTICA S.A.
PATI4;BVMF:PATI4;ACAO;PANATLANTICA S.A.
PCAR3;BVMF:PCAR3;ACAO;CIA BRASILEIRA DE DISTRIBUICAO
PDGR3;BVMF:PDGR3;ACAO;PDG REALTY S.A. EMPREEND E PARTICIPACOES
PDTC3;BVMF:PDTC3;ACAO;PADTEC HOLDING S.A.
PEAB3;BVMF:PEAB3;ACAO;CIA PARTICIPACOES ALIANCA DA BAHIA
PEAB4;BVMF:PEAB4;ACAO;CIA PARTICIPACOES ALIANCA DA BAHIA
PETR3;BVMF:PETR3;ACAO;PETROLEO BRASILEIRO S.A. PETROBRAS
PETR4;BVMF:PETR4;ACAO;PETROLEO BRASILEIRO S.A. PETROBRAS
PETZ3;BVMF:PETZ3;ACAO;PET CENTER COMERCIO E PARTICIPACOES S.A.
PFRM3;BVMF:PFRM3;ACAO;PROFARMA DISTRIB PROD FARMACEUTICOS S.A.
PGMN3;BVMF:PGMN3;ACAO;EMPREENDIMENTOS PAGUE MENOS S.A.
PINE4;BVMF:PINE4;ACAO;BCO PINE S.A.
PLAS3;BVMF:PLAS3;ACAO;PLASCAR PARTICIPACOES INDUSTRIAIS S.A.
PLPL3;BVMF:PLPL3;ACAO;PLANO & PLANO DESENVOLVIMENTO IMOBILIARIO S.A.
PMAM3;BVMF:PMAM3;ACAO;PARANAPANEMA S.A.
PNVL3;BVMF:PNVL3;ACAO;DIMED S.A. DISTRIBUIDORA DE MEDICAMENTOS
POMO3;BVMF:POMO3;ACAO;MARCOPOLO S.A.
POMO4;BVMF:POMO4;ACAO;MARCOPOLO S.A.
PORT3;BVMF:PORT3;ACAO;WILSON SONS HOLDINGS BRASIL S.A.
POSI3;BVMF:POSI3;ACAO;POSITIVO TECNOLOGIA S.A.
PPLA11;BVMF:PPLA11;ACAO;PPLA PARTICIPATIONS LTD.
PRIO3;BVMF:PRIO3;ACAO;PETRO RIO S.A.
PRNR3;BVMF:PRNR3;ACAO;PRINER SERVICOS INDUSTRIAIS S.A.
PSSA3;BVMF:PSSA3;ACAO;PORTO SEGURO S.A.
PSVM11;BVMF:PSVM11;ACAO;PORTO SUDESTE V.M. S.A.
PTBL3;BVMF:PTBL3;ACAO;PBG S/A
PTNT3;BVMF:PTNT3;ACAO;PETTENATI S.A. INDUSTRIA TEXTIL
PTNT4;BVMF:PTNT4;ACAO;PETTENATI S.A. INDUSTRIA TEXTIL
QUAL3;BVMF:QUAL3;ACAO;QUALICORP CONSULTORIA E CORRETORA DE SEGUROS S.A.
RADL3;BVMF:RADL3;ACAO;RAIA DROGASIL S.A.
RAIL3;BVMF:RAIL3;ACAO;RUMO S.A.
RAIZ4;BVMF:RAIZ4;ACAO;RAIZEN ENERGIA S.A.
RANI3;BVMF:RANI3;ACAO;CELULOSE IRANI S.A.
RAPT3;BVMF:RAPT3;ACAO;RANDON S.A. IMPLEMENTOS E PARTICIPACOES
RAPT4;BVMF:RAPT4;ACAO;RANDON S.A. IMPLEMENTOS E PARTICIPACOES
RCSL3;BVMF:RCSL3;ACAO;RECRUSUL S.A.
RCSL4;BVMF:RCSL4;ACAO;RECRUSUL S.A.
RDNI3;BVMF:RDNI3;ACAO;RNI NEGOCIOS IMOBILIARIOS S.A.
RDOR3;BVMF:RDOR3;ACAO;REDE DOR SAO LUIZ S.A.
REAG3;BVMF:REAG3;ACAO;REAG INVESTIMENTOS S.A.
RECV3;BVMF:RECV3;ACAO;PETRORECONCAVO S.A.
REDE3;BVMF:REDE3;ACAO;REDE ENERGIA PARTICIPACOES S.A.
RENT3;BVMF:RENT3;ACAO;LOCALIZA RENT A CAR S.A.
RNEW11;BVMF:RNEW11;ACAO;RENOVA ENERGIA S.A.
RNEW3;BVMF:RNEW3;ACAO;RENOVA ENERGIA S.A.
RNEW4;BVMF:RNEW4;ACAO;RENOVA ENERGIA S.A.
ROMI3;BVMF:ROMI3;ACAO;INDUSTRIAS ROMI S.A.
RPAD3;BVMF:RPAD3;ACAO;ALFA HOLDINGS S.A.
RPAD5;BVMF:RPAD5;ACAO;ALFA HOLDINGS S.A.
RPAD6;BVMF:RPAD6;ACAO;ALFA HOLDINGS S.A.
RPMG3;BVMF:RPMG3;ACAO;REFINARIA DE PETROLEOS MANGUINHOS S.A.
RSID3;BVMF:RSID3;ACAO;ROSSI RESIDENCIAL S.A.
RSUL4;BVMF:RSUL4;ACAO;METALURGICA RIOSULENSE S.A.
SANB11;BVMF:SANB11;ACAO;BCO SANTANDER (BRASIL) S.A.
SANB3;BVMF:SANB3;ACAO;BCO SANTANDER (BRASIL) S.A.
SANB4;BVMF:SANB4;ACAO;BCO SANTANDER (BRASIL) S.A.
SAPR11;BVMF:SAPR11;ACAO;CIA SANEAMENTO DO PARANA SANEPAR
SAPR3;BVMF:SAPR3;ACAO;CIA SANEAMENTO DO PARANA SANEPAR
SAPR4;BVMF:SAPR4;ACAO;CIA SANEAMENTO DO PARANA SANEPAR
SBFG3;BVMF:SBFG3;ACAO;GRUPO SBF SA
SBSP3;BVMF:SBSP3;ACAO;CIA SANEAMENTO BASICO EST SAO PAULO
SCAR3;BVMF:SCAR3;ACAO;SAO CARLOS EMPREEND E PARTICIPACOES S.A.
SEER3;BVMF:SEER3;ACAO;SER EDUCACIONAL S.A.
SEQL3;BVMF:SEQL3;ACAO;SEQUOIA LOGISTICA E TRANSPORTES S.A
SGPS3;BVMF:SGPS3;ACAO;SPRINGS GLOBAL PARTICIPACOES S.A.
SHOW3;BVMF:SHOW3;ACAO;T4F ENTRETENIMENTO S.A.
SHUL4;BVMF:SHUL4;ACAO;SCHULZ S.A.
SIMH3;BVMF:SIMH3;ACAO;SIMPAR S.A.
SLCE3;BVMF:SLCE3;ACAO;SLC AGRICOLA S.A.
SLED3;BVMF:SLED3;ACAO;SARAIVA LIVREIROS S.A. EM RECUPERACAO JUDICIAL
SLED4;BVMF:SLED4;ACAO;SARAIVA LIVREIROS S.A. EM RECUPERACAO JUDICIAL
SMFT3;BVMF:SMFT3;ACAO;SMARTFIT ESCOLA DE GINASTICA E DANCA S.A.
SMTO3;BVMF:SMTO3;ACAO;SAO MARTINHO S.A.
SNSY3;BVMF:SNSY3;ACAO;SANSUY S.A. INDUSTRIA DE PLASTICOS
SNSY5;BVMF:SNSY5;ACAO;SANSUY S.A. INDUSTRIA DE PLASTICOS
SOJA3;BVMF:SOJA3;ACAO;BOA SAFRA SEMENTES S.A.
SOND5;BVMF:SOND5;ACAO;SONDOTECNICA ENGENHARIA SOLOS S.A.
SQIA3;BVMF:SQIA3;ACAO;SINQIA S.A.
SRNA3;BVMF:SRNA3;ACAO;SERENA ENERGIA S.A.
STBP3;BVMF:STBP3;ACAO;SANTOS BRASIL PARTICIPACOES S.A.
SUZB3;BVMF:SUZB3;ACAO;SUZANO PAPEL E CELULOSE S.A.
SYNE3;BVMF:SYNE3;ACAO;SYN PROP E TECH S.A.
TAEE11;BVMF:TAEE11;ACAO;TRANSMISSORA ALIANCA DE ENERGIA ELETRICA S.A.
TAEE3;BVMF:TAEE3;ACAO;TRANSMISSORA ALIANCA DE ENERGIA ELETRICA S.A.
TAEE4;BVMF:TAEE4;ACAO;TRANSMISSORA ALIANCA DE ENERGIA ELETRICA S.A.
TASA3;BVMF:TASA3;ACAO;TAURUS ARMAS S.A.
TASA4;BVMF:TASA4;ACAO;TAURUS ARMAS S.A.
TCSA3;BVMF:TCSA3;ACAO;TECNISA S.A.
TECN3;BVMF:TECN3;ACAO;TECHNOS S.A.
TEKA3;BVMF:TEKA3;ACAO;TEKA-TECELAGEM KUEHNRICH S.A.
TEKA4;BVMF:TEKA4;ACAO;TEKA-TECELAGEM KUEHNRICH S.A.
TELB3;BVMF:TELB3;ACAO;TELEC BRASILEIRAS S.A. TELEBRAS
TELB4;BVMF:TELB4;ACAO;TELEC BRASILEIRAS S.A. TELEBRAS
TEND3;BVMF:TEND3;ACAO;CONSTRUTORA TENDA S.A.
TFCO4;BVMF:TFCO4;ACAO;TRACK & FIELD CO S.A.
TGMA3;BVMF:TGMA3;ACAO;TEGMA GESTAO LOGISTICA S.A.
TIMS3;BVMF:TIMS3;ACAO;TIM S.A.
TKNO4;BVMF:TKNO4;ACAO;TEKNO S.A. INDUSTRIA E COMERCIO
TOKY3;BVMF:TOKY3;ACAO;GRUPO TOKY S.A.
TOTS3;BVMF:TOTS3;ACAO;TOTVS S.A.
TPIS3;BVMF:TPIS3;ACAO;TPI TRIUNFO PARTICIP. E INVEST. S.A.
TRAD3;BVMF:TRAD3;ACAO;TC TRADERS CLUB S.A.
TRIS3;BVMF:TRIS3;ACAO;TRISUL S.A.
TTEN3;BVMF:TTEN3;ACAO;TRES TENTOS AGROINDUSTRIAL S/A
TUPY3;BVMF:TUPY3;ACAO;TUPY S.A.
TXRX3;BVMF:TXRX3;ACAO;TEXTIL RENAUXVIEW S.A.
TXRX4;BVMF:TXRX4;ACAO;TEXTIL RENAUXVIEW S.A.
UCAS3;BVMF:UCAS3;ACAO;UNICASA INDUSTRIA DE MOVEIS S.A.
UGPA3;BVMF:UGPA3;ACAO;ULTRAPAR PARTICIPACOES S.A.
UNIP3;BVMF:UNIP3;ACAO;UNIPAR CARBOCLORO S.A.
UNIP5;BVMF:UNIP5;ACAO;UNIPAR CARBOCLORO S.A.
UNIP6;BVMF:UNIP6;ACAO;UNIPAR CARBOCLORO S.A.
USIM3;BVMF:USIM3;ACAO;USINAS SID DE MINAS GERAIS S.A.-USIMINAS
USIM5;BVMF:USIM5;ACAO;USINAS SID DE MINAS GERAIS S.A.-USIMINAS
VALE3;BVMF:VALE3;ACAO;VALE S.A.
VAMO3;BVMF:VAMO3;ACAO;VAMOS LOCACAO DE CAMINHOES. MAQUINAS E EQUIP. S.A.
VBBR3;BVMF:VBBR3;ACAO;VIBRA ENERGIA S.A.
VIIA3;BVMF:VIIA3;ACAO;VIA S.A.
VITT3;BVMF:VITT3;ACAO;VITTIA FERTILIZANTES E BIOLOGICOS S.A.
VIVA3;BVMF:VIVA3;ACAO;VIVARA PARTICIPACOES S.A.
VIVR3;BVMF:VIVR3;ACAO;VIVER INCORPORADORA E CONSTRUTORA S.A.
VIVT3;BVMF:VIVT3;ACAO;TELEFONICA BRASIL S.A
VLID3;BVMF:VLID3;ACAO;VALID SOLUCOES S.A.
VSTE3;BVMF:VSTE3;ACAO;VESTE S.A. ESTILO
VTRU3;BVMF:VTRU3;ACAO;VITRU BRASIL EMPREEND. PARTICIP. E COMERCIO S.A.
VULC3;BVMF:VULC3;ACAO;VULCABRAS/AZALEIA S.A.
VVEO3;BVMF:VVEO3;ACAO;CM HOSPITALAR S.A.
WDCN3;BVMF:WDCN3;ACAO;LIVETECH DA BAHIA INDUSTRIA E COMERCIO S/A
WEGE3;BVMF:WEGE3;ACAO;WEG S.A.
WEST3;BVMF:WEST3;ACAO;WESTWING COMERCIO VAREJISTA S.A.
WHRL3;BVMF:WHRL3;ACAO;WHIRLPOOL S.A.
WHRL4;BVMF:WHRL4;ACAO;WHIRLPOOL S.A.
WIZC3;BVMF:WIZC3;ACAO;WIZ CO PARTICIPACOES E CORRETAGEMDE SEGUROS S.A.
WLMM3;BVMF:WLMM3;ACAO;WLM PART. E COMERCIO DE MAQUINAS E VEICULOS S.A.
WLMM4;BVMF:WLMM4;ACAO;WLM PART. E COMERCIO DE MAQUINAS E VEICULOS S.A.
YDUQ3;BVMF:YDUQ3;ACAO;ESTACIO PARTICIPACOES S.A.
ZAMP3;BVMF:ZAMP3;ACAO;ZAMP S.A.
A1AP34;BVMF:A1AP34;BDR;ADVANCE AUTO PARTS INC
A1BB34;BVMF:A1BB34;BDR;ABB LTD
A1BM34;BVMF:A1BM34;BDR;ABIOMED INC
A1CR34;BVMF:A1CR34;BDR;AMCOR PLC
A1DI34;BVMF:A1DI34;BDR;ANALOG DEVICES INC
A1DM34;BVMF:A1DM34;BDR;ARCHER-DANIELS-MIDLAND CO
A1EE34;BVMF:A1EE34;BDR;AMEREN CORP
A1EG34;BVMF:A1EG34;BDR;AEGON
A1EN34;BVMF:A1EN34;BDR;ALLIANT ENERGY CORP
A1EP34;BVMF:A1EP34;BDR;AMERICAN ELECTRIC POWER CO INC
A1ES34;BVMF:A1ES34;BDR;AES CORP
A1FL34;BVMF:A1FL34;BDR;AFLAC INC
A1GI34;BVMF:A1GI34;BDR;AGILENT TECHNOLOGIES INC
A1GN34;BVMF:A1GN34;BDR;ALLEGION PLC
A1IV34;BVMF:A1IV34;BDR;APARTMENT INVESTMENT & MANAGEMENT CO
A1JG34;BVMF:A1JG34;BDR;ARTHUR J GALLAGHER & CO
A1KA34;BVMF:A1KA34;BDR;AKAMAI TECHNOLOGIES INC
A1LB34;BVMF:A1LB34;BDR;ALBEMARLE CORP
A1LG34;BVMF:A1LG34;BDR;ALIGN TECHNOLOGY INC
A1LK34;BVMF:A1LK34;BDR;ALASKA AIR GROUP INC
A1LL34;BVMF:A1LL34;BDR;ALLIANCE DATA SYSTEMS CORP
A1LN34;BVMF:A1LN34;BDR;ALNYLAM PHARMACEUTICALS INC
A1LX34;BVMF:A1LX34;BDR;ALEXION PHARMACEUTICALS INC
A1MB34;BVMF:A1MB34;BDR;AMERISOURCEBERGEN CORP
A1MD34;BVMF:A1MD34;BDR;ADVANCED MICRO DEVICES INC
A1ME34;BVMF:A1ME34;BDR;AMETEK INC.
A1MP34;BVMF:A1MP34;BDR;AMERIPRISE FINANCIAL INC
A1MT34;BVMF:A1MT34;BDR;APPLIED MATERIALS INC
A1MX34;BVMF:A1MX34;BDR;AMERICA MOVIL SAB DE CV
A1NE34;BVMF:A1NE34;BDR;ARISTA NETWORKS INC
A1NS34;BVMF:A1NS34;BDR;ANSYS INC
A1NT34;BVMF:A1NT34;BDR;ANTHEM INC
A1ON34;BVMF:A1ON34;BDR;AON PLC
A1OS34;BVMF:A1OS34;BDR;AO SMITH CORP
A1PA34;BVMF:A1PA34;BDR;APA CORP
A1PD34;BVMF:A1PD34;BDR;AIR PRODUCTS & CHEMICALS INC
A1PH34;BVMF:A1PH34;BDR;AMPHENOL CORP
A1RE34;BVMF:A1RE34;BDR;ALEXANDRIA REAL ESTATE EQUITIES INC
A1RG34;BVMF:A1RG34;BDR;ARGENX SE
A1SN34;BVMF:A1SN34;BDR;ASCENDIS PHARMA A/S
A1SU34;BVMF:A1SU34;BDR;ASSURANT INC
A1TH34;BVMF:A1TH34;BDR;AUTOHOME INC
A1TM34;BVMF:A1TM34;BDR;ATMOS ENERGY CORP
A1TT34;BVMF:A1TT34;BDR;ALLSTATE CORP
A1UA34;BVMF:A1UA34;BDR;ANGLOGOLD ASHANTI LTD
A1UT34;BVMF:A1UT34;BDR;AUTODESK INC
A1VB34;BVMF:A1VB34;BDR;AVALONBAY COMMUNITIES INC
A1VY34;BVMF:A1VY34;BDR;AVERY DENNISON CORP
A1WK34;BVMF:A1WK34;BDR;AMERICAN WATER WORKS CO INC
A1YX34;BVMF:A1YX34;BDR;ALTERYX INC
A1ZN34;BVMF:A1ZN34;BDR;ASTRAZENECA PLC
A2LC34;BVMF:A2LC34;BDR;ALCON INC
A2MC34;BVMF:A2MC34;BDR;AMC ENTERTAINMENT HOLDINGS INC
A2MR34;BVMF:A2MR34;BDR;AMYRIS INC
A2RE34;BVMF:A2RE34;BDR;ARES MANAGEMENT CORP
A2RR34;BVMF:A2RR34;BDR;ARROWHEAD PHARMACEUTICALS INC
A2RW34;BVMF:A2RW34;BDR;ARROW ELECTRONICS INC
A2VL34;BVMF:A2VL34;BDR;AVALARA INC
A2XO34;BVMF:A2XO34;BDR;AXON ENTERPRISE INC
A2ZT34;BVMF:A2ZT34;BDR;AZENTA INC
AALL34;BVMF:AALL34;BDR;AMERICAN AIRLINES GROUP INC.
AAPL34;BVMF:AAPL34;BDR;APPLE INC.
ABBV34;BVMF:ABBV34;BDR;ABBVIE INC.
ABGD39;BVMF:ABGD39;BDR;ABRDN PHYSICAL GOLD SHARES ETF (BDR)
ABTT34;BVMF:ABTT34;BDR;ABBOTT LABORATORIES
ABUD34;BVMF:ABUD34;BDR;ANHEUSER-BUSCH INBEV SA/NV
ACNB34;BVMF:ACNB34;BDR;ACCENTURE PLC
ADBE34;BVMF:ADBE34;BDR;ADOBE INC
ADPR34;BVMF:ADPR34;BDR;AUTOMATIC DATA PROCESSING INC
AIGB34;BVMF:AIGB34;BDR;AMERICAN INTERNATIONAL GROUP INC.
AIRB34;BVMF:AIRB34;BDR;AIRBNB INC
AMGN34;BVMF:AMGN34;BDR;AMGEN INC.
AMZO34;BVMF:AMZO34;BDR;AMAZON.COM. INC
APTV34;BVMF:APTV34;BDR;APTIV PLC
ARGT39;BVMF:ARGT39;BDR;ISHARES MSCI ALL COUNTRY ASIA EX JAPAN ETF (BDR)
ARMT34;BVMF:ARMT34;BDR;ARCELOR MITTAL
ARNC34;BVMF:ARNC34;BDR;ARCONIC INC.
ASML34;BVMF:ASML34;BDR;ASML HOLDING NV
ATTB34;BVMF:ATTB34;BDR;AT&T INC.
ATVI34;BVMF:ATVI34;BDR;ACTIVISION BLIZZARD INC
AURA33;BVMF:AURA33;BDR;AURA MINERALS INC.
AVGO34;BVMF:AVGO34;BDR;BROADCOM INC
AWII34;BVMF:AWII34;BDR;ARMSTRONG WORLD INDUSTRIES INC
AXPB34;BVMF:AXPB34;BDR;AMERICAN EXPRESS COMPANY
AZOI34;BVMF:AZOI34;BDR;AUTOZONE INC
B1AM34;BVMF:B1AM34;BDR;BROOKFIELD ASSET MANAGEMENT INC
B1AX34;BVMF:B1AX34;BDR;BAXTER INTERNATIONAL INC
B1BL34;BVMF:B1BL34;BDR;BHP GROUP PLC
B1BT34;BVMF:B1BT34;BDR;TRUIST FINANCIAL CORPORATION
B1BW34;BVMF:B1BW34;BDR;BATH AND BODY WORKS INC
B1CS34;BVMF:B1CS34;BDR;BARCLAYS PLC
B1DX34;BVMF:B1DX34;BDR;BECTON DICKINSON AND CO
B1FC34;BVMF:B1FC34;BDR;BROWN FORMAN CORP
B1GN34;BVMF:B1GN34;BDR;BEIGENE LTD
B1IL34;BVMF:B1IL34;BDR;BILIBILI INC
B1KR34;BVMF:B1KR34;BDR;BAKER HUGHES CO
B1LL34;BVMF:B1LL34;BDR;BALL CORP
B1MR34;BVMF:B1MR34;BDR;BIOMARIN PHARMACEUTICAL INC
B1NT34;BVMF:B1NT34;BDR;BIONTECH SE
B1PP34;BVMF:B1PP34;BDR;BP PLC
B1RF34;BVMF:B1RF34;BDR;BROADRIDGE FINANCIAL SOLUTIONS INC
B1SA34;BVMF:B1SA34;BDR;BANCO SANTANDER CHILE
B1SX34;BVMF:B1SX34;BDR;BOSTON SCIENTIFIC CORP
B1TI34;BVMF:B1TI34;BDR;BRITISH AMERICAN TOBACCO
B1WA34;BVMF:B1WA34;BDR;BORGWARNER INC
B2AH34;BVMF:B2AH34;BDR;BOOZ ALLEN HAMILTON HOLDING CORP
B2AP34;BVMF:B2AP34;BDR;CREDICORP LTD
B2HI34;BVMF:B2HI34;BDR;BILL.COM HOLDINGS INC
B2LN34;BVMF:B2LN34;BDR;BLACKLINE INC
B2MB34;BVMF:B2MB34;BDR;BUMBLE INC
B2RK34;BVMF:B2RK34;BDR;BRUKER CORP
B2UR34;BVMF:B2UR34;BDR;BURLINGTON STORES INC
B2YN34;BVMF:B2YN34;BDR;BEYOND MEAT INC
BAAX39;BVMF:BAAX39;BDR;ISHARES MSCI ALL COUNTRY ASIA EX JAPAN ETF (BDR)
BABA34;BVMF:BABA34;BDR;ALIBABA GROUP HOLDING LTD
BACW39;BVMF:BACW39;BDR;ISHARES MSCI ACWI ETF (BDR)
BAER39;BVMF:BAER39;BDR;ISHARES US AEROSPACE & DEFENSE ETF (BDR)
BAIQ39;BVMF:BAIQ39;BDR;GLOBAL X ARTIFICIAL INTELLIGENCE & TECHNOLOGY ETF (BDR)
BARY39;BVMF:BARY39;BDR;ISHARES FUTURE AI & TECH ETF (BDR)
BBER39;BVMF:BBER39;BDR;JPMORGAN BETABUILDERS EUROPE ETF (BDR)
BBUG39;BVMF:BBUG39;BDR;GLOBAL X CYBERSECURITY ETF (BDR)
BBYY34;BVMF:BBYY34;BDR;BEST BUY CO. INC.
BCHI39;BVMF:BCHI39;BDR;ISHARES MSCI CHINA ETF (BDR)
BCHQ39;BVMF:BCHQ39;BDR;GLOBAL X MSCI CHINA CONSUMER DISCRETIONARY ETF (BDR)
BCIR39;BVMF:BCIR39;BDR;FIRST TRUST NASDAQ CYBERSECURITY ETF (BDR)
BCLO39;BVMF:BCLO39;BDR;GLOBAL X CLOUD COMPUTING ETF (BDR)
BCOM39;BVMF:BCOM39;BDR;ISHARES GSCI COMMODITY DYNAMIC ROLL STRATEGY ETF (BDR)
BCPX39;BVMF:BCPX39;BDR;GLOBAL X COPPER MINERS ETF (BDR)
BCSA34;BVMF:BCSA34;BDR;BANCO SANTANDER SA
BCWV39;BVMF:BCWV39;BDR;ISHARES MSCI GLOBAL MIN VOL FACTOR ETF (BDR)
BDRI39;BVMF:BDRI39;BDR;GLOBAL X AUTONOMOUS & ELECTRIC VEHICLES ETF (BDR)
BDVD39;BVMF:BDVD39;BDR;GLOBAL X SUPERDIVIDEND US ETF (BDR)
BDVY39;BVMF:BDVY39;BDR;ISHARES SELECT DIVIDEND ETF (BDR)
BEDC39;BVMF:BEDC39;BDR;GLOBAL X TELEMEDICINE & DIGITAL HEALTH ETF (BDR)
BEEM39;BVMF:BEEM39;BDR;ISHARES MSCI EMERGING MARKETS ETF (BDR)
BEFA39;BVMF:BEFA39;BDR;ISHARES MSCI EAFE ETF (BDR)
BEFG39;BVMF:BEFG39;BDR;ISHARES MSCI EAFE GROWTH ETF (BDR)
BEFV39;BVMF:BEFV39;BDR;ISHARES MSCI EAFE VALUE ETF (BDR)
BEGD39;BVMF:BEGD39;BDR;ISHARES ESG AWARE MSCI EAFE ETF (BDR)
BEGE39;BVMF:BEGE39;BDR;ISHARES ESG AWARE MSCI EM ETF (BDR)
BEGU39;BVMF:BEGU39;BDR;ISHARES ESG AWARE MSCI USA ETF (BDR)
BEMC39;BVMF:BEMC39;BDR;ISHARES MSCI EMERGING MARKETS EX CHINA ETF (BDR)
BEMV39;BVMF:BEMV39;BDR;ISHARES MSCI EMERGING MARKETS MIN VOL FACTOR ETF (BDR)
BERK34;BVMF:BERK34;BDR;BERKSHIRE HATHAWAY INC.
BERU39;BVMF:BERU39;BDR;ISHARES MSCI RUSSIA ETF (BDR)
BEWA39;BVMF:BEWA39;BDR;ISHARES MSCI AUSTRALIA ETF (BDR)
BEWC39;BVMF:BEWC39;BDR;ISHARES MSCI CANADA ETF (BDR)
BEWG39;BVMF:BEWG39;BDR;ISHARES MSCI GERMANY ETF (BDR)
BEWH39;BVMF:BEWH39;BDR;ISHARES MSCI HONG KONG ETF (BDR)
BEWJ39;BVMF:BEWJ39;BDR;ISHARES MSCI JAPAN ETF (BDR)
BEWL39;BVMF:BEWL39;BDR;ISHARES MSCI SWITZERLAND ETF (BDR)
BEWP39;BVMF:BEWP39;BDR;ISHARES MSCI SPAIN ETF (BDR)
BEWQ39;BVMF:BEWQ39;BDR;ISHARES MSCI FRANCE ETF (BDR)
BEWT39;BVMF:BEWT39;BDR;ISHARES MSCI TAIWAN ETF (BDR)
BEWU39;BVMF:BEWU39;BDR;ISHARES MSCI UNITED KINGDOM ETF (BDR)
BEWW39;BVMF:BEWW39;BDR;ISHARES MSCI MEXICO ETF (BDR)
BEWY39;BVMF:BEWY39;BDR;ISHARES MSCI SOUTH KOREA ETF (BDR)
BEWZ39;BVMF:BEWZ39;BDR;ISHARES MSCI BRAZIL ETF (BDR)
BEZU39;BVMF:BEZU39;BDR;ISHARES MSCI EUROZONE ETF (BDR)
BFAV39;BVMF:BFAV39;BDR;ISHARES MSCI EAFE MIN VOL FACTOR ETF (BDR)
BFBI39;BVMF:BFBI39;BDR;FIRST TRUST NYSE ARCA BIOTECHNOLOGY INDEX FUND (BDR)
BFCG39;BVMF:BFCG39;BDR;FIRST TRUST NATURAL GAS ETF (BDR)
BFDA39;BVMF:BFDA39;BDR;FIRST TRUST RISING DIVIDEND ACHIEVERS ETF (BDR)
BFDL39;BVMF:BFDL39;BDR;FIRST TRUST MORNINGSTAR DIVIDEND LEADERS INDEX FUND (BDR)
BFDN39;BVMF:BFDN39;BDR;FIRST TRUST DOW JONES INTERNET INDEX FUND (BDR)
BFNX39;BVMF:BFNX39;BDR;GLOBAL X FINTECH ETF (BDR)
BFPI39;BVMF:BFPI39;BDR;FIRST TRUST INTERNATIONAL EQUITY OPPORTUNITIES ETF (BDR)
BFPX39;BVMF:BFPX39;BDR;FIRST TRUST US EQUITY OPPORTUNITIES ETF (BDR)
BFTA39;BVMF:BFTA39;BDR;FIRST TRUST TECHNOLOGY ALPHADEX FUND (BDR)
BFTC39;BVMF:BFTC39;BDR;FIRST TRUST LARGE CAP GROWTH ALPHADEX FUND (BDR)
BFTS39;BVMF:BFTS39;BDR;FIRST TRUST CAPITAL STRENGTH ETF (BDR)
BFVD39;BVMF:BFVD39;BDR;FIRST TRUST VALUE LINE DIVIDEND INDEX FUND (BDR)
BFXH39;BVMF:BFXH39;BDR;FIRST TRUST HEALTH CARE ALPHADEX FUND (BDR)
BFXI39;BVMF:BFXI39;BDR;ISHARES CHINA LARGE-CAP ETF (BDR)
BGOV39;BVMF:BGOV39;BDR;ISHARES US TREASURY BOND ETF (BDR)
BGRT39;BVMF:BGRT39;BDR;ISHARES GLOBAL REIT ETF (BDR)
BGWH39;BVMF:BGWH39;BDR;ISHARES CORE DIVIDEND GROWTH ETF (BDR)
BHEF39;BVMF:BHEF39;BDR;ISHARES CURRENCY HEDGED MSCI EAFE ETF (BDR)
BHER39;BVMF:BHER39;BDR;GLOBAL X VIDEO GAMES & ESPORTS ETF (BDR)
BHEW39;BVMF:BHEW39;BDR;ISHARES CURRENCY HEDGED MSCI JAPAN ETF (BDR)
BHPG34;BVMF:BHPG34;BDR;BHP GROUP LTD
BHYG39;BVMF:BHYG39;BDR;ISHARES IBOXX HIGH YIELD CORPORATE BOND ETF (BDR)
BIAU39;BVMF:BIAU39;BDR;ISHARES GOLD TRUST (BDR)
BIBB39;BVMF:BIBB39;BDR;ISHARES BIOTECHNOLOGY ETF (BDR)
BICL39;BVMF:BICL39;BDR;ISHARES GLOBAL CLEAN ENERGY ETF (BDR)
BIDU34;BVMF:BIDU34;BDR;BAIDU INC
BIEF39;BVMF:BIEF39;BDR;ISHARES CORE MSCI EAFE ETF (BDR)
BIEI39;BVMF:BIEI39;BDR;ISHARES 3-7 YEAR TREASURY BOND ETF (BDR)
BIEM39;BVMF:BIEM39;BDR;ISHARES CORE MSCI EMERGING MARKETS ETF (BDR)
BIEU39;BVMF:BIEU39;BDR;ISHARES CORE MSCI EUROPE ETF (BDR)
BIEV39;BVMF:BIEV39;BDR;ISHARES EUROPE ETF (BDR)
BIGF39;BVMF:BIGF39;BDR;ISHARES GLOBAL INFRASTRUCTURE ETF (BDR)
BIHA39;BVMF:BIHA39;BDR;ISHARES CYBERSECURITY AND TECH ETF (BDR)
BIHI39;BVMF:BIHI39;BDR;ISHARES U.S. MEDICAL DEVICES ETF (BDR)
BIIB34;BVMF:BIIB34;BDR;BIOGEN INC.
BIJH39;BVMF:BIJH39;BDR;ISHARES CORE S&P MID-CAP ETF (BDR)
BIJR39;BVMF:BIJR39;BDR;ISHARES CORE S&P SMALL-CAP ETF (BDR)
BILB34;BVMF:BILB34;BDR;BANCO BILBAO VIZCAYA ARGENTARIA SA
BILF39;BVMF:BILF39;BDR;ISHARES LATIN AMERICA 40 ETF (BDR)
BIRB39;BVMF:BIRB39;BDR;ISHARES ROBOTICS AI MULTISECT ETF (BDR)
BITO39;BVMF:BITO39;BDR;ISHARES CORE S&P TOTAL US STOCK MARKET ETF (BDR)
BIVB39;BVMF:BIVB39;BDR;ISHARES CORE S&P 500 ETF (BDR)
BIVE39;BVMF:BIVE39;BDR;ISHARES S&P 500 VALUE ETF (BDR)
BIVW39;BVMF:BIVW39;BDR;ISHARES S&P 500 GROWTH ETF (BDR)
BIWF39;BVMF:BIWF39;BDR;ISHARES RUSSELL 1000 GROWTH ETF (BDR)
BIWM39;BVMF:BIWM39;BDR;ISHARES RUSSELL 2000 ETF (BDR)
BIXG39;BVMF:BIXG39;BDR;ISHARES GLOBAL FINANCIALS ETF (BDR)
BIXJ39;BVMF:BIXJ39;BDR;ISHARES GLOBAL HEALTHCARE ETF (BDR)
BIXN39;BVMF:BIXN39;BDR;ISHARES GLOBAL TECH ETF (BDR)
BIYE39;BVMF:BIYE39;BDR;ISHARES U.S. ENERGY ETF (BDR)
BIYF39;BVMF:BIYF39;BDR;ISHARES US FINANCIALS ETF (BDR)
BIYG39;BVMF:BIYG39;BDR;ISHARES U.S. FINANCIAL SERVICES ETF (BDR)
BIYT39;BVMF:BIYT39;BDR;ISHARES 7-10 YEAR TREASURY BOND ETF (BDR)
BIYW39;BVMF:BIYW39;BDR;ISHARES US TECHNOLOGY ETF (BDR)
BKCH39;BVMF:BKCH39;BDR;GLOBAL X BLOCKCHAIN ETF (BDR)
BKNG34;BVMF:BKNG34;BDR;BOOKING HOLDINGS INC
BKYY39;BVMF:BKYY39;BDR;FIRST TRUST CLOUD COMPUTING ETF (BDR)
BLAK34;BVMF:BLAK34;BDR;BLACKROCK INC.
BLBT39;BVMF:BLBT39;BDR;GLOBAL X LITHIUM & BATTERY TECH ETF (BDR)
BLPA39;BVMF:BLPA39;BDR;GLOBAL X MLP ETF (BDR)
BLPX39;BVMF:BLPX39;BDR;GLOBAL X MLP & ENERGY INFRASTRUCTURE ETF (BDR)
BLQD39;BVMF:BLQD39;BDR;ISHARES IBOXX INVESTMENT GRADE CORPORATE BOND ETF (BDR)
BMTU39;BVMF:BMTU39;BDR;ISHARES MSCI USA MOMENTUM FACTOR ETF (BDR)
BMYB34;BVMF:BMYB34;BDR;BRISTOL-MYERS SQUIBB COMPANY
BNDA39;BVMF:BNDA39;BDR;ISHARES MSCI INDIA ETF (BDR)
BOAC34;BVMF:BOAC34;BDR;BANK OF AMERICA CORPORATION
BOEF39;BVMF:BOEF39;BDR;ISHARES S&P 100 ETF (BDR)
BOEI34;BVMF:BOEI34;BDR;THE BOEING COMPANY
BONY34;BVMF:BONY34;BDR;THE BANK OF NEW YORK MELLON CORPORATION
BOTZ39;BVMF:BOTZ39;BDR;GLOBAL X ROBOTICS & ARTIFICIAL INTELLIGENCE ETF (BDR)
BOXP34;BVMF:BOXP34;BDR;BOSTON PROPERTIES INC
BPOT39;BVMF:BPOT39;BDR;GLOBAL X CANNABIS ETF (BDR)
BPVE39;BVMF:BPVE39;BDR;GLOBAL X US INFRASTRUCTURE DEVELOPMENT ETF (BDR)
BQCL39;BVMF:BQCL39;BDR;FIRST TRUST NASDAQ CLEAN EDGE GREEN ENERGY INDEX (BDR)
BQQW39;BVMF:BQQW39;BDR;FIRST TRUST NASDAQ-100 EQUAL WEIGHTED INDEX FUND (BDR)
BQTC39;BVMF:BQTC39;BDR;FIRST TRUST NASDAQ-100-TECHNOLOGY SECTOR INDEX FUND (BDR)
BQUA39;BVMF:BQUA39;BDR;ISHARES MSCI USA QUALITY FACTOR ETF (BDR)
BQYL39;BVMF:BQYL39;BDR;GLOBAL X NASDAQ 100 COVERED CALL ETF (BDR)
BSCZ39;BVMF:BSCZ39;BDR;ISHARES MSCI EAFE SMALL-CAP ETF (BDR)
BSDV39;BVMF:BSDV39;BDR;GLOBAL X SUPERDIVIDEND ETF (BDR)
BSHV39;BVMF:BSHV39;BDR;ISHARES SHORT TREASURY BOND ETF (BDR)
BSHY39;BVMF:BSHY39;BDR;ISHARES 1-3 YEAR TREASURY BOND ETF (BDR)
BSIL39;BVMF:BSIL39;BDR;GLOBAL X SILVER MINERS ETF (BDR)
BSIZ39;BVMF:BSIZ39;BDR;ISHARES MSCI USA SIZE FACTOR ETF (BDR)
BSLV39;BVMF:BSLV39;BDR;ISHARES SILVER TRUST (BDR)
BSOC39;BVMF:BSOC39;BDR;GLOBAL X SOCIAL MEDIA ETF (BDR)
BSOX39;BVMF:BSOX39;BDR;ISHARES SEMICONDUCTOR ETF (BDR)
BSUS39;BVMF:BSUS39;BDR;ISHARES ESG MSCI USA LEADERS ETF (BDR)
BTLT39;BVMF:BTLT39;BDR;ISHARES 20+ YEAR TREASURY BOND ETF (BDR)
BURA39;BVMF:BURA39;BDR;GLOBAL X URANIUM ETF (BDR)
BURT39;BVMF:BURT39;BDR;ISHARES MSCI WORLD ETF (BDR)
BUSA39;BVMF:BUSA39;BDR;ISHARES MSCI USA ESG SELECT ETF (BDR)
BUSM39;BVMF:BUSM39;BDR;ISHARES MSCI USA MIN VOL FACTOR ETF (BDR)
BUSR39;BVMF:BUSR39;BDR;ISHARES CORE US REIT ETF (BDR)
BUZZ39;BVMF:BUZZ39;BDR;VANECK SOCIAL SENTIMENT ETF (BDR)
BVLU39;BVMF:BVLU39;BDR;ISHARES MSCI USA VALUE FACTOR ETF (BDR)
BXTC39;BVMF:BXTC39;BDR;ISHARES EXPONENTIAL TECHNOLOGIES ETF (BDR)
C1AB34;BVMF:C1AB34;BDR;CABLE ONE INC
C1AG34;BVMF:C1AG34;BDR;CONAGRA BRANDS INC
C1AH34;BVMF:C1AH34;BDR;CARDINAL HEALTH INC
C1BL34;BVMF:C1BL34;BDR;CHUBB LTD
C1BO34;BVMF:C1BO34;BDR;CBOE GLOBAL MARKETS INC
C1BR34;BVMF:C1BR34;BDR;CBRE GROUP INC
C1BS34;BVMF:C1BS34;BDR;VIACOMCBS INC.
C1CI34;BVMF:C1CI34;BDR;CROWN CASTLE INTERNATIONAL CORP
C1CL34;BVMF:C1CL34;BDR;CARNIVAL CORP
C1DN34;BVMF:C1DN34;BDR;CADENCE DESIGN SYSTEMS INC
C1DW34;BVMF:C1DW34;BDR;CDW CORPORATION
C1EO34;BVMF:C1EO34;BDR;CNOOC LTD
C1ER34;BVMF:C1ER34;BDR;CERNER CORP
C1FG34;BVMF:C1FG34;BDR;CITIZENS FINANCIAL GROUP INC
C1FI34;BVMF:C1FI34;BDR;CF INDUSTRIES HOLDINGS INC
C1GP34;BVMF:C1GP34;BDR;COSTAR GROUP INC
C1HI34;BVMF:C1HI34;BDR;CHINA PETROLEUM & CHEMICAL CORP
C1HK34;BVMF:C1HK34;BDR;CHECK POINT SOFTWARE TECHNOLOGIES LTD
C1HL34;BVMF:C1HL34;BDR;CHINA MOBILE LTD
C1HR34;BVMF:C1HR34;BDR;CH ROBINSON WORLDWIDE INC
C1HT34;BVMF:C1HT34;BDR;CHUNGHWA TELECOM CO LTD
C1IC34;BVMF:C1IC34;BDR;CIGNA CORP
C1MA34;BVMF:C1MA34;BDR;COMERICA INC
C1MG34;BVMF:C1MG34;BDR;CHIPOTLE MEXICAN GRILL INC
C1MI34;BVMF:C1MI34;BDR;CUMMINS INC BDR
C1MS34;BVMF:C1MS34;BDR;CMS ENERGY CORP
C1NC34;BVMF:C1NC34;BDR;CENTENE CORP
C1NP34;BVMF:C1NP34;BDR;CENTERPOINT ENERGY INC
C1NS34;BVMF:C1NS34;BDR;CELANESE CORP
C1OG34;BVMF:C1OG34;BDR;CABOT OIL & GAS CORP
C1OO34;BVMF:C1OO34;BDR;COOPER COMPANIES INC
C1OU34;BVMF:C1OU34;BDR;COUPA SOFTWARE INC
C1PB34;BVMF:C1PB34;BDR;CAMPBELL SOUP CO
C1PR34;BVMF:C1PR34;BDR;COPART INC
C1RR34;BVMF:C1RR34;BDR;CARRIER GLOBAL CORPORATION
C1SU34;BVMF:C1SU34;BDR;CREDIT SUISSE GROUP AG BDR
C1TA34;BVMF:C1TA34;BDR;CINTAS CORP
C1TV34;BVMF:C1TV34;BDR;CORTEVA INC
C1TX34;BVMF:C1TX34;BDR;CITRIX SYSTEMS INC
C1XO34;BVMF:C1XO34;BDR;CONCHO RESOURCES INC
C2AC34;BVMF:C2AC34;BDR;CACI INTERNATIONAL INC
C2CA34;BVMF:C2CA34;BDR;COCA-COLA FEMSA SAB DE CV
C2EM34;BVMF:C2EM34;BDR;CEMEX SAB DE CV
C2GN34;BVMF:C2GN34;BDR;COGNEX CORP
C2HD34;BVMF:C2HD34;BDR;CHURCHILL DOWNS INC
C2HP34;BVMF:C2HP34;BDR;CHARGEPOINT HOLDINGS INC
C2OI34;BVMF:C2OI34;BDR;COINBASE GLOBAL INC
C2OL34;BVMF:C2OL34;BDR;BANCOLOMBIA SA
C2ON34;BVMF:C2ON34;BDR;CYRUSONE INC
C2PR34;BVMF:C2PR34;BDR;COUSINS PROPERTIES INC
C2PT34;BVMF:C2PT34;BDR;CAMDEN PROPERTY TRUST
C2RS34;BVMF:C2RS34;BDR;CRISPR THERAPEUTICS AG
C2RW34;BVMF:C2RW34;BDR;CROWDSTRIKE HOLDINGS INC
C2ZR34;BVMF:C2ZR34;BDR;CAESARS ENTERTAINMENT INC
CAJI34;BVMF:CAJI34;BDR;CANON INC
CAON34;BVMF:CAON34;BDR;CAPITAL ONE FINANCIAL CORP
CAPH34;BVMF:CAPH34;BDR;CAPRI HOLDINGS LTD
CATP34;BVMF:CATP34;BDR;CATERPILLAR INC.
CHCM34;BVMF:CHCM34;BDR;CHARTER COMMUNICATIONS INC
CHDC34;BVMF:CHDC34;BDR;CHURCH & DWIGHT CO INC
CHME34;BVMF:CHME34;BDR;CME GROUP INC.
CHVX34;BVMF:CHVX34;BDR;CHEVRON CORPORATION
CINF34;BVMF:CINF34;BDR;CINCINNATI FINANCIAL CORP
CLOV34;BVMF:CLOV34;BDR;CLOVER HEALTH INVESTMENTS CORP
CLXC34;BVMF:CLXC34;BDR;CLOROX COMPANY
CMCS34;BVMF:CMCS34;BDR;COMCAST CORPORATION
CNIC34;BVMF:CNIC34;BDR;CANADIAN NATIONAL RAILWAY CO
COCA34;BVMF:COCA34;BDR;THE COCA-COLA COMPANY
COLG34;BVMF:COLG34;BDR;COLGATE-PALMOLIVE COMPANY
COPH34;BVMF:COPH34;BDR;CONOCOPHILLIPS
COTY34;BVMF:COTY34;BDR;COTY INC.
COWC34;BVMF:COWC34;BDR;COSTCO WHOLESALE CORPORATION
CPRL34;BVMF:CPRL34;BDR;CANADIAN PACIFIC RAILWAY LTD
CRDA34;BVMF:CRDA34;BDR;CREDIT ACCEPTANCE CORP
CRHP34;BVMF:CRHP34;BDR;CRH PLC
CRIN34;BVMF:CRIN34;BDR;CARTERS INC
CRIP34;BVMF:CRIP34;BDR;TRIP.COM GROUP LIMITED
CSCO34;BVMF:CSCO34;BDR;CISCO SYSTEMS INC.
CSXC34;BVMF:CSXC34;BDR;CSX CORP
CTGP34;BVMF:CTGP34;BDR;CITIGROUP INC.
CTSH34;BVMF:CTSH34;BDR;COGNIZANT TECHNOLOGY SOLUTIONS
CVSH34;BVMF:CVSH34;BDR;CVS HEALTH CORPORATION
D1DG34;BVMF:D1DG34;BDR;DATADOG INC
D1EL34;BVMF:D1EL34;BDR;DELL TECHNOLOGIES INC
D1EX34;BVMF:D1EX34;BDR;DEXCOM INC
D1FS34;BVMF:D1FS34;BDR;DISCOVER FINANCIAL SERVICES
D1HI34;BVMF:D1HI34;BDR;DR HORTON INC
D1IS34;BVMF:D1IS34;BDR;DISH NETWORK CORP
D1LR34;BVMF:D1LR34;BDR;DIGITAL REALTY TRUST INC
D1OC34;BVMF:D1OC34;BDR;DOCUSIGN INC
D1OM34;BVMF:D1OM34;BDR;DOMINION ENERGY INC
D1OV34;BVMF:D1OV34;BDR;DOVER CORP
D1OW34;BVMF:D1OW34;BDR;DOW INC
D1RE34;BVMF:D1RE34;BDR;DUKE REALTY CORP
D1RI34;BVMF:D1RI34;BDR;DARDEN RESTAURANTS INC
D1TE34;BVMF:D1TE34;BDR;DTE ENERGY CO
D1VN34;BVMF:D1VN34;BDR;DEVON ENERGY CORP
D1XC34;BVMF:D1XC34;BDR;DXC TECHNOLOGY CO
D2AS34;BVMF:D2AS34;BDR;DOORDASH INC
D2KN34;BVMF:D2KN34;BDR;DRAFTKINGS INC
D2NL34;BVMF:D2NL34;BDR;DENALI THERAPEUTICS INC
D2OC34;BVMF:D2OC34;BDR;DOXIMITY INC
D2OX34;BVMF:D2OX34;BDR;AMDOCS LTD
D2PZ34;BVMF:D2PZ34;BDR;DOMINO'S PIZZA INC
D2TC34;BVMF:D2TC34;BDR;DYNATRACE INC
DBAG34;BVMF:DBAG34;BDR;DEUTSCHE BANK AKTIENGESELLSCHAFT
DCVY34;BVMF:DCVY34;BDR;DISCOVERY INC
DCVY35;BVMF:DCVY35;BDR;DISCOVERY INC
DDNB34;BVMF:DDNB34;BDR;DUPONT DE NEMOURS INC.
DEAI34;BVMF:DEAI34;BDR;DELTA AIR LINES INC.
DEEC34;BVMF:DEEC34;BDR;DEERE & CO
DEOP34;BVMF:DEOP34;BDR;DIAGEO PLC
DGCO34;BVMF:DGCO34;BDR;DOLLAR GENERAL CORP
DHER34;BVMF:DHER34;BDR;DANAHER CORPORATION
DISB34;BVMF:DISB34;BDR;THE WALT DISNEY COMPANY
DLTR34;BVMF:DLTR34;BDR;DOLLAR TREE INC
DTCR39;BVMF:DTCR39;BDR;GLOBAL X DATA CENTER & DIGITAL INFRASTRUCTURE ETF (BDR)
DUKB34;BVMF:DUKB34;BDR;DUKE ENERGY CORPORATION
DVAI34;BVMF:DVAI34;BDR;DAVITA INC
E1CL34;BVMF:E1CL34;BDR;ECOLAB INC
E1CO34;BVMF:E1CO34;BDR;ECOPETROL SA
E1DI34;BVMF:E1DI34;BDR;CONSOLIDATED EDISON INC
E1DU34;BVMF:E1DU34;BDR;NEW ORIENTAL EDUCATION & TECHNOLOGY GROUP INC
E1FX34;BVMF:E1FX34;BDR;EQUIFAX INC
E1IX34;BVMF:E1IX34;BDR;EDISON INTERNATIONAL
E1LV34;BVMF:E1LV34;BDR;ELEVANCE HEALTH. INC.
E1MN34;BVMF:E1MN34;BDR;EASTMAN CHEMICAL CO
E1MR34;BVMF:E1MR34;BDR;EMERSON ELECTRIC CO
E1NI34;BVMF:E1NI34;BDR;ENEL AMERICAS SA
E1OG34;BVMF:E1OG34;BDR;EOG RESOURCES INC
E1QN34;BVMF:E1QN34;BDR;EQUINOR ASA
E1QR34;BVMF:E1QR34;BDR;EQUITY RESIDENTIAL
E1RI34;BVMF:E1RI34;BDR;ERICSSON LM TELEPHONE CO
E1SE34;BVMF:E1SE34;BDR;EVERSOURCE ENERGY
E1SS34;BVMF:E1SS34;BDR;ESSEX PROPERTY TRUST INC
E1TN34;BVMF:E1TN34;BDR;EATON CORP PLC
E1TR34;BVMF:E1TR34;BDR;ENTERGY CORP
E1VE34;BVMF:E1VE34;BDR;EVEREST RE GROUP LTD
E1VR34;BVMF:E1VR34;BDR;EVERGY INC
E1WL34;BVMF:E1WL34;BDR;EDWARDS LIFESCIENCES CORP
E1XC34;BVMF:E1XC34;BDR;EXELON CORP
E1XP34;BVMF:E1XP34;BDR;EXPEDITORS INTERNATIONAL OF WASHINGTON INC
E1XR34;BVMF:E1XR34;BDR;EXTRA SPACE STORAGE INC
E2EF34;BVMF:E2EF34;BDR;EURONET WORLDWIDE INC
E2LS34;BVMF:E2LS34;BDR;EQUITY LIFESTYLE PROPERTIES INC
E2NP34;BVMF:E2NP34;BDR;ENPHASE ENERGY INC
E2NT34;BVMF:E2NT34;BDR;ENTEGRIS INC
E2PA34;BVMF:E2PA34;BDR;EPAM SYSTEMS INC
E2PD34;BVMF:E2PD34;BDR;ENTERPRISE PRODUCTS PARTNERS LP
E2ST34;BVMF:E2ST34;BDR;ELASTIC NV
E2TS34;BVMF:E2TS34;BDR;ETSY INC
E2XA34;BVMF:E2XA34;BDR;EXACT SCIENCES CORP
E2XE34;BVMF:E2XE34;BDR;EXELIXIS INC
EAIN34;BVMF:EAIN34;BDR;EDISON INTERNATIONAL
EBAY34;BVMF:EBAY34;BDR;EBAY INC.
ELCI34;BVMF:ELCI34;BDR;ESTEE LAUDER COMPANIES INC
EQIX34;BVMF:EQIX34;BDR;EQUINIX INC
ETHA39;BVMF:ETHA39;BDR;ISHARES ETHEREUM TRUST ETF (BDR)
EVTC31;BVMF:EVTC31;BDR;EVERTEC INC
EXCO32;BVMF:EXCO32;BDR;ALMACENES EXITO S.A.
EXGR34;BVMF:EXGR34;BDR;EXPEDIA GROUP INC
EXXO34;BVMF:EXXO34;BDR;EXXON MOBIL CORPORATION
F1AN34;BVMF:F1AN34;BDR;DIAMONDBACK ENERGY INC
F1BH34;BVMF:F1BH34;BDR;FORTUNE BRANDS HOME & SECURITY INC
F1EC34;BVMF:F1EC34;BDR;FIRSTENERGY CORP
F1FI34;BVMF:F1FI34;BDR;F5 NETWORKS INC
F1IS34;BVMF:F1IS34;BDR;FISERV INC
F1LS34;BVMF:F1LS34;BDR;FLOWSERVE CORP
F1MC34;BVMF:F1MC34;BDR;FMC CORP
F1NI34;BVMF:F1NI34;BDR;FIDELITY NATIONAL INFORMATION SERVICES INC
F1RA34;BVMF:F1RA34;BDR;FRANKLIN RESOURCES INC
F1RC34;BVMF:F1RC34;BDR;FIRST REPUBLIC BANK
F1RI34;BVMF:F1RI34;BDR;FEDERAL REALTY INVESTMENT TRUST
F1TN34;BVMF:F1TN34;BDR;FORTINET INC
F1TV34;BVMF:F1TV34;BDR;FORTIVE CORP
F2IC34;BVMF:F2IC34;BDR;FAIR ISAAC CORP
F2IV34;BVMF:F2IV34;BDR;FIVE9 INC
F2NV34;BVMF:F2NV34;BDR;FRANCO-NEVADA CORP
F2RS34;BVMF:F2RS34;BDR;FRESHWORKS INC
F2RT34;BVMF:F2RT34;BDR;FIRST INDUSTRIAL REALTY TRUST INC
F2SK34;BVMF:F2SK34;BDR;FISKER INC
F2VR34;BVMF:F2VR34;BDR;FIVERR INTERNATIONAL LTD
FASL34;BVMF:FASL34;BDR;FASTENAL CO
FCXO34;BVMF:FCXO34;BDR;FREEPORT MCMORAN COPPER GOLD INC.
FDMO34;BVMF:FDMO34;BDR;FORD MOTORS
FDXB34;BVMF:FDXB34;BDR;FEDEX CORPORATION
FFTD34;BVMF:FFTD34;BDR;FIFTH THIRD BANCORP
FLTC34;BVMF:FLTC34;BDR;FLEETCOR TECHNOLOGIES INC
FMSC34;BVMF:FMSC34;BDR;FRESENIUS MEDICAL CARE AG & CO KGAA
FMXB34;BVMF:FMXB34;BDR;FOMENTO ECONOMICO MEXICANO SAB DE CV FEMSA
FOXC34;BVMF:FOXC34;BDR;FOX CORPORATION
FSLR34;BVMF:FSLR34;BDR;FIRST SOLAR INC
G1AR34;BVMF:G1AR34;BDR;GARTNER INC
G1DS34;BVMF:G1DS34;BDR;GDS HOLDINGS LTD
G1FI34;BVMF:G1FI34;BDR;GOLD FIELDS LTD
G1LL34;BVMF:G1LL34;BDR;GLOBE LIFE INC
G1LP34;BVMF:G1LP34;BDR;GALAPAGOS NV
G1LW34;BVMF:G1LW34;BDR;CORNING INC
G1MI34;BVMF:G1MI34;BDR;GENERAL MILLS INC
G1PC34;BVMF:G1PC34;BDR;GENUINE PARTS CO
G1PI34;BVMF:G1PI34;BDR;GLOBAL PAYMENTS INC
G1RM34;BVMF:G1RM34;BDR;GARMIN LTD
G1SK34;BVMF:G1SK34;BDR;GLAXOSMITHKLINE PLC
G1WW34;BVMF:G1WW34;BDR;WW GRAINGER INC
G2DD34;BVMF:G2DD34;BDR;GODADDY INC
G2DI33;BVMF:G2DI33;BDR;G2D INVESTMENTS. LTD.
G2NT34;BVMF:G2NT34;BDR;GENTEX CORP
G2WR34;BVMF:G2WR34;BDR;GUIDEWIRE SOFTWARE INC
GDBR34;BVMF:GDBR34;BDR;GENERAL DYNAMICS CORP.
GDXB39;BVMF:GDXB39;BDR;VANECK GOLD MINERS ETF (BDR)
GEOO34;BVMF:GEOO34;BDR;GENERAL ELECTRIC COMPANY
GILD34;BVMF:GILD34;BDR;GILEAD SCIENCES INC.
GMCO34;BVMF:GMCO34;BDR;GENERAL MOTORS COMPANY
GOGL34;BVMF:GOGL34;BDR;ALPHABET INC.
GOGL35;BVMF:GOGL35;BDR;ALPHABET INC.
GPIV33;BVMF:GPIV33;BDR;GP INVESTMENTS LTD.
GPRK34;BVMF:GPRK34;BDR;GEOPARK LTD
GPRO34;BVMF:GPRO34;BDR;GOPRO INC.
GPSI34;BVMF:GPSI34;BDR;THE GAP INC.
GSGI34;BVMF:GSGI34;BDR;GOLDMAN SACHS GROUP INC.
H1AS34;BVMF:H1AS34;BDR;HASBRO INC
H1BA34;BVMF:H1BA34;BDR;HUNTINGTON BANCSHARES INC
H1BI34;BVMF:H1BI34;BDR;HANESBRANDES INC
H1CA34;BVMF:H1CA34;BDR;HCA HEALTHCARE INC
H1DB34;BVMF:H1DB34;BDR;HDFC BANK LTD
H1EI34;BVMF:H1EI34;BDR;HEICO CORPORATION
H1ES34;BVMF:H1ES34;BDR;HESS CORP
H1FC34;BVMF:H1FC34;BDR;HOLLYFRONTIER CORP
H1IG34;BVMF:H1IG34;BDR;HARTFORD FINANCIAL SERVICES GROUP INC
H1II34;BVMF:H1II34;BDR;HUNTINGTON INGALLS INDUSTRIES INC
H1LT34;BVMF:H1LT34;BDR;HILTON WORLDWIDE HOLDINGS INC
H1OG34;BVMF:H1OG34;BDR;HARLEY-DAVIDSON INC
H1OL34;BVMF:H1OL34;BDR;HOLOGIC INC
H1PE34;BVMF:H1PE34;BDR;HEWLETT PACKARD ENTERPRISE CO
H1RB34;BVMF:H1RB34;BDR;H&R BLOCK INC
H1RL34;BVMF:H1RL34;BDR;HORMEL FOODS CORP
H1SB34;BVMF:H1SB34;BDR;HSBC HOLDINGS PLC
H1SI34;BVMF:H1SI34;BDR;HENRY SCHEIN INC
H1ST34;BVMF:H1ST34;BDR;HOST HOTELS & RESORTS INC
H1TH34;BVMF:H1TH34;BDR;HUAZHU GROUP LTD
H1UM34;BVMF:H1UM34;BDR;HUMANA INC
H1ZN34;BVMF:H1ZN34;BDR;HORIZON THERAPEUTICS PLC
H2TA34;BVMF:H2TA34;BDR;HEALTHCARE TRUST OF AMERICA INC
H2UB34;BVMF:H2UB34;BDR;HUBSPOT INC
HALI34;BVMF:HALI34;BDR;HALLIBURTON COMPANY
HOME34;BVMF:HOME34;BDR;THE HOME DEPOT
HONB34;BVMF:HONB34;BDR;HONEYWELL INTERNATIONAL INC.
HOND34;BVMF:HOND34;BDR;HONDA MOTOR CO LTD
HPQB34;BVMF:HPQB34;BDR;HEWLETT-PACKARD COMPANY
HSHY34;BVMF:HSHY34;BDR;THE HERSHEY COMPANY
I1AC34;BVMF:I1AC34;BDR;IAC INTERACTIVE CORPORATION
I1BN34;BVMF:I1BN34;BDR;ICICI BANK LTD
I1CE34;BVMF:I1CE34;BDR;INTERCONTINENTAL EXCHANGE INC
I1DX34;BVMF:I1DX34;BDR;IDEXX LABORATORIES INC
I1EX34;BVMF:I1EX34;BDR;IDEX CORPORATION
I1FF34;BVMF:I1FF34;BDR;INTERNATIONAL FLAVORS & FRAGRANCES INC
I1FO34;BVMF:I1FO34;BDR;INFOSYS LTD
I1HG34;BVMF:I1HG34;BDR;INTERCONTINENTAL HOTELS GROUP PLC
I1LM34;BVMF:I1LM34;BDR;ILLUMINA INC
I1NC34;BVMF:I1NC34;BDR;INCYTE CORP
I1NF34;BVMF:I1NF34;BDR;IHS MARKIT LTD
I1PC34;BVMF:I1PC34;BDR;INTERNATIONAL PAPER CO
I1PG34;BVMF:I1PG34;BDR;IPG PHOTONICS CORP
I1PH34;BVMF:I1PH34;BDR;INTERPUBLIC GROUP OF COS INC
I1QV34;BVMF:I1QV34;BDR;IQVIA HOLDINGS INC
I1QY34;BVMF:I1QY34;BDR;IQIYI INC
I1RM34;BVMF:I1RM34;BDR;IRON MOUNTAIN INC
I1RP34;BVMF:I1RP34;BDR;TRANE TECHNOLOGIES PLC
I1SR34;BVMF:I1SR34;BDR;INTUITIVE SURGICAL INC
I1TW34;BVMF:I1TW34;BDR;ILLINOIS TOOL WORKS INC
I1VZ34;BVMF:I1VZ34;BDR;INVESCO LTD
I1XC34;BVMF:I1XC34;BDR;ORIX CORP
I2NV34;BVMF:I2NV34;BDR;INVITATION HOMES INC
I2RS34;BVMF:I2RS34;BDR;INGERSOLL RAND INC
IBIT39;BVMF:IBIT39;BDR;ISHARES BITCOIN TRUST (BDR)
IBMB34;BVMF:IBMB34;BDR;INTERNATIONAL BUSINESS MACHINES CORPORATION
INBR32;BVMF:INBR32;BDR;INTER CO INC
INGG34;BVMF:INGG34;BDR;ING GROEP NV
INTU34;BVMF:INTU34;BDR;INTUIT INC
ISBC34;BVMF:ISBC34;BDR;INVESTORS BANCORP INC
ITLC34;BVMF:ITLC34;BDR;INTEL CORPORATION
J1BH34;BVMF:J1BH34;BDR;JB HUNT TRANSPORT SERVICES INC
J1CI34;BVMF:J1CI34;BDR;JOHNSON CONTROLS INTERNATIONAL PLC
J1EF34;BVMF:J1EF34;BDR;JEFFERIES FINANCIAL GROUP INC
J1EG34;BVMF:J1EG34;BDR;JACOBS ENGINEERING GROUP INC
J1KH34;BVMF:J1KH34;BDR;JACK HENRY & ASSOCIATES INC
J1NP34;BVMF:J1NP34;BDR;JUNIPER NETWORKS INC
J1WN34;BVMF:J1WN34;BDR;NORDSTROM INC
J2AZ34;BVMF:J2AZ34;BDR;JAZZ PHARMACEUTICALS PLC
J2BL34;BVMF:J2BL34;BDR;JABIL INC
JBSS32;BVMF:JBSS32;BDR;JBS N.V.
JDCO34;BVMF:JDCO34;BDR;JD.COM INC
JNJB34;BVMF:JNJB34;BDR;JOHNSON & JOHNSON
JPMC34;BVMF:JPMC34;BDR;JPMORGAN CHASE & CO.
K1BF34;BVMF:K1BF34;BDR;KB FINANCIAL GROUP INC
K1CS34;BVMF:K1CS34;BDR;KANSAS CITY SOUTHERN
K1EL34;BVMF:K1EL34;BDR;KELLOGG CO
K1EY34;BVMF:K1EY34;BDR;KEYCORP
K1IM34;BVMF:K1IM34;BDR;KIMCO REALTY CORP
K1LA34;BVMF:K1LA34;BDR;KLA CORP
K1MX34;BVMF:K1MX34;BDR;CARMAX INC
K1RC34;BVMF:K1RC34;BDR;KROGER CO
K1SG34;BVMF:K1SG34;BDR;KEYSIGHT TECHNOLOGIES INC
K1SS34;BVMF:K1SS34;BDR;KOHLS CORP
K1TC34;BVMF:K1TC34;BDR;KT CORP
K2CG34;BVMF:K2CG34;BDR;KINGSOFT CLOUD HOLDINGS LTD
K2RC34;BVMF:K2RC34;BDR;KILROY REALTY CORP
KHCB34;BVMF:KHCB34;BDR;THE KRAFT HEINZ COMPANY
KMBB34;BVMF:KMBB34;BDR;KIMBERLY-CLARK CORP
KMIC34;BVMF:KMIC34;BDR;KINDER MORGAN INC
KMPR34;BVMF:KMPR34;BDR;KEMPER CORP
L1BT34;BVMF:L1BT34;BDR;LIBERTY GLOBAL PLC
L1BT35;BVMF:L1BT35;BDR;LIBERTY GLOBAL PLC
L1CA34;BVMF:L1CA34;BDR;LABORATORY CORP OF AMERICA HOLDINGS
L1DO34;BVMF:L1DO34;BDR;LEIDOS HOLDINGS INC
L1EG34;BVMF:L1EG34;BDR;LEGGETT PLATT INC
L1EN34;BVMF:L1EN34;BDR;LENNAR CORP
L1FC34;BVMF:L1FC34;BDR;CHINA LIFE INSURANCE CO LTD
L1HX34;BVMF:L1HX34;BDR;L3HARRIS TECHNOLOGIES INC
L1IN34;BVMF:L1IN34;BDR;LINDE PLC
L1KQ34;BVMF:L1KQ34;BDR;LKQ CORP
L1MN34;BVMF:L1MN34;BDR;LUMEN TECHNOLOGIES. INC
L1NC34;BVMF:L1NC34;BDR;LINCOLN NATIONAL CORP
L1OE34;BVMF:L1OE34;BDR;LOEWS CORP
L1RC34;BVMF:L1RC34;BDR;LAM RESEARCH CORP
L1UL34;BVMF:L1UL34;BDR;LULULEMON ATHLETICA INC
L1VS34;BVMF:L1VS34;BDR;LAS VEGAS SANDS CORPORATION
L1WH34;BVMF:L1WH34;BDR;LAMB WESTON HOLDINGS INC
L1YB34;BVMF:L1YB34;BDR;LYONDELLBASELL INDUSTRIES NV
L1YG34;BVMF:L1YG34;BDR;LLOYDS BANKING GROUP PLC
L1YV34;BVMF:L1YV34;BDR;LIVE NATION ENTERTAINMENT INC
L2AZ34;BVMF:L2AZ34;BDR;LUMINAR TECHNOLOGIES INC
L2PL34;BVMF:L2PL34;BDR;LPL FINANCIAL HOLDINGS INC
L2SI34;BVMF:L2SI34;BDR;LIFE STORAGE INC
LBRD34;BVMF:LBRD34;BDR;LIBERTY BROADBAND CORP
LBRN34;BVMF:LBRN34;BDR;L BRANDS INC.
LILY34;BVMF:LILY34;BDR;ELI LILLY AND COMPANY
LMTB34;BVMF:LMTB34;BDR;LOCKHEED MARTIN CORPORATION
LOWC34;BVMF:LOWC34;BDR;LOWE'S COMPA
M1AA34;BVMF:M1AA34;BDR;MID-AMERICA APARTMENT COMMUNITIES INC
M1AS34;BVMF:M1AS34;BDR;MASCO CORP
M1BT34;BVMF:M1BT34;BDR;MOBILE TELESYSTEMS PJSC
M1CB34;BVMF:M1CB34;BDR;MOLSON COORS BREWING CO
M1CH34;BVMF:M1CH34;BDR;MICROCHIP TECHNOLOGY INC
M1CK34;BVMF:M1CK34;BDR;MCKESSON CORP
M1DB34;BVMF:M1DB34;BDR;MONGODB INC
M1GM34;BVMF:M1GM34;BDR;MGM RESORTS INTERNATIONAL
M1HK34;BVMF:M1HK34;BDR;MOHAWK INDUSTRIES INC
M1KC34;BVMF:M1KC34;BDR;MCCORMICK & CO INC
M1KT34;BVMF:M1KT34;BDR;MARKETAXESS HOLDINGS INC
M1LC34;BVMF:M1LC34;BDR;MELCO RESORTS & ENTERTAINMENT LTD
M1LM34;BVMF:M1LM34;BDR;MARTIN MARIETTA MATERIALS INC
M1MC34;BVMF:M1MC34;BDR;MARSH & MCLENNAN COS INC
M1NS34;BVMF:M1NS34;BDR;MONSTER BEVERAGE CORP
M1PC34;BVMF:M1PC34;BDR;MARATHON PETROLEUM CORP
M1RN34;BVMF:M1RN34;BDR;MODERNA INC
M1RO34;BVMF:M1RO34;BDR;MARATHON OIL CORP
M1SC34;BVMF:M1SC34;BDR;MSCI INC
M1SI34;BVMF:M1SI34;BDR;MOTOROLA SOLUTIONS INC
M1TA34;BVMF:M1TA34;BDR;META PLATFORMS. INC.
M1TB34;BVMF:M1TB34;BDR;M&T BANK CORP
M1TC34;BVMF:M1TC34;BDR;MATCH GROUP INC
M1TD34;BVMF:M1TD34;BDR;METTLER-TOLEDO INTERNATIONAL INC
M1TT34;BVMF:M1TT34;BDR;MARRIOTT INTERNATIONAL INC
M1UF34;BVMF:M1UF34;BDR;MITSUBISHI UFJ FINANCIAL GROUP INC
M1XI34;BVMF:M1XI34;BDR;MAXIM INTEGRATED PRODUCTS INC
M2AS34;BVMF:M2AS34;BDR;MASIMO CORP
M2KS34;BVMF:M2KS34;BDR;MKS INSTRUMENTS INC
M2PM34;BVMF:M2PM34;BDR;MP MATERIALS CORP
M2PR34;BVMF:M2PR34;BDR;MONOLITHIC POWER SYSTEMS INC
M2PW34;BVMF:M2PW34;BDR;MEDICAL PROPERTIES TRUST INC
M2RT34;BVMF:M2RT34;BDR;MIRATI THERAPEUTICS INC
M2RV34;BVMF:M2RV34;BDR;MARVELL TECHNOLOGY INC
M2ST34;BVMF:M2ST34;BDR;MICROSTRATEGY INC
MACY34;BVMF:MACY34;BDR;MACY S INC.
MCDC34;BVMF:MCDC34;BDR;MCDONALDS CORP.
MCOR34;BVMF:MCOR34;BDR;MOODYS CORP
MDLZ34;BVMF:MDLZ34;BDR;MONDELEZ INTERNATIONAL INC
MDTC34;BVMF:MDTC34;BDR;MEDTRONIC PUBLIC LIMITED COMPANY
MELI34;BVMF:MELI34;BDR;MERCADOLIBRE INC
METB34;BVMF:METB34;BDR;METLIFE INC
MKLC34;BVMF:MKLC34;BDR;MARKEL CORP
MMMC34;BVMF:MMMC34;BDR;3M COMPANY
MOOO34;BVMF:MOOO34;BDR;ALTRIA GROUP. INC.
MOSC34;BVMF:MOSC34;BDR;THE MOSAIC COMPANY
MOTB39;BVMF:MOTB39;BDR;VANECK MORNINGSTAR WIDE MOAT ETF (BDR)
MRCK34;BVMF:MRCK34;BDR;MERCK CO. INC.
MSBR34;BVMF:MSBR34;BDR;MORGAN STANLEY
MSCD34;BVMF:MSCD34;BDR;MASTERCARD INCORPORATED
MSFT34;BVMF:MSFT34;BDR;MICROSOFT CORPORATION
MUTC34;BVMF:MUTC34;BDR;MICRON TECHNOLOGY INC
N1BI34;BVMF:N1BI34;BDR;NEUROCRINE BIOSCIENCES INC
N1CL34;BVMF:N1CL34;BDR;NORWEGIAN CRUISE LINE HOLDINGS LTD
N1DA34;BVMF:N1DA34;BDR;NASDAQ INC
N1EM34;BVMF:N1EM34;BDR;NEWMONT CORP
N1GG34;BVMF:N1GG34;BDR;NATIONAL GRID PLC
N1IC34;BVMF:N1IC34;BDR;NICE LTD
N1IS34;BVMF:N1IS34;BDR;NISOURCE INC
N1LS34;BVMF:N1LS34;BDR;NIELSEN HOLDINGS PLC
N1OV34;BVMF:N1OV34;BDR;NOV INC
N1OW34;BVMF:N1OW34;BDR;SERVICENOW INC
N1RG34;BVMF:N1RG34;BDR;NRG ENERGY INC
N1SC34;BVMF:N1SC34;BDR;NORFOLK SOUTHERN CORP
N1TA34;BVMF:N1TA34;BDR;NETAPP INC
N1TR34;BVMF:N1TR34;BDR;NORTHERN TRUST CORP
N1UE34;BVMF:N1UE34;BDR;NUCOR CORP
N1VO34;BVMF:N1VO34;BDR;NOVO NORDISK A/S
N1VR34;BVMF:N1VR34;BDR;NVR INC
N1VS34;BVMF:N1VS34;BDR;NOVARTIS AG
N1WG34;BVMF:N1WG34;BDR;NATWEST GROUP PLC
N1WL34;BVMF:N1WL34;BDR;NEWELL BRANDS INC
N1WS34;BVMF:N1WS34;BDR;NEWS CORP
N1WS35;BVMF:N1WS35;BDR;NEWS CORP
N1XP34;BVMF:N1XP34;BDR;NXP SEMICONDUCTORS NV
N2ET34;BVMF:N2ET34;BDR;CLOUDFLARE INC
N2LY34;BVMF:N2LY34;BDR;ANNALY CAPITAL MANAGEMENT INC
N2TN34;BVMF:N2TN34;BDR;NUTANIX INC
N2VC34;BVMF:N2VC34;BDR;NOVOCURE LTD
NETE34;BVMF:NETE34;BDR;NETEASE INC
NEXT34;BVMF:NEXT34;BDR;NEXTERA ENERGY INC
NFLX34;BVMF:NFLX34;BDR;NETFLIX INC.
NIKE34;BVMF:NIKE34;BDR;NIKE INC
NMRH34;BVMF:NMRH34;BDR;NOMURA HOLDINGS INC
NOCG34;BVMF:NOCG34;BDR;NORTHROP GRUMMAN CORP
NOKI34;BVMF:NOKI34;BDR;NOKIA CORPORATION
NVDC34;BVMF:NVDC34;BDR;NVIDIA CORP
O1DF34;BVMF:O1DF34;BDR;OLD DOMINION FREIGHT LINE INC
O1KE34;BVMF:O1KE34;BDR;ONEOK INC
O1KT34;BVMF:O1KT34;BDR;OKTA INC
O1MC34;BVMF:O1MC34;BDR;OMNICOM GROUP INC
O1TI34;BVMF:O1TI34;BDR;OTIS WORLDWIDE CORPORATION
O2HI34;BVMF:O2HI34;BDR;OMEGA HEALTHCARE INVESTORS INC
O2LE34;BVMF:O2LE34;BDR;UNIVERSAL DISPLAY CORP
O2NS34;BVMF:O2NS34;BDR;ON SEMICONDUCTOR CORP
ORCL34;BVMF:ORCL34;BDR;ORACLE CORPORATION
ORLY34;BVMF:ORLY34;BDR;OREILLY AUTOMOTIVE INC
OXYP34;BVMF:OXYP34;BDR;OCCIDENTAL PETROLEUM
P1AC34;BVMF:P1AC34;BDR;PACCAR INC
P1AY34;BVMF:P1AY34;BDR;PAUCHEX INC
P1BC34;BVMF:P1BC34;BDR;PEOPLES UNITED FINANCIAL INC
P1DD34;BVMF:P1DD34;BDR;PINDUODUO INC
P1DT34;BVMF:P1DT34;BDR;PRUDENTIAL FINANCIAL INC
P1EA34;BVMF:P1EA34;BDR;HEALTHPEAK PROPERTIES INC
P1EG34;BVMF:P1EG34;BDR;PUBLIC SERVICE ENTERPRISE GROUP INC
P1FG34;BVMF:P1FG34;BDR;PRINCIPAL FINANCIAL GROUP INC
P1GR34;BVMF:P1GR34;BDR;THE PROGRESSIVE CORP
P1HC34;BVMF:P1HC34;BDR;PARKER-HANNIFIN CORP
P1HM34;BVMF:P1HM34;BDR;PULTEGROUP INC
P1IO34;BVMF:P1IO34;BDR;PIONEER NATURAL RESOURCES CO
P1KG34;BVMF:P1KG34;BDR;PACKAGING CORP OF AMERICA
P1KI34;BVMF:P1KI34;BDR;PERKINELMER INC
P1KX34;BVMF:P1KX34;BDR;POSCO
P1LD34;BVMF:P1LD34;BDR;PROLOGIS INC
P1NR34;BVMF:P1NR34;BDR;PENTAIR PLC
P1NW34;BVMF:P1NW34;BDR;PINNACLE WEST CAPITAL CORP
P1PG34;BVMF:P1PG34;BDR;PPG INDUSTRIES INC
P1PL34;BVMF:P1PL34;BDR;PPL CORP
P1RG34;BVMF:P1RG34;BDR;PERRIGO CO PLC
P1SA34;BVMF:P1SA34;BDR;PUBLIC STORAGE
P1SX34;BVMF:P1SX34;BDR;PHILLIPS 66
P1UK34;BVMF:P1UK34;BDR;PRUDENTIAL PLC
P1VH34;BVMF:P1VH34;BDR;PVH CORP
P1YC34;BVMF:P1YC34;BDR;PAYCOM SOFTWARE INC
P2AN34;BVMF:P2AN34;BDR;PALO ALTO NETWORKS INC
P2AT34;BVMF:P2AT34;BDR;UIPATH INC
P2CF34;BVMF:P2CF34;BDR;GRUPO AEROPORTUARIO DEL PACIFICO SAB DE CV
P2CO34;BVMF:P2CO34;BDR;PROCORE TECHNOLOGIES INC
P2CY34;BVMF:P2CY34;BDR;PAYLOCITY HOLDING CORP
P2EN34;BVMF:P2EN34;BDR;PENN NATIONAL GAMING INC
P2IN34;BVMF:P2IN34;BDR;PINTEREST INC
P2LA34;BVMF:P2LA34;BDR;ANAPLAN INC
P2LN34;BVMF:P2LN34;BDR;PLANET FITNESS INC
P2LT34;BVMF:P2LT34;BDR;PALANTIR TECHNOLOGIES INC
P2NB34;BVMF:P2NB34;BDR;PENUMBRA INC
P2OD34;BVMF:P2OD34;BDR;INSULET CORP
P2ST34;BVMF:P2ST34;BDR;PURE STORAGE INC
P2TC34;BVMF:P2TC34;BDR;PTC INC
PAGS34;BVMF:PAGS34;BDR;PAGSEGURO DIGITAL LTD
PEPB34;BVMF:PEPB34;BDR;PEPSICO INC.
PFIZ34;BVMF:PFIZ34;BDR;PFIZER INC.
PGCO34;BVMF:PGCO34;BDR;PROCTER GAMBLE COMPANY
PHGN34;BVMF:PHGN34;BDR;KONINKLIJKE PHILIPS NV
PHMO34;BVMF:PHMO34;BDR;PHILIP MORRIS INTERNATIONAL INC
PNCS34;BVMF:PNCS34;BDR;PNC FINANCIAL SERVICES GROUP INC
PRXB31;BVMF:PRXB31;BDR;PROSUS N.V.
PTCH34;BVMF:PTCH34;BDR;PETROCHINA CO LTD
PYPL34;BVMF:PYPL34;BDR;PAYPAL HOLDINGS INC
Q1RV34;BVMF:Q1RV34;BDR;QORVO INC
Q1UA34;BVMF:Q1UA34;BDR;QUANTA SERVICES INC
Q1UE34;BVMF:Q1UE34;BDR;QUEST DIAGNOSTICS INC
Q2SC34;BVMF:Q2SC34;BDR;QUANTUMSCAPE CORP
QCOM34;BVMF:QCOM34;BDR;QUALCOMM INC.
QUBT34;BVMF:QUBT34;BDR;QUANTUM COMPUTING INC
R1CL34;BVMF:R1CL34;BDR;ROYAL CARIBBEAN GROUP
R1DY34;BVMF:R1DY34;BDR;DR REDDYS LABORATORIES LTD
R1EG34;BVMF:R1EG34;BDR;REGENCY CENTERS CORP
R1EL34;BVMF:R1EL34;BDR;RELX PLC
R1FC34;BVMF:R1FC34;BDR;REGIONS FINANCIAL CORP
R1HI34;BVMF:R1HI34;BDR;ROBERT HALF INTERNATIONAL INC
R1IN34;BVMF:R1IN34;BDR;REALTY INCOME CORP
R1JF34;BVMF:R1JF34;BDR;RAYMOND JAMES FINANCIAL INC
R1KU34;BVMF:R1KU34;BDR;ROKU INC
R1LC34;BVMF:R1LC34;BDR;RALPH LAUREN CORP
R1MD34;BVMF:R1MD34;BDR;RESMED INC
R1OK34;BVMF:R1OK34;BDR;ROCKWELL AUTOMATION INC
R1OL34;BVMF:R1OL34;BDR;ROLLINS INC
R1OP34;BVMF:R1OP34;BDR;ROPER TECHNOLOGIES INC
R1SG34;BVMF:R1SG34;BDR;REPUBLIC SERVICES INC
R1YA34;BVMF:R1YA34;BDR;RYANAIR HOLDINGS PLC
R2AR34;BVMF:R2AR34;BDR;ULTRAGENYX PHARMACEUTICAL INC
R2BL34;BVMF:R2BL34;BDR;ROBLOX CORPORATION
R2DF34;BVMF:R2DF34;BDR;REDFIN CORPORATION
R2GE34;BVMF:R2GE34;BDR;REPLIGEN CORP
R2HH34;BVMF:R2HH34;BDR;RH
R2NG34;BVMF:R2NG34;BDR;RINGCENTRAL INC
R2RX34;BVMF:R2RX34;BDR;REGAL REXNORD CORP
RDSA34;BVMF:RDSA34;BDR;ROYAL DUTCH SHELL PLC
REGN34;BVMF:REGN34;BDR;REGENERON PHARMACEUTICALS INC
RIGG34;BVMF:RIGG34;BDR;TRANSOCEAN LTD.
RIOT34;BVMF:RIOT34;BDR;RIO TINTO PLC
ROST34;BVMF:ROST34;BDR;ROSS STORES INC.
ROXO34;BVMF:ROXO34;BDR;NU HOLDINGS LTD.
RYTT34;BVMF:RYTT34;BDR;RAYTHEON TECHNOLOGIES CORPORATION
S1BA34;BVMF:S1BA34;BDR;SBA COMMUNICATIONS CORP
S1BS34;BVMF:S1BS34;BDR;SIBANYE STILLWATER LTD SIBANYE STIL
S1EA34;BVMF:S1EA34;BDR;SEALED AIR CORP
S1GE34;BVMF:S1GE34;BDR;SEAGEN INC
S1HW34;BVMF:S1HW34;BDR;THE SHERWIN-WILLIAMS CO
S1IV34;BVMF:S1IV34;BDR;SVB FINANCIAL GROUP
S1JM34;BVMF:S1JM34;BDR;THE JM SMUCKER CO
S1KM34;BVMF:S1KM34;BDR;SK TELECOM CO LTD
S1LG34;BVMF:S1LG34;BDR;SL GREEN REALTY CORP
S1MF34;BVMF:S1MF34;BDR;SUMITOMO MITSUI FINANCIAL GROUP INC
S1NA34;BVMF:S1NA34;BDR;SNAP-ON INC
S1NN34;BVMF:S1NN34;BDR;SMITH & NEPHEW PLC
S1NP34;BVMF:S1NP34;BDR;SYNOPSYS INC
S1OU34;BVMF:S1OU34;BDR;SOUTHWEST AIRLINES CO
S1PL34;BVMF:S1PL34;BDR;SPLUNK INC
S1PO34;BVMF:S1PO34;BDR;SPOTIFY TECHNOLOGY SA
S1RE34;BVMF:S1RE34;BDR;SEMPRA
S1RP34;BVMF:S1RP34;BDR;SAREPTA THERAPEUTICS INC
S1SL34;BVMF:S1SL34;BDR;SKYWORKS SOLUTIONS INC
S1SN34;BVMF:S1SN34;BDR;SS&C TECHNOLOGIES HOLDINGS INC
S1TE34;BVMF:S1TE34;BDR;STERIS PLC
S1TT34;BVMF:S1TT34;BDR;STATE STREET CORP
S1TX34;BVMF:S1TX34;BDR;SEAGATE TECHNOLOGY HOLDINGS PLC
S1WK34;BVMF:S1WK34;BDR;STANLEY BLACK & DECKER INC
S1YF34;BVMF:S1YF34;BDR;SYNCHRONY FINANCIAL
S1YK34;BVMF:S1YK34;BDR;STRYKER CORP
S1YM34;BVMF:S1YM34;BDR;NORTONLIFELOCK INC
S1YY34;BVMF:S1YY34;BDR;SYSCO CORP
S2CH34;BVMF:S2CH34;BDR;SOCIEDAD QUIMICA Y MINERA DE CHILE SA
S2EA34;BVMF:S2EA34;BDR;SEA LTD
S2ED34;BVMF:S2ED34;BDR;SOLAREDGE TECHNOLOGIES INC
S2EI34;BVMF:S2EI34;BDR;SEI INVESTMENTS CO
S2GM34;BVMF:S2GM34;BDR;SIGMA LITHIUM CORP
S2HO34;BVMF:S2HO34;BDR;SHOPIFY INC
S2LA34;BVMF:S2LA34;BDR;SILICON LABORATORIES INC
S2MA34;BVMF:S2MA34;BDR;SMARTSHEET INC
S2NA34;BVMF:S2NA34;BDR;SNAP INC
S2NW34;BVMF:S2NW34;BDR;SNOWFLAKE INC
S2QS34;BVMF:S2QS34;BDR;SQUARESPACE INC
S2QU34;BVMF:S2QU34;BDR;SQUARE INC
S2RE34;BVMF:S2RE34;BDR;GRUPO AEROPORTUARIO DEL SURESTE SAB DE CV
S2TA34;BVMF:S2TA34;BDR;STAG INDUSTRIAL INC
S2TO34;BVMF:S2TO34;BDR;STORE CAPITAL CORP
S2TW34;BVMF:S2TW34;BDR;STARWOOD PROPERTY TRUST INC
S2UI34;BVMF:S2UI34;BDR;SUN COMMUNITIES INC
S2WC34;BVMF:S2WC34;BDR;SWITCH INC
S2YN34;BVMF:S2YN34;BDR;SYNAPTICS INC
SAPP34;BVMF:SAPP34;BDR;SAP SE
SBNY34;BVMF:SBNY34;BDR;SIGNATURE BANK CORP
SBUB34;BVMF:SBUB34;BDR;STARBUCKS CORPORATION
SCHW34;BVMF:SCHW34;BDR;THE CHARLES SCHWAB CORPORATION
SIMN34;BVMF:SIMN34;BDR;SIMON PROPERTY GROUP INC
SIVR39;BVMF:SIVR39;BDR;ABRDN PHYSICAL SILVER SHARES ETF (BDR)
SLBC34;BVMF:SLBC34;BDR;STERLING BANCORP
SLBG34;BVMF:SLBG34;BDR;SCHLUMBERGER LIMITED
SLXB39;BVMF:SLXB39;BDR;VANECK STEEL ETF (BDR)
SNEC34;BVMF:SNEC34;BDR;SONY CORP
SPGI34;BVMF:SPGI34;BDR;S&P GLOBAL INC
SRXM34;BVMF:SRXM34;BDR;SIRIUS XM HOLDINGS INC
SSFO34;BVMF:SSFO34;BDR;SALESFORCE.COM INC.
STMN34;BVMF:STMN34;BDR;STMICROELECTRONICS NV
STOC34;BVMF:STOC34;BDR;STONECO LTD.
STZB34;BVMF:STZB34;BDR;CONSTELLATION BRANDS INC
T1AL34;BVMF:T1AL34;BDR;TAL EDUCATION GROUP
T1AM34;BVMF:T1AM34;BDR;ATLASSIAN CORPORATION PLC
T1CH34;BVMF:T1CH34;BDR;BIO-TECHNE CORPORATION
T1DG34;BVMF:T1DG34;BDR;TRANSDIGM GROUP INC
T1EC34;BVMF:T1EC34;BDR;TECHNIPFMC PLC
T1EL34;BVMF:T1EL34;BDR;TE CONNECTIVITY LTD
T1EV34;BVMF:T1EV34;BDR;TEVA PHARMACEUTICAL INDUSTRIES LTD
T1FX34;BVMF:T1FX34;BDR;TELEFLEX INC
T1LK34;BVMF:T1LK34;BDR;PT TELEKOMUNIKASI INDONESIA PERSERO TBK
T1MU34;BVMF:T1MU34;BDR;T-MOBILE US INC
T1OW34;BVMF:T1OW34;BDR;AMERICAN TOWER CORP
T1RI34;BVMF:T1RI34;BDR;TRIPADVISOR INC
T1RO34;BVMF:T1RO34;BDR;T ROWE PRICE GROUP INC
T1SC34;BVMF:T1SC34;BDR;TRACTOR SUPPLY CO
T1SO34;BVMF:T1SO34;BDR;THE SOUTHERN CO
T1SS34;BVMF:T1SS34;BDR;TENARIS SA
T1TW34;BVMF:T1TW34;BDR;TAKE-TWO INTERACTIVE SOFTWARE INC
T1WL34;BVMF:T1WL34;BDR;TWILIO INC
T1XT34;BVMF:T1XT34;BDR;TEXTRON INC
T2DH34;BVMF:T2DH34;BDR;TELADOC HEALTH INC
T2ER34;BVMF:T2ER34;BDR;TERADYNE INC
T2ND34;BVMF:T2ND34;BDR;TANDEM DIABETES CARE INC
T2PX34;BVMF:T2PX34;BDR;TEMPUR SEALY INTERNATIONAL INC
T2RM34;BVMF:T2RM34;BDR;TRIMBLE INC
T2TD34;BVMF:T2TD34;BDR;THE TRADE DESK INC
T2YL34;BVMF:T2YL34;BDR;TYLER TECHNOLOGIES INC
TAKP34;BVMF:TAKP34;BDR;TAKEDA PHARMACEUTICAL CO LTD
TEXA34;BVMF:TEXA34;BDR;TEXAS INSTRUMENTS INC.
TGTB34;BVMF:TGTB34;BDR;TARGET CORP
THGI34;BVMF:THGI34;BDR;HANOVER INSURANCE GROUP INC
TJXC34;BVMF:TJXC34;BDR;TJX COMPANIES INC
TLNC34;BVMF:TLNC34;BDR;TELEFONICA SA
TMCO34;BVMF:TMCO34;BDR;TOYOTA MOTOR CORP
TMOS34;BVMF:TMOS34;BDR;THERMO FISHER SCIENTIFIC INC.
TPRY34;BVMF:TPRY34;BDR;TAPESTRY INC
TRVC34;BVMF:TRVC34;BDR;THE TRAVELERS COMPANIES INC
TSLA34;BVMF:TSLA34;BDR;TESLA INC
TSMC34;BVMF:TSMC34;BDR;TAIWAN SEMICONDUCTOR MANUFACTURING CO LTD
TSNF34;BVMF:TSNF34;BDR;TYSON FOODS INC
TWTR34;BVMF:TWTR34;BDR;TWITTER INC.
TXSA34;BVMF:TXSA34;BDR;TERNIUM SA
U1AI34;BVMF:U1AI34;BDR;UNITED AIRLINES HOLDINGS INC
U1AL34;BVMF:U1AL34;BDR;UNITED AIRLINES HOLDINGS INC
U1BE34;BVMF:U1BE34;BDR;UBER TECHNOLOGIES INC
U1DR34;BVMF:U1DR34;BDR;UDR INC
U1HS34;BVMF:U1HS34;BDR;UNIVERSAL HEALTH SERVICES INC
U1LT34;BVMF:U1LT34;BDR;ULTA BEAUTY INC
U1NM34;BVMF:U1NM34;BDR;UNUM GROUP
U1RI34;BVMF:U1RI34;BDR;UNITED RENTALS INC
U2PS34;BVMF:U2PS34;BDR;UPSTART HOLDINGS INC
U2PW34;BVMF:U2PW34;BDR;UPWORK INC
U2ST34;BVMF:U2ST34;BDR;UNITY SOFTWARE INC
UBSG34;BVMF:UBSG34;BDR;UBS GROUP AG
ULEV34;BVMF:ULEV34;BDR;UNILEVER
UNHH34;BVMF:UNHH34;BDR;UNITEDHEALTH GROUP INC
UPAC34;BVMF:UPAC34;BDR;UNION PACIFIC CORPORATION
UPSS34;BVMF:UPSS34;BDR;UNITED PARCEL SERVICE INC.
USBC34;BVMF:USBC34;BDR;U.S. BANCORP
USSX34;BVMF:USSX34;BDR;UNITED STATES STEEL CORPORATION
V1IP34;BVMF:V1IP34;BDR;VIPSHOP HOLDINGS LTD
V1MC34;BVMF:V1MC34;BDR;VULCAN MATERIALS CO
V1NO34;BVMF:V1NO34;BDR;VORNADO REALTY TRUST
V1OD34;BVMF:V1OD34;BDR;VODAFONE GROUP PUBLIC LTD COMPANY
V1RS34;BVMF:V1RS34;BDR;VERISK ANALYTICS INC
V1TA34;BVMF:V1TA34;BDR;VENTAS INC
V2EE34;BVMF:V2EE34;BDR;VEEVA SYSTEMS INC
V2ME34;BVMF:V2ME34;BDR;VIMEO INC
V2MW34;BVMF:V2MW34;BDR;VMWARE INC
VERZ34;BVMF:VERZ34;BDR;VERIZON COMMUNICATIONS INC.
VFCO34;BVMF:VFCO34;BDR;VF CORP
VISA34;BVMF:VISA34;BDR;VISA INC.
VLOE34;BVMF:VLOE34;BDR;VALERO ENERGY CORPORATION
VLYB34;BVMF:VLYB34;BDR;VALLEY NATIONAL BANCORP
VRSN34;BVMF:VRSN34;BDR;VERISIGN INC
VRTX34;BVMF:VRTX34;BDR;VERTEX PHARMACEUTICALS INC
W1AB34;BVMF:W1AB34;BDR;WABTEC CORP
W1BD34;BVMF:W1BD34;BDR;WARNER BROS. DISCOVERY. INC.
W1BK34;BVMF:W1BK34;BDR;WESTPAC BANKING CORP
W1BO34;BVMF:W1BO34;BDR;WEIBO CORP
W1DA34;BVMF:W1DA34;BDR;WORKDAY INC
W1DC34;BVMF:W1DC34;BDR;WESTERN DIGITAL CORP
W1EC34;BVMF:W1EC34;BDR;WEC ENERGY GROUP INC
W1EL34;BVMF:W1EL34;BDR;WELLTOWER INC
W1HR34;BVMF:W1HR34;BDR;WHIRLPOOL CORP
W1IX34;BVMF:W1IX34;BDR;WIX.COM LTD
W1LT34;BVMF:W1LT34;BDR;WILLIS TOWERS WATSON PLC
W1MB34;BVMF:W1MB34;BDR;THE WILLIAMS COS INC
W1MC34;BVMF:W1MC34;BDR;WASTE MANAGEMENT INC
W1MG34;BVMF:W1MG34;BDR;WARNER MUSIC GROUP CORPORATION
W1PP34;BVMF:W1PP34;BDR;WPP PLC
W1RB34;BVMF:W1RB34;BDR;WR BERKLEY CORPORATION
W1RK34;BVMF:W1RK34;BDR;WESTROCK CO
W1SO34;BVMF:W1SO34;BDR;WATSCO INC
W1YC34;BVMF:W1YC34;BDR;WEYERHAEUSER CO
W1YN34;BVMF:W1YN34;BDR;WYNN RESORTS LTD
W2OL34;BVMF:W2OL34;BDR;WOLFSPEED INC
W2ST34;BVMF:W2ST34;BDR;WEST PHARMACEUTICAL SERVICES INC
W2YF34;BVMF:W2YF34;BDR;WAYFAIR INC
WABC34;BVMF:WABC34;BDR;WESTERN ALLIANCE BANCORPORATION
WALM34;BVMF:WALM34;BDR;WALMART INC.
WATC34;BVMF:WATC34;BDR;WATERS CORP
WFCO34;BVMF:WFCO34;BDR;WELLS FARGO COMPANY
WGBA34;BVMF:WGBA34;BDR;WALGREENS
WUNI34;BVMF:WUNI34;BDR;THE WESTERN UNION COMPANY
X1EL34;BVMF:X1EL34;BDR;XCEL ENERGY INC
X1LN34;BVMF:X1LN34;BDR;XILINX INC
X1YL34;BVMF:X1YL34;BDR;XYLEM INC
XPBR31;BVMF:XPBR31;BDR;XP INC.
XRAY34;BVMF:XRAY34;BDR;DENTSPLY SIRONA INC
XRXB34;BVMF:XRXB34;BDR;XEROX CORPORATION
YUMR34;BVMF:YUMR34;BDR;YUM BRANDS INC
Z1BH34;BVMF:Z1BH34;BDR;ZIMMER BIOMET HOLDINGS INC
Z1BR34;BVMF:Z1BR34;BDR;ZEBRA TECHNOLOGIES CORPORATION
Z1IO34;BVMF:Z1IO34;BDR;ZIONS BANCORPORATION NA
Z1OM34;BVMF:Z1OM34;BDR;ZOOM VIDEO COMMUNICATIONS INC
Z1TO34;BVMF:Z1TO34;BDR;ZTO EXPRESS CAYMAN INC
Z1TS34;BVMF:Z1TS34;BDR;ZOETIS INC
Z2DV34;BVMF:Z2DV34;BDR;ZIFF DAVIS INC
Z2EN34;BVMF:Z2EN34;BDR;ZENDESK INC
Z2IT34;BVMF:Z2IT34;BDR;ZOOMINFO TECHNOLOGIES INC
Z2LL34;BVMF:Z2LL34;BDR;ZILLOW GROUP INC
Z2NG34;BVMF:Z2NG34;BDR;ZYNGA INC
Z2SC34;BVMF:Z2SC34;BDR;ZSCALER INC
BIXU39;BVMF:BIXU39;BDR ETF;ISHARES CORE MSCI TOTAL INTERNATIONAL STOCK ETF (BDR)
$ANRXUSD;CURRENCY:$ANRXUSD;CRIPTO;ANRKEY X
$MICHIUSD;CURRENCY:$MICHIUSD;CRIPTO;MICHI
0X0USD;CURRENCY:0X0USD;CRIPTO;0X0.AI: AI SMART CONTRACT
0XBTCUSD;CURRENCY:0XBTCUSD;CRIPTO;0XBITCOIN
1000SATSUSD;CURRENCY:1000SATSUSD;CRIPTO;1000SATS
1CATUSD;CURRENCY:1CATUSD;CRIPTO;BITCOIN CATS
1INCHUSD;CURRENCY:1INCHUSD;CRIPTO;1INCH
1WOUSD;CURRENCY:1WOUSD;CRIPTO;1WORLD
2KEYUSD;CURRENCY:2KEYUSD;CRIPTO;2KEY.NETWORK
42USD;CURRENCY:42USD;CRIPTO;42-COIN
AAAUSD;CURRENCY:AAAUSD;CRIPTO;MOON RABBIT
AAVEUSD;CURRENCY:AAVEUSD;CRIPTO;AAVE
ABBCUSD;CURRENCY:ABBCUSD;CRIPTO;ABBC COIN
ABLUSD;CURRENCY:ABLUSD;CRIPTO;AIRBLOC
ABTUSD;CURRENCY:ABTUSD;CRIPTO;ARCBLOCK
ABYSSUSD;CURRENCY:ABYSSUSD;CRIPTO;ABYSS
ACATUSD;CURRENCY:ACATUSD;CRIPTO;ALPHACAT
ACAUSD;CURRENCY:ACAUSD;CRIPTO;ACALA
ACEUSD;CURRENCY:ACEUSD;CRIPTO;FUSIONIST
ACHUSD;CURRENCY:ACHUSD;CRIPTO;ALCHEMY PAY
ACMUSD;CURRENCY:ACMUSD;CRIPTO;AC MILAN FAN TOKEN
ACSUSD;CURRENCY:ACSUSD;CRIPTO;ACCESS PROTOCOL
ACTUSD;CURRENCY:ACTUSD;CRIPTO;ACHAIN
ADAUSD;CURRENCY:ADAUSD;CRIPTO;CARDANO
ADAXUSD;CURRENCY:ADAXUSD;CRIPTO;ADAX
ADKUSD;CURRENCY:ADKUSD;CRIPTO;AIDOS KUNEEN
ADSUSD;CURRENCY:ADSUSD;CRIPTO;ADSHARES
ADXUSD;CURRENCY:ADXUSD;CRIPTO;AMBIRE ADEX
AEGISUSD;CURRENCY:AEGISUSD;CRIPTO;AEGIS AI
AERGOUSD;CURRENCY:AERGOUSD;CRIPTO;AERGO
AEROUSD;CURRENCY:AEROUSD;CRIPTO;AERODROME FINANCE
AETHUSD;CURRENCY:AETHUSD;CRIPTO;AAVE ETH V1
AEUSD;CURRENCY:AEUSD;CRIPTO;AETERNITY
AEVOUSD;CURRENCY:AEVOUSD;CRIPTO;AEVO
AGAUSD;CURRENCY:AGAUSD;CRIPTO;AGA TOKEN
AGENTUSD;CURRENCY:AGENTUSD;CRIPTO;AGENTLAYER
AGIUSD;CURRENCY:AGIUSD;CRIPTO;DELYSIUM
AGIXUSD;CURRENCY:AGIXUSD;CRIPTO;SINGULARITYNET
AI16ZUSD;CURRENCY:AI16ZUSD;CRIPTO;AI16Z
AIDOGEUSD;CURRENCY:AIDOGEUSD;CRIPTO;ARBDOGE AI
AIFUNUSD;CURRENCY:AIFUNUSD;CRIPTO;AI AGENT LAYER
AIONUSD;CURRENCY:AIONUSD;CRIPTO;AION
AITRAUSD;CURRENCY:AITRAUSD;CRIPTO;AITRA
AITUSD;CURRENCY:AITUSD;CRIPTO;AICHAIN
AIUSD;CURRENCY:AIUSD;CRIPTO;SLEEPLESS AI
AIXBTUSD;CURRENCY:AIXBTUSD;CRIPTO;AIXBT BY VIRTUALS
AKROUSD;CURRENCY:AKROUSD;CRIPTO;AKROPOLIS
AKTUSD;CURRENCY:AKTUSD;CRIPTO;AKASH NETWORK
ALBTUSD;CURRENCY:ALBTUSD;CRIPTO;ALLIANCEBLOCK
ALEPHUSD;CURRENCY:ALEPHUSD;CRIPTO;ALEPH.IM
ALGOUSD;CURRENCY:ALGOUSD;CRIPTO;ALGORAND
ALIASUSD;CURRENCY:ALIASUSD;CRIPTO;ALIAS
ALICEUSD;CURRENCY:ALICEUSD;CRIPTO;MY NEIGHBOR ALICE
ALPACAUSD;CURRENCY:ALPACAUSD;CRIPTO;ALPACA FINANCE
ALPHAUSD;CURRENCY:ALPHAUSD;CRIPTO;ALPHA FINANCE LAB
ALPINEUSD;CURRENCY:ALPINEUSD;CRIPTO;APLINE F1 TEAM FAN TOKEN
ALTUSD;CURRENCY:ALTUSD;CRIPTO;ALTLAYER
ALUUSD;CURRENCY:ALUUSD;CRIPTO;ALTURA
AMBUSD;CURRENCY:AMBUSD;CRIPTO;AMBROSUS
AMMXUSD;CURRENCY:AMMXUSD;CRIPTO;AMMX
AMPLUSD;CURRENCY:AMPLUSD;CRIPTO;AMPLEFORTH
AMPUSD;CURRENCY:AMPUSD;CRIPTO;AMP
ANCUSD;CURRENCY:ANCUSD;CRIPTO;ANCHOR PROTOCOL
ANJUSD;CURRENCY:ANJUSD;CRIPTO;ARAGON COURT
ANKRUSD;CURRENCY:ANKRUSD;CRIPTO;ANKR
ANONUSD;CURRENCY:ANONUSD;CRIPTO;HEY ANON
ANTUSD;CURRENCY:ANTUSD;CRIPTO;ARAGON
ANYUSD;CURRENCY:ANYUSD;CRIPTO;ANYSWAP
ANZUSD;CURRENCY:ANZUSD;CRIPTO;ANZEN FINANCE
AOAUSD;CURRENCY:AOAUSD;CRIPTO;AURORA
AOGUSD;CURRENCY:AOGUSD;CRIPTO;SMARTOFGIVING
APEUSD;CURRENCY:APEUSD;CRIPTO;APECOIN
API3USD;CURRENCY:API3USD;CRIPTO;API3
APLUSD;CURRENCY:APLUSD;CRIPTO;APOLLO
APMUSD;CURRENCY:APMUSD;CRIPTO;APM COIN
APPCUSD;CURRENCY:APPCUSD;CRIPTO;APPCOINS
APTOSUSD;CURRENCY:APTOSUSD;CRIPTO;APTOS
APYUSD;CURRENCY:APYUSD;CRIPTO;APY.FINANCE
APYVISIONUSD;CURRENCY:APYVISIONUSD;CRIPTO;APY.VISION
AQTUSD;CURRENCY:AQTUSD;CRIPTO;ALPHA QUARK TOKEN
ARBUSD;CURRENCY:ARBUSD;CRIPTO;ARBITRUM
ARCHUSD;CURRENCY:ARCHUSD;CRIPTO;ARCHER DAO GOVERNANCE TOKEN
ARCUSD;CURRENCY:ARCUSD;CRIPTO;AI RIG COMPLEX
ARDRUSD;CURRENCY:ARDRUSD;CRIPTO;ARDOR
ARKMUSD;CURRENCY:ARKMUSD;CRIPTO;ARKHAM
ARKUSD;CURRENCY:ARKUSD;CRIPTO;ARK
ARMORUSD;CURRENCY:ARMORUSD;CRIPTO;ARMOR
ARPAUSD;CURRENCY:ARPAUSD;CRIPTO;ARPA CHAIN
ARRRUSD;CURRENCY:ARRRUSD;CRIPTO;PIRATE CHAIN
ARUSD;CURRENCY:ARUSD;CRIPTO;ARWEAVE
ARXUSD;CURRENCY:ARXUSD;CRIPTO;ARBIDEX
ASDUSD;CURRENCY:ASDUSD;CRIPTO;ASCENDEX TOKEN
ASKOUSD;CURRENCY:ASKOUSD;CRIPTO;ASKO
ASMUSD;CURRENCY:ASMUSD;CRIPTO;ASSEMBLE PROTOCOL
ASTROPUSD;CURRENCY:ASTROPUSD;CRIPTO;ASTROPORT
ASTROUSD;CURRENCY:ASTROUSD;CRIPTO;ASTROTOOLS
ASTRUSD;CURRENCY:ASTRUSD;CRIPTO;ASTAR
ASTUSD;CURRENCY:ASTUSD;CRIPTO;AIRSWAP
ATAUSD;CURRENCY:ATAUSD;CRIPTO;AUTOMATA
ATHUSD;CURRENCY:ATHUSD;CRIPTO;AETHIR
ATLASUSD;CURRENCY:ATLASUSD;CRIPTO;STAR ATLAS
ATMUSD;CURRENCY:ATMUSD;CRIPTO;ATLETICO MADRID FAN TOKEN
ATOMUSD;CURRENCY:ATOMUSD;CRIPTO;COSMOS
ATRIUSD;CURRENCY:ATRIUSD;CRIPTO;ATARI TOKEN
AUCTIONUSD;CURRENCY:AUCTIONUSD;CRIPTO;BOUNCE
AUCUSD;CURRENCY:AUCUSD;CRIPTO;AUCTUS
AUDIOUSD;CURRENCY:AUDIOUSD;CRIPTO;AUDIUS
AURYUSD;CURRENCY:AURYUSD;CRIPTO;AURORY
AUSD;CURRENCY:AUSD;CRIPTO;VAULTA
AUTOUSD;CURRENCY:AUTOUSD;CRIPTO;AUTO
AVAAIUSD;CURRENCY:AVAAIUSD;CRIPTO;AVA AI
AVAILUSD;CURRENCY:AVAILUSD;CRIPTO;AVAIL
AVAUSD;CURRENCY:AVAUSD;CRIPTO;TRAVALA.COM
AVAXUSD;CURRENCY:AVAXUSD;CRIPTO;AVALANCHE
AVTUSD;CURRENCY:AVTUSD;CRIPTO;AVENTUS
AXELUSD;CURRENCY:AXELUSD;CRIPTO;AXEL
AXISUSD;CURRENCY:AXISUSD;CRIPTO;AXIS DEFI
AXPRUSD;CURRENCY:AXPRUSD;CRIPTO;AXPIRE
AXSUSD;CURRENCY:AXSUSD;CRIPTO;AXIE INFINITY
AZUKIUSD;CURRENCY:AZUKIUSD;CRIPTO;AZUKI
B2USD;CURRENCY:B2USD;CRIPTO;BSQUARED NETWORK
BAASUSD;CURRENCY:BAASUSD;CRIPTO;BAASID
BABYDOGEUSD;CURRENCY:BABYDOGEUSD;CRIPTO;BABY DOGE COIN
BABYGROKUSD;CURRENCY:BABYGROKUSD;CRIPTO;BABY GROK
BABYUSD;CURRENCY:BABYUSD;CRIPTO;BABYSWAP
BACUSD;CURRENCY:BACUSD;CRIPTO;BASIS CASH
BADGERUSD;CURRENCY:BADGERUSD;CRIPTO;BADGER DAO
BAKEUSD;CURRENCY:BAKEUSD;CRIPTO;BAKERYSWAP
BALUSD;CURRENCY:BALUSD;CRIPTO;BALANCER
BANANAUSD;CURRENCY:BANANAUSD;CRIPTO;BANANA GUN
BANCAUSD;CURRENCY:BANCAUSD;CRIPTO;BANCA
BANDUSD;CURRENCY:BANDUSD;CRIPTO;BAND PROTOCOL
BANUSD;CURRENCY:BANUSD;CRIPTO;BANANO
BAOUSD;CURRENCY:BAOUSD;CRIPTO;BAO FINANCE
BARTUSD;CURRENCY:BARTUSD;CRIPTO;BARTERTRADE
BARUSD;CURRENCY:BARUSD;CRIPTO;FC BARCELONA FAN TOKEN
BASEUSD;CURRENCY:BASEUSD;CRIPTO;BASE PROTOCOL
BATUSD;CURRENCY:BATUSD;CRIPTO;BASIC ATTENTION TOKEN
BAXUSD;CURRENCY:BAXUSD;CRIPTO;BABB
BBRUSD;CURRENCY:BBRUSD;CRIPTO;BOOLBERRY
BCDTUSD;CURRENCY:BCDTUSD;CRIPTO;EVIDENZ
BCDUSD;CURRENCY:BCDUSD;CRIPTO;BITCOIN DIAMOND
BCHAUSD;CURRENCY:BCHAUSD;CRIPTO;BITCOIN CASH ABC
BCHUSD;CURRENCY:BCHUSD;CRIPTO;BITCOIN CASH
BCNUSD;CURRENCY:BCNUSD;CRIPTO;BYTECOIN
BCOINUSD;CURRENCY:BCOINUSD;CRIPTO;BOMBER COIN
BCUSD;CURRENCY:BCUSD;CRIPTO;BITCOIN CONFIDENTIAL
BCVUSD;CURRENCY:BCVUSD;CRIPTO;BITCAPITALVENDOR
BEAM2USD;CURRENCY:BEAM2USD;CRIPTO;BEAM
BEAMUSD;CURRENCY:BEAMUSD;CRIPTO;BEAM
BEETSUSD;CURRENCY:BEETSUSD;CRIPTO;BEETHOVEN X
BELLYUSD;CURRENCY:BELLYUSD;CRIPTO;CRYPTO PIECE
BELUSD;CURRENCY:BELUSD;CRIPTO;BELLA PROTOCOL
BEPROUSD;CURRENCY:BEPROUSD;CRIPTO;BEPRO NETWORK
BETAUSD;CURRENCY:BETAUSD;CRIPTO;BETA FINANCE
BETHUSD;CURRENCY:BETHUSD;CRIPTO;BINANCE ETH STAKING
BETUSD;CURRENCY:BETUSD;CRIPTO;DAOBET
BFCUSD;CURRENCY:BFCUSD;CRIPTO;BIFROST
BFRUSD;CURRENCY:BFRUSD;CRIPTO;BUFFER TOKEN
BFTUSD;CURRENCY:BFTUSD;CRIPTO;BNKTOTHEFUTURE
BIDUSD;CURRENCY:BIDUSD;CRIPTO;BIDAO
BIFIUSD;CURRENCY:BIFIUSD;CRIPTO;BEEFY.FINANCE
BILLYUSD;CURRENCY:BILLYUSD;CRIPTO;BILLY
BIPUSD;CURRENCY:BIPUSD;CRIPTO;MINTER NETWORK
BIRDUSD;CURRENCY:BIRDUSD;CRIPTO;BIRD.MONEY
BIRUSD;CURRENCY:BIRUSD;CRIPTO;BIRAKE
BITCNYUSD;CURRENCY:BITCNYUSD;CRIPTO;BITCNY
BITGUSD;CURRENCY:BITGUSD;CRIPTO;BITCOIN GREEN
BITSMILEYUSD;CURRENCY:BITSMILEYUSD;CRIPTO;BITSMILEY
BIXUSD;CURRENCY:BIXUSD;CRIPTO;BIBOX TOKEN
BLACKUSD;CURRENCY:BLACKUSD;CRIPTO;BLACKHOLE
BLKUSD;CURRENCY:BLKUSD;CRIPTO;BLACKCOIN
BLOCKAUSD;CURRENCY:BLOCKAUSD;CRIPTO;BLOCKASSET
BLOCKUSD;CURRENCY:BLOCKUSD;CRIPTO;BLOCKNET
BLOKUSD;CURRENCY:BLOKUSD;CRIPTO;BLOKTOPIA
BLURUSD;CURRENCY:BLURUSD;CRIPTO;BLUR
BLZUSD;CURRENCY:BLZUSD;CRIPTO;BLUZELLE
BMCUSD;CURRENCY:BMCUSD;CRIPTO;BLACKMOON CRYPTO
BMIUSD;CURRENCY:BMIUSD;CRIPTO;BRIDGE MUTUAL
BMONUSD;CURRENCY:BMONUSD;CRIPTO;BINAMON
BMXUSD;CURRENCY:BMXUSD;CRIPTO;BITMART TOKEN
BNBUSD;CURRENCY:BNBUSD;CRIPTO;BINANCE COIN
BNFUSD;CURRENCY:BNFUSD;CRIPTO;BONFI
BNTUSD;CURRENCY:BNTUSD;CRIPTO;BANCOR NETWORK TOKEN
BNXUSD;CURRENCY:BNXUSD;CRIPTO;BINARYX
BOAUSD;CURRENCY:BOAUSD;CRIPTO;BOSAGORA
BODENUSD;CURRENCY:BODENUSD;CRIPTO;JEO BODEN
BOLTUSD;CURRENCY:BOLTUSD;CRIPTO;BOLT
BONDLYUSD;CURRENCY:BONDLYUSD;CRIPTO;BONDLY
BONDUSD;CURRENCY:BONDUSD;CRIPTO;BARNBRIDGE
BONKUSD;CURRENCY:BONKUSD;CRIPTO;BONK
BOOSTUSD;CURRENCY:BOOSTUSD;CRIPTO;BOOSTED FINANCE
BORUSD;CURRENCY:BORUSD;CRIPTO;BORINGDAO
BOSUSD;CURRENCY:BOSUSD;CRIPTO;BOSCOIN
BOTTOUSD;CURRENCY:BOTTOUSD;CRIPTO;BOTTO
BOTUSD;CURRENCY:BOTUSD;CRIPTO;BOUNCE TOKEN (OLD)
BOXUSD;CURRENCY:BOXUSD;CRIPTO;BOX TOKEN
BRAINUSD;CURRENCY:BRAINUSD;CRIPTO;GIGABRAIN BY VIRTUALS
BRDUSD;CURRENCY:BRDUSD;CRIPTO;BREAD
BRETTUSD;CURRENCY:BRETTUSD;CRIPTO;BRETT
BRISEUSD;CURRENCY:BRISEUSD;CRIPTO;BITGERT
BRYUSD;CURRENCY:BRYUSD;CRIPTO;BERRY DATA
BRZUSD;CURRENCY:BRZUSD;CRIPTO;BRAZILIAN DIGITAL TOKEN
BSCPADUSD;CURRENCY:BSCPADUSD;CRIPTO;BSCPAD
BSSBUSD;CURRENCY:BSSBUSD;CRIPTO;BITSTABLE FINANCE
BSTYUSD;CURRENCY:BSTYUSD;CRIPTO;GLOBALBOOST-Y
BSVUSD;CURRENCY:BSVUSD;CRIPTO;BITCOIN SV
BSWUSD;CURRENCY:BSWUSD;CRIPTO;BISWAP
BTBUSD;CURRENCY:BTBUSD;CRIPTO;BITBALL
BTC2USD;CURRENCY:BTC2USD;CRIPTO;BITCOIN 2
BTCPUSD;CURRENCY:BTCPUSD;CRIPTO;BITCOIN PRIVATE
BTCSTUSD;CURRENCY:BTCSTUSD;CRIPTO;BITCOIN STANDARD HASHRATE TOKEN
BTCUSD;CURRENCY:BTCUSD;CRIPTO;BITCOIN
BTCZUSD;CURRENCY:BTCZUSD;CRIPTO;BITCOINZ
BTGUSD;CURRENCY:BTGUSD;CRIPTO;BITCOIN GOLD
BTMUSD;CURRENCY:BTMUSD;CRIPTO;BYTOM
BTMXUSD;CURRENCY:BTMXUSD;CRIPTO;BITMAX TOKEN
BTOUSD;CURRENCY:BTOUSD;CRIPTO;BOTTOS
BTRUSD;CURRENCY:BTRUSD;CRIPTO;BITRUE COIN
BTSEUSD;CURRENCY:BTSEUSD;CRIPTO;BTSE TOKEN
BTSUSD;CURRENCY:BTSUSD;CRIPTO;BITSHARES
BTTUSD;CURRENCY:BTTUSD;CRIPTO;BITTORRENT
BTUUSD;CURRENCY:BTUUSD;CRIPTO;BTU PROTOCOL
BTXUSD;CURRENCY:BTXUSD;CRIPTO;BITCORE
BULLUSD;CURRENCY:BULLUSD;CRIPTO;BUYSELL
BULLYUSD;CURRENCY:BULLYUSD;CRIPTO;DOLOS THE BULLY
BUNNYUSD;CURRENCY:BUNNYUSD;CRIPTO;PANCAKE BUNNY
BURGERUSD;CURRENCY:BURGERUSD;CRIPTO;BURGER SWAP
BURSTUSD;CURRENCY:BURSTUSD;CRIPTO;BURST
BUSDUSD;CURRENCY:BUSDUSD;CRIPTO;BINANCE USD
BUXUSD;CURRENCY:BUXUSD;CRIPTO;BUX TOKEN
BUYUSD;CURRENCY:BUYUSD;CRIPTO;BUYING.COM
BWFUSD;CURRENCY:BWFUSD;CRIPTO;BEOWULF
BZNTUSD;CURRENCY:BZNTUSD;CRIPTO;BEZANT
BZRXUSD;CURRENCY:BZRXUSD;CRIPTO;BZX PROTOCOL
BZUSD;CURRENCY:BZUSD;CRIPTO;BITZ TOKEN
C98USD;CURRENCY:C98USD;CRIPTO;COIN98
CAKEUSD;CURRENCY:CAKEUSD;CRIPTO;PANCAKESWAP
CANUSD;CURRENCY:CANUSD;CRIPTO;CANYACOIN
CARDUSD;CURRENCY:CARDUSD;CRIPTO;CARDSTACK
CASUSD;CURRENCY:CASUSD;CRIPTO;CASHAA
CATIUSD;CURRENCY:CATIUSD;CRIPTO;CATIZEN
CATTUSD;CURRENCY:CATTUSD;CRIPTO;CATEX TOKEN
CBCUSD;CURRENCY:CBCUSD;CRIPTO;CBC.NETWORK
CBIXUSD;CURRENCY:CBIXUSD;CRIPTO;CUBIEX
CCARUSD;CURRENCY:CCARUSD;CRIPTO;CRYPTOCARS
CDTUSD;CURRENCY:CDTUSD;CRIPTO;BLOX
CELOUSD;CURRENCY:CELOUSD;CRIPTO;CELO
CELRUSD;CURRENCY:CELRUSD;CRIPTO;CELER NETWORK
CELUSD;CURRENCY:CELUSD;CRIPTO;CELSIUS
CETUSD;CURRENCY:CETUSD;CRIPTO;COINEX
CETUSUSD;CURRENCY:CETUSUSD;CRIPTO;CETUS PROTOCOL
CFGUSD;CURRENCY:CFGUSD;CRIPTO;CENTRIFUGE
CFXUSD;CURRENCY:CFXUSD;CRIPTO;CONFLUX
CGARUSD;CURRENCY:CGARUSD;CRIPTO;CRYPTOGUARDS
CGPTUSD;CURRENCY:CGPTUSD;CRIPTO;CHAINGPT
CGTUSD;CURRENCY:CGTUSD;CRIPTO;CACHE GOLD
CHADSUSD;CURRENCY:CHADSUSD;CRIPTO;CHADS VC
CHAMPUSD;CURRENCY:CHAMPUSD;CRIPTO;SUPER CHAMPS
CHARMUSD;CURRENCY:CHARMUSD;CRIPTO;CHARM
CHATUSD;CURRENCY:CHATUSD;CRIPTO;BEECHAT
CHEXUSD;CURRENCY:CHEXUSD;CRIPTO;CHEX TOKEN
CHIUSD;CURRENCY:CHIUSD;CRIPTO;XAYA
CHMBUSD;CURRENCY:CHMBUSD;CRIPTO;CHUMBI VALLEY
CHNGUSD;CURRENCY:CHNGUSD;CRIPTO;CHAINGE FINANCE
CHPUSD;CURRENCY:CHPUSD;CRIPTO;COINPOKER
CHRUSD;CURRENCY:CHRUSD;CRIPTO;CHROMIA
CHSBUSD;CURRENCY:CHSBUSD;CRIPTO;SWISSBORG
CHXUSD;CURRENCY:CHXUSD;CRIPTO;WEOWN
CHZUSD;CURRENCY:CHZUSD;CRIPTO;CHILIZ
CITYUSD;CURRENCY:CITYUSD;CRIPTO;MANCHESTER CITY FAN TOKEN
CKBUSD;CURRENCY:CKBUSD;CRIPTO;NERVOS NETWORK
CLOUSD;CURRENCY:CLOUSD;CRIPTO;CALLISTO NETWORK
CLVUSD;CURRENCY:CLVUSD;CRIPTO;CLOVER FINANCE
CMCUSD;CURRENCY:CMCUSD;CRIPTO;CRYPTOMOTORCYCLE
CMTUSD;CURRENCY:CMTUSD;CRIPTO;CYBERMILES
CNCUSD;CURRENCY:CNCUSD;CRIPTO;CONIC
CNDUSD;CURRENCY:CNDUSD;CRIPTO;CINDICATOR
CNRUSD;CURRENCY:CNRUSD;CRIPTO;CANARY
CNTRUSD;CURRENCY:CNTRUSD;CRIPTO;CENTAUR
CNUSUSD;CURRENCY:CNUSUSD;CRIPTO;COINUS
COCOSUSD;CURRENCY:COCOSUSD;CRIPTO;COCOS-BCX
COIN-ARTISTUSD;CURRENCY:COIN-ARTISTUSD;CRIPTO;COIN ARTIST
COIN-FTXUSD;CURRENCY:COIN-FTXUSD;CRIPTO;COINBASE TOKENIZED STOCK ON FTX
COINUSD;CURRENCY:COINUSD;CRIPTO;COIN
COMBOUSD;CURRENCY:COMBOUSD;CRIPTO;FURUCOMBO
COMPUSD;CURRENCY:COMPUSD;CRIPTO;COMPOUND
CONVOUSD;CURRENCY:CONVOUSD;CRIPTO;PREFRONTAL CORTEX CONVO AGENT BY VIRTUALS
COOKIEUSD;CURRENCY:COOKIEUSD;CRIPTO;COOKIE DAO
COREUSD;CURRENCY:COREUSD;CRIPTO;CVAULT.FINANCE
CORGIAIUSD;CURRENCY:CORGIAIUSD;CRIPTO;CORGIAI
COSUSD;CURRENCY:COSUSD;CRIPTO;CONTENTOS
COTIUSD;CURRENCY:COTIUSD;CRIPTO;COTI
COVALUSD;CURRENCY:COVALUSD;CRIPTO;CIRCUITS OF VALUE
COVERUSD;CURRENCY:COVERUSD;CRIPTO;COVER PROTOCOL
COVUSD;CURRENCY:COVUSD;CRIPTO;COVESTING
COWUSD;CURRENCY:COWUSD;CRIPTO;COW PROTOCOL
CPANUSD;CURRENCY:CPANUSD;CRIPTO;CRYPTOPLANES
CPAYUSD;CURRENCY:CPAYUSD;CRIPTO;CRYPTOPAY
CPOOLUSD;CURRENCY:CPOOLUSD;CRIPTO;CLEARPOOL
CRBNUSD;CURRENCY:CRBNUSD;CRIPTO;CARBON
CRDNUSD;CURRENCY:CRDNUSD;CRIPTO;CARDENCE
CREAMUSD;CURRENCY:CREAMUSD;CRIPTO;CREAM FINANCE
CREAUSD;CURRENCY:CREAUSD;CRIPTO;CREA
CREUSD;CURRENCY:CREUSD;CRIPTO;CARRY
CROUSD;CURRENCY:CROUSD;CRIPTO;CRYPTO.COM COIN
CRPTUSD;CURRENCY:CRPTUSD;CRIPTO;CRYPTERIUM
CRPUSD;CURRENCY:CRPUSD;CRIPTO;CROPPERFINANCE
CRUUSD;CURRENCY:CRUUSD;CRIPTO;CRUST NETWORK
CRVUSD;CURRENCY:CRVUSD;CRIPTO;CURVE DAO TOKEN
CSMUSD;CURRENCY:CSMUSD;CRIPTO;CRUST SHADOW
CSUSD;CURRENCY:CSUSD;CRIPTO;CREDITS
CTKUSD;CURRENCY:CTKUSD;CRIPTO;CERTIK
CTSIUSD;CURRENCY:CTSIUSD;CRIPTO;CARTESI
CTXCUSD;CURRENCY:CTXCUSD;CRIPTO;CORTEX
CUDOSUSD;CURRENCY:CUDOSUSD;CRIPTO;CUDOS
CUREUSD;CURRENCY:CUREUSD;CRIPTO;CURECOIN
CUSD;CURRENCY:CUSD;CRIPTO;CHAINBASE
CUSDUSD;CURRENCY:CUSDUSD;CRIPTO;CELO DOLLAR
CUTUSD;CURRENCY:CUTUSD;CRIPTO;CUTCOIN
CVCUSD;CURRENCY:CVCUSD;CRIPTO;CIVIC
CVNTUSD;CURRENCY:CVNTUSD;CRIPTO;CONTENT VALUE NETWORK
CVNUSD;CURRENCY:CVNUSD;CRIPTO;CVCOIN
CVPUSD;CURRENCY:CVPUSD;CRIPTO;POWERPOOL CONCENTRATED VOTING POWER
CVTUSD;CURRENCY:CVTUSD;CRIPTO;CYBERVEIN
CVUSD;CURRENCY:CVUSD;CRIPTO;CARVERTICAL
CXOUSD;CURRENCY:CXOUSD;CRIPTO;CARGOX
CYBERUSD;CURRENCY:CYBERUSD;CRIPTO;CYBERCONNECT
DADUSD;CURRENCY:DADUSD;CRIPTO;DAD
DAGUSD;CURRENCY:DAGUSD;CRIPTO;CONSTELLATION
DAIUSD;CURRENCY:DAIUSD;CRIPTO;DAI
DAOUSD;CURRENCY:DAOUSD;CRIPTO;DAO MAKER
DARUSD;CURRENCY:DARUSD;CRIPTO;MINES OF DALARNIA
DASHUSD;CURRENCY:DASHUSD;CRIPTO;DASH
DATUSD;CURRENCY:DATUSD;CRIPTO;DATUM
DAXUSD;CURRENCY:DAXUSD;CRIPTO;DAEX
DBCUSD;CURRENCY:DBCUSD;CRIPTO;DEEPBRAIN CHAIN
DCNUSD;CURRENCY:DCNUSD;CRIPTO;DENTACOIN
DCRUSD;CURRENCY:DCRUSD;CRIPTO;DECRED
DDDUSD;CURRENCY:DDDUSD;CRIPTO;SCRY.INFO
DDIMUSD;CURRENCY:DDIMUSD;CRIPTO;DUCKDAODIME
DDXUSD;CURRENCY:DDXUSD;CRIPTO;DERIVADAO
DECUSD;CURRENCY:DECUSD;CRIPTO;DECENTR
DEFI++USD;CURRENCY:DEFI++USD;CRIPTO;PIEDAO DEFI++
DEGOUSD;CURRENCY:DEGOUSD;CRIPTO;DEGO FINANCE
DENTUSD;CURRENCY:DENTUSD;CRIPTO;DENT
DEPAYUSD;CURRENCY:DEPAYUSD;CRIPTO;DEPAY
DEROUSD;CURRENCY:DEROUSD;CRIPTO;DERO
DESOUSD;CURRENCY:DESOUSD;CRIPTO;DECENTRALIZED SOCIAL
DEVUSD;CURRENCY:DEVUSD;CRIPTO;DEV PROTOCOL
DEXEUSD;CURRENCY:DEXEUSD;CRIPTO;DEXE
DEXTUSD;CURRENCY:DEXTUSD;CRIPTO;DEXTOOLS
DFUSD;CURRENCY:DFUSD;CRIPTO;DFORCE TOKEN
DGBUSD;CURRENCY:DGBUSD;CRIPTO;DIGIBYTE
DGDUSD;CURRENCY:DGDUSD;CRIPTO;DIGIXDAO
DGTXUSD;CURRENCY:DGTXUSD;CRIPTO;DIGITEX TOKEN
DGUSD;CURRENCY:DGUSD;CRIPTO;DECENTRAL GAMES
DHTUSD;CURRENCY:DHTUSD;CRIPTO;DHEDGE DAO
DIAUSD;CURRENCY:DIAUSD;CRIPTO;DIA
DIGGUSD;CURRENCY:DIGGUSD;CRIPTO;DIGG
DIMEUSD;CURRENCY:DIMEUSD;CRIPTO;DIMECOIN
DIONEUSD;CURRENCY:DIONEUSD;CRIPTO;DIONE
DIPUSD;CURRENCY:DIPUSD;CRIPTO;ETHERISC DIP TOKEN
DITTOUSD;CURRENCY:DITTOUSD;CRIPTO;DITTO
DIVIUSD;CURRENCY:DIVIUSD;CRIPTO;DIVI
DLTUSD;CURRENCY:DLTUSD;CRIPTO;AGRELLO
DMDUSD;CURRENCY:DMDUSD;CRIPTO;DIAMOND
DMTUSD;CURRENCY:DMTUSD;CRIPTO;DMARKET
DNTUSD;CURRENCY:DNTUSD;CRIPTO;DISTRICT0X
DOCKUSD;CURRENCY:DOCKUSD;CRIPTO;DOCK
DODOUSD;CURRENCY:DODOUSD;CRIPTO;DODO
DOGE2GUSD;CURRENCY:DOGE2GUSD;CRIPTO;DEPARTMENT OF GOV EFFICIENCY
DOGE2USD;CURRENCY:DOGE2USD;CRIPTO;DEPARTMENT OF GOVERNMENT EFFICIENCY
DOGEUSD;CURRENCY:DOGEUSD;CRIPTO;DOGECOIN
DOGEZILLAUSD;CURRENCY:DOGEZILLAUSD;CRIPTO;DOGEZILLA
DOGGOTOTHEMOONUSD;CURRENCY:DOGGOTOTHEMOONUSD;CRIPTO;DOG GO TO THE MOON
DOGSUSD;CURRENCY:DOGSUSD;CRIPTO;DOGS
DOGUSD;CURRENCY:DOGUSD;CRIPTO;THE DOGE NFT
DOKIUSD;CURRENCY:DOKIUSD;CRIPTO;DOKI DOKI
DOMEUSD;CURRENCY:DOMEUSD;CRIPTO;EVERDOME
DONUTUSD;CURRENCY:DONUTUSD;CRIPTO;DONUT
DORUSD;CURRENCY:DORUSD;CRIPTO;DORAGONLAND
DOSEUSD;CURRENCY:DOSEUSD;CRIPTO;DOSE
DOSUSD;CURRENCY:DOSUSD;CRIPTO;DOS NETWORK
DOTUSD;CURRENCY:DOTUSD;CRIPTO;POLKADOT
DOUGHUSD;CURRENCY:DOUGHUSD;CRIPTO;PIEDAO DOUGH V2
DPIUSD;CURRENCY:DPIUSD;CRIPTO;DEFI PULSE INDEX
DRCUSD;CURRENCY:DRCUSD;CRIPTO;DRACULA TOKEN
DRGNUSD;CURRENCY:DRGNUSD;CRIPTO;DRAGONCHAIN
DRIFTUSD;CURRENCY:DRIFTUSD;CRIPTO;DRIFT PROTOCOL
DSLAUSD;CURRENCY:DSLAUSD;CRIPTO;DSLA PROTOCOL
DTAUSD;CURRENCY:DTAUSD;CRIPTO;DATA
DTXUSD;CURRENCY:DTXUSD;CRIPTO;DATA EXCHANGE TOKEN
DUCKUSD;CURRENCY:DUCKUSD;CRIPTO;DLP DUCK TOKEN
DUNUSD;CURRENCY:DUNUSD;CRIPTO;DUNE NETWORK
DUSD;CURRENCY:DUSD;CRIPTO;DENARIUS
DUSDUSD;CURRENCY:DUSDUSD;CRIPTO;DUSK NETWORK
DVPNUSD;CURRENCY:DVPNUSD;CRIPTO;SENTINEL
DVTUSD;CURRENCY:DVTUSD;CRIPTO;DEVAULT
DXUSD;CURRENCY:DXUSD;CRIPTO;DXCHAIN TOKEN
DYDXUSD;CURRENCY:DYDXUSD;CRIPTO;DYDX
DYMUSD;CURRENCY:DYMUSD;CRIPTO;DYMENSION
DYNUSD;CURRENCY:DYNUSD;CRIPTO;DYNAMIC
DYPUSD;CURRENCY:DYPUSD;CRIPTO;DEFI YIELD PROTOCOL
ECOUSD;CURRENCY:ECOUSD;CRIPTO;ORMEUS ECOSYSTEM
EDCUSD;CURRENCY:EDCUSD;CRIPTO;EDC BLOCKCHAIN
EDGUSD;CURRENCY:EDGUSD;CRIPTO;EDGEWARE
EDRUSD;CURRENCY:EDRUSD;CRIPTO;ENDOR PROTOCOL TOKEN
EDUUSD;CURRENCY:EDUUSD;CRIPTO;OPEN CAMPUS
EFXUSD;CURRENCY:EFXUSD;CRIPTO;EFFECT NETWORK
EGGUSD;CURRENCY:EGGUSD;CRIPTO;GOOSE FINANCE
EGLDUSD;CURRENCY:EGLDUSD;CRIPTO;ELROND
EGTUSD;CURRENCY:EGTUSD;CRIPTO;EGRETIA
EIGENUSD;CURRENCY:EIGENUSD;CRIPTO;EIGENLAYER
ELAUSD;CURRENCY:ELAUSD;CRIPTO;ELASTOS
ELFUSD;CURRENCY:ELFUSD;CRIPTO;AELF
ELIZAUSD;CURRENCY:ELIZAUSD;CRIPTO;ELIZA
ELONGDUSD;CURRENCY:ELONGDUSD;CRIPTO;ELONGATE DELUXE
ELONUSD;CURRENCY:ELONUSD;CRIPTO;DOGELON MARS
ELUSD;CURRENCY:ELUSD;CRIPTO;ELYSIA
EMC2USD;CURRENCY:EMC2USD;CRIPTO;EINSTEINIUM
EMCUSD;CURRENCY:EMCUSD;CRIPTO;EMERCOIN
ENAUSD;CURRENCY:ENAUSD;CRIPTO;ETHENA
ENGUSD;CURRENCY:ENGUSD;CRIPTO;ENIGMA
ENJUSD;CURRENCY:ENJUSD;CRIPTO;ENJIN COIN
ENQUSD;CURRENCY:ENQUSD;CRIPTO;ENECUUM
ENSUSD;CURRENCY:ENSUSD;CRIPTO;ETHEREUM NAME SERVICE
EOSCUSD;CURRENCY:EOSCUSD;CRIPTO;EOS FORCE
EOSDACUSD;CURRENCY:EOSDACUSD;CRIPTO;EOSDAC
EPICUSD;CURRENCY:EPICUSD;CRIPTO;EPIC CASH
EPSUSD;CURRENCY:EPSUSD;CRIPTO;ELLIPSIS
EQBUSD;CURRENCY:EQBUSD;CRIPTO;EQUILIBRIA FINANCE
EQUADUSD;CURRENCY:EQUADUSD;CRIPTO;QUADRANT PROTOCOL
EQUALUSD;CURRENCY:EQUALUSD;CRIPTO;EQUALIZER DEX
EQZUSD;CURRENCY:EQZUSD;CRIPTO;EQUALIZER
ERGUSD;CURRENCY:ERGUSD;CRIPTO;ERGO
ERNUSD;CURRENCY:ERNUSD;CRIPTO;ETHERNITY CHAIN
ERTHAUSD;CURRENCY:ERTHAUSD;CRIPTO;ERTHA
ESDUSD;CURRENCY:ESDUSD;CRIPTO;EMPTY SET DOLLAR
ESSUSD;CURRENCY:ESSUSD;CRIPTO;ESSENTIA
ETCUSD;CURRENCY:ETCUSD;CRIPTO;ETHEREUM CLASSIC
ETERNALUSD;CURRENCY:ETERNALUSD;CRIPTO;CRYPTOMINES ETERNAL
ETHFIUSD;CURRENCY:ETHFIUSD;CRIPTO;ETHER.FI
ETHOUSD;CURRENCY:ETHOUSD;CRIPTO;ETHO PROTOCOL
ETHUSD;CURRENCY:ETHUSD;CRIPTO;ETHEREUM
ETHVUSD;CURRENCY:ETHVUSD;CRIPTO;ETHVERSE
ETHWUSD;CURRENCY:ETHWUSD;CRIPTO;ETHEREUMPOW
ETNUSD;CURRENCY:ETNUSD;CRIPTO;ELECTRONEUM
ETPUSD;CURRENCY:ETPUSD;CRIPTO;METAVERSE ETP
EULUSD;CURRENCY:EULUSD;CRIPTO;EULER
EUNOUSD;CURRENCY:EUNOUSD;CRIPTO;EUNO
EURSUSD;CURRENCY:EURSUSD;CRIPTO;STASIS EURO
EVEDUSD;CURRENCY:EVEDUSD;CRIPTO;EVEDO
EVXUSD;CURRENCY:EVXUSD;CRIPTO;EVEREX
EWTUSD;CURRENCY:EWTUSD;CRIPTO;ENERGY WEB TOKEN
EXRDUSD;CURRENCY:EXRDUSD;CRIPTO;E-RADIX
EXRNUSD;CURRENCY:EXRNUSD;CRIPTO;EXRNCHAIN
EXYUSD;CURRENCY:EXYUSD;CRIPTO;EXPERTY
EZUSD;CURRENCY:EZUSD;CRIPTO;EASYFI V2
EZWUSD;CURRENCY:EZWUSD;CRIPTO;EZOOW
FADOUSD;CURRENCY:FADOUSD;CRIPTO;FADO GO
FARMPOLYUSD;CURRENCY:FARMPOLYUSD;CRIPTO;FARM POLY
FARMUSD;CURRENCY:FARMUSD;CRIPTO;HARVEST FINANCE
FARTCOINUSD;CURRENCY:FARTCOINUSD;CRIPTO;FARTCOIN
FCFUSD;CURRENCY:FCFUSD;CRIPTO;FRENCH CONNECTION FINANCE
FCTUSD;CURRENCY:FCTUSD;CRIPTO;FACTOM
FDREAMUSD;CURRENCY:FDREAMUSD;CRIPTO;FDREAM
FDUSDUSD;CURRENCY:FDUSDUSD;CRIPTO;FIRST DIGITAL USD
FEGUSD;CURRENCY:FEGUSD;CRIPTO;FEG TOKEN
FETUSD;CURRENCY:FETUSD;CRIPTO;FETCH.AI
FIDAUSD;CURRENCY:FIDAUSD;CRIPTO;BONFIDA
FILUSD;CURRENCY:FILUSD;CRIPTO;FILECOIN
FINAUSD;CURRENCY:FINAUSD;CRIPTO;DEFINA FINANCE
FIOUSD;CURRENCY:FIOUSD;CRIPTO;FIO PROTOCOL
FIROUSD;CURRENCY:FIROUSD;CRIPTO;FIRO
FISUSD;CURRENCY:FISUSD;CRIPTO;STAFI
FLASHUSD;CURRENCY:FLASHUSD;CRIPTO;FLASH TOKEN
FLMUSD;CURRENCY:FLMUSD;CRIPTO;FLAMINGO FINANCE
FLOKI1USD;CURRENCY:FLOKI1USD;CRIPTO;FLOKI
FLOKIUSD;CURRENCY:FLOKIUSD;CRIPTO;FLOKI INU
FLOUSD;CURRENCY:FLOUSD;CRIPTO;FLO
FLOWUSD;CURRENCY:FLOWUSD;CRIPTO;FLOW
FLTUSD;CURRENCY:FLTUSD;CRIPTO;FLUENCE
FLUIDUSD;CURRENCY:FLUIDUSD;CRIPTO;FLUID
FLXUSD;CURRENCY:FLXUSD;CRIPTO;FLOWX
FNTUSD;CURRENCY:FNTUSD;CRIPTO;FALCON PROJECT
FNXUSD;CURRENCY:FNXUSD;CRIPTO;FINNEXUS
FOAMUSD;CURRENCY:FOAMUSD;CRIPTO;FOAM
FORTHUSD;CURRENCY:FORTHUSD;CRIPTO;AMPLEFORTH GOVERNANCE TOKEN
FORUSD;CURRENCY:FORUSD;CRIPTO;FORTUBE
FOURUSD;CURRENCY:FOURUSD;CRIPTO;4THPILLAR TECHNOLOGIES
FRAXUSD;CURRENCY:FRAXUSD;CRIPTO;FRAX
FRCUSD;CURRENCY:FRCUSD;CRIPTO;FREICOIN
FREEUSD;CURRENCY:FREEUSD;CRIPTO;FREEDOM COIN
FRMUSD;CURRENCY:FRMUSD;CRIPTO;FERRUM NETWORK
FRONTUSD;CURRENCY:FRONTUSD;CRIPTO;FRONTIER
FSNUSD;CURRENCY:FSNUSD;CRIPTO;FUSION
FSWUSD;CURRENCY:FSWUSD;CRIPTO;FALCONSWAP
FTCUSD;CURRENCY:FTCUSD;CRIPTO;FEATHERCOIN
FTIUSD;CURRENCY:FTIUSD;CRIPTO;FANSTIME
FTMUSD;CURRENCY:FTMUSD;CRIPTO;FANTOM
FTTUSD;CURRENCY:FTTUSD;CRIPTO;FTX TOKEN
FUNDUSD;CURRENCY:FUNDUSD;CRIPTO;UNIFICATION
FUNUSD;CURRENCY:FUNUSD;CRIPTO;FUNFAIR
FUSEUSD;CURRENCY:FUSEUSD;CRIPTO;FUSE
FWOGUSD;CURRENCY:FWOGUSD;CRIPTO;FWOG
FWTUSD;CURRENCY:FWTUSD;CRIPTO;FREEWAY TOKEN
FXFUSD;CURRENCY:FXFUSD;CRIPTO;FINXFLO
FXSUSD;CURRENCY:FXSUSD;CRIPTO;FRAX SHARE
FXUSD;CURRENCY:FXUSD;CRIPTO;FUNCTION X
FYDUSD;CURRENCY:FYDUSD;CRIPTO;FYDCOIN
FYZUSD;CURRENCY:FYZUSD;CRIPTO;FYOOZ
GAFIUSD;CURRENCY:GAFIUSD;CRIPTO;GAMEFI
GALAUSD;CURRENCY:GALAUSD;CRIPTO;GALA
GALUSD;CURRENCY:GALUSD;CRIPTO;PROJECT GALAXY
GAMEBUSD;CURRENCY:GAMEBUSD;CRIPTO;GAME BY VIRTUALS
GAMEUSD;CURRENCY:GAMEUSD;CRIPTO;GAMECREDITS
GARDUSD;CURRENCY:GARDUSD;CRIPTO;HASHGARD
GASUSD;CURRENCY:GASUSD;CRIPTO;GAS
GBYTEUSD;CURRENCY:GBYTEUSD;CRIPTO;OBYTE
GEARUSD;CURRENCY:GEARUSD;CRIPTO;GEARBOX
GEEQUSD;CURRENCY:GEEQUSD;CRIPTO;GEEQ
GEISTUSD;CURRENCY:GEISTUSD;CRIPTO;GEIST FINANCE
GENEUSD;CURRENCY:GENEUSD;CRIPTO;GENE
GENOUSD;CURRENCY:GENOUSD;CRIPTO;GENOPETS
GENUSD;CURRENCY:GENUSD;CRIPTO;DAOSTACK
GEODUSD;CURRENCY:GEODUSD;CRIPTO;GEODNET
GEOUSD;CURRENCY:GEOUSD;CRIPTO;GEODB
GETUSD;CURRENCY:GETUSD;CRIPTO;GET PROTOCOL
GHOSTUSD;CURRENCY:GHOSTUSD;CRIPTO;GHOST
GHSTUSD;CURRENCY:GHSTUSD;CRIPTO;AAVEGOTCHI
GHXUSD;CURRENCY:GHXUSD;CRIPTO;GAMERCOIN
GLMRUSD;CURRENCY:GLMRUSD;CRIPTO;MOONBEAM
GLMUSD;CURRENCY:GLMUSD;CRIPTO;GOLEM
GLQUSD;CURRENCY:GLQUSD;CRIPTO;GRAPHLINQ PROTOCOL
GMDUSD;CURRENCY:GMDUSD;CRIPTO;GMD
GMTUSD;CURRENCY:GMTUSD;CRIPTO;STEPN
GMXUSD;CURRENCY:GMXUSD;CRIPTO;GMX
GNOUSD;CURRENCY:GNOUSD;CRIPTO;GNOSIS
GNSUSD;CURRENCY:GNSUSD;CRIPTO;GAINS NETWORK
GNXUSD;CURRENCY:GNXUSD;CRIPTO;GENARO NETWORK
GODSUSD;CURRENCY:GODSUSD;CRIPTO;GODS UNCHAINED
GODZUSD;CURRENCY:GODZUSD;CRIPTO;GODZILLA
GOGUSD;CURRENCY:GOGUSD;CRIPTO;GUILD OF GUARDIANS
GORUSD;CURRENCY:GORUSD;CRIPTO;GOLD RESERVE
GOUSD;CURRENCY:GOUSD;CRIPTO;GOCHAIN
GRASSUSD;CURRENCY:GRASSUSD;CRIPTO;GRASS
GRCUSD;CURRENCY:GRCUSD;CRIPTO;GRIDCOIN
GRIDUSD;CURRENCY:GRIDUSD;CRIPTO;GRIDPLUS
GRIFFAINUSD;CURRENCY:GRIFFAINUSD;CRIPTO;GRIFFAIN
GRIFITUSD;CURRENCY:GRIFITUSD;CRIPTO;ORBIT
GRINUSD;CURRENCY:GRINUSD;CRIPTO;GRIN
GROUSD;CURRENCY:GROUSD;CRIPTO;GROWTH DEFI
GRSUSD;CURRENCY:GRSUSD;CRIPTO;GROESTLCOIN
GRTOKENUSD;CURRENCY:GRTOKENUSD;CRIPTO;GOLDEN RATIO TOKEN
GRTUSD;CURRENCY:GRTUSD;CRIPTO;THE GRAPH
GST-SOLUSD;CURRENCY:GST-SOLUSD;CRIPTO;STEPN GREEN SATOSHI TOKEN ON SOLANA
GSUSD;CURRENCY:GSUSD;CRIPTO;GAMMASWAP
GSWAPUSD;CURRENCY:GSWAPUSD;CRIPTO;GAMESWAP
GTCUSD;CURRENCY:GTCUSD;CRIPTO;GITCOIN
GTOUSD;CURRENCY:GTOUSD;CRIPTO;GIFTO
GTUSD;CURRENCY:GTUSD;CRIPTO;GATETOKEN
GUMUSD;CURRENCY:GUMUSD;CRIPTO;GOURMET GALAXY
GUSDUSD;CURRENCY:GUSDUSD;CRIPTO;GEMINI DOLLAR
GVTUSD;CURRENCY:GVTUSD;CRIPTO;GENESIS VISION
GXCUSD;CURRENCY:GXCUSD;CRIPTO;GXCHAIN
GXTUSD;CURRENCY:GXTUSD;CRIPTO;GEM EXCHANGE AND TRADING
GYENUSD;CURRENCY:GYENUSD;CRIPTO;GYEN
HAIUSD;CURRENCY:HAIUSD;CRIPTO;HACKEN TOKEN
HAKKAUSD;CURRENCY:HAKKAUSD;CRIPTO;HAKKA.FINANCE
HARDUSD;CURRENCY:HARDUSD;CRIPTO;KAVA LEND
HBARUSD;CURRENCY:HBARUSD;CRIPTO;HEDERA HASHGRAPH
HBTCUSD;CURRENCY:HBTCUSD;CRIPTO;HUOBI BTC
HCUSD;CURRENCY:HCUSD;CRIPTO;HYPERCASH
HECUSD;CURRENCY:HECUSD;CRIPTO;HECTOR DAO
HEDGUSD;CURRENCY:HEDGUSD;CRIPTO;HEDGETRADE
HEGICUSD;CURRENCY:HEGICUSD;CRIPTO;HEGIC
HEROUSD;CURRENCY:HEROUSD;CRIPTO;METAHERO
HEUSD;CURRENCY:HEUSD;CRIPTO;HEROES & EMPIRES
HEUUSD;CURRENCY:HEUUSD;CRIPTO;HEURIST
HEZUSD;CURRENCY:HEZUSD;CRIPTO;HERMEZ NETWORK
HFTUSD;CURRENCY:HFTUSD;CRIPTO;HASHFLOW
HGETUSD;CURRENCY:HGETUSD;CRIPTO;HEDGET
HIENS4USD;CURRENCY:HIENS4USD;CRIPTO;HIENS4
HIGHUSD;CURRENCY:HIGHUSD;CRIPTO;HIGHSTREET
HITUSD;CURRENCY:HITUSD;CRIPTO;HITCHAIN
HIVEUSD;CURRENCY:HIVEUSD;CRIPTO;HIVE
HMQUSD;CURRENCY:HMQUSD;CRIPTO;HUMANIQ
HMSTRUSD;CURRENCY:HMSTRUSD;CRIPTO;HAMSTER KOMBAT
HNSTUSD;CURRENCY:HNSTUSD;CRIPTO;HONEST
HNSUSD;CURRENCY:HNSUSD;CRIPTO;HANDSHAKE
HNTUSD;CURRENCY:HNTUSD;CRIPTO;HELIUM
HODUSD;CURRENCY:HODUSD;CRIPTO;HODOOI.COM
HONEYUSD;CURRENCY:HONEYUSD;CRIPTO;HIVEMAPPER
HOOKUSD;CURRENCY:HOOKUSD;CRIPTO;HOOKED PROTOCOL
HOTUSD;CURRENCY:HOTUSD;CRIPTO;HOLO
HPBUSD;CURRENCY:HPBUSD;CRIPTO;HIGH PERFORMANCE BLOCKCHAIN
HPTUSD;CURRENCY:HPTUSD;CRIPTO;HUOBI POOL TOKEN
HTRUSD;CURRENCY:HTRUSD;CRIPTO;HATHOR
HTUSD;CURRENCY:HTUSD;CRIPTO;HUOBI TOKEN
HTXUSD;CURRENCY:HTXUSD;CRIPTO;HTX DAO
HUNTUSD;CURRENCY:HUNTUSD;CRIPTO;HUNT
HUSDUSD;CURRENCY:HUSDUSD;CRIPTO;HUSD
HXROUSD;CURRENCY:HXROUSD;CRIPTO;HXRO
HYCUSD;CURRENCY:HYCUSD;CRIPTO;HYCON
HYDROUSD;CURRENCY:HYDROUSD;CRIPTO;HYDRO
HYNUSD;CURRENCY:HYNUSD;CRIPTO;HYPERION
HYPERSKIDSUSD;CURRENCY:HYPERSKIDSUSD;CRIPTO;HYPERSKIDS
HYPEUSD;CURRENCY:HYPEUSD;CRIPTO;HYPERLIQUID
HYUSD;CURRENCY:HYUSD;CRIPTO;HYBRIX
HYVEUSD;CURRENCY:HYVEUSD;CRIPTO;HYVE
ICAUSD;CURRENCY:ICAUSD;CRIPTO;ICARUS FINANCE
ICEUSD;CURRENCY:ICEUSD;CRIPTO;POPSICLE FINANCE
ICHIUSD;CURRENCY:ICHIUSD;CRIPTO;ICHI
ICLUSD;CURRENCY:ICLUSD;CRIPTO;IRONCLAD TOKEN
ICPUSD;CURRENCY:ICPUSD;CRIPTO;INTERNET COMPUTER
ICXUSD;CURRENCY:ICXUSD;CRIPTO;ICON
IDEXUSD;CURRENCY:IDEXUSD;CRIPTO;IDEX
IDHUSD;CURRENCY:IDHUSD;CRIPTO;INDAHASH
IDLEUSD;CURRENCY:IDLEUSD;CRIPTO;IDLE
IDNAUSD;CURRENCY:IDNAUSD;CRIPTO;IDENA
IDRTUSD;CURRENCY:IDRTUSD;CRIPTO;RUPIAH TOKEN
IDUSD;CURRENCY:IDUSD;CRIPTO;EVEREST
IETHUSD;CURRENCY:IETHUSD;CRIPTO;IETHEREUM
IFCUSD;CURRENCY:IFCUSD;CRIPTO;INFINITECOIN
IGNISUSD;CURRENCY:IGNISUSD;CRIPTO;IGNIS
IHTUSD;CURRENCY:IHTUSD;CRIPTO;IHT REAL ESTATE PROTOCOL
ILVUSD;CURRENCY:ILVUSD;CRIPTO;ILLUVIUM
IMXUSD;CURRENCY:IMXUSD;CRIPTO;IMMUTABLE X
INJUSD;CURRENCY:INJUSD;CRIPTO;INJECTIVE PROTOCOL
INNBCLUSD;CURRENCY:INNBCLUSD;CRIPTO;INNOVATIVE BIORESEARCH CLASSIC
INNBCUSD;CURRENCY:INNBCUSD;CRIPTO;INNOVATIVE BIORESEARCH COIN
INSPUSD;CURRENCY:INSPUSD;CRIPTO;INSPECT
INUSD;CURRENCY:INUSD;CRIPTO;INVICTUS
IOCUSD;CURRENCY:IOCUSD;CRIPTO;I/O COIN
IOSTUSD;CURRENCY:IOSTUSD;CRIPTO;IOST
IOTXUSD;CURRENCY:IOTXUSD;CRIPTO;IOTEX
IOUSD;CURRENCY:IOUSD;CRIPTO;IO.NET
IPXUSD;CURRENCY:IPXUSD;CRIPTO;TACHYON PROTOCOL
IQNUSD;CURRENCY:IQNUSD;CRIPTO;IQEON
IRISUSD;CURRENCY:IRISUSD;CRIPTO;IRISNET
ITCUSD;CURRENCY:ITCUSD;CRIPTO;IOT CHAIN
IXCUSD;CURRENCY:IXCUSD;CRIPTO;IXCOIN
JARUSD;CURRENCY:JARUSD;CRIPTO;JARVIS+
JASMYUSD;CURRENCY:JASMYUSD;CRIPTO;JASMYCOIN
JAWSUSD;CURRENCY:JAWSUSD;CRIPTO;AUTOSHARK
JEWELUSD;CURRENCY:JEWELUSD;CRIPTO;DEFI KINGDOMS
JNTUSD;CURRENCY:JNTUSD;CRIPTO;JIBREL NETWORK
JOEUSD;CURRENCY:JOEUSD;CRIPTO;JOE
JRTUSD;CURRENCY:JRTUSD;CRIPTO;JARVIS NETWORK
JSTUSD;CURRENCY:JSTUSD;CRIPTO;JUST
JTOUSD;CURRENCY:JTOUSD;CRIPTO;JITO
JULDUSD;CURRENCY:JULDUSD;CRIPTO;JULSWAP
JULUSD;CURRENCY:JULUSD;CRIPTO;JUSTLIQUIDITY
JUPUSD;CURRENCY:JUPUSD;CRIPTO;JUPITER
KAIUSD;CURRENCY:KAIUSD;CRIPTO;KARDIACHAIN
KANUSD;CURRENCY:KANUSD;CRIPTO;BITKAN
KARMAUSD;CURRENCY:KARMAUSD;CRIPTO;KARMA
KASUSD;CURRENCY:KASUSD;CRIPTO;KASPA
KATUSD;CURRENCY:KATUSD;CRIPTO;KAMBRIA
KAVAUSD;CURRENCY:KAVAUSD;CRIPTO;KAVA.IO
KCALUSD;CURRENCY:KCALUSD;CRIPTO;PHANTASMA ENERGY
KCSUSD;CURRENCY:KCSUSD;CRIPTO;KUCOIN TOKEN
KDAUSD;CURRENCY:KDAUSD;CRIPTO;KADENA
KEBABUSD;CURRENCY:KEBABUSD;CRIPTO;KEBAB TOKEN
KEEPUSD;CURRENCY:KEEPUSD;CRIPTO;KEEP NETWORK
KEXUSD;CURRENCY:KEXUSD;CRIPTO;KIRA NETWORK
KEYUSD;CURRENCY:KEYUSD;CRIPTO;SELFKEY
KIMUSD;CURRENCY:KIMUSD;CRIPTO;KIM TOKEN
KITUSD;CURRENCY:KITUSD;CRIPTO;DEXKIT
KLAYUSD;CURRENCY:KLAYUSD;CRIPTO;KLAYTN
KLVUSD;CURRENCY:KLVUSD;CRIPTO;KLEVER
KMDUSD;CURRENCY:KMDUSD;CRIPTO;KOMODO
KMNOUSD;CURRENCY:KMNOUSD;CRIPTO;KAMINO
KMONUSD;CURRENCY:KMONUSD;CRIPTO;KRYPTOMON
KNCLUSD;CURRENCY:KNCLUSD;CRIPTO;KYBER NETWORK CRYSTAL LEGACY
KNCUSD;CURRENCY:KNCUSD;CRIPTO;KYBER NETWORK
KP3RUSD;CURRENCY:KP3RUSD;CRIPTO;KEEP3RV1
KRBUSD;CURRENCY:KRBUSD;CRIPTO;KARBO
KRILLUSD;CURRENCY:KRILLUSD;CRIPTO;KRILL
KRTUSD;CURRENCY:KRTUSD;CRIPTO;TERRAKRW
KRWUSD;CURRENCY:KRWUSD;CRIPTO;KROWN
KSMUSD;CURRENCY:KSMUSD;CRIPTO;KUSAMA
KUJIUSD;CURRENCY:KUJIUSD;CRIPTO;KUJIRA
L2USD;CURRENCY:L2USD;CRIPTO;LEVERJ GLUON
L3USD;CURRENCY:L3USD;CRIPTO;LAYER3
LADYSUSD;CURRENCY:LADYSUSD;CRIPTO;MILADY MEME COIN
LAMBUSD;CURRENCY:LAMBUSD;CRIPTO;LAMBDA
LARIXUSD;CURRENCY:LARIXUSD;CRIPTO;LARIX
LAVAUSD;CURRENCY:LAVAUSD;CRIPTO;LAVA NETWORK
LAYERUSD;CURRENCY:LAYERUSD;CRIPTO;UNILAYER
LAZIOUSD;CURRENCY:LAZIOUSD;CRIPTO;LAZIO FAN TOKEN
LBAUSD;CURRENCY:LBAUSD;CRIPTO;LIBRATOKEN
LBCUSD;CURRENCY:LBCUSD;CRIPTO;LBRY CREDITS
LBRUSD;CURRENCY:LBRUSD;CRIPTO;LYBRA
LCCUSD;CURRENCY:LCCUSD;CRIPTO;LITECOIN CASH
LCUSD;CURRENCY:LCUSD;CRIPTO;LIGHT YEAR
LCXUSD;CURRENCY:LCXUSD;CRIPTO;LCX
LDOUSD;CURRENCY:LDOUSD;CRIPTO;LIDO DAO
LEADUSD;CURRENCY:LEADUSD;CRIPTO;LEAD TOKEN
LENDUSD;CURRENCY:LENDUSD;CRIPTO;AAVE [OLD]
LEOUSD;CURRENCY:LEOUSD;CRIPTO;LEO TOKEN
LESSUSD;CURRENCY:LESSUSD;CRIPTO;LESS NETWORK
LETUSD;CURRENCY:LETUSD;CRIPTO;LINKEYE
LEVERUSD;CURRENCY:LEVERUSD;CRIPTO;LEVERFI
LFNTYUSD;CURRENCY:LFNTYUSD;CRIPTO;LIFINITY
LGCYUSD;CURRENCY:LGCYUSD;CRIPTO;LGCY NETWORK
LGOUSD;CURRENCY:LGOUSD;CRIPTO;LGO TOKEN
LIGHTUSD;CURRENCY:LIGHTUSD;CRIPTO;LIGHT DEFI
LIKEUSD;CURRENCY:LIKEUSD;CRIPTO;LIKECOIN
LINAUSD;CURRENCY:LINAUSD;CRIPTO;LINEAR
LINKAUSD;CURRENCY:LINKAUSD;CRIPTO;LINKA
LINKUSD;CURRENCY:LINKUSD;CRIPTO;CHAINLINK
LITUSD;CURRENCY:LITUSD;CRIPTO;LITENTRY
LLMUSD;CURRENCY:LLMUSD;CRIPTO;LARGE LANGUAGE MODEL
LMWRUSD;CURRENCY:LMWRUSD;CRIPTO;LIMEWIRE
LOBOUSD;CURRENCY:LOBOUSD;CRIPTO;LOBO THE WOLF PUP
LOBSUSD;CURRENCY:LOBSUSD;CRIPTO;LOBSTEX
LOCUSD;CURRENCY:LOCUSD;CRIPTO;LOCKTRIP
LOKAUSD;CURRENCY:LOKAUSD;CRIPTO;LEAGUE OF KINGDOMS
LONUSD;CURRENCY:LONUSD;CRIPTO;TOKENLON
LOOKSUSD;CURRENCY:LOOKSUSD;CRIPTO;LOOKSRARE
LOOMUSD;CURRENCY:LOOMUSD;CRIPTO;LOOM NETWORK
LPTUSD;CURRENCY:LPTUSD;CRIPTO;LIVEPEER
LQDUSD;CURRENCY:LQDUSD;CRIPTO;LIQUIDITY NETWORK
LQTYUSD;CURRENCY:LQTYUSD;CRIPTO;LIQUITY
LRCUSD;CURRENCY:LRCUSD;CRIPTO;LOOPRING
LSKUSD;CURRENCY:LSKUSD;CRIPTO;LISK
LTCUSD;CURRENCY:LTCUSD;CRIPTO;LITECOIN
LTOUSD;CURRENCY:LTOUSD;CRIPTO;LTO NETWORK
LUAUSD;CURRENCY:LUAUSD;CRIPTO;LUASWAP
LUNA2USD;CURRENCY:LUNA2USD;CRIPTO;TERRA
LUNAUSD;CURRENCY:LUNAUSD;CRIPTO;TERRA
LUNAXUSD;CURRENCY:LUNAXUSD;CRIPTO;STADER LUNAX
LUNCUSD;CURRENCY:LUNCUSD;CRIPTO;TERRA LUNA CLASSIC
LUSUSD;CURRENCY:LUSUSD;CRIPTO;LUNA RUSH
LUVUSD;CURRENCY:LUVUSD;CRIPTO;LUNAVERSE
LUXUSD;CURRENCY:LUXUSD;CRIPTO;LUXCOIN
LYMUSD;CURRENCY:LYMUSD;CRIPTO;LYMPO
LYRAUSD;CURRENCY:LYRAUSD;CRIPTO;LYRA FINANCE
LZUSD;CURRENCY:LZUSD;CRIPTO;LAUNCHZONE
MAAPLUSD;CURRENCY:MAAPLUSD;CRIPTO;MIRRORED APPLE
MAFAUSD;CURRENCY:MAFAUSD;CRIPTO;MAFACOIN
MAGICUSD;CURRENCY:MAGICUSD;CRIPTO;MAGIC
MAHAUSD;CURRENCY:MAHAUSD;CRIPTO;MAHADAO
MAIDUSD;CURRENCY:MAIDUSD;CRIPTO;MAIDSAFECOIN
MANAUSD;CURRENCY:MANAUSD;CRIPTO;DECENTRALAND
MANTAUSD;CURRENCY:MANTAUSD;CRIPTO;MANTA NETWORK
MAPSUSD;CURRENCY:MAPSUSD;CRIPTO;MAPS
MARKUSD;CURRENCY:MARKUSD;CRIPTO;BENCHMARK PROTOCOL
MASKUSD;CURRENCY:MASKUSD;CRIPTO;MASK NETWORK
MASQUSD;CURRENCY:MASQUSD;CRIPTO;MASQ
MATHUSD;CURRENCY:MATHUSD;CRIPTO;MATH
MATICUSD;CURRENCY:MATICUSD;CRIPTO;POLYGON
MAVUSD;CURRENCY:MAVUSD;CRIPTO;MAVERICK PROTOCOL
MBLUSD;CURRENCY:MBLUSD;CRIPTO;MOVIEBLOC
MBNUSD;CURRENCY:MBNUSD;CRIPTO;MEMBRANA
MBOXUSD;CURRENCY:MBOXUSD;CRIPTO;MOBOX
MBSUSD;CURRENCY:MBSUSD;CRIPTO;MONKEYLEAGUE
MCMUSD;CURRENCY:MCMUSD;CRIPTO;MOCHIMO
MCO2USD;CURRENCY:MCO2USD;CRIPTO;MOSS CARBON CREDIT
MCOUSD;CURRENCY:MCOUSD;CRIPTO;MCO
MCUSD;CURRENCY:MCUSD;CRIPTO;MERIT CIRCLE
MCXUSD;CURRENCY:MCXUSD;CRIPTO;MACHI X
MDAUSD;CURRENCY:MDAUSD;CRIPTO;MOEDA LOYALTY POINTS
MDSUSD;CURRENCY:MDSUSD;CRIPTO;MEDISHARES
MDTUSD;CURRENCY:MDTUSD;CRIPTO;MEASURABLE DATA TOKEN
MDXUSD;CURRENCY:MDXUSD;CRIPTO;MDEX
MECUSD;CURRENCY:MECUSD;CRIPTO;MEGACOIN
MEDUSD;CURRENCY:MEDUSD;CRIPTO;MEDIBLOC
MEMECUSD;CURRENCY:MEMECUSD;CRIPTO;MEMECOIN
MEMEUSD;CURRENCY:MEMEUSD;CRIPTO;MEME
MENDIUSD;CURRENCY:MENDIUSD;CRIPTO;MENDI
MENGOUSD;CURRENCY:MENGOUSD;CRIPTO;FLAMENGO FAN TOKEN
MERIUSD;CURRENCY:MERIUSD;CRIPTO;MEREBEL
MERLUSD;CURRENCY:MERLUSD;CRIPTO;MERLIN CHAIN
MERUSD;CURRENCY:MERUSD;CRIPTO;MERCURY
METAPETSUSD;CURRENCY:METAPETSUSD;CRIPTO;METAPETS
METISUSD;CURRENCY:METISUSD;CRIPTO;METIS TOKEN
METUSD;CURRENCY:METUSD;CRIPTO;METRONOME
MEWUSD;CURRENCY:MEWUSD;CRIPTO;CAT IN A DOGS WORLD
MFGUSD;CURRENCY:MFGUSD;CRIPTO;SMART MFG
MFTUSD;CURRENCY:MFTUSD;CRIPTO;HIFI FINANCE
MGOUSD;CURRENCY:MGOUSD;CRIPTO;MOBILEGO
MHCUSD;CURRENCY:MHCUSD;CRIPTO;#METAHASH
MILKUSD;CURRENCY:MILKUSD;CRIPTO;THE CRYPTO YOU
MIMATICUSD;CURRENCY:MIMATICUSD;CRIPTO;MAI
MIMUSD;CURRENCY:MIMUSD;CRIPTO;MAGIC INTERNET MONEY
MINAUSD;CURRENCY:MINAUSD;CRIPTO;MINA PROTOCOL
MIOTAUSD;CURRENCY:MIOTAUSD;CRIPTO;IOTA
MIRUSD;CURRENCY:MIRUSD;CRIPTO;MIRROR PROTOCOL
MISTUSD;CURRENCY:MISTUSD;CRIPTO;MIST
MITHUSD;CURRENCY:MITHUSD;CRIPTO;MITHRIL
MITXUSD;CURRENCY:MITXUSD;CRIPTO;MORPHEUS LABS
MIXUSD;CURRENCY:MIXUSD;CRIPTO;MIXMARVEL
MKRUSD;CURRENCY:MKRUSD;CRIPTO;MAKER
MLNUSD;CURRENCY:MLNUSD;CRIPTO;ENZYME
MMFUSD;CURRENCY:MMFUSD;CRIPTO;MMFINANCE
MNDEUSD;CURRENCY:MNDEUSD;CRIPTO;MARINADE
MNSUSD;CURRENCY:MNSUSD;CRIPTO;MONNOS
MNTUSD;CURRENCY:MNTUSD;CRIPTO;MANTLE
MNWUSD;CURRENCY:MNWUSD;CRIPTO;MORPHEUS.NETWORK
MOBIUSD;CURRENCY:MOBIUSD;CRIPTO;MOBIUS
MOCUSD;CURRENCY:MOCUSD;CRIPTO;MOSSLAND
MODICUSD;CURRENCY:MODICUSD;CRIPTO;MODERN INVESTMENT COIN
MOFUSD;CURRENCY:MOFUSD;CRIPTO;MOLECULAR FUTURE
MOGUSD;CURRENCY:MOGUSD;CRIPTO;MOG COIN
MONAUSD;CURRENCY:MONAUSD;CRIPTO;MONACOIN
MOONSUSD;CURRENCY:MOONSUSD;CRIPTO;MOONTOOLS
MOONUSD;CURRENCY:MOONUSD;CRIPTO;MOONCOIN
MORPHOUSD;CURRENCY:MORPHOUSD;CRIPTO;MORPHO
MOVRUSD;CURRENCY:MOVRUSD;CRIPTO;MOONRIVER
MPHUSD;CURRENCY:MPHUSD;CRIPTO;88MPH
MTAUSD;CURRENCY:MTAUSD;CRIPTO;MSTABLE GOVERNANCE TOKEN: META
MTCUSD;CURRENCY:MTCUSD;CRIPTO;METACOIN
MTHUSD;CURRENCY:MTHUSD;CRIPTO;MONETHA
MTLUSD;CURRENCY:MTLUSD;CRIPTO;METAL
MTLXUSD;CURRENCY:MTLXUSD;CRIPTO;METTALEX
MTRGUSD;CURRENCY:MTRGUSD;CRIPTO;METER GOVERNANCE
MTVUSD;CURRENCY:MTVUSD;CRIPTO;MULTIVAC
MUBIUSD;CURRENCY:MUBIUSD;CRIPTO;MULTIBIT
MUEUSD;CURRENCY:MUEUSD;CRIPTO;MONETARYUNIT
MUMUUSD;CURRENCY:MUMUUSD;CRIPTO;MUMU THE BULL
MUSDUSD;CURRENCY:MUSDUSD;CRIPTO;MSTABLE USD
MUSEUSD;CURRENCY:MUSEUSD;CRIPTO;MUSE DAO
MUTEUSD;CURRENCY:MUTEUSD;CRIPTO;MUTE
MVIUSD;CURRENCY:MVIUSD;CRIPTO;METAVERSE INDEX
MVPUSD;CURRENCY:MVPUSD;CRIPTO;MERCULET
MVXUSD;CURRENCY:MVXUSD;CRIPTO;METAVAULT TRADE
MXCUSD;CURRENCY:MXCUSD;CRIPTO;MXC
MXUSD;CURRENCY:MXUSD;CRIPTO;MX TOKEN
MXXUSD;CURRENCY:MXXUSD;CRIPTO;MULTIPLIER
MYSTUSD;CURRENCY:MYSTUSD;CRIPTO;MYSTERIUM
N8VUSD;CURRENCY:N8VUSD;CRIPTO;NATIVECOIN
NABOXUSD;CURRENCY:NABOXUSD;CRIPTO;NABOX
NAIUSD;CURRENCY:NAIUSD;CRIPTO;NAITZSCHE
NASUSD;CURRENCY:NASUSD;CRIPTO;NEBULAS
NAVIUSD;CURRENCY:NAVIUSD;CRIPTO;NAVI PROTOCOL
NAVUSD;CURRENCY:NAVUSD;CRIPTO;NAVCOIN
NBXUSD;CURRENCY:NBXUSD;CRIPTO;NETBOX COIN
NCASHUSD;CURRENCY:NCASHUSD;CRIPTO;NUCLEUS VISION
NCDTUSD;CURRENCY:NCDTUSD;CRIPTO;NUCO.CLOUD
NCTUSD;CURRENCY:NCTUSD;CRIPTO;POLYSWARM
NDRUSD;CURRENCY:NDRUSD;CRIPTO;NODE RUNNERS
NDXUSD;CURRENCY:NDXUSD;CRIPTO;INDEXED FINANCE
NEARUSD;CURRENCY:NEARUSD;CRIPTO;NEAR PROTOCOL
NEBLUSD;CURRENCY:NEBLUSD;CRIPTO;NEBLIO
NEONUSD;CURRENCY:NEONUSD;CRIPTO;NEON
NEOUSD;CURRENCY:NEOUSD;CRIPTO;NEO
NESTUSD;CURRENCY:NESTUSD;CRIPTO;NEST PROTOCOL
NEURUSD;CURRENCY:NEURUSD;CRIPTO;NEUR.SH
NEXOUSD;CURRENCY:NEXOUSD;CRIPTO;NEXO
NEXTUSD;CURRENCY:NEXTUSD;CRIPTO;NEXT
NEXUSD;CURRENCY:NEXUSD;CRIPTO;NASH
NFPUSD;CURRENCY:NFPUSD;CRIPTO;NFPROMPT
NFSUSD;CURRENCY:NFSUSD;CRIPTO;NINJA FANTASY TOKEN
NFTXUSD;CURRENCY:NFTXUSD;CRIPTO;NFTX
NGCUSD;CURRENCY:NGCUSD;CRIPTO;NAGA
NGLUSD;CURRENCY:NGLUSD;CRIPTO;ENTANGLE
NIBIUSD;CURRENCY:NIBIUSD;CRIPTO;NIBIRU
NIMUSD;CURRENCY:NIMUSD;CRIPTO;NIMIQ
NINOUSD;CURRENCY:NINOUSD;CRIPTO;NINNEKO
NIOXUSD;CURRENCY:NIOXUSD;CRIPTO;AUTONIO
NIXUSD;CURRENCY:NIXUSD;CRIPTO;NIX
NKNUSD;CURRENCY:NKNUSD;CRIPTO;NKN
NLC2USD;CURRENCY:NLC2USD;CRIPTO;NOLIMITCOIN
NLCUSD;CURRENCY:NLCUSD;CRIPTO;NELORE COIN
NLGUSD;CURRENCY:NLGUSD;CRIPTO;GULDEN
NMCUSD;CURRENCY:NMCUSD;CRIPTO;NAMECOIN
NMRUSD;CURRENCY:NMRUSD;CRIPTO;NUMERAIRE
NOIAUSD;CURRENCY:NOIAUSD;CRIPTO;SYNTROPY
NORDUSD;CURRENCY:NORDUSD;CRIPTO;NORD FINANCE
NOTUSD;CURRENCY:NOTUSD;CRIPTO;NOTCOIN
NPXSUSD;CURRENCY:NPXSUSD;CRIPTO;PUNDI X
NRGUSD;CURRENCY:NRGUSD;CRIPTO;ENERGI
NSBTUSD;CURRENCY:NSBTUSD;CRIPTO;NEUTRINO SYSTEM BASE TOKEN
NSFWUSD;CURRENCY:NSFWUSD;CRIPTO;XXXNIFTY
NSUREUSD;CURRENCY:NSUREUSD;CRIPTO;NSURE.NETWORK
NTRNUSD;CURRENCY:NTRNUSD;CRIPTO;NEUTRON
NTXUSD;CURRENCY:NTXUSD;CRIPTO;NUNET
NTYUSD;CURRENCY:NTYUSD;CRIPTO;NEXTY
NULSUSD;CURRENCY:NULSUSD;CRIPTO;NULS
NUMUSD;CURRENCY:NUMUSD;CRIPTO;NUMBERS PROTOCOL
NUUSD;CURRENCY:NUUSD;CRIPTO;NUCYPHER
NWCUSD;CURRENCY:NWCUSD;CRIPTO;NEWSCRYPTO COIN
NXMUSD;CURRENCY:NXMUSD;CRIPTO;NEXUS MUTUAL
NXSUSD;CURRENCY:NXSUSD;CRIPTO;NEXUS
NXTUSD;CURRENCY:NXTUSD;CRIPTO;NXT
NYAN-2USD;CURRENCY:NYAN-2USD;CRIPTO;NYAN V2
NYANUSD;CURRENCY:NYANUSD;CRIPTO;NYAN HEROES
O3USD;CURRENCY:O3USD;CRIPTO;O3 SWAP
OASUSD;CURRENCY:OASUSD;CRIPTO;OASYS
OAXUSD;CURRENCY:OAXUSD;CRIPTO;OAX
OCADAUSD;CURRENCY:OCADAUSD;CRIPTO;OCADA.AI
OCEANUSD;CURRENCY:OCEANUSD;CRIPTO;OCEAN PROTOCOL
OCEUSD;CURRENCY:OCEUSD;CRIPTO;OCEANEX TOKEN
OCNUSD;CURRENCY:OCNUSD;CRIPTO;ODYSSEY
OCTOUSD;CURRENCY:OCTOUSD;CRIPTO;OCTOFI
ODEUSD;CURRENCY:ODEUSD;CRIPTO;ODEM
OGNUSD;CURRENCY:OGNUSD;CRIPTO;ORIGIN PROTOCOL
OGOUSD;CURRENCY:OGOUSD;CRIPTO;ORIGO
OINUSD;CURRENCY:OINUSD;CRIPTO;OIN FINANCE
OKBUSD;CURRENCY:OKBUSD;CRIPTO;OKB
OKTUSD;CURRENCY:OKTUSD;CRIPTO;OKEXCHAIN
OLASUSD;CURRENCY:OLASUSD;CRIPTO;AUTONOLAS
OLTUSD;CURRENCY:OLTUSD;CRIPTO;ONELEDGER
OLYUSD;CURRENCY:OLYUSD;CRIPTO;OLYSEUM
OMGUSD;CURRENCY:OMGUSD;CRIPTO;OMG NETWORK
OMIUSD;CURRENCY:OMIUSD;CRIPTO;ECOMI
OMNI2USD;CURRENCY:OMNI2USD;CRIPTO;OMNI NETWORK
OMNIUSD;CURRENCY:OMNIUSD;CRIPTO;OMNI
OMUSD;CURRENCY:OMUSD;CRIPTO;MANTRA DAO
ONDOUSD;CURRENCY:ONDOUSD;CRIPTO;ONDO
ONEUSD;CURRENCY:ONEUSD;CRIPTO;HARMONY
ONGUSD;CURRENCY:ONGUSD;CRIPTO;SOMEE.SOCIAL OLD
ONTUSD;CURRENCY:ONTUSD;CRIPTO;ONTOLOGY
OOEUSD;CURRENCY:OOEUSD;CRIPTO;OPENOCEAN
OOKIUSD;CURRENCY:OOKIUSD;CRIPTO;OOKI
OPCTUSD;CURRENCY:OPCTUSD;CRIPTO;OPACITY
OPENUSD;CURRENCY:OPENUSD;CRIPTO;OPEN GOVERNANCE TOKEN
OPIUMUSD;CURRENCY:OPIUMUSD;CRIPTO;OPIUM
OPTUSD;CURRENCY:OPTUSD;CRIPTO;OPEN PREDICT TOKEN
OPULUSD;CURRENCY:OPULUSD;CRIPTO;OPULOUS
OPUSD;CURRENCY:OPUSD;CRIPTO;OPTIMISM
ORAIUSD;CURRENCY:ORAIUSD;CRIPTO;ORAICHAIN TOKEN
ORBSUSD;CURRENCY:ORBSUSD;CRIPTO;ORBS
ORDIUSD;CURRENCY:ORDIUSD;CRIPTO;ORDI
ORNUSD;CURRENCY:ORNUSD;CRIPTO;ORION PROTOCOL
OSMOUSD;CURRENCY:OSMOUSD;CRIPTO;OSMOSIS
OSTUSD;CURRENCY:OSTUSD;CRIPTO;OST
OUSDUSD;CURRENCY:OUSDUSD;CRIPTO;ORIGIN DOLLAR
OWCUSD;CURRENCY:OWCUSD;CRIPTO;ODUWA COIN
OXTUSD;CURRENCY:OXTUSD;CRIPTO;ORCHID PROTOCOL
PAALUSD;CURRENCY:PAALUSD;CRIPTO;PAAL AI
PACOCAUSD;CURRENCY:PACOCAUSD;CRIPTO;PACOCA
PACUSD;CURRENCY:PACUSD;CRIPTO;PAC PROTOCOL
PAIDUSD;CURRENCY:PAIDUSD;CRIPTO;PAID NETWORK
PAIUSD;CURRENCY:PAIUSD;CRIPTO;PROJECT PAI
PANDORAUSD;CURRENCY:PANDORAUSD;CRIPTO;PANDORA
PARTUSD;CURRENCY:PARTUSD;CRIPTO;PARTICL
PARUSD;CURRENCY:PARUSD;CRIPTO;PARACHUTE
PASCUSD;CURRENCY:PASCUSD;CRIPTO;PASCAL
PAXGUSD;CURRENCY:PAXGUSD;CRIPTO;PAX GOLD
PAXUSD;CURRENCY:PAXUSD;CRIPTO;PAX DOLLAR
PAYUSD;CURRENCY:PAYUSD;CRIPTO;TENX
PBRUSD;CURRENCY:PBRUSD;CRIPTO;POLKABRIDGE
PCXUSD;CURRENCY:PCXUSD;CRIPTO;CHAINX
PEAKUSD;CURRENCY:PEAKUSD;CRIPTO;PEAKDEFI
PEAQUSD;CURRENCY:PEAQUSD;CRIPTO;PEAQ
PEARUSD;CURRENCY:PEARUSD;CRIPTO;PEAR PROTOCOL
PEIPEIUSD;CURRENCY:PEIPEIUSD;CRIPTO;PEIPEI
PENDLEUSD;CURRENCY:PENDLEUSD;CRIPTO;PENDLE
PEOPLEUSD;CURRENCY:PEOPLEUSD;CRIPTO;CONSTITUTIONDAO
PEPEUSD;CURRENCY:PEPEUSD;CRIPTO;PEPE
PERLUSD;CURRENCY:PERLUSD;CRIPTO;PERL.ECO
PERPUSD;CURRENCY:PERPUSD;CRIPTO;PERPETUAL PROTOCOL
PGNUSD;CURRENCY:PGNUSD;CRIPTO;PIGEONCOIN
PGTUSD;CURRENCY:PGTUSD;CRIPTO;POLYIENT GAMES GOVERNANCE TOKEN
PHAUSD;CURRENCY:PHAUSD;CRIPTO;PHALA NETWORK
PHNXUSD;CURRENCY:PHNXUSD;CRIPTO;PHOENIXDAO
PHRUSD;CURRENCY:PHRUSD;CRIPTO;PHORE
PHTUSD;CURRENCY:PHTUSD;CRIPTO;PHONEUM
PIBUSD;CURRENCY:PIBUSD;CRIPTO;PIBBLE
PICKLEUSD;CURRENCY:PICKLEUSD;CRIPTO;PICKLE FINANCE
PINUSD;CURRENCY:PINUSD;CRIPTO;PI NETWORK
PIPPINUSD;CURRENCY:PIPPINUSD;CRIPTO;PIPPIN
PIRATEUSD;CURRENCY:PIRATEUSD;CRIPTO;PIRATECASH
PIUSD;CURRENCY:PIUSD;CRIPTO;PLIAN
PIVXUSD;CURRENCY:PIVXUSD;CRIPTO;PIVX
PIXELUSD;CURRENCY:PIXELUSD;CRIPTO;PIXELS
PLIUSD;CURRENCY:PLIUSD;CRIPTO;PLUGIN
PLOTUSD;CURRENCY:PLOTUSD;CRIPTO;PLOTX
PLRUSD;CURRENCY:PLRUSD;CRIPTO;PILLAR
PLSUSD;CURRENCY:PLSUSD;CRIPTO;PULSECHAIN
PLSXUSD;CURRENCY:PLSXUSD;CRIPTO;PULSEX
PLTCUSD;CURRENCY:PLTCUSD;CRIPTO;PLATONCOIN
PLTUSD;CURRENCY:PLTUSD;CRIPTO;ADD.XYZ OLD
PLUUSD;CURRENCY:PLUUSD;CRIPTO;PLUTON
PMAUSD;CURRENCY:PMAUSD;CRIPTO;PUMAPAY
PMGTUSD;CURRENCY:PMGTUSD;CRIPTO;PERTH MINT GOLD TOKEN
PNKSTRUSD;CURRENCY:PNKSTRUSD;CRIPTO;PUNKSTRATEGY
PNKUSD;CURRENCY:PNKUSD;CRIPTO;KLEROS
PNTUSD;CURRENCY:PNTUSD;CRIPTO;PNETWORK
PNUTUSD;CURRENCY:PNUTUSD;CRIPTO;PEANUT THE SQUIRREL
POAUSD;CURRENCY:POAUSD;CRIPTO;POA NETWORK
POLISUSD;CURRENCY:POLISUSD;CRIPTO;POLIS
POLSUSD;CURRENCY:POLSUSD;CRIPTO;POLKASTARTER
POLUSD;CURRENCY:POLUSD;CRIPTO;POL (EX-MATIC)
POLYUSD;CURRENCY:POLYUSD;CRIPTO;POLYMATH
POLYXUSD;CURRENCY:POLYXUSD;CRIPTO;POLYMESH
PONDUSD;CURRENCY:PONDUSD;CRIPTO;MARLIN
PONKEUSD;CURRENCY:PONKEUSD;CRIPTO;PONKE
POOLUSD;CURRENCY:POOLUSD;CRIPTO;POOL TOGETHER
POOLZUSD;CURRENCY:POOLZUSD;CRIPTO;POOLZ FINANCE
POPCATUSD;CURRENCY:POPCATUSD;CRIPTO;POPCAT
PORTALUSD;CURRENCY:PORTALUSD;CRIPTO;PORTAL
PORTOUSD;CURRENCY:PORTOUSD;CRIPTO;FC PORTO
POSIUSD;CURRENCY:POSIUSD;CRIPTO;POSITION TOKEN
POTUSD;CURRENCY:POTUSD;CRIPTO;POTCOIN
POWRUSD;CURRENCY:POWRUSD;CRIPTO;POWER LEDGER
PPBLZUSD;CURRENCY:PPBLZUSD;CRIPTO;PEPEMON PEPEBALLS
PPCUSD;CURRENCY:PPCUSD;CRIPTO;PEERCOIN
PPPUSD;CURRENCY:PPPUSD;CRIPTO;PAYPIE
PPTUSD;CURRENCY:PPTUSD;CRIPTO;POPULOUS
PPYUSD;CURRENCY:PPYUSD;CRIPTO;PEERPLAYS
PREUSD;CURRENCY:PREUSD;CRIPTO;PRESEARCH
PRIMEUSD;CURRENCY:PRIMEUSD;CRIPTO;ECHELON PRIME
PROBUSD;CURRENCY:PROBUSD;CRIPTO;PROBIT TOKEN
PROMUSD;CURRENCY:PROMUSD;CRIPTO;PROMETEUS
PROPSUSD;CURRENCY:PROPSUSD;CRIPTO;PROPS TOKEN
PROSUSD;CURRENCY:PROSUSD;CRIPTO;PROSPER
PROTOUSD;CURRENCY:PROTOUSD;CRIPTO;PROTOFI
PROUSD;CURRENCY:PROUSD;CRIPTO;PROPY
PRQUSD;CURRENCY:PRQUSD;CRIPTO;PARSIQ
PSGUSD;CURRENCY:PSGUSD;CRIPTO;PARIS SAINT-GERMAIN FAN TOKEN
PSIUSD;CURRENCY:PSIUSD;CRIPTO;TRIDENTDAO
PSTUSD;CURRENCY:PSTUSD;CRIPTO;PRIMAS
PTFUSD;CURRENCY:PTFUSD;CRIPTO;POWERTRADE FUEL
PTOYUSD;CURRENCY:PTOYUSD;CRIPTO;PATIENTORY
PUNDIXUSD;CURRENCY:PUNDIXUSD;CRIPTO;PUNDI X
PUPSUSD;CURRENCY:PUPSUSD;CRIPTO;PUPS WORLD PEACE
PVTUSD;CURRENCY:PVTUSD;CRIPTO;PIVOT TOKEN
PVUUSD;CURRENCY:PVUUSD;CRIPTO;PLANT VS UNDEAD TOKEN
PXPRUSD;CURRENCY:PXPRUSD;CRIPTO;PIRATE X PIRATE
PXPUSD;CURRENCY:PXPUSD;CRIPTO;POINT PAY
PYRUSD;CURRENCY:PYRUSD;CRIPTO;VULCAN FORGED
PYTHUSD;CURRENCY:PYTHUSD;CRIPTO;PYTH NETWORK
QASHUSD;CURRENCY:QASHUSD;CRIPTO;QASH
QBITUSD;CURRENCY:QBITUSD;CRIPTO;PROJECT QUANTUM
QBXUSD;CURRENCY:QBXUSD;CRIPTO;QIIBEE
QIDAOUSD;CURRENCY:QIDAOUSD;CRIPTO;QI DAO
QIUSD;CURRENCY:QIUSD;CRIPTO;BENQI
QKCUSD;CURRENCY:QKCUSD;CRIPTO;QUARKCHAIN
QLCUSD;CURRENCY:QLCUSD;CRIPTO;QLC CHAIN
QNTUSD;CURRENCY:QNTUSD;CRIPTO;QUANT
QRKUSD;CURRENCY:QRKUSD;CRIPTO;QUARK
QRLUSD;CURRENCY:QRLUSD;CRIPTO;QUANTUM RESISTANT LEDGER
QSPUSD;CURRENCY:QSPUSD;CRIPTO;QUANTSTAMP
QTUMUSD;CURRENCY:QTUMUSD;CRIPTO;QTUM
QUACKUSD;CURRENCY:QUACKUSD;CRIPTO;RICH QUACK
QUICKUSD;CURRENCY:QUICKUSD;CRIPTO;QUICKSWAP
QUNUSD;CURRENCY:QUNUSD;CRIPTO;QUNQUN
QWCUSD;CURRENCY:QWCUSD;CRIPTO;QWERTYCOIN
RACAUSD;CURRENCY:RACAUSD;CRIPTO;RADIO CACA
RAIDERUSD;CURRENCY:RAIDERUSD;CRIPTO;CRYPTO RAIDERS
RAMPUSD;CURRENCY:RAMPUSD;CRIPTO;RAMP
RARIUSD;CURRENCY:RARIUSD;CRIPTO;RARIBLE
RATUSD;CURRENCY:RATUSD;CRIPTO;RAT ESCAPE
RAVENUSD;CURRENCY:RAVENUSD;CRIPTO;RAVEN PROTOCOL
RAYUSD;CURRENCY:RAYUSD;CRIPTO;RAYDIUM
RAZORUSD;CURRENCY:RAZORUSD;CRIPTO;RAZOR NETWORK
RBCUSD;CURRENCY:RBCUSD;CRIPTO;RUBIC
RBWUSD;CURRENCY:RBWUSD;CRIPTO;RAINBOW TOKEN
RCNUSD;CURRENCY:RCNUSD;CRIPTO;RIPIO CREDIT NETWORK
RDDUSD;CURRENCY:RDDUSD;CRIPTO;REDDCOIN
RDNTUSD;CURRENCY:RDNTUSD;CRIPTO;RADIANT CAPITAL
RDNUSD;CURRENCY:RDNUSD;CRIPTO;RAIDEN NETWORK TOKEN
REEFUSD;CURRENCY:REEFUSD;CRIPTO;REEF
REIUSD;CURRENCY:REIUSD;CRIPTO;REI
RENBTCUSD;CURRENCY:RENBTCUSD;CRIPTO;RENBTC
RENUSD;CURRENCY:RENUSD;CRIPTO;REN
REPUSD;CURRENCY:REPUSD;CRIPTO;AUGUR
REQUSD;CURRENCY:REQUSD;CRIPTO;REQUEST
REVUSD;CURRENCY:REVUSD;CRIPTO;REVAIN
REVVUSD;CURRENCY:REVVUSD;CRIPTO;REVV
REZUSD;CURRENCY:REZUSD;CRIPTO;RENZO
RFIUSD;CURRENCY:RFIUSD;CRIPTO;REFLECT.FINANCE
RFOXUSD;CURRENCY:RFOXUSD;CRIPTO;REDFOX LABS
RFRUSD;CURRENCY:RFRUSD;CRIPTO;REFEREUM
RFUELUSD;CURRENCY:RFUELUSD;CRIPTO;RIO DEFI
RGTUSD;CURRENCY:RGTUSD;CRIPTO;RARI GOVERNANCE TOKEN
RIBUSD;CURRENCY:RIBUSD;CRIPTO;RIBUS
RIFUSD;CURRENCY:RIFUSD;CRIPTO;RSK INFRASTRUCTURE FRAMEWORK
RINGUSD;CURRENCY:RINGUSD;CRIPTO;DARWINIA NETWORK NATIVE TOKEN
RIOUSD;CURRENCY:RIOUSD;CRIPTO;REALIO NETWORK
RLCUSD;CURRENCY:RLCUSD;CRIPTO;IEXEC RLC
RLYUSD;CURRENCY:RLYUSD;CRIPTO;RALLY
RMRKUSD;CURRENCY:RMRKUSD;CRIPTO;RMRK
RNBWUSD;CURRENCY:RNBWUSD;CRIPTO;HALODAO
RNDRUSD;CURRENCY:RNDRUSD;CRIPTO;RENDER
ROFIUSD;CURRENCY:ROFIUSD;CRIPTO;HEROFI TOKEN
RONUSD;CURRENCY:RONUSD;CRIPTO;RONIN
ROOBEEUSD;CURRENCY:ROOBEEUSD;CRIPTO;ROOBEE
ROOKUSD;CURRENCY:ROOKUSD;CRIPTO;KEEPERDAO
ROOMUSD;CURRENCY:ROOMUSD;CRIPTO;OPTIONROOM
ROSEUSD;CURRENCY:ROSEUSD;CRIPTO;OASIS NETWORK
ROXUSD;CURRENCY:ROXUSD;CRIPTO;ROBOTINA
ROYAUSD;CURRENCY:ROYAUSD;CRIPTO;ROYALE
RPLUSD;CURRENCY:RPLUSD;CRIPTO;ROCKET POOL
RSRUSD;CURRENCY:RSRUSD;CRIPTO;RESERVE RIGHTS TOKEN
RSS3USD;CURRENCY:RSS3USD;CRIPTO;RSS3
RUFFUSD;CURRENCY:RUFFUSD;CRIPTO;RUFF
RUNEUSD;CURRENCY:RUNEUSD;CRIPTO;THORCHAIN
RVNUSD;CURRENCY:RVNUSD;CRIPTO;RAVENCOIN
RYOSHIUSD;CURRENCY:RYOSHIUSD;CRIPTO;RYOSHI
RYOSHIVUSD;CURRENCY:RYOSHIVUSD;CRIPTO;RYOSHIS VISION
SAFEMOONUSD;CURRENCY:SAFEMOONUSD;CRIPTO;SAFEMOON OLD
SAFEUSD;CURRENCY:SAFEUSD;CRIPTO;SAFE COIN
SAGAUSD;CURRENCY:SAGAUSD;CRIPTO;SAGA
SALTUSD;CURRENCY:SALTUSD;CRIPTO;SALT
SAMOUSD;CURRENCY:SAMOUSD;CRIPTO;SAMOYEDCOIN
SANDUSD;CURRENCY:SANDUSD;CRIPTO;THE SANDBOX
SANTOSUSD;CURRENCY:SANTOSUSD;CRIPTO;SANTOS FC FAN TOKEN
SANUSD;CURRENCY:SANUSD;CRIPTO;SANTIMENT NETWORK TOKEN
SATTUSD;CURRENCY:SATTUSD;CRIPTO;SATT
SATXUSD;CURRENCY:SATXUSD;CRIPTO;$SATX
SAVMUSD;CURRENCY:SAVMUSD;CRIPTO;SATOSHIVM
SBDUSD;CURRENCY:SBDUSD;CRIPTO;STEEM DOLLARS
SCCPUSD;CURRENCY:SCCPUSD;CRIPTO;S.C. CORINTHIANS FAN TOKEN
SCCUSD;CURRENCY:SCCUSD;CRIPTO;STEM CELL COIN
SCFUSD;CURRENCY:SCFUSD;CRIPTO;SMOKING CHICKEN FISH
SCPUSD;CURRENCY:SCPUSD;CRIPTO;SCPRIME
SCRTUSD;CURRENCY:SCRTUSD;CRIPTO;SECRET
SCUSD;CURRENCY:SCUSD;CRIPTO;SIACOIN
SDAOUSD;CURRENCY:SDAOUSD;CRIPTO;SINGULARITYDAO
SDTUSD;CURRENCY:SDTUSD;CRIPTO;STAKE DAO
SDUSD;CURRENCY:SDUSD;CRIPTO;STADER
SEDAUSD;CURRENCY:SEDAUSD;CRIPTO;SEDA
SEEDUSD;CURRENCY:SEEDUSD;CRIPTO;TREEDEFI (SEED)
SEELEUSD;CURRENCY:SEELEUSD;CRIPTO;SEELE
SEENUSD;CURRENCY:SEENUSD;CRIPTO;SEEN
SEIUSD;CURRENCY:SEIUSD;CRIPTO;SEI
SENSEUSD;CURRENCY:SENSEUSD;CRIPTO;SENSE
SEROUSD;CURRENCY:SEROUSD;CRIPTO;SERO
SFEXUSD;CURRENCY:SFEXUSD;CRIPTO;SAFELAUNCH
SFIUSD;CURRENCY:SFIUSD;CRIPTO;SAFFRON.FINANCE
SFPUSD;CURRENCY:SFPUSD;CRIPTO;SAFEPAL
SHAREUSD;CURRENCY:SHAREUSD;CRIPTO;SEIGNIORAGE SHARES
SHAUSD;CURRENCY:SHAUSD;CRIPTO;SAFE HAVEN
SHDWUSD;CURRENCY:SHDWUSD;CRIPTO;SHADOW TOKEN
SHIBUSD;CURRENCY:SHIBUSD;CRIPTO;SHIBA INU
SHRAPUSD;CURRENCY:SHRAPUSD;CRIPTO;SHRAPNEL
SHROOMUSD;CURRENCY:SHROOMUSD;CRIPTO;NIFTYX PROTOCOL
SHRUSD;CURRENCY:SHRUSD;CRIPTO;SHARETOKEN
SINCUSD;CURRENCY:SINCUSD;CRIPTO;SIN CITY
SINUSD;CURRENCY:SINUSD;CRIPTO;SINOVATE
SIXUSD;CURRENCY:SIXUSD;CRIPTO;SIX
SKLUSD;CURRENCY:SKLUSD;CRIPTO;SKALE
SKMUSD;CURRENCY:SKMUSD;CRIPTO;SKRUMBLE NETWORK
SKUJIUSD;CURRENCY:SKUJIUSD;CRIPTO;STAKED KUJI
SKY2USD;CURRENCY:SKY2USD;CRIPTO;SKY
SKYUSD;CURRENCY:SKYUSD;CRIPTO;SKYCOIN
SLIMUSD;CURRENCY:SLIMUSD;CRIPTO;SOLANIUM
SLPUSD;CURRENCY:SLPUSD;CRIPTO;SMOOTH LOVE POTION
SLRUSD;CURRENCY:SLRUSD;CRIPTO;SALARY
SLTUSD;CURRENCY:SLTUSD;CRIPTO;SMARTLANDS NETWORK
SMARTCREDITUSD;CURRENCY:SMARTCREDITUSD;CRIPTO;SMARTCREDIT TOKEN
SMARTUSD;CURRENCY:SMARTUSD;CRIPTO;SMARTCASH
SMILEUSD;CURRENCY:SMILEUSD;CRIPTO;SMILE COIN
SMLYUSD;CURRENCY:SMLYUSD;CRIPTO;SMILEYCOIN
SMTUSD;CURRENCY:SMTUSD;CRIPTO;SMARTMESH
SNAIUSD;CURRENCY:SNAIUSD;CRIPTO;SWARMNODE.AI
SNCUSD;CURRENCY:SNCUSD;CRIPTO;SUNCONTRACT
SNETUSD;CURRENCY:SNETUSD;CRIPTO;SNETWORK
SNGLSUSD;CURRENCY:SNGLSUSD;CRIPTO;SINGULARDTV
SNLUSD;CURRENCY:SNLUSD;CRIPTO;SPORT AND LEISURE
SNMUSD;CURRENCY:SNMUSD;CRIPTO;SONM
SNOWUSD;CURRENCY:SNOWUSD;CRIPTO;SNOWSWAP
SNSUSD;CURRENCY:SNSUSD;CRIPTO;SYNESIS ONE
SNTUSD;CURRENCY:SNTUSD;CRIPTO;STATUS
SNTVTUSD;CURRENCY:SNTVTUSD;CRIPTO;SENTIVATE
SNXUSD;CURRENCY:SNXUSD;CRIPTO;SYNTHETIX
SOCKSUSD;CURRENCY:SOCKSUSD;CRIPTO;UNISOCKS
SOCUSD;CURRENCY:SOCUSD;CRIPTO;ALL SPORTS
SOLAYERUSD;CURRENCY:SOLAYERUSD;CRIPTO;SOLAYER
SOLUSD;CURRENCY:SOLUSD;CRIPTO;SOLANA
SOLVEUSD;CURRENCY:SOLVEUSD;CRIPTO;SOLVE
SOULUSD;CURRENCY:SOULUSD;CRIPTO;PHANTASMA
SPANKUSD;CURRENCY:SPANKUSD;CRIPTO;SPANKCHAIN
SPARKLETUSD;CURRENCY:SPARKLETUSD;CRIPTO;UPLAND
SPARTAUSD;CURRENCY:SPARTAUSD;CRIPTO;SPARTAN PROTOCOL
SPAUSD;CURRENCY:SPAUSD;CRIPTO;SPARTACUS
SPCUSD;CURRENCY:SPCUSD;CRIPTO;SPACECHAIN (ERC-20)
SPECTRAUSD;CURRENCY:SPECTRAUSD;CRIPTO;SPECTRA
SPECUSD;CURRENCY:SPECUSD;CRIPTO;SPECTRAL
SPELLUSD;CURRENCY:SPELLUSD;CRIPTO;SPELL TOKEN
SPFCUSD;CURRENCY:SPFCUSD;CRIPTO;SAO PAULO FC FAN TOKEN
SPGUSD;CURRENCY:SPGUSD;CRIPTO;SPACE CRYPTO
SPHRUSD;CURRENCY:SPHRUSD;CRIPTO;SPHERE
SPIUSD;CURRENCY:SPIUSD;CRIPTO;SHOPPING.IO
SPNDUSD;CURRENCY:SPNDUSD;CRIPTO;SPENDCOIN
SPNUSD;CURRENCY:SPNUSD;CRIPTO;SAPIEN
SPXUSD;CURRENCY:SPXUSD;CRIPTO;SPX6900
SRMUSD;CURRENCY:SRMUSD;CRIPTO;SERUM
SRNUSD;CURRENCY:SRNUSD;CRIPTO;SIRIN LABS TOKEN
SRXUSD;CURRENCY:SRXUSD;CRIPTO;STORX
SSVUSD;CURRENCY:SSVUSD;CRIPTO;SSV NETWORK
STAKEUSD;CURRENCY:STAKEUSD;CRIPTO;XDAI
STARSUSD;CURRENCY:STARSUSD;CRIPTO;STARLAUNCH
STARUSD;CURRENCY:STARUSD;CRIPTO;STAR ATLAS DAO
STAUSD;CURRENCY:STAUSD;CRIPTO;STATERA
STBZUSD;CURRENCY:STBZUSD;CRIPTO;STABILIZE
STEEMUSD;CURRENCY:STEEMUSD;CRIPTO;STEEM
STETHUSD;CURRENCY:STETHUSD;CRIPTO;STETH (LIDO)
STGUSD;CURRENCY:STGUSD;CRIPTO;STARGATE FINANCE
STMATICUSD;CURRENCY:STMATICUSD;CRIPTO;LIDO STAKED MATIC
STMXUSD;CURRENCY:STMXUSD;CRIPTO;STORMX
STORJUSD;CURRENCY:STORJUSD;CRIPTO;STORJ
STOSUSD;CURRENCY:STOSUSD;CRIPTO;STRATOS
STPTUSD;CURRENCY:STPTUSD;CRIPTO;STP NETWORK
STRAXUSD;CURRENCY:STRAXUSD;CRIPTO;STRATIS
STRDYUSD;CURRENCY:STRDYUSD;CRIPTO;STURDY
STRKUSD;CURRENCY:STRKUSD;CRIPTO;STARKNET
STRONGUSD;CURRENCY:STRONGUSD;CRIPTO;STRONG
STXUSD;CURRENCY:STXUSD;CRIPTO;STACKS
SUIPUSD;CURRENCY:SUIPUSD;CRIPTO;SUIPAD
SUIUSD;CURRENCY:SUIUSD;CRIPTO;SUI
SUKUUSD;CURRENCY:SUKUUSD;CRIPTO;SUKU
SUMOUSD;CURRENCY:SUMOUSD;CRIPTO;SUMOKOIN
SUNNYUSD;CURRENCY:SUNNYUSD;CRIPTO;SUNNY AGGREGATOR
SUNUSD;CURRENCY:SUNUSD;CRIPTO;SUN TOKEN
SUPERFARMUSD;CURRENCY:SUPERFARMUSD;CRIPTO;SUPERFARM
SUPERUSD;CURRENCY:SUPERUSD;CRIPTO;SUPERCOIN
SUPRAUSD;CURRENCY:SUPRAUSD;CRIPTO;SUPRA
SUREUSD;CURRENCY:SUREUSD;CRIPTO;INSURE DEFI
SUSD;CURRENCY:SUSD;CRIPTO;SONIC (PREV. FTM)
SUSDUSD;CURRENCY:SUSDUSD;CRIPTO;SUSD
SUSHIUSD;CURRENCY:SUSHIUSD;CRIPTO;SUSHISWAP
SWAPUSD;CURRENCY:SWAPUSD;CRIPTO;TRUSTSWAP
SWFTCUSD;CURRENCY:SWFTCUSD;CRIPTO;SWFTCOIN
SWINGBYUSD;CURRENCY:SWINGBYUSD;CRIPTO;SWINGBY
SWMUSD;CURRENCY:SWMUSD;CRIPTO;SWARM NETWORK
SWRVUSD;CURRENCY:SWRVUSD;CRIPTO;SWERVE
SWTHUSD;CURRENCY:SWTHUSD;CRIPTO;SWITCHEO
SXPUSD;CURRENCY:SXPUSD;CRIPTO;SWIPE
SYLOUSD;CURRENCY:SYLOUSD;CRIPTO;SYLO
SYNCUSD;CURRENCY:SYNCUSD;CRIPTO;SYNC NETWORK
SYNUSD;CURRENCY:SYNUSD;CRIPTO;SYNAPSE
SYRUPUSD;CURRENCY:SYRUPUSD;CRIPTO;MAPLE FINANCE
SYSUSD;CURRENCY:SYSUSD;CRIPTO;SYSCOIN
TADUSD;CURRENCY:TADUSD;CRIPTO;TADPOLE
TAIKOUSD;CURRENCY:TAIKOUSD;CRIPTO;TAIKO
TAIUSD;CURRENCY:TAIUSD;CRIPTO;TARS AI
TAOUSD;CURRENCY:TAOUSD;CRIPTO;BITTENSOR
TAPUSD;CURRENCY:TAPUSD;CRIPTO;TAPIOCA DAO TOKEN
TAUUSD;CURRENCY:TAUUSD;CRIPTO;LAMDEN
TCRUSD;CURRENCY:TCRUSD;CRIPTO;TRACER DAO
TCTUSD;CURRENCY:TCTUSD;CRIPTO;TOKENCLUB
TDXUSD;CURRENCY:TDXUSD;CRIPTO;TIDEX TOKEN
TELOSUSD;CURRENCY:TELOSUSD;CRIPTO;TELOSCOIN
TELUSD;CURRENCY:TELUSD;CRIPTO;TELCOIN
TENTUSD;CURRENCY:TENTUSD;CRIPTO;TENT
TENUSD;CURRENCY:TENUSD;CRIPTO;TOKENOMY
TERNUSD;CURRENCY:TERNUSD;CRIPTO;TERNIO
TFBUSD;CURRENCY:TFBUSD;CRIPTO;TRUEFEEDBACK TOKEN
TFUELUSD;CURRENCY:TFUELUSD;CRIPTO;THETA FUEL
THCUSD;CURRENCY:THCUSD;CRIPTO;HEMPCOIN
THETAUSD;CURRENCY:THETAUSD;CRIPTO;THETA
THEUSD;CURRENCY:THEUSD;CRIPTO;THENA
THGUSD;CURRENCY:THGUSD;CRIPTO;THETAN ARENA
THUGSUSD;CURRENCY:THUGSUSD;CRIPTO;THUGS FINANCE
TIAUSD;CURRENCY:TIAUSD;CRIPTO;CELESTIA
TIMEUSD;CURRENCY:TIMEUSD;CRIPTO;CHRONO.TECH
TIPSUSD;CURRENCY:TIPSUSD;CRIPTO;FEDORACOIN
TITANUSD;CURRENCY:TITANUSD;CRIPTO;TITANSWAP
TKNUSD;CURRENCY:TKNUSD;CRIPTO;MONOLITH
TKOUSD;CURRENCY:TKOUSD;CRIPTO;TOKOCRYPTO
TKYUSD;CURRENCY:TKYUSD;CRIPTO;THEKEY
TLMUSD;CURRENCY:TLMUSD;CRIPTO;ALIEN WORLDS
TLOSUSD;CURRENCY:TLOSUSD;CRIPTO;TELOS
TMTGUSD;CURRENCY:TMTGUSD;CRIPTO;THE MIDAS TOUCH GOLD
TNBUSD;CURRENCY:TNBUSD;CRIPTO;TIME NEW BANK
TNSRUSD;CURRENCY:TNSRUSD;CRIPTO;TENSOR
TNTUSD;CURRENCY:TNTUSD;CRIPTO;TIERION
TOAUSD;CURRENCY:TOAUSD;CRIPTO;TOACOIN
TOMBUSD;CURRENCY:TOMBUSD;CRIPTO;TOMB
TOMOUSD;CURRENCY:TOMOUSD;CRIPTO;TOMOCHAIN
TONCUSD;CURRENCY:TONCUSD;CRIPTO;TONCOIN
TONUSD;CURRENCY:TONUSD;CRIPTO;TOKAMAK NETWORK
TOPUSD;CURRENCY:TOPUSD;CRIPTO;TOP NETWORK
TORNUSD;CURRENCY:TORNUSD;CRIPTO;TORNADO CASH
TOSHIUSD;CURRENCY:TOSHIUSD;CRIPTO;TOSHI
TRACUSD;CURRENCY:TRACUSD;CRIPTO;ORIGINTRAIL
TRADEUSD;CURRENCY:TRADEUSD;CRIPTO;UNITRADE
TRBUSD;CURRENCY:TRBUSD;CRIPTO;TELLOR
TREEUSD;CURRENCY:TREEUSD;CRIPTO;TREEDEFI
TREMPUSD;CURRENCY:TREMPUSD;CRIPTO;DOLAND TREMP
TRIBEUSD;CURRENCY:TRIBEUSD;CRIPTO;TRIBE
TRIOUSD;CURRENCY:TRIOUSD;CRIPTO;TRIPIO
TRONPADUSD;CURRENCY:TRONPADUSD;CRIPTO;TRONPAD
TROYUSD;CURRENCY:TROYUSD;CRIPTO;TROY
TRTLUSD;CURRENCY:TRTLUSD;CRIPTO;TURTLECOIN
TRTTUSD;CURRENCY:TRTTUSD;CRIPTO;TRITTIUM
TRUEUSD;CURRENCY:TRUEUSD;CRIPTO;TRUECHAIN
TRUMPUSD;CURRENCY:TRUMPUSD;CRIPTO;OFFICIAL TRUMP
TRUUSD;CURRENCY:TRUUSD;CRIPTO;TRUEFI
TRXUSD;CURRENCY:TRXUSD;CRIPTO;TRON
TSHAREUSD;CURRENCY:TSHAREUSD;CRIPTO;TOMB SHARES
TSHPUSD;CURRENCY:TSHPUSD;CRIPTO;12SHIPS
TTUSD;CURRENCY:TTUSD;CRIPTO;THUNDER TOKEN
TUNDRAUSD;CURRENCY:TUNDRAUSD;CRIPTO;TUNDRA TOKEN
TURBOSUSD;CURRENCY:TURBOSUSD;CRIPTO;TURBOS FINANCE
TUSDUSD;CURRENCY:TUSDUSD;CRIPTO;TRUEUSD
TVKUSD;CURRENCY:TVKUSD;CRIPTO;TERRA VIRTUA KOLECT
TWTUSD;CURRENCY:TWTUSD;CRIPTO;TRUST WALLET TOKEN
TXLUSD;CURRENCY:TXLUSD;CRIPTO;TIXL
TXUSD;CURRENCY:TXUSD;CRIPTO;TRANSFERCOIN
TZCUSD;CURRENCY:TZCUSD;CRIPTO;TREZARCOIN
UBEXUSD;CURRENCY:UBEXUSD;CRIPTO;UBEX
UBQUSD;CURRENCY:UBQUSD;CRIPTO;UBIQ
UBTUSD;CURRENCY:UBTUSD;CRIPTO;UNIBRIGHT
UDOOUSD;CURRENCY:UDOOUSD;CRIPTO;HYPRR (HOWDOO)
UFOGUSD;CURRENCY:UFOGUSD;CRIPTO;UFO GAMING
UFOUSD;CURRENCY:UFOUSD;CRIPTO;UNIFORM FISCAL OBJECT
UFTUSD;CURRENCY:UFTUSD;CRIPTO;UNILEND
UGASUSD;CURRENCY:UGASUSD;CRIPTO;ULTRAIN
UIPUSD;CURRENCY:UIPUSD;CRIPTO;UNLIMITEDIP
ULABUSD;CURRENCY:ULABUSD;CRIPTO;UNILAB
ULTUSD;CURRENCY:ULTUSD;CRIPTO;ULTILEDGER
UMAUSD;CURRENCY:UMAUSD;CRIPTO;UMA
UMBUSD;CURRENCY:UMBUSD;CRIPTO;UMBRELLA NETWORK
UNFIUSD;CURRENCY:UNFIUSD;CRIPTO;UNIFI PROTOCOL DAO
UNISTAKEUSD;CURRENCY:UNISTAKEUSD;CRIPTO;UNISTAKE
UNIUSD;CURRENCY:UNIUSD;CRIPTO;UNISWAP
UOSUSD;CURRENCY:UOSUSD;CRIPTO;ULTRA
UPPUSD;CURRENCY:UPPUSD;CRIPTO;SENTINEL PROTOCOL
UQCUSD;CURRENCY:UQCUSD;CRIPTO;UQUID COIN
USDCUSD;CURRENCY:USDCUSD;CRIPTO;USD COIN
USDKUSD;CURRENCY:USDKUSD;CRIPTO;USDK
USDNUSD;CURRENCY:USDNUSD;CRIPTO;NEUTRINO USD
USDTUSD;CURRENCY:USDTUSD;CRIPTO;TETHER
USDXUSD;CURRENCY:USDXUSD;CRIPTO;USDX
USTUSD;CURRENCY:USTUSD;CRIPTO;TERRAUSD
USUALUSD;CURRENCY:USUALUSD;CRIPTO;USUAL
USUSD;CURRENCY:USUSD;CRIPTO;TALUS NETWORK
UTKUSD;CURRENCY:UTKUSD;CRIPTO;UTRUST
UTNPUSD;CURRENCY:UTNPUSD;CRIPTO;UNIVERSA
UTUSD;CURRENCY:UTUSD;CRIPTO;ULORD
UUUUSD;CURRENCY:UUUUSD;CRIPTO;U NETWORK
VADERUSD;CURRENCY:VADERUSD;CRIPTO;VADERAI BY VIRTUALS
VAIOUSD;CURRENCY:VAIOUSD;CRIPTO;VAIOT
VAIUSD;CURRENCY:VAIUSD;CRIPTO;VAI
VALORUSD;CURRENCY:VALORUSD;CRIPTO;VALOR TOKEN
VALUSD;CURRENCY:VALUSD;CRIPTO;VALIDITY
VARAUSD;CURRENCY:VARAUSD;CRIPTO;VARA NETWORK
VEEUSD;CURRENCY:VEEUSD;CRIPTO;BLOCKV
VEILUSD;CURRENCY:VEILUSD;CRIPTO;VEIL
VELAUSD;CURRENCY:VELAUSD;CRIPTO;VELA TOKEN
VELOUSD;CURRENCY:VELOUSD;CRIPTO;VELODROME FINANCE
VENOMUSD;CURRENCY:VENOMUSD;CRIPTO;VENOM
VEOUSD;CURRENCY:VEOUSD;CRIPTO;AMOVEO
VERIUSD;CURRENCY:VERIUSD;CRIPTO;VERITASEUM
VETUSD;CURRENCY:VETUSD;CRIPTO;VECHAIN
VEXUSD;CURRENCY:VEXUSD;CRIPTO;VEXANIUM
VGWUSD;CURRENCY:VGWUSD;CRIPTO;VEGAWALLET TOKEN
VGXUSD;CURRENCY:VGXUSD;CRIPTO;VOYAGER TOKEN
VIAUSD;CURRENCY:VIAUSD;CRIPTO;VIACOIN
VIBUSD;CURRENCY:VIBUSD;CRIPTO;VIBERATE
VIDTUSD;CURRENCY:VIDTUSD;CRIPTO;VIDT DATALINK
VIDUSD;CURRENCY:VIDUSD;CRIPTO;VIDEOCOIN
VIDYAUSD;CURRENCY:VIDYAUSD;CRIPTO;VIDYA
VIGUSD;CURRENCY:VIGUSD;CRIPTO;VIG
VINUSUSD;CURRENCY:VINUSUSD;CRIPTO;VITA INU
VIPERUSD;CURRENCY:VIPERUSD;CRIPTO;VIPER
VIPSUSD;CURRENCY:VIPSUSD;CRIPTO;VIPSTAR COIN
VIRTUALUSD;CURRENCY:VIRTUALUSD;CRIPTO;VIRTUALS PROTOCOL
VISIONUSD;CURRENCY:VISIONUSD;CRIPTO;VISIONGAME
VISTAUSD;CURRENCY:VISTAUSD;CRIPTO;ETHERVISTA
VITAEUSD;CURRENCY:VITAEUSD;CRIPTO;VITAE
VITEUSD;CURRENCY:VITEUSD;CRIPTO;VITE
VIUSD;CURRENCY:VIUSD;CRIPTO;VYBIT
VLXUSD;CURRENCY:VLXUSD;CRIPTO;VELAS
VNLAUSD;CURRENCY:VNLAUSD;CRIPTO;VANILLA NETWORK
VRAUSD;CURRENCY:VRAUSD;CRIPTO;VERASITY
VRCUSD;CURRENCY:VRCUSD;CRIPTO;VERICOIN
VRSCUSD;CURRENCY:VRSCUSD;CRIPTO;VERUSCOIN
VSPUSD;CURRENCY:VSPUSD;CRIPTO;VESPER FINANCE
VSYSUSD;CURRENCY:VSYSUSD;CRIPTO;V.SYSTEMS
VTCUSD;CURRENCY:VTCUSD;CRIPTO;VERTCOIN
VTHOUSD;CURRENCY:VTHOUSD;CRIPTO;VETHOR TOKEN
WABIUSD;CURRENCY:WABIUSD;CRIPTO;WABI
WAGMIUSD;CURRENCY:WAGMIUSD;CRIPTO;EUPHORIA
WANUSD;CURRENCY:WANUSD;CRIPTO;WANCHAIN
WAVESUSD;CURRENCY:WAVESUSD;CRIPTO;WAVES
WAXPUSD;CURRENCY:WAXPUSD;CRIPTO;WAX
WBETHUSD;CURRENCY:WBETHUSD;CRIPTO;WRAPPED BEACON ETH
WBTCUSD;CURRENCY:WBTCUSD;CRIPTO;WRAPPED BITCOIN
WBXUSD;CURRENCY:WBXUSD;CRIPTO;WIBX
WEBDUSD;CURRENCY:WEBDUSD;CRIPTO;WEBDOLLAR
WEETHUSD;CURRENCY:WEETHUSD;CRIPTO;WRAPPED EETH
WGRUSD;CURRENCY:WGRUSD;CRIPTO;WAGERR
WHALEUSD;CURRENCY:WHALEUSD;CRIPTO;WHALE
WHITEUSD;CURRENCY:WHITEUSD;CRIPTO;WHITEHEART
WICCUSD;CURRENCY:WICCUSD;CRIPTO;WAYKICHAIN
WIDIUSD;CURRENCY:WIDIUSD;CRIPTO;WIDILAND
WIFIUSD;CURRENCY:WIFIUSD;CRIPTO;WIFI MAP
WIFUSD;CURRENCY:WIFUSD;CRIPTO;DOGWIFHAT
WINGUSD;CURRENCY:WINGUSD;CRIPTO;WING FINANCE
WINUSD;CURRENCY:WINUSD;CRIPTO;WINKLINK
WISHUSD;CURRENCY:WISHUSD;CRIPTO;MYWISH
WIZUSD;CURRENCY:WIZUSD;CRIPTO;CROWDWIZ
WLDUSD;CURRENCY:WLDUSD;CRIPTO;WORLDCOIN
WNDUSD;CURRENCY:WNDUSD;CRIPTO;WONDERHERO
WNXMUSD;CURRENCY:WNXMUSD;CRIPTO;WRAPPED NXM
WOMUSD;CURRENCY:WOMUSD;CRIPTO;WOM PROTOCOL
WONDERUSD;CURRENCY:WONDERUSD;CRIPTO;WONDERLAND
WOOUSD;CURRENCY:WOOUSD;CRIPTO;WOO NETWORK
WOWUSD;CURRENCY:WOWUSD;CRIPTO;WOWNERO
WOZXUSD;CURRENCY:WOZXUSD;CRIPTO;EFFORCE
WPRUSD;CURRENCY:WPRUSD;CRIPTO;WEPOWER
WRXUSD;CURRENCY:WRXUSD;CRIPTO;WAZIRX
WSGUSD;CURRENCY:WSGUSD;CRIPTO;WALL STREET GAMES
WSOHMUSD;CURRENCY:WSOHMUSD;CRIPTO;WRAPPED STAKED OLYMPUS
WTCUSD;CURRENCY:WTCUSD;CRIPTO;WALTONCHAIN
WTKUSD;CURRENCY:WTKUSD;CRIPTO;WADZPAY TOKEN
WUSD;CURRENCY:WUSD;CRIPTO;WORMHOLE
WXTUSD;CURRENCY:WXTUSD;CRIPTO;WIREX TOKEN
XAIUSD;CURRENCY:XAIUSD;CRIPTO;XAI
XASUSD;CURRENCY:XASUSD;CRIPTO;ASCH
XAURUSD;CURRENCY:XAURUSD;CRIPTO;XAURUM
XAVAUSD;CURRENCY:XAVAUSD;CRIPTO;AVALAUNCH
XBTCUSD;CURRENCY:XBTCUSD;CRIPTO;XBTC
XCASHUSD;CURRENCY:XCASHUSD;CRIPTO;X-CASH
XCHIOUUSD;CURRENCY:XCHIOUUSD;CRIPTO;CHIA IOU
XCHUSD;CURRENCY:XCHUSD;CRIPTO;CHIA
XCMUSD;CURRENCY:XCMUSD;CRIPTO;COINMETRO
XCNUSD;CURRENCY:XCNUSD;CRIPTO;ONYXCOIN
XCPUSD;CURRENCY:XCPUSD;CRIPTO;COUNTERPARTY
XDATAUSD;CURRENCY:XDATAUSD;CRIPTO;STREAMR XDATA
XDBUSD;CURRENCY:XDBUSD;CRIPTO;DIGITALBITS
XDCUSD;CURRENCY:XDCUSD;CRIPTO;XINFIN NETWORK
XDNUSD;CURRENCY:XDNUSD;CRIPTO;DIGITALNOTE
XECUSD;CURRENCY:XECUSD;CRIPTO;ECASH
XEDUSD;CURRENCY:XEDUSD;CRIPTO;EXEEDME
XEMUSD;CURRENCY:XEMUSD;CRIPTO;NEM
XFTUSD;CURRENCY:XFTUSD;CRIPTO;OFFSHIFT
XHVUSD;CURRENCY:XHVUSD;CRIPTO;HAVEN PROTOCOL
XIOTUSD;CURRENCY:XIOTUSD;CRIPTO;XIOTRI
XIOUSD;CURRENCY:XIOUSD;CRIPTO;BLOCKZERO LABS
XLMUSD;CURRENCY:XLMUSD;CRIPTO;STELLAR
XLQUSD;CURRENCY:XLQUSD;CRIPTO;ALQO
XMONUSD;CURRENCY:XMONUSD;CRIPTO;XMON
XMRUSD;CURRENCY:XMRUSD;CRIPTO;MONERO
XMSUSD;CURRENCY:XMSUSD;CRIPTO;MARS ECOSYSTEM TOKEN
XMWUSD;CURRENCY:XMWUSD;CRIPTO;MORPHWARE
XMXUSD;CURRENCY:XMXUSD;CRIPTO;XMAX
XMYUSD;CURRENCY:XMYUSD;CRIPTO;MYRIAD
XNOUSD;CURRENCY:XNOUSD;CRIPTO;NANO
XODEXUSD;CURRENCY:XODEXUSD;CRIPTO;XODEX
XORUSD;CURRENCY:XORUSD;CRIPTO;SORA
XPLUSD;CURRENCY:XPLUSD;CRIPTO;PLASMA
XPMUSD;CURRENCY:XPMUSD;CRIPTO;PRIMECOIN
XPRUSD;CURRENCY:XPRUSD;CRIPTO;PROTON
XPXUSD;CURRENCY:XPXUSD;CRIPTO;PROXIMAX
XRDUSD;CURRENCY:XRDUSD;CRIPTO;RADIX
XRPUSD;CURRENCY:XRPUSD;CRIPTO;XRP
XRTUSD;CURRENCY:XRTUSD;CRIPTO;ROBONOMICS.NETWORK
XSNUSD;CURRENCY:XSNUSD;CRIPTO;STAKENET
XSTUSD;CURRENCY:XSTUSD;CRIPTO;STEALTH
XTZUSD;CURRENCY:XTZUSD;CRIPTO;TEZOS
XVGUSD;CURRENCY:XVGUSD;CRIPTO;VERGE
XVSUSD;CURRENCY:XVSUSD;CRIPTO;VENUS
XYMUSD;CURRENCY:XYMUSD;CRIPTO;SYMBOL
XYOUSD;CURRENCY:XYOUSD;CRIPTO;XYO NETWORK
YBOUSD;CURRENCY:YBOUSD;CRIPTO;YOUNG BOYS FAN TOKEN
YECUSD;CURRENCY:YECUSD;CRIPTO;YCASH
YEEUSD;CURRENCY:YEEUSD;CRIPTO;YEE
YF-DAIUSD;CURRENCY:YF-DAIUSD;CRIPTO;YFDAI.FINANCE
YFIIIUSD;CURRENCY:YFIIIUSD;CRIPTO;DIFY.FINANCE
YFIIUSD;CURRENCY:YFIIUSD;CRIPTO;DFI.MONEY
YFIUSD;CURRENCY:YFIUSD;CRIPTO;YEARN.FINANCE
YFLUSD;CURRENCY:YFLUSD;CRIPTO;YF LINK
YGGUSD;CURRENCY:YGGUSD;CRIPTO;YIELD GUILD GAMES
YLDUSD;CURRENCY:YLDUSD;CRIPTO;YIELD APP
YLDYUSD;CURRENCY:YLDYUSD;CRIPTO;YIELDLY
YOPUSD;CURRENCY:YOPUSD;CRIPTO;YIELD OPTIMIZATION PLATFORM & PROTOCOL
YOUUSD;CURRENCY:YOUUSD;CRIPTO;YOU CHAIN
YVSUSD;CURRENCY:YVSUSD;CRIPTO;YVS.FINANCE
ZANOUSD;CURRENCY:ZANOUSD;CRIPTO;ZANO
ZAPUSD;CURRENCY:ZAPUSD;CRIPTO;ZAP
ZBUSD;CURRENCY:ZBUSD;CRIPTO;ZB TOKEN
ZCLUSD;CURRENCY:ZCLUSD;CRIPTO;ZCLASSIC
ZCNUSD;CURRENCY:ZCNUSD;CRIPTO;0CHAIN
ZDCUSD;CURRENCY:ZDCUSD;CRIPTO;ZODIACS
ZDCV2USD;CURRENCY:ZDCV2USD;CRIPTO;ZODIACSV2
ZECUSD;CURRENCY:ZECUSD;CRIPTO;ZCASH
ZEEUSD;CURRENCY:ZEEUSD;CRIPTO;ZEROSWAP
ZEFUUSD;CURRENCY:ZEFUUSD;CRIPTO;ZENFUSE
ZELUSD;CURRENCY:ZELUSD;CRIPTO;ZEL
ZENUSD;CURRENCY:ZENUSD;CRIPTO;HORIZEN
ZEREBROUSD;CURRENCY:ZEREBROUSD;CRIPTO;ZEREBRO
ZERUSD;CURRENCY:ZERUSD;CRIPTO;ZERO
ZETAUSD;CURRENCY:ZETAUSD;CRIPTO;ZETACHAIN
ZFIUSD;CURRENCY:ZFIUSD;CRIPTO;ZYFI
ZILUSD;CURRENCY:ZILUSD;CRIPTO;ZILLIQA
ZKSUSD;CURRENCY:ZKSUSD;CRIPTO;ZKSWAP
ZKUSD;CURRENCY:ZKUSD;CRIPTO;ZKSYNC
ZNNUSD;CURRENCY:ZNNUSD;CRIPTO;ZENON
ZNZUSD;CURRENCY:ZNZUSD;CRIPTO;ZENZO
ZORAUSD;CURRENCY:ZORAUSD;CRIPTO;ZORACLES
ZPUSD;CURRENCY:ZPUSD;CRIPTO;ZEN PROTOCOL
ZRCUSD;CURRENCY:ZRCUSD;CRIPTO;ZRCOIN
ZROUSD;CURRENCY:ZROUSD;CRIPTO;LAYERZERO
ZRXUSD;CURRENCY:ZRXUSD;CRIPTO;0X
ZTUSD;CURRENCY:ZTUSD;CRIPTO;ZBG TOKEN
ZXCUSD;CURRENCY:ZXCUSD;CRIPTO;0XCERT
5GTK11;BVMF:5GTK11;ETF;INVESTO ETF BLUESTAR 5G COM INDEX FDO INDICE IE
ACWI11;BVMF:ACWI11;ETF;TREND ETF MSCI ACWI FDO. INV. INDICE INVEST. EXT
AGRI11;BVMF:AGRI11;ETF;BB ETF IAGROFFS B3 FUNDO DE INDICE
ALUG11;BVMF:ALUG11;ETF;INVESTO ETF MSCI REAL ESTATE ETF FDO INDICE IE
AREA11;BVMF:AREA11;ETF;BTG PACTUAL TEVA AUVP RENDA AUTOMATICA ITBR IPCA RENDIMENTO FUNDO DE INDICE
ARGE11;BVMF:ARGE11;ETF;INVESTO ARGENTINA FUNDO DE INDICE
ASIA11;BVMF:ASIA11;ETF;TREND ETF MSCI ASIA EX-JAPAO FDO INV IND INV EXT
AURO11;BVMF:AURO11;ETF;BUENA VISTA NEOS GOLD HIGH INCOME INDEX FUNDO DE INDICE DE RESPONSABILIDADE LIMITADA
AUVP11;BVMF:AUVP11;ETF;BTG PACTUAL TEVA AUVP ACOES FUNDAMENTOS FUNDO DE INDICE
BBOI11;BVMF:BBOI11;ETF;BB ETF INDICE FUTURO DE BOI GORDO B3 FDO DE INDICE
BBOV11;BVMF:BBOV11;ETF;BB ETF IBOVESPA FUNDO DE INDICE
BBSD11;BVMF:BBSD11;ETF;BB ETF S&P DIVIDENDOS BRASIL FUNDO DE INDICE
BDEF11;BVMF:BDEF11;ETF;B-INDEX MORNINGSTAR SETORES DEFENSIVOS BRASIL FI
BDOM11;BVMF:BDOM11;ETF;INVESTO MARKETVECTOR BRAZIL DOMESTIC EXPOSURE ETF
BEST11;BVMF:BEST11;ETF;INVESTO BRAZIL BESST QUALITY FUNDO DE INDICE
BITC11;BVMF:BITC11;ETF;BTG PACTUAL TEVA BITCOIN FUNDO DE INDICE
BITH11;BVMF:BITH11;ETF;HASHDEX NASDAQ BITCOIN REFERENCE RATE FDO. IND.
BITI11;BVMF:BITI11;ETF;IT NOW BLOOMBERG GALAXY BITCOIN FUNDO DE INDICE
BIZD11;BVMF:BIZD11;ETF;INVESTO MVISÂ®US BUSINESS DEVELOPMENT COMPANIES INDEX ETF FUNDO DE INDICE
BLOK11;BVMF:BLOK11;ETF;INVESTO VANECK ETF CRYPTO COMPARE SMART CONTRACTS
BMMT11;BVMF:BMMT11;ETF;B-INDEX MORNINGSTAR BRASIL MOMENTO FUNDO DE INDICE
BOVA11;BVMF:BOVA11;ETF;ISHARES IBOVESPA FUNDO DE INDICE
BOVB11;BVMF:BOVB11;ETF;ETF BRADESCO IBOVESPA FDO DE INDICE
BOVS11;BVMF:BOVS11;ETF;SAFRA IBOVESPA FUNDO DE INDICE
BOVV11;BVMF:BOVV11;ETF;IT NOW IBOVESPA FUNDO DE INDICE
BOVX11;BVMF:BOVX11;ETF;TREND ETF IBOVESPA FUNDO DE INDICE
BRAX11;BVMF:BRAX11;ETF;ISHARES IBRX INDICE BRASIL (IBRX-100) FUNDO DE INDICE
BREW11;BVMF:BREW11;ETF;B-INDEX MORNINGSTAR BRASIL PESOS IGUAIS FDO IND
BTEK11;BVMF:BTEK11;ETF;INVESTO S&P BIOTECHNOLOGY SELECTION INDUSTRY ETF
BVBR11;BVMF:BVBR11;ETF;INVESTO CONSTANCIA BRASIL DIVIDENDOS E QUALIDADE FUNDO DE INDICE â€“ RESPONSABILIDADE LIMITADA
BXPO11;BVMF:BXPO11;ETF;INVESTO MARKETVECTOR BRAZIL GLOBAL EXPOSURE ETF
CASA11;BVMF:CASA11;ETF;BUENA VISTA NEOS REAL ESTATE HIGH INCOME BR INDEX FUNDO DE INDICE
CHIP11;BVMF:CHIP11;ETF;INVESTO ETF US LISTED SEMICONDUCTOR 25 INDEX
CMDB11;BVMF:CMDB11;ETF;BTG PACTUAL TEVA ACOES COMMODITIES BRASIL FDO IND
COIN11;BVMF:COIN11;ETF;BUENA VISTA NEOS BITCOIN HIGH INCOME INDEX FDO IND
CORN11;BVMF:CORN11;ETF;BB ETF INDICE FUTURO DE MILHO B3 FUNDO DE INDICE
CRPT11;BVMF:CRPT11;ETF;EMPIRICUS TEVA CRIPTOMOEDAS TOP20 FDO IND IE
DBOA11;BVMF:DBOA11;ETF;ORYX BLOOMBERG U.S. CONVERTIBLES LIQUID BOND INDEX FUNDO DE INDICE RESPONSABILIDADE LIMITADA
DEFI11;BVMF:DEFI11;ETF;HASHDEX DEFI INDEX FUNDO DE INDICE
DIVD11;BVMF:DIVD11;ETF;IT NOW IDIV RENDA DIVIDENDOS FUNDO DE INDICE
DIVO11;BVMF:DIVO11;ETF;IT NOW IDIV FUNDO DE INDICE
DNAI11;BVMF:DNAI11;ETF;IT NOW MSCI USA IMI GENOMIC INNOVATION SELECT 50
DOLA11;BVMF:DOLA11;ETF;BB ETF INDICE FUTURO DE DOLAR S&P/B3 FDO IND RESP
DOLB11;BVMF:DOLB11;ETF;BTG PACTUAL REFERENCE S&P/B3 CAMBIAL FUNDO DE INDICE
ECOO11;BVMF:ECOO11;ETF;ISHARES INDICE CARBONO EFIC. (ICO2) BRASIL FUNDO DE INDICE
ELAS11;BVMF:ELAS11;ETF;SAFRA ETF MULHERES NA LIDERANCA FDO DE IND ACOES
EMEG11;BVMF:EMEG11;ETF;TREND ETF MSCI MERCADOS EMERGENTES FDO INV IND EXT
ESGB11;BVMF:ESGB11;ETF;BTG PACTUAL ESG FUNDO DE INDICE S&P/B3 BRAZIL ES
ESGD11;BVMF:ESGD11;ETF;TREND ETF MSCI EAFE ESG FDO INV INDICE IE
ESGE11;BVMF:ESGE11;ETF;TREND ETF MSCI EMERGING MARKETS ESG FDO INV IND IE
ESGU11;BVMF:ESGU11;ETF;TREND ETF MSCI USA ESG FDO DE INV DE INDICE IE
ETHE11;BVMF:ETHE11;ETF;HASHDEX NASDAQ ETHEREUM REFERENCE PRICE FDO. IND.
ETHY11;BVMF:ETHY11;ETF;BUENA VISTA DEX VETTAFI NEOS ETHEREUM HIGH INCOME FUNDO DE INDICE DE RESPONSABILIDADE LIMITADA
EURP11;BVMF:EURP11;ETF;TREND ETF MSCI EUROPA
FIND11;BVMF:FIND11;ETF;IT NOW IFNC FUNDO DE INDICE
FOMO11;BVMF:FOMO11;ETF;HASHDEX MOMENTUM FUNDO DE INDICE â€“ RESP LIMIT
FOOD11;BVMF:FOOD11;ETF;INVESTO ETF GLOBAL AGRIBUSINESS FDO INV IND IE
GDIV11;BVMF:GDIV11;ETF;BUENA VISTA DEX NEOS INTERNATIONAL HIGH INCOME FUNDO DE INDICE DE RESPONSABILIDADE LIMITADA
GENB11;BVMF:GENB11;ETF;BTG PACTUAL S&P/B3 INGENIUS FUNDO DE INDICE
GLDX11;BVMF:GLDX11;ETF;INVESTO ETF SOLACTIVE GOLD SPOT INDEX FND DE IND
GOAT11;BVMF:GOAT11;ETF;IT NOW S&P500 IMAB FUNDO DE INDICE
GOLD11;BVMF:GOLD11;ETF;TREND ETF LBMA OURO FDO. INV. INDICE INVEST. EXT
GOVE11;BVMF:GOVE11;ETF;IT NOW IGCT FUNDO DE INDICE
GPUS11;BVMF:GPUS11;ETF;INVESTO GP ETF S&P 500 FUNDO DE INDICE
GURU11;BVMF:GURU11;ETF;INTER EQI TEVA ETF GDES GURUS DO MERCADO FDO IND
GXUS11;BVMF:GXUS11;ETF;GALAPAGOS FTSE GLOBAL EQUITIES EX US FUNDO DE INDICE
HASH11;BVMF:HASH11;ETF;HASHDEX NASDAQ CRYPTO INDEX
HERT11;BVMF:HERT11;ETF;HEDGE BRASIL EQUITY REITS FUNDO DE INDICE DE RESPONSABILIDADE LIMITADA
HGBR11;BVMF:HGBR11;ETF;NU IBOXX INVESTMENT GRADE HEDGE CARRY BRL
HIGH11;BVMF:HIGH11;ETF;NU IBOV SMART HIGH BETA B3
HODL11;BVMF:HODL11;ETF;INVESTO ETF MARKETVECTOR BITCOIN BENCHMARK RATE
HTEK11;BVMF:HTEK11;ETF;IT NOW MORNINGSTAR XT US HEALTHCARE FDO. IND.
HYBR11;BVMF:HYBR11;ETF;NU IBOXX HIGH YIELD HEDGE CARRY BRL
IBOB11;BVMF:IBOB11;ETF;BTG PACTUAL B3 IBOVESPA FUNDO DE INDICE
ISUS11;BVMF:ISUS11;ETF;IT NOW ISE FUNDO DE INDICE
IVVB11;BVMF:IVVB11;ETF;ISHARES S&P 500 FDO INV COTAS FDO INDICE
IWMI11;BVMF:IWMI11;ETF;BUENA VISTA IV FUNDO DE INDICE
JOGO11;BVMF:JOGO11;ETF;INVESTO ETF GLOBAL VIDEO GAMING & ESPORTS FUNDO DE INVESTIMENTO DE INDICE INVESTIMENTO NO EXTERIOR
LVOL11;BVMF:LVOL11;ETF;NU IBOV SMART LOW VOLATILITY B3
MATB11;BVMF:MATB11;ETF;IT NOW IMAT FUNDO DE INDICE
META11;BVMF:META11;ETF;HASHDEX CRYPTO METAVERSE FUNDO DE INDICE
MILL11;BVMF:MILL11;ETF;IT NOW MSCI USA IMI MILLENIALS SELECT 50 FDO. IND.
NASD11;BVMF:NASD11;ETF;TREND ETF NASDAQ 100 FDO. INV. INDICE. INV. EXT.
NDIV11;BVMF:NDIV11;ETF;NU RENDA IBOV SMART DIVIDENDOS FUNDO DE INDICE
NFTS11;BVMF:NFTS11;ETF;VANECK ETF CRYPTO COMPARE MEDIA & ENTERTAINMENT
NSDV11;BVMF:NSDV11;ETF;NU IBOV SMART DIVIDENDOS FUNDO DE INDICE
NUCL11;BVMF:NUCL11;ETF;INVESTO MVIS GLOBAL URANIUM & NUCLEAR ENERGY ETF CLASSE DE INDICE
PEVC11;BVMF:PEVC11;ETF;INVESTO BLUESTAR ALTERNATIVE MANAGERS FDO DE IND
PIBB11;BVMF:PIBB11;ETF;IT NOW PIBB IBRX-50 FUNDO DE INDICE
PKIN11;BVMF:PKIN11;ETF;B-INDEX ETF CONNECT CHINA UNIVERSAL CSI 300 FUNDO DE INDICE
QBTC11;BVMF:QBTC11;ETF;QR CME CF BITCOIN REFERENCE RATE FDO. IND. INV. EX
QDFI11;BVMF:QDFI11;ETF;QR BLOOMBERG DEFI FDO DE INDICE INV NO EXTERIOR
QETH11;BVMF:QETH11;ETF;QR CME CF ETHER REFERENCE RATE FDO DE IND IE
QLBR11;BVMF:QLBR11;ETF;RIO BRAVO INVESTO MARKETVECTOR BRAZIL MULTIFACTOR QUALITY FUNDO DE INDICE
QQQI11;BVMF:QQQI11;ETF;FUNDO BUENA VISTA II FUNDO DE INDICE
QQQQ11;BVMF:QQQQ11;ETF;BUENA VISTA V FUNDO DE INDICE
QSOL11;BVMF:QSOL11;ETF;QR CME CF SOLANA D. R. R. F. DE I. I. NO E. R. LIM
REVE11;BVMF:REVE11;ETF;IT NOW RUSSELLÂ® 1000 GREEN REVENUES 50 FDO DE IND
SCVB11;BVMF:SCVB11;ETF;INVESTO MARKETVECTOR BRAZIL SMALL CAP VALUE ETF
SHOT11;BVMF:SHOT11;ETF;IT NOW S&PÂ® KENSHOÂ® MOONSHOTS FUNDO DE INDICE
SMAB11;BVMF:SMAB11;ETF;BTG PACTUAL SMLL B3 FUNDO DE INDICE
SMAC11;BVMF:SMAC11;ETF;IT NOW SMALL FUNDO INDICE
SMAL11;BVMF:SMAL11;ETF;ISHARES BMFBOVESPA SMALL CAP FUNDO DE INDICE
SOLH11;BVMF:SOLH11;ETF;HASHDEX NASDAQ SOLANA FUNDO DE INDICE
SPXB11;BVMF:SPXB11;ETF;BTG PACTUAL S&P 500 FUNDO DE INDICE
SPXI11;BVMF:SPXI11;ETF;IT NOW S&P500 TRN FUNDO DE INDICE
SPXR11;BVMF:SPXR11;ETF;IT NOW S&P 500 FUTURES QUANTO BRL FUNDO DE INDICE
SPYI11;BVMF:SPYI11;ETF;BUENA VISTA US HIGH INCOME ETF FDO INDICE
SVAL11;BVMF:SVAL11;ETF;INVESTO ETF S&P SMALLCAP 600 VALUE FDO INV IND IE
TECB11;BVMF:TECB11;ETF;INDICE DE ACOES TECH BRASIL ETF FUNDO DE INDICE
TECK11;BVMF:TECK11;ETF;IT NOW NYSE FANG+TM FUNDO DE INDICE
TECX11;BVMF:TECX11;ETF;B-INDEX ETF CONNECT CHINA AMC CHINEXT FUNDO DE INDICE
TIRB11;BVMF:TIRB11;ETF;BTG PACTUAL TEVA DIVIDENDOS ATIVOS REAIS LISTADOS FUNDO DE INDICE
TRIG11;BVMF:TRIG11;ETF;ETF TRIGONO TEVA ACOES M CAP/SMALL CAP FDO INDICE
URET11;BVMF:URET11;ETF;TREND ETF FTSE US REITS FUNDO DE INVEST DE INDICE
USAL11;BVMF:USAL11;ETF;TREND ETF CRSP U.S. LARGE CAP FDO INV IND
USTK11;BVMF:USTK11;ETF;INVESTO ETF MSCI US TECHNOLOGY FDO INV IND INV EXT
UTEC11;BVMF:UTEC11;ETF;TREND ETF MSCI US TECHNOLOGY FDO INV DE INDICE
UTLL11;BVMF:UTLL11;ETF;INVESTO B3 UTILIDADE PUBLICA FUNDO DE INDICE
VWRA11;BVMF:VWRA11;ETF;INVESTO FTSE ALL-WORLD FUNDO DE INDICE
WEB311;BVMF:WEB311;ETF;HASHDEX SMART CONTRACT PLATFORMS FUNDO DE INDICE
WRLD11;BVMF:WRLD11;ETF;INVESTO FTSE GLOBAL EQUITIES ETF FUNDO DE INVESTIMENTO DE INDICE INVESTIMENTO NO EXTERIOR
XBOV11;BVMF:XBOV11;ETF;CAIXA ETF IBOVESPA FUNDO DE INDICE
XFIX11;BVMF:XFIX11;ETF;TREND ETF IFIX FUNDO DE INDICE
XINA11;BVMF:XINA11;ETF;TREND ETF MSCI CHINA FDO. INV. INDICE INV. EXT.
XMAL11;BVMF:XMAL11;ETF;TREND ETF SMALL CAPS FUNDO DE INDICE
XRPH11;BVMF:XRPH11;ETF;HASHDEX NASDAQ XRP FUNDO DE INDICE
YDRO11;BVMF:YDRO11;ETF;IT NOW S&PÂ® KENSHOÂ® HYDROGEN FUNDO DE INDICE
AUPO11;BVMF:AUPO11;ETF RF;BTG PACTUAL TEVA AUVP ITBR LIQUIDEZ FUNDO DE INDICE
B5MB11;BVMF:B5MB11;ETF RF;ETF BRADESCO IMA-B5+ FUNDO DE INDICE
B5P211;BVMF:B5P211;ETF RF;IT NOW IMA-B5 P2 FUNDO DE INDICE
BDAP11;BVMF:BDAP11;ETF RF;BB ETF INDICE DAP5 B3 FUNDO DE INDICE
BNDX11;BVMF:BNDX11;ETF RF;INVESTO BLOOMBERG GLOBAL BOND ETF FUNDO DE INVESTIMENTO DE INDICE - INVESTIMENTO NO EXTERIOR
BOL511;BVMF:BOL511;ETF RF;B-INDEX ETF IMA-B 5 P2 FUNDO DE INDICE - RESPONSABILIDADE LIMITADA
DEBB11;BVMF:DEBB11;ETF RF;BTG PACTUAL TEVA DEBENTURES DI FUNDO DE INDICE
FIXA11;BVMF:FIXA11;ETF RF;MIRAE ASSET RENDA FIXA PRE FUNDO DE INDICE
GICP11;BVMF:GICP11;ETF RF;GENIAL TEVA DEBENTURES DI QUALITY HIGH BETA FUNDO DE INDICE
IB5M11;BVMF:IB5M11;ETF RF;IT NOW IMA-B5+ FUNDO DE INDICE
IDKA11;BVMF:IDKA11;ETF RF;IT NOW IRFM P3 FUNDO DE INDICE RESPONSABILIDADE LIMITADA
IMAB11;BVMF:IMAB11;ETF RF;IT NOW ID ETF IMA-B FUNDO DE INDICE
IMBB11;BVMF:IMBB11;ETF RF;ETF BRADESCO IMA-B FUNDO DE INDICE
IRFM11;BVMF:IRFM11;ETF RF;IT NOW IRF-M P2 FUNDO DE INDICE
LFIN11;BVMF:LFIN11;ETF RF;BTG PACTUAL TEVA LETRAS FINANCEIRAS DI QUALIDADE FUNDO DE INDICE
LFTB11;BVMF:LFTB11;ETF RF;INVESTO ETF M B TREASURY 760 DAY TARGET DURATION
LFTS11;BVMF:LFTS11;ETF RF;INVESTO TEVA TESOURO SELIC ETF â€“ FUNDO DE INVESTIMENTO DE INDICE
LLFT11;BVMF:LLFT11;ETF RF;BTG PACTUAL TEVA TESOURO SELIC FUNDO DE INDICE
MARG11;BVMF:MARG11;ETF RF;ETF BTG PACTUAL MARGEM DEBENTURES ULTRA QUALIDADE DI B3 FUNDO DE INDICE
NCDI11;BVMF:NCDI11;ETF RF;NU CDI TESOURO SELIC B3 CLASSE DE INDICE - RESPONSABILIDADE LIMITADA
NLFA11;BVMF:NLFA11;ETF RF;NU LETRAS FINANCEIRAS ANBIMA CLASSE DE INDICE - RESPONSABILIDADE LIMITADA
NTNS11;BVMF:NTNS11;ETF RF;INVESTO TEVA TESOURO IPCA+ 0 A 4 ANOS ETF - FUNDO DE INVESTIMENTO DE INDICE
PACB11;BVMF:PACB11;ETF RF;BTG PACTUAL TEVA TESOURO IPCA ULTRA LONGO CE FUNDO DE INDICE
PACC11;BVMF:PACC11;ETF RF;BTG PACTUAL IMA-B 5 P2 FUNDO DE INDICE
PACG11;BVMF:PACG11;ETF RF;BTG PACTUAL IMA-B FUNDO DE INDICE
PHIP11;BVMF:PHIP11;ETF RF;PHRONESIS TEVA IPCA DYNAMIC SELECTION YIELD FUNDO DE INDICE
T10R11;BVMF:T10R11;ETF RF;IT NOW S&P TESOURO AMERICANO 10 ANOS BRL FUNDO DE INDICE - RESPONSABILIDADE LIMITADA
USDB11;BVMF:USDB11;ETF RF;INVESTO BLOOMBERG US BOND ETF FUNDO DE INVESTIMENTO DE INDICE - INVESTIMENTO NO EXTERIOR
0P0000RU7W;LON:0P0000RU7W;ETF_GB;FUNDSMITH EQUITY T ACC
AGGU;LON:AGGU;ETF_GB;ISHARES CORE GLOBAL AGGREGATE BOND UCITS ETF USD HEDGED (ACC)
AT1;LON:AT1;ETF_GB;INVESCO AT1 CAPITAL BOND ETF
AVGS;LON:AVGS;ETF_GB;AVANTIS GLOBAL SMALL CAP VAL UCITS ETF USD ACC ETF
BB3M;LON:BB3M;ETF_GB;JPM BETABUILDERS US TREASURY BOND 0-3 MONTHS UCITS ETF USD ACC
CBDX;LON:CBDX;ETF_GB;THE MEDICAL CANNABIS AND WELLNESS UCITS ETF
CMOD;LON:CMOD;ETF_GB;INVESCO BLOOMBERG COMMODITY UCITS ETF
CNDX;LON:CNDX;ETF_GB;ISHARES VII PLC - ISHARES NASDAQ 100 UCITS ETF
CNYA;LON:CNYA;ETF_GB;ISHARES MSCI CHINA A UCITS ETF
CSPX;LON:CSPX;ETF_GB;ISHARES CORE S&P 500 UCITS ETF USD (ACC) ETF
DFNS;LON:DFNS;ETF_GB;VANECK DEFENSE ETF
DGTL;LON:DGTL;ETF_GB;ISHARES DIGITALISATION UCITS ETF
DTLA;LON:DTLA;ETF_GB;ISHARES $ TREASURY BOND 20+YR UCITS ETF
EGLN;LON:EGLN;ETF_GB;ISHARES PHYSICAL GOLD ETC
EIMI;LON:EIMI;ETF_GB;ISHARES CORE MSCI EM IMI UCITS ETF USD
EMCA;LON:EMCA;ETF_GB;ISHARES J.P. MORGAN $ EM CORP BOND UCITS ETF USD
EMMV;LON:EMMV;ETF_GB;ISHARES EDGE MSCI EM MINIMUM VOLATILITY UCITS ETF
EMRD;LON:EMRD;ETF_GB;SPDR MSCI EMERGING MARKETS UCITS ETF
EMSD;LON:EMSD;ETF_GB;SPDR MSCI EMERGING MARKETS SMALL CAP UCITS ETF
EMVL;LON:EMVL;ETF_GB;ISHARES EDGE MSCI EM VALUEFACTOR UCITS ETF USD ACC
EQQS;LON:EQQS;ETF_GB;INVESCO NASDAQ-100 SWAP UCITS ETF ACC
EQQU;LON:EQQU;ETF_GB;INVESCO EQQQ NASDAQ 100 UCITS ETF
ERNA;LON:ERNA;ETF_GB;ISHARES $ ULTRASHORT BOND UCITS ETF
EXUS;LON:EXUS;ETF_GB;XTRACKERS MSCI WORLD EX USA UCITS ETF 1C USD
FLOA;LON:FLOA;ETF_GB;ISHARES $ FLOATING RATE BOND UCITS ETF
FLWR;LON:FLWR;ETF_GB;RIZE UCITS ICAV RIZE MEDICAL CANNABIS & LIFE SCI ETF
FLXC;LON:FLXC;ETF_GB;FRANKLIN FTSE CHINA UCITS ETF
FWRA;LON:FWRA;ETF_GB;INVESCO FTSE ALL-WORLD UCITS ETF
GDX;LON:GDX;ETF_GB;VANECK GOLD MINERS UCITS ETF
GLRA;LON:GLRA;ETF_GB;SPDR DOW JONES GLOBAL REAL ESTATE UCITS ETF
GLRE;LON:GLRE;ETF_GB;SPDR DOW JONES GLOBAL REAL ESTATE UCITS ETF
GOAT;LON:GOAT;ETF_GB;VANECK VECTORS MORNINGSTAR GLOBAL WIDE MOAT ETF
GRDU;LON:GRDU;ETF_GB;FIRST TRUST NASDAQ CLEAN EDGE SMART GRID INFRASTRUCTURE UCITS ETF
HERU;LON:HERU;ETF_GB;GLOBAL X VIDEO GAMES & ESPORTS UCITS ETF USD ACC
HLQD;LON:HLQD;ETF_GB;ISHARES $ CORP BOND INTEREST RATE HEDGED UCITS ETF
HYGU;LON:HYGU;ETF_GB;ISHARES HIGH YIELD CORP BOND UCITS ETF USD HGD A
HYLA;LON:HYLA;ETF_GB;ISHARES GLOBAL HIGH YIELD CORP BOND UCITS ETF
HYLD;LON:HYLD;ETF_GB;ISHARES GLOBAL HIGH YIELD CORP BOND UCITS ETF
IAUP;LON:IAUP;ETF_GB;ISHARES GOLD PRODUCERS UCITS ETF USD (ACC)
IB01;LON:IB01;ETF_GB;ISHARES $ TREASURY BOND 0-1YR UCITS ETF USD
IBCI;LON:IBCI;ETF_GB;ISHARES â‚¬ INFLATION LINKED GOVT BOND UCITS ETF EUR ACC
IBGS;LON:IBGS;ETF_GB;ISHARES â‚¬ GOVT BOND 1-3YR UCITS ETF EUR (DIST)
IBTA;LON:IBTA;ETF_GB;ISHARES $ TREASURY BOND 1-3YR UCITS ETF
ICOM;LON:ICOM;ETF_GB;ISHARES DIVERSIFIED COMMODITY SWAP UCITS ETF
ID30;LON:ID30;ETF_GB;ISHARES IBONDS DEC 2030 TERM $ CORP UCITS ETF USD
IDTM;LON:IDTM;ETF_GB;ISHARES $ TREASURY BOND 7-10YR UCITS ETF USD (DIST)
IDTP;LON:IDTP;ETF_GB;ISHARES $ TIPS UCITS ETF
IEEU;LON:IEEU;ETF_GB;ISHARES EDGE MSCI EUROPE MULTIFACTOR UCITS ETF EUR
IEMA;LON:IEMA;ETF_GB;ISHARES MSCI EM UCITS ETF USD (ACC)
IFSD;LON:IFSD;ETF_GB;ISHARES STOXX EUROPE EQUITY MULTIFACTOR UCITS ETF EUR (DIST)
IFSW;LON:IFSW;ETF_GB;ISHARES IV PLC ISHS EDGE MSCI WRLD MULTIFAC ETF USD ACC
IGIL;LON:IGIL;ETF_GB;ISHARES GLOBAL INFLATION LINKED GOVT BOND UCITS ETF USD (ACC) (IGIL.L)
IGLN;LON:IGLN;ETF_GB;ISHARES PHYSICAL GOLD ETC
IHYA;LON:IHYA;ETF_GB;ISHARES $ HIGH YIELD CORP BOND UCITS ETF USD (ACC)
IJPA;LON:IJPA;ETF_GB;ISHARES CORE MSCI JAPAN IMI UCITS ETF USD (ACC) (IJPA.L)
IMID;LON:IMID;ETF_GB;SPDR MSCI ACWI IMI UCITS ETF
ISAC;LON:ISAC;ETF_GB;ISHARES MSCI ACWI UCITS ETF USD
ISLN;LON:ISLN;ETF_GB;ISHARES PHYSICAL SILVER ETC
ISX5;LON:ISX5;ETF_GB;ISHARES CORE EURO STOXX 50 ETF EUR ACC
IUAA;LON:IUAA;ETF_GB;ISHARES US AGGREGATE BOND UCITS ETF
IUIT;LON:IUIT;ETF_GB;ISHARES S&P 500 INFORMATION TECHNOLOGY SECTOR UCITS ETF USD (ACC) (IUIT.L)
IUMO;LON:IUMO;ETF_GB;ISHARES EDGE MSCI USA MOMENTUM FACTOR ETF
IUQA;LON:IUQA;ETF_GB;ISHARES EDGE MSCI USA QUALITY FACTOR UCITS ETF
IUVL;LON:IUVL;ETF_GB;ISHARES EDGE MSCI USA VALUE FACTOR UCITS ETF USD (ACC) (IUVL.L)
IWDA;LON:IWDA;ETF_GB;ISHARES CORE MSCI WORLD UCITS ETF USD (ACC) (IWDA.L)
IWMO;LON:IWMO;ETF_GB;ISHARES EDGE MSCI WRLDMMTFACTOR UCITS ETF USD ACC
IWQU;LON:IWQU;ETF_GB;ISHARES EDGE MSCI WORLD QUALITY FACTOR UCITS ETF
IWVL;LON:IWVL;ETF_GB;ISHARES EDGE MSCI WORLD VALUE FACTOR UCITS ETF USD (ACC) (IWVL.L)
JEDI;LON:JEDI;ETF_GB;VANECK SPACE INNOVATORS UCITS ETF A USD ACC
JPEA;LON:JPEA;ETF_GB;ISHARES J.P. MORGAN $ EM BOND UCITS ETF USD (ACC) (JPEA.L)
JPGL;LON:JPGL;ETF_GB;JPM GLOBAL EQUITY MULTI-FACTOR UCITS ETF
JREM;LON:JREM;ETF_GB;JPMORGAN ETFS (IRELAND) ICAV - GLOBAL EMERGING MARKETS RESEARCH ENH IDX EQ ACTIVE UCITS ETF USD ACC
JREU;LON:JREU;ETF_GB;US RESEARCH ENHANCED INDEX EQUITY UCITS ETF
KWEB;LON:KWEB;ETF_GB;KRANESHARES CSI CHINA INTERNET UCITS ETF
LQDA;LON:LQDA;ETF_GB;ISHARES $ CORP BOND UCITS ETF USD (ACC)
MVOL;LON:MVOL;ETF_GB;ISHARES EDGE MSCI WORLD MINIMUM VOLATILITY UCITS ETF USD (ACC) (MVOL.L)
NATO;LON:NATO;ETF_GB;HANETF ICAV - FUTURE OF DEFENCE UCITS ETF ACC
NCLR;LON:NCLR;ETF_GB;WISDOMTREE URANIUM AND NUCLEAR ENERGY UCITS ETF - USD ACC
NDIA;LON:NDIA;ETF_GB;ISHARES MSCI INDIA UCITS ETF
NUCL;LON:NUCL;ETF_GB;VANECK URANIUM AND NUCLEAR TECHNOLOGIES UCITS ETF A USD ACC
QNTM;LON:QNTM;ETF_GB;VANECK QUANTUM COMPUTING UCITS ETF A USD ACC
R2US;LON:R2US;ETF_GB;SPDR RUSSELL 2000 US SMALL CAP UCITS ETF
RBOT;LON:RBOT;ETF_GB;ISHARES AUTOMATION & ROBOTICS UCITS ETF USD
RTYS;LON:RTYS;ETF_GB;INVESCO RUSSELL 2000 UCITS ETF
SASU;LON:SASU;ETF_GB;ISHARES MSCI USA ESG SCREENED UCITS ETF
SDHA;LON:SDHA;ETF_GB;ISHARES $ SHORT DURATION HIGH YIELD CORP BOND UCITS ETF
SDHY;LON:SDHY;ETF_GB;ISHARES $ SHORT DURATION HIGH YIELD CORP BOND UCITS ETF USD (DIST)
SDIA;LON:SDIA;ETF_GB;ISHARES $ SHORT DURATION CORP BOND UCITS ETF
SGLD;LON:SGLD;ETF_GB;INVESCO PHYSICAL GOLD ETC
SMH;LON:SMH;ETF_GB;VANECK SEMICONDUCTOR UCITS ETF
SPMV;LON:SPMV;ETF_GB;ISHARES EDGE S&P 500 MINIMUM VOLATILITY UCITS ETF
SPXS;LON:SPXS;ETF_GB;INVESCO S&P 500 UCITS ETF
SPY4;LON:SPY4;ETF_GB;SPDR S&P 400 US MID CAP UCITS ETF
SPYL;LON:SPYL;ETF_GB;SPDR S&P 500 UCITS ETF USD ACC
SUAS;LON:SUAS;ETF_GB;ISHARES MSCI USA SRI UCITS ETF USD (ACC)
SWRD;LON:SWRD;ETF_GB;SPDR MSCI WORLD UCITS ETF
SXLP;LON:SXLP;ETF_GB;SPDR S&P U.S. CONSUMER STAPLES SELECT SECTOR UCITS ETF
TLT5;LON:TLT5;ETF_GB;LEVERAGE SHARES 5X LONG 20+ YEAR TREASURY BOND ETP SECURITIES
U03A;LON:U03A;ETF_GB;ISHARES $ TREASURY BOND 0-3 MONTH UCITS ETF USD (ACC)
URNM;LON:URNM;ETF_GB;SPROTT URANIUM MINERS UCITS ETF ACCUMULATING
URNU;LON:URNU;ETF_GB;GLOBAL X URANIUM UCITS ETF
USML;LSE:USML;ETF_GB;INVESCO S&P SMALLCAP 600 UCITS ETF
USML;LON:USML;ETF_GB;INVESCO S&P SMALLCAP 600 UCITS ETF
USSC;LON:USSC;ETF_GB;SPDR MSCI USA SMALL CAP VALUE WEIGHTED UCITS ETF USD ACC (USSC.L)
V3AA;LON:V3AA;ETF_GB;VANGUARD ESG GLOBAL ALL CAP UCITS ETF
V3AB;LON:V3AB;ETF_GB;VANGUARD ESG GLOBAL ALL CAP UCITS ETF
VAPU;LON:VAPU;ETF_GB;VANGUARD FTSE DEVELOPED ASIA PACIFIC EX JAPAN UCITS ETF USD ACCUMULATION (VAPU.L)
VDEA;LON:VDEA;ETF_GB;VANGUARD USD EMERGING MARKETS GOVERNMENT BOND UCITS ETF
VDPA;LON:VDPA;ETF_GB;VANGUARD USD CORPORATE BOND UCITS ETF USD ACC
VDST;LON:VDST;ETF_GB;VANGUARD U.S. TREASURY 0-1 YEAR BOND UCITS ETF
VFEA;LON:VFEA;ETF_GB;VANGUARD FTSE EMERGING MARKETS UCITS ETF
VHVE;LON:VHVE;ETF_GB;VANGUARD FTSE DEVELOPED WORLD UCITS ETF
VHYA;LON:VHYA;ETF_GB;VANGUARD FTSE ALL-WORLD HIGH DIVIDEND YIELD UCITS ETF USD ACC
VUAA;LON:VUAA;ETF_GB;VANGUARD S&P 500 UCITS ETF USD ACCUMULATION (VUAA.L)
VUAG;LON:VUAG;ETF_GB;VANGUARD FTSE 100 UCITS ETF GBP ACCUMULATION
VUKG;LON:VUKG;ETF_GB;VANGUARD S&P 500 UCITS ETF USD ACCUMULATION
VUSD;LON:VUSD;ETF_GB;VANGUARD S&P 500 UCITS ETF
VWCG;LON:VWCG;ETF_GB;VANGUARD FTSE DEVELOPED EUROPE UCITS ETF
VWRA;LON:VWRA;ETF_GB;VANGUARD FTSE ALL-WORLD UCITS ETF USD ACCUMULATION (VWRA.L)
VWRD;LON:VWRD;ETF_GB;VANGUARD FTSE ALL-WORLD UCITS ETF
VWRP;LON:VWRP;ETF_GB;VANGUARD FTSE ALL-WORLD UCITS ETF USD ACCUMULATION
WSML;LON:WSML;ETF_GB;ISHARES MSCI WORLD SMALL CAP UCITS ETF USD (ACC) (WSML.L)
XD9U;LON:XD9U;ETF_GB;XTRACKERS (IE) PUBLIC LIMITED COMPANY XTRACKERS MSCI USA UCITS ETF (XD9U.L)
XDAX;LON:XDAX;ETF_GB;XTRACKERS DAX UCITS ETF 1C
XDEW;LON:XDEW;ETF_GB;XTRACKERS S&P 500 EQUAL WEIGHT UCITS ETF
XDW0;LON:XDW0;ETF_GB;XTRACKERS MSCI WORLD ENERGY UCITS ETF
XDWU;LON:XDWU;ETF_GB;XTRACKERS MSCI WORLD UTILITIES UCITS ETF 1C
XFFE;LON:XFFE;ETF_GB;XTRACKERS II USD OVERNIGHT RATE SWAP UCITS ETF 1C
XLKS;LON:XLKS;ETF_GB;INVESCO TECHNOLOGY S&P US SELECT SECTOR UCITS ETF
XLUS;LON:XLUS;ETF_GB;INVESCO UTILITIES S&P US SELECT SECTOR UCITS ETF
XMME;LON:XMME;ETF_GB;XTRACKERS MSCI EMERGING MARKETS UCITS ETF 1C
XRES;LON:XRES;ETF_GB;SOURCE REAL ESTATE S&P US SELECT SECTOR UCITS ETF
0P00000K5W;OTCMKTS:0P00000K5W;ETF_US;BLACKROCK GLOBAL FUNDS - SUSTAINABLE ENERGY FUND A2
0P00000RMP;OTCMKTS:0P00000RMP;ETF_US;JANUS HENDERSON BALANCED A2 USD
0P000019CB;OTCMKTS:0P000019CB;ETF_US;JPMORGAN FUNDS - US GROWTH FUND A
0P00009FNY;OTCMKTS:0P00009FNY;ETF_US;JPM US SELECT EQUITY PLUS A (ACC) USD
0P0000WX0N;OTCMKTS:0P0000WX0N;ETF_US;NEUBERGER BERMAN US MLTCP OPPS USD A ACC
0P0000XAMN;OTCMKTS:0P0000XAMN;ETF_US;PIMCO GIS INCOME E USD ACC
0P0000Y6B2;OTCMKTS:0P0000Y6B2;ETF_US;JPM GLOBAL BOND OPPS A (ACC) USD
0P0000ZSIS;OTCMKTS:0P0000ZSIS;ETF_US;AB LOW VOLATILITY EQ AD USD
0P000137BB;OTCMKTS:0P000137BB;ETF_US;PIMCO GIS US S/T E USD ACC
0P00013FV7;OTCMKTS:0P00013FV7;ETF_US;POLEN CAPITAL FOCUS US GR A RETAIL
0P00014J0S;OTCMKTS:0P00014J0S;ETF_US;NINETY ONE GSF GLB FRCHS A ACC USD HDG
0P0001MNCT;OTCMKTS:0P0001MNCT;ETF_US;CAPITAL GROUP AMBAL (LUX) B
AAAU;NYSEARCA:AAAU;ETF_US;PERTH MINT PHYSICAL GOLD ETF
AAXJ;NASDAQ:AAXJ;ETF_US;ISHARES MSCI ALL COUNTRY ASIA EX JAPAN ETF
ACES;NYSEARCA:ACES;ETF_US;ALPS CLEAN ENERGY ETF
ACWI;NASDAQ:ACWI;ETF_US;ISHARES MSCI ACWI ETF
ACWV;BATS:ACWV;ETF_US;ISHARES MSCI ALL COUNTRY WORLD MINIMUM VOLATILITY ETF
ACWX;NASDAQ:ACWX;ETF_US;ISHARES MSCI ACWI EX U.S. ETF
AFK;NYSEARCA:AFK;ETF_US;MARKET VECTORS-AFRICA INDEX ETF
AGG;NYSEARCA:AGG;ETF_US;ISHARES CORE U.S. AGGREGATE BOND ETF
AGOX;NYSEARCA:AGOX;ETF_US;ADAPTIVE GROWTH OPPORTUNITIES ETF
AGQ;NYSEARCA:AGQ;ETF_US;ULTRA SILVER ETF
AIA;NASDAQ:AIA;ETF_US;ISHARES ASIA 50 ETF
AIEQ;NYSEARCA:AIEQ;ETF_US;AI POWERED EQUITY ETF
AIPI;NASDAQ:AIPI;ETF_US;REX AI EQUITY PREMIUM INCOME ETF
AIPO;NASDAQ:AIPO;ETF_US;DEFIANCE AI & POWER INFRASTRUCTURE ETF
AIQ;NASDAQ:AIQ;ETF_US;GLOBAL X ARTIFICIAL INTELLIGENCE & TECHNOLOGY ETF
AIRR;NASDAQ:AIRR;ETF_US;FIRST TRUST RBA AMER INDUSTRIAL RENAISSANCE ETF
AIYY;NYSEARCA:AIYY;ETF_US;YIELDMAX AI OPTION INCOME STRATEGY ETF
ALFA;BATS:ALFA;ETF_US;ALPHACLONE ALTERNATIVE ALPHA ETF
AMDY;NYSEARCA:AMDY;ETF_US;YIELDMAX AMD OPTION INCOME STRATEGY ETF
AMJ;NYSEARCA:AMJ;ETF_US;JPMORGAN ALERIAN MLP INDEX ETN
AMLP;NYSEARCA:AMLP;ETF_US;ALERIAN MLP ETF
AMOM;NYSEARCA:AMOM;ETF_US;QRAFT AI-ENHANCED U.S. LARGE CAP MOMENTUM ETF
AMZA;NYSEARCA:AMZA;ETF_US;INFRACAP MLP ETF
AMZP;BATS:AMZP;ETF_US;KURV YIELD PREMIUM STRATEGY AMAZON ETF
AMZY;NYSEARCA:AMZY;ETF_US;YIELDMAX AMZN OPTION INCOME STRATEGY ETF
ANGL;NASDAQ:ANGL;ETF_US;MARKET VECTORS FALLEN ANGEL HIGH YIELD BOND ETF
AOA;NYSEARCA:AOA;ETF_US;ISHARES CORE AGGRESSIVE ALLOCATION ETF
AOK;NYSEARCA:AOK;ETF_US;ISHARES CORE CONSERVATIVE ALLOCATION ETF
AOM;NYSEARCA:AOM;ETF_US;ISHARES CORE MODERATE ALLOCATION ETF
AOR;NYSEARCA:AOR;ETF_US;ISHARES CORE GROWTH ALLOCATION ETF
AOTG;NASDAQ:AOTG;ETF_US;AOT GROWTH AND INNOVATION ETF
ARGT;NYSEARCA:ARGT;ETF_US;GLOBAL X MSCI ARGENTINA ETF
ARKF;NYSEARCA:ARKF;ETF_US;ARK FINTECH INNOVATION ETF
ARKG;BATS:ARKG;ETF_US;GENOMIC REVOLUTION MULTI-SECTOR ETF
ARKK;NYSEARCA:ARKK;ETF_US;ARK INNOVATION ETF
ARKQ;BATS:ARKQ;ETF_US;INDUSTRIAL INNOVATION ETF
ARKW;NYSEARCA:ARKW;ETF_US;WEB X.0 ETF
ARKX;BATS:ARKX;ETF_US;ARK SPACE EXPLORATION & INNOVATION ETF
ARTY;NYSEARCA:ARTY;ETF_US;ISHARES FUTURE AI & TECH ETF
ASHR;NYSEARCA:ASHR;ETF_US;DEUTSCHE X-TRACKERS HARVEST CSI 300 CHINA A-SHARES ETF
AVDE;NYSEARCA:AVDE;ETF_US;AVANTIS INTERNATIONAL EQUITY ETF
AVDV;NYSEARCA:AVDV;ETF_US;AVANTIS INTERNATIONAL SMALL CAP VALUE ETF
AVEM;NYSEARCA:AVEM;ETF_US;AVANTIS EMERGING MARKETS EQUITY ETF
AVES;NYSEARCA:AVES;ETF_US;AVANTIS EMERGING MARKETS VALUE
AVIV;NYSEARCA:AVIV;ETF_US;AVANTIS INTERNATIONAL LARGE CAP VALUE ETF
AVUS;NYSEARCA:AVUS;ETF_US;AVANTIS U.S. EQUITY ETF
AVUV;NYSEARCA:AVUV;ETF_US;AVANTIS U.S. SMALL CAP VALUE ETF
AWAY;NYSEARCA:AWAY;ETF_US;ETFMG TRAVEL TECH ETF
BAB;NYSEARCA:BAB;ETF_US;POWERSHARES BUILD AMERICA BOND PORTFOLIO ETF
BAGY;BATS:BAGY;ETF_US;AMPLIFY BITCOIN MAX INCOME COVERED CALL ETF
BAL;NYSEARCA:BAL;ETF_US;IPATH SERIES B BLOOMBERG COTTON SUBINDEX TOTAL RETURN ETN
BBEU;BATS:BBEU;ETF_US;JPMORGAN BETABUILDERS EUROPE ETF
BCCC;BATS:BCCC;ETF_US;GLOBAL X BITCOIN COVERED CALL ETF
BCD;NYSEARCA:BCD;ETF_US;ABRDN BLOOMBERG ALL COMMODITY LONGER DATED STRATEGY K-1 FREE ETF
BCI;NYSEARCA:BCI;ETF_US;ABRDN BLOOMBERG ALL COMMODITY STRATEGY K-1 FREE ETF
BDRY;NYSEARCA:BDRY;ETF_US;BREAKWAVE DRY BULK SHIPPING ETF
BETZ;NYSEARCA:BETZ;ETF_US;ROUNDHILL SPORTS BETTING & IGAMING ETF
BIL;NYSEARCA:BIL;ETF_US;SPDR BARCLAYS 1-3 MONTH T-BILL ETF
BINC;NYSEARCA:BINC;ETF_US;BLACKROCK FLEXIBLE INCOME ETF
BITB;NYSEARCA:BITB;ETF_US;BITWISE BITCOIN ETF
BITI;NYSEARCA:BITI;ETF_US;PROSHARES SHORT BITCOIN STRATEGY ETF
BITO;NYSEARCA:BITO;ETF_US;PROSHARES BITCOIN STRATEGY ETF
BITQ;NYSEARCA:BITQ;ETF_US;BITWISE CRYPTO INDUSTRY INNOVATORS ETF
BITX;BATS:BITX;ETF_US;2X BITCOIN STRATEGY ETF
BITY;BATS:BITY;ETF_US;AMPLIFY BITCOIN 2% MONTHLY OPTION INCOME ETF
BIV;NYSEARCA:BIV;ETF_US;INTERMEDIATE-TERM BOND ETF
BIZD;NYSEARCA:BIZD;ETF_US;MARKET VECTORS BDC INCOME ETF
BKCH;NASDAQ:BKCH;ETF_US;GLOBAL X BLOCKCHAIN ETF
BKLC;NYSEARCA:BKLC;ETF_US;BNY MELLON US LARGE CAP CORE EQUITY ETF
BKLN;NYSEARCA:BKLN;ETF_US;POWERSHARES SENIOR LOAN PORTFOLIO ETF
BLCN;NASDAQ:BLCN;ETF_US;REALITY SHARES NASDAQ NEXGEN ECONOMY ETF
BLDG;BATS:BLDG;ETF_US;CAMBRIA GLOBAL REAL ESTATE ETF
BLOK;NYSEARCA:BLOK;ETF_US;AMPLIFY TRANSFORMATIONAL DATA SHARING ETF
BLOX;NYSEARCA:BLOX;ETF_US;NICHOLAS CRYPTO INCOME ETF
BLV;NYSEARCA:BLV;ETF_US;LONG-TERM BOND ETF
BND;NASDAQ:BND;ETF_US;TOTAL BOND MARKET ETF
BNDW;NASDAQ:BNDW;ETF_US;VANGUARD TOTAL WORLD BOND ETF
BNDX;NASDAQ:BNDX;ETF_US;TOTAL INTERNATIONAL BOND ETF
BNO;NYSEARCA:BNO;ETF_US;UNITED STATES BRENT OIL FUND
BOIL;NYSEARCA:BOIL;ETF_US;ULTRA BLOOMBERG NATURAL GAS ETF
BOND;NYSEARCA:BOND;ETF_US;PIMCO TOTAL RETURN ACTIVE EXCHANGE-TRADED FUND
BOTZ;NASDAQ:BOTZ;ETF_US;GLOBAL X ROBOTICS & ARTIFICIAL INTELLIGENCE THEMATIC ETF
BOXX;BATS:BOXX;ETF_US;ALPHA ARCHITECT 1-3 MONTH BOX ETF
BRAZ;NYSEARCA:BRAZ;ETF_US;GLOBAL X BRAZIL ACTIVE ETF
BRZU;NYSEARCA:BRZU;ETF_US;DIREXION DAILY BRAZIL BULL 3X SHARES ETF
BSJM;NASDAQ:BSJM;ETF_US;GUGGENHEIM BULLETSHARES 2022 HIGH YIELD CORPORATE BOND ETF
BSJO;NASDAQ:BSJO;ETF_US;INVESCO BULLETSHARES 2024 HIGH YIELD CORPORATE BOND ETF
BSOL;NYSEARCA:BSOL;ETF_US;BITWISE SOLANA ETF
BSV;NYSEARCA:BSV;ETF_US;SHORT-TERM BOND ETF
BTAL;NYSEARCA:BTAL;ETF_US;U.S. MARKET NEUTRAL ANTI-BETA FUND
BTCI;BATS:BTCI;ETF_US;NEOS BITCOIN HIGH INCOME ETF
BTCO;BATS:BTCO;ETF_US;INVESCO GALAXY BITCOIN ETF
BTGD;NASDAQ:BTGD;ETF_US;STKD 100% BITCOIN & 100% GOLD ETF
BUG;NASDAQ:BUG;ETF_US;GLOBAL X CYBERSECURITY ETF
BUYZ;BATS:BUYZ;ETF_US;FRANKLIN DISRUPTIVE COMMERCE ETF
BWX;NYSEARCA:BWX;ETF_US;SPDR BARCLAYS INTL TREASURY BOND ETF
BWZ;NYSEARCA:BWZ;ETF_US;SPDR BLOOMBERG SHORT TERM INTERNATIONAL TREASURY BOND ETF
BZQ;NYSEARCA:BZQ;ETF_US;ULTRASHORT MSCI BRAZIL CAPPED ETF
CACG;NASDAQ:CACG;ETF_US;CLEARBRIDGE ALL CAP GROWTH ETF
CALF;NYSEARCA:CALF;ETF_US;PACER US SMALL CAP CASH COWS 100 ETF
CANE;NYSEARCA:CANE;ETF_US;THE TEUCRIUM SUGAR FUND
CAPE;NYSEARCA:CAPE;ETF_US;DOUBLELINE SHILLER CAPE U.S. EQUITIES ETF
CATH;NASDAQ:CATH;ETF_US;GLOBAL X S&P 500 CATHOLIC VALUES ETF
CBON;NYSEARCA:CBON;ETF_US;MARKET VECTORS CHINAAMC CHINA BOND ETF
CEFS;BATS:CEFS;ETF_US;SABA CLOSED-END FUNDS ETF
CEMB;BATS:CEMB;ETF_US;ISHARES EMERGING MARKETS CORPORATE BOND ETF
CGDV;NYSEARCA:CGDV;ETF_US;CAPITAL GROUP DIVIDEND VALUE ETF
CGW;NYSEARCA:CGW;ETF_US;GUGGENHEIM S&P GLOBAL WATER INDEX ETF
CHAT;NYSEARCA:CHAT;ETF_US;ROUNDHILL GENERATIVE AI & TECHNOLOGY ETF
CHIK;NYSEARCA:CHIK;ETF_US;GLOBAL X MSCI CHINA INFORMATION TECHNOLOGY ETF
CHIQ;NYSEARCA:CHIQ;ETF_US;GLOBAL X CHINA CONSUMER ETF
CHPY;NYSEARCA:CHPY;ETF_US;YIELDMAX SEMICONDUCTOR PORTFOLIO OPTION INCOME ETF
CIBR;NASDAQ:CIBR;ETF_US;FIRST TRUST NASDAQ CYBERSECURITY ETF
CLIP;NYSEARCA:CLIP;ETF_US;GLOBAL X FUNDS - 1-3 MONTH T-BILL ETF
CLOU;NASDAQ:CLOU;ETF_US;GLOBAL X CLOUD COMPUTING ETF
CLTL;NYSEARCA:CLTL;ETF_US;INVESCO TREASURY COLLATERAL ETF
CNAV;BATS:CNAV;ETF_US;MOHR COMPANY NAV ETF
CNBS;NYSEARCA:CNBS;ETF_US;AMPLIFY SEYMOUR CANNABIS ET
CNRG;NYSEARCA:CNRG;ETF_US;SPDR KENSHO CLEAN POWER ETF
CNXT;NYSEARCA:CNXT;ETF_US;VANECK CHINEXT ETF
CNYA;BATS:CNYA;ETF_US;ISHARES MSCI CHINA A ETF
COMT;NASDAQ:COMT;ETF_US;ISHARES GSCI COMMODITY DYNAMIC
CONY;NYSEARCA:CONY;ETF_US;YIELDMAX COIN OPTION INCOME STRATEGY ETF
COPX;NYSEARCA:COPX;ETF_US;GLOBAL X COPPER MINERS ETF
CORN;NYSEARCA:CORN;ETF_US;THE TEUCRIUM CORN FUND
COWZ;BATS:COWZ;ETF_US;PACER US CASH COWS 100 ETF
CPER;NYSEARCA:CPER;ETF_US;UNITED STATES COPPER INDEX FUND
CQQQ;NYSEARCA:CQQQ;ETF_US;CHINA TECHNOLOGY GUGGENHEIM (ETF)
CRSH;NYSEARCA:CRSH;ETF_US;TIDAL TRUST II YIELDMAX SHORT T
CSM;BATS:CSM;ETF_US;LARGE CAP CORE PLUS ETF
CTA;NYSEARCA:CTA;ETF_US;SIMPLIFY MANAGED FUTURES STRATEGY ETF
CURE;NYSEARCA:CURE;ETF_US;DIREXION DAILY HEALTHCARE BULL 3X SHARES ETF
CWB;NYSEARCA:CWB;ETF_US;SPDR BARCLAYS CAPITAL CONVERTIBLE BOND ETF
CWI;NYSEARCA:CWI;ETF_US;SPDR MSCI ACWI EX-US ETF
CXSE;NASDAQ:CXSE;ETF_US;WISDOMTREE CHINA EX-STATE-OWNED ENTERPRISES FUND
DAX;NYSEARCA:DAX;ETF_US;GLOBAL X DAX GERMANY ETF
DBA;NYSEARCA:DBA;ETF_US;POWERSHARES DB AGRICULTURE FUND
DBB;NYSEARCA:DBB;ETF_US;POWERSHARES DB BASE METALS FUND
DBC;NYSEARCA:DBC;ETF_US;POWERSHARES DB COMMODITY INDEX TRACKING FUND
DBE;NYSEARCA:DBE;ETF_US;POWERSHARES DB ENERGY FUND
DBEF;NYSEARCA:DBEF;ETF_US;DEUTSCHE X-TRACKERS MSCI EAFE HEDGED EQUITY ETF
DBJP;NYSEARCA:DBJP;ETF_US;DEUTSCHE X-TRACKERS MSCI JAPAN HEDGED EQUITY ETF
DBMF;NYSE:DBMF;ETF_US;IMGP DBI MANAGED FUTURES STRATEGY ETF
DBO;NYSEARCA:DBO;ETF_US;POWERSHARES DB OIL FUND
DDM;NYSEARCA:DDM;ETF_US;ULTRA DOW30 ETF
DEEP;NYSEARCA:DEEP;ETF_US;DEEP VALUE ETF
DEF;NYSEARCA:DEF;ETF_US;GUGGENHEIM DEFENSIVE EQUITY ETF
DEHP;NYSEARCA:DEHP;ETF_US;DIMENSIONAL EMERGING MARKETS HIGH PROFITABILITY ETF
DEM;NYSEARCA:DEM;ETF_US;WISDOMTREE EMERGING MARKETS HIGH DIVIDEND FUND
DES;NYSEARCA:DES;ETF_US;WISDOMTREE SMALLCAP DIVIDEND FUND
DFEN;NYSEARCA:DFEN;ETF_US;DIREXION DAILY AEROSPACE & DEFENSE BULL 3X SHARES
DFEV;NYSEARCA:DFEV;ETF_US;DIMENSIONAL EMERGING MARKETS VALUE ETF
DFGR;NYSEARCA:DFGR;ETF_US;DIMENSIONAL GLOBAL REAL ESTATE ETF
DFIS;BATS:DFIS;ETF_US;DIMENSIONAL INTERNATIONAL SMALL CAP ETF
DFIV;NYSEARCA:DFIV;ETF_US;DIMENSIONAL INTERNATIONAL VALUE ETF
DFSV;NYSEARCA:DFSV;ETF_US;DIMENSIONAL US SMALL CAP VALUE ETF
DGRO;NYSEARCA:DGRO;ETF_US;ISHARES CORE DIVIDEND GROWTH ETF
DGRS;NASDAQ:DGRS;ETF_US;WISDOMTREE U.S. SMALLCAP DIVIDEND GROWTH FUND
DGRW;NASDAQ:DGRW;ETF_US;WISDOMTREE U.S. QUALITY DIVIDEND GROWTH FUND
DGS;NYSEARCA:DGS;ETF_US;WISDOMTREE EMERGING MARKETS SMALLCAP DIVIDEND FUND
DHS;NYSEARCA:DHS;ETF_US;WISDOMTREE HIGH DIVIDEND FUND
DIA;NYSEARCA:DIA;ETF_US;SPDR DOW JONESÂ® INDUSTRIAL AVERAGE ETF
DIEM;NYSEARCA:DIEM;ETF_US;FRANKLIN EMERGING MARKET CORE DIVIDEND TILT INDEX ETF
DIG;NYSEARCA:DIG;ETF_US;ULTRA OIL & GAS ETF
DIHP;BATS:DIHP;ETF_US;DIMENSIONAL INTERNATIONAL HIGH PROFITABILITY ETF
DINT;BATS:DINT;ETF_US;DAVIS SELECT INTERNATIONAL ETF
DISV;BATS:DISV;ETF_US;DIMENSIONAL INTERNATIONAL SMALL CAP VALUE ETF
DIV;NYSEARCA:DIV;ETF_US;GLOBAL X SUPERDIVIDEND U.S. ETF
DIVI;NYSEARCA:DIVI;ETF_US;FRANKLIN INTERNATIONAL CORE DIVIDEND TILT INDEX ETF
DIVO;NYSEARCA:DIVO;ETF_US;AMPLIFY YIELDSHARES CWP DIVIDEND & OPTION INCOME ETF
DJD;NYSEARCA:DJD;ETF_US;GUGGENHEIM DOW JONES INDUSTRIAL AVERAGE DIVIDEND ETF
DJP;NYSEARCA:DJP;ETF_US;IPATH BLOOMBERG COMMODITY INDEX TOTAL RETURN ETN
DLN;NYSEARCA:DLN;ETF_US;WISDOMTREE U.S. LARGECAP DIVIDEND FUND
DLS;NYSEARCA:DLS;ETF_US;WISDOMTREE INTERNATIONAL SMALLCAP DIVIDEND FUND
DOG;NYSEARCA:DOG;ETF_US;SHORT DOW30 ETF
DOL;NYSEARCA:DOL;ETF_US;WISDOMTREE INTENATIONAL LARGECAP DIVIDEND ETF
DON;NYSEARCA:DON;ETF_US;WISDOMTREE U.S. MID CAP DIVIDEND FUND
DPST;NYSEARCA:DPST;ETF_US;DIREXION DAILY REGIONAL BANKS BULL 3X SHARES ETF
DRIP;NYSEARCA:DRIP;ETF_US;DIREXION DAILY S&P OIL & GAS EXP. & PROD. BULL AND BEAR 3X SHARES ETF
DRIV;NASDAQ:DRIV;ETF_US;GLOBAL X AUTONOMOUS & ELECTRIC VEHICLES ETF
DRN;NYSEARCA:DRN;ETF_US;DAILY REAL ESTATE BULL 3X SHARES ETF
DRV;NYSEARCA:DRV;ETF_US;DIREXION DAILY REAL ESTATE BEAR 3X SHARES ETF
DRW;NYSEARCA:DRW;ETF_US;WISDOMTREE GLOBAL EX-U.S. REAL ESTATE FUND
DSI;NYSEARCA:DSI;ETF_US;ISHARES MSCI KLD 400 SOCIAL ETF
DSTL;NYSEARCA:DSTL;ETF_US;DISTILLATE FUNDAMENTAL STABILITY & VALUE ETF
DTCR;NASDAQ:DTCR;ETF_US;GLOBAL X DATA CENTER & DIGITAL INFRASTRUCTURE ETF
DTD;NYSEARCA:DTD;ETF_US;WISDOMTREE TOTAL DIVIDEND FUND
DTEC;NYSEARCA:DTEC;ETF_US;ALPS DISRUPTIVE TECHNOLOGIES ETF
DTH;NYSEARCA:DTH;ETF_US;WISDOMTREE INTERNATIONAL HIGH DIVIDEND FUND
DUG;NYSEARCA:DUG;ETF_US;ULTRASHORT OIL & GAS ETF
DUST;NYSEARCA:DUST;ETF_US;DIREXION DAILY GOLD MINERS INDEX BEAR 3X SHARES ETF
DVY;NASDAQ:DVY;ETF_US;ISHARES SELECT DIVIDEND ETF
DVYA;NYSEARCA:DVYA;ETF_US;ISHARES ASIA/PACIFIC DIVIDEND ETF
DVYE;NYSEARCA:DVYE;ETF_US;ISHARES EMERGING MARKETS DIVIDEND ETF
DWX;NYSEARCA:DWX;ETF_US;SPDR S&P INTERNATIONAL DIVIDEND ETF
DXD;NYSEARCA:DXD;ETF_US;ULTRASHORT DOW30 ETF
DXJ;NYSEARCA:DXJ;ETF_US;WISDOMTREE JAPAN HEDGED EQUITY FUND
DYNF;NYSEARCA:DYNF;ETF_US;BLACKROCK U.S. EQUITY FACTOR ROTATION ETF
EAGL;NYSEARCA:EAGL;ETF_US;EAGLE CAPITAL SELECT EQUITY ETF
EBIZ;NASDAQ:EBIZ;ETF_US;GLOBAL X E-COMMERCE ETF
EBLU;NYSEARCA:EBLU;ETF_US;ECOFIN GLOBAL WATER ESG FUND
EBND;NYSEARCA:EBND;ETF_US;SPDR BARCLAYS EMERGING MARKETS LOCAL BOND ETF
ECH;BATS:ECH;ETF_US;ISHARES MSCI CHILE CAPPED ETF
EDC;NYSEARCA:EDC;ETF_US;DIREXION DAILY EMERGING MARKETS BULL 3X SHARES ETF
EDEN;BATS:EDEN;ETF_US;ISHARES MSCI DENMARK ETF
EDIV;NYSEARCA:EDIV;ETF_US;SPDR S&P EMERGING MARKETS DIVIDEND ETF
EDOC;NASDAQ:EDOC;ETF_US;GLOBAL X TELEMEDICINE & DIGITAL HEALTH ETF
EDV;NYSEARCA:EDV;ETF_US;VANGUARD EXTENDED DURATION TREASURY ETF
EDZ;NYSEARCA:EDZ;ETF_US;DIREXION DAILY EMERGING MARKETS BEAR 3X SHARES ETF
EEM;NYSEARCA:EEM;ETF_US;ISHARES MSCI EMERGING MARKETS ETF
EEMA;NASDAQ:EEMA;ETF_US;ISHARES MSCI EMERGING MARKETS A
EEMD;NYSEARCA:EEMD;ETF_US;AAM S&P EMERGING MARKETS HIGH DIVIDEND VALUE ETF
EEMS;NYSEARCA:EEMS;ETF_US;ISHARES MSCI EMERGING MARKETS SMALL-CAP ETF
EEMV;BATS:EEMV;ETF_US;ISHARES MSCI EMERGING MARKETS MINIMUM VOLATILITY ETF
EFA;NYSEARCA:EFA;ETF_US;ISHARES MSCI EAFE ETF
EFAS;NASDAQ:EFAS;ETF_US;GLOBAL X MSCI SUPERDIVIDEND EAFE ETF
EFAV;BATS:EFAV;ETF_US;ISHARES MSCI EAFE MINIMUM VOLATILITY ETF
EFG;BATS:EFG;ETF_US;ISHARES MSCI EAFE GROWTH ETF
EFV;BATS:EFV;ETF_US;ISHARES MSCI EAFE VALUE ETF
EGGY;NYSEARCA:EGGY;ETF_US;NESTYIELD DYNAMIC INCOME ETF
EIDO;NYSEARCA:EIDO;ETF_US;ISHARES MSCI INDONESIA ETF
EIS;NYSEARCA:EIS;ETF_US;ISHARES MSCI ISRAEL ETF
EMB;NASDAQ:EMB;ETF_US;ISHARES J.P. MORGAN USD EMERGING MARKETS BOND ETF
EMGF;BATS:EMGF;ETF_US;ISHARES FACTORSELECT MSCI EMERGING ETF
EMHY;BATS:EMHY;ETF_US;ISHARES EMERGING MARKETS HIGH YIELD BOND ETF
EMLC;NYSEARCA:EMLC;ETF_US;MARKET VECTORS J.P. MORGAN EM LOCAL CURRENCY BOND ETF
EMLP;NYSEARCA:EMLP;ETF_US;FIRST TRUST NORTH AMERICAN ENERGY INFRASTRUCTURE FUND
EMQQ;NYSEARCA:EMQQ;ETF_US;EMERGING MARKETS INTERNET & ECOMMERCE ETF
EMXC;NASDAQ:EMXC;ETF_US;ISHARES MSCI EMERGING MARKETS EX CHINA ETF
ENRG;NYSEARCA:ENRG;ETF_US;SOFI SMART ENERGY ETF
ENZL;NASDAQ:ENZL;ETF_US;ISHARES MSCI NEW ZEALAND CAPPED ETF
EPI;NYSEARCA:EPI;ETF_US;WISDOMTREE INDIA EARNINGS FUND
EPOL;NYSEARCA:EPOL;ETF_US;ISHARES MSCI POLAND ETF
EPP;NYSEARCA:EPP;ETF_US;ISHARES MSCI PACIFIC EX JAPAN ETF
EPU;NYSEARCA:EPU;ETF_US;ISHARES MSCI ALL PERU CAPPED ETF
ERTH;NYSEARCA:ERTH;ETF_US;INVESCO MSCI SUSTAINABLE FUTURE ETF
ERX;NYSEARCA:ERX;ETF_US;DIREXION DAILY ENERGY BULL 3X SHARES ETF
ERY;NYSEARCA:ERY;ETF_US;DIREXION DAILY ENERGY BEAR 3X SHARES ETF
ESG;BATS:ESG;ETF_US;FLEXSHARES STOXX US ESG IMPACT INDEX FUND
ESGD;NASDAQ:ESGD;ETF_US;ISHARES ESG AWARE MSCI EAFE ETF
ESGE;NASDAQ:ESGE;ETF_US;ISHARES MSCI EM ESG SELECT ETF
ESGU;NASDAQ:ESGU;ETF_US;ISHARES MSCI USA ESG OPTIMIZED ETF
ESGV;BATS:ESGV;ETF_US;VANGUARD ESG U.S. STOCK ETF
ESML;BATS:ESML;ETF_US;ISHARES MSCI USA SMALL-CAP ESG OPTIMIZED ETF
ESPO;NASDAQ:ESPO;ETF_US;VANECK VECTORS VIDEO GAMING AND ESPORTS ETF
ETHA;NASDAQ:ETHA;ETF_US;ISHARES ETHEREUM TRUST ETF
ETHE;OTCMKTS:ETHE;ETF_US;GRAYSCALE ETHEREUM TRUST (ETH)
ETHU;BATS:ETHU;ETF_US;2X ETHER ETF
ETHV;BATS:ETHV;ETF_US;VANECK ETHEREUM ETF
ETPA;NYSEARCA:ETPA;ETF_US;ECOFIN DIGITAL PAYMENTS INFRASTRUCTURE FUND
ETTY;BATS:ETTY;ETF_US;AMPLIFY ETHEREUM 3% MONTHLY OPTION INCOME ETF
EUFN;NASDAQ:EUFN;ETF_US;ISHARES MSCI EUROPE FINANCIALS ETF
EUM;NYSEARCA:EUM;ETF_US;SHORT MSCI EMERGING MARKETS ETF
EUO;NYSEARCA:EUO;ETF_US;PROSHARES ULTRASHORT EURO
EUSA;NYSEARCA:EUSA;ETF_US;ISHARES MSCI USA EQUAL WEIGHTED ETF
EWA;NYSEARCA:EWA;ETF_US;ISHARES MSCI AUSTRALIA ETF
EWC;NYSEARCA:EWC;ETF_US;ISHARES MSCI CANADA ETF
EWD;NYSEARCA:EWD;ETF_US;ISHARES MSCI SWEDEN ETF
EWG;NYSEARCA:EWG;ETF_US;ISHARES MSCI GERMANY ETF
EWH;NYSEARCA:EWH;ETF_US;ISHARES MSCI HONG KONG ETF
EWI;NYSEARCA:EWI;ETF_US;ISHARES MSCI ITALY CAPPED ETF
EWJ;NYSEARCA:EWJ;ETF_US;ISHARES MSCI JAPAN ETF
EWL;NYSEARCA:EWL;ETF_US;ISHARES MSCI SWITZERLAND CAPPED ETF
EWM;NYSEARCA:EWM;ETF_US;ISHARES MSCI MALAYSIA ETF
EWMC;NYSEARCA:EWMC;ETF_US;GUGGENHEIM S&P MIDCAP 400 EQUAL WEIGHT ETF
EWN;NYSEARCA:EWN;ETF_US;ISHARES MSCI NETHERLANDS ETF
EWP;NYSEARCA:EWP;ETF_US;ISHARES MSCI SPAIN CAPPED ETF
EWQ;NYSEARCA:EWQ;ETF_US;ISHARES MSCI FRANCE ETF
EWS;NYSEARCA:EWS;ETF_US;ISHARES MSCI SINGAPORE ETF
EWT;NYSEARCA:EWT;ETF_US;ISHARES MSCI TAIWAN ETF
EWU;NYSEARCA:EWU;ETF_US;ISHARES MSCI UNITED KINGDOM ETF
EWUS;BATS:EWUS;ETF_US;ISHARES MSCI UNITED KINGDOM SMALL-CAP ETF
EWW;NYSEARCA:EWW;ETF_US;ISHARES MSCI MEXICO CAPPED ETF
EWX;NYSEARCA:EWX;ETF_US;SPDR S&P EMERGING MARKETS SMALL CAP ETF
EWY;NYSEARCA:EWY;ETF_US;ISHARES MSCI SOUTH KOREA CAPPED ETF
EWZ;NYSEARCA:EWZ;ETF_US;ISHARES MSCI BRAZIL CAPPED ETF
EWZS;NASDAQ:EWZS;ETF_US;ISHARES MSCI BRAZIL SMALL-CAP ETF
EXI;NYSEARCA:EXI;ETF_US;ISHARES GLOBAL INDUSTRIALS ETF
EZA;NYSEARCA:EZA;ETF_US;ISHARES MSCI SOUTH AFRICA ETF
EZU;BATS:EZU;ETF_US;ISHARES MSCI EMU ETF
FAN;NYSEARCA:FAN;ETF_US;FIRST TRUST ISE GLOBAL WIND ENERGY INDEX FUND
FAS;NYSEARCA:FAS;ETF_US;DIREXION DAILY FINANCIAL BULL 3X SHARES ETF
FAZ;NYSEARCA:FAZ;ETF_US;DIREXION DAILY FINANCIAL BEAR 3X SHARES ETF
FBND;NYSEARCA:FBND;ETF_US;FIDELITY TOTAL BOND ETF
FBT;NYSEARCA:FBT;ETF_US;FIRST TRUST NYSE ARCA BIOTECHNOLOGY INDEX FUND
FBTC;BATS:FBTC;ETF_US;FIDELITY WISE ORIGIN BITCOIN FUND
FBY;NYSEARCA:FBY;ETF_US;YIELDMAX META OPTION INCOME STRATEGY ETF
FBZ;NASDAQ:FBZ;ETF_US;FIRST TRUST BRAZIL ALPHADEX FUND
FCG;NYSEARCA:FCG;ETF_US;FIRST TRUST ISE-REVERE NATURAL GAS INDEX FUND
FCOM;NYSEARCA:FCOM;ETF_US;FIDELITY MSCI TELECOMMUNICATION SERVICES ETF
FDHY;NYSEARCA:FDHY;ETF_US;FIDELITY HIGH YIELD FACTOR ETF
FDIS;NYSEARCA:FDIS;ETF_US;FIRST TRUST STOXX EUROPEAN SELECT DIVIDEND INDEX FUND
FDL;NYSEARCA:FDL;ETF_US;FIRST TRUST MORNINGSTAR DIVIDEND LEADERS INDEX FUND
FDM;NYSEARCA:FDM;ETF_US;FIRST TRUST DOW JONES SELECT MICROCAP INDEX FUND
FDN;NYSEARCA:FDN;ETF_US;FIRST TRUST DOW JONES INTERNET INDEX FUND
FDNI;NASDAQ:FDNI;ETF_US;FIRST TRUST DOW JONES INTERNATIONAL INTERNET ETF
FDT;NASDAQ:FDT;ETF_US;FIRST TRUST DEVELOPED MARKETS EX-US ALPHADEX FUND
FDTS;NASDAQ:FDTS;ETF_US;FIRST TRUST DEVELOPED MARKETS EX-US SMALL CAP ALPHADEX FUND
FDVV;NYSEARCA:FDVV;ETF_US;FIDELITY HIGH DIVIDEND ETF
FEMS;NASDAQ:FEMS;ETF_US;FIRST TRUST EMERGING MARKETS SMALL CAP ALPHADEX FUND
FENY;NYSEARCA:FENY;ETF_US;FIDELITY MSCI ENERGY INDEX ETF
FEPI;NASDAQ:FEPI;ETF_US;REX FANG & INNOVATION EQUITY PREMIUM INCOME ETF
FEZ;NYSEARCA:FEZ;ETF_US;SPDR EURO STOXX 50 ETF
FGD;NYSEARCA:FGD;ETF_US;FIRST TRUST DOW JONES GLOBAL SELECT DIVIDEND INDEX FUND
FHLC;NYSEARCA:FHLC;ETF_US;FIDELITY MSCI HEALTH CARE INDEX ETF
FIAT;NYSEARCA:FIAT;ETF_US;YIELDMAX SHORT COIN OPTION INCOME STRATEGY ETF
FIDU;NYSEARCA:FIDU;ETF_US;FIDELITY MSCI INDUSTRIALS INDEX ETF
FILL;NYSEARCA:FILL;ETF_US;ISHARES MSCI GLOBAL ENERGY PRODUCERS ETF
FINX;NASDAQ:FINX;ETF_US;GLOBAL X FINTECH THEMATIC ETF
FIW;NYSEARCA:FIW;ETF_US;FIRST TRUST ISE WATER INDEX FUND
FLBL;BATS:FLBL;ETF_US;FRANKLIN SENIOR LOAN ETF
FLCH;NYSEARCA:FLCH;ETF_US;FRANKLIN FTSE CHINA ETF
FLGR;NYSEARCA:FLGR;ETF_US;FRANKLIN FTSE GERMANY ETF
FLIN;NYSE:FLIN;ETF_US;FRANKLIN FTSE INDIA ETF
FLJP;NYSEARCA:FLJP;ETF_US;FRANKLIN FTSE JAPAN ETF
FLOT;BATS:FLOT;ETF_US;ISHARES FLOATING RATE BOND ETF
FLRN;NYSEARCA:FLRN;ETF_US;SPDR BARCLAYS CAPITAL INVESTMENT GRADE FLOATING RATE ETF
FLTR;NYSEARCA:FLTR;ETF_US;MARKET VECTORS INVESTMENT GRADE FLOATING RATE BOND ETF
FLTW;NYSEARCA:FLTW;ETF_US;FRANKLIN FTSE TAIWAN ETF
FNCL;NYSEARCA:FNCL;ETF_US;FIDELITY MSCI FINANCIALS INDEX ETF
FNDA;NYSEARCA:FNDA;ETF_US;SCHWAB FUNDAMENTAL U.S. SMALL COMPANY INDEX ETF
FNDC;NYSEARCA:FNDC;ETF_US;SCHWAB FUNDAMENTAL INTERNATIONAL SMALL COMPANY INDEX ETF
FNDE;NYSEARCA:FNDE;ETF_US;SCHWAB FUNDAMENTAL EMERGING MARKETS LARGE COMPANY INDEX ETF
FNDF;NYSEARCA:FNDF;ETF_US;SCHWAB FUNDAMENTAL INTERNATIONAL LARGE COMPANY INDEX ETF
FNDX;NYSEARCA:FNDX;ETF_US;SCHWAB FUNDAMENTAL U.S. LARGE COMPANY INDEX ETF
FNGD;NYSEARCA:FNGD;ETF_US;BMO REX MICROSECTORS FANG+ INDEX -3X INVERSE LEVERAGED ETN
FNGU;NYSEARCA:FNGU;ETF_US;BMO REX MICROSECTORS FANG+ INDEX 3X LEVERAGED ETN
FPE;NYSEARCA:FPE;ETF_US;FIRST TRUST PREFERRED SECURITIES AND INCOME ETF
FPX;NYSEARCA:FPX;ETF_US;FIRST TRUST US IPO INDEX FUND
FRDM;BATS:FRDM;ETF_US;ALPHA ARCHITECT FREEDOM 100 EMERGING MARKETS ETF
FREL;NYSEARCA:FREL;ETF_US;FIDELITY MSCI REAL ESTATE INDEX ETF
FSTA;NYSEARCA:FSTA;ETF_US;FIDELITY MSCI CONSUMER STAPLES INDEX ETF
FTEC;NYSEARCA:FTEC;ETF_US;FIDELITY MSCI INFORMATION TECHNOLOGY INDEX ETF
FUTY;NYSEARCA:FUTY;ETF_US;FIDELITY MSCI UTILITIES INDEX ETF
FVAL;NYSEARCA:FVAL;ETF_US;FIDELITY VALUE FACTOR ETF
FVD;NYSEARCA:FVD;ETF_US;FIRST TRUST VALUE LINE DIVIDEND INDEX FUND
FXB;NYSEARCA:FXB;ETF_US;GUGGENHEIM CURRENCYSHARES BRITISH POUND STERLING TRUST ETF
FXD;NYSEARCA:FXD;ETF_US;FIRST TRUST CONSUMER DISCRETIONARY ALPHADEX FUND
FXE;NYSEARCA:FXE;ETF_US;GUGGENHEIM CURRENCYSHARES EURO TRUST ETF
FXF;NYSEARCA:FXF;ETF_US;GUGGENHEIM CURRENCYSHARES SWISS FRANC TRUST ETF
FXI;NYSEARCA:FXI;ETF_US;ISHARES CHINA LARGE-CAP ETF
FXN;NYSEARCA:FXN;ETF_US;FIRST TRUST ENERGY ALPHADEX FUND
FXO;NYSEARCA:FXO;ETF_US;FIRST TRUST FINANCIALS ALPHADEX FUND
FXR;NYSEARCA:FXR;ETF_US;FIRST TRUST INDUSTRIALS/PRODUCER DURABLES ALPHADEX FUND
FXU;NYSEARCA:FXU;ETF_US;FIRST TRUST UTILITIES ALPHADEX FUND
FXY;NYSEARCA:FXY;ETF_US;GUGGENHEIM CURRENCYSHARES JAPANESE YEN TRUST ETF
FYLD;BATS:FYLD;ETF_US;CAMBRIA FOREIGN SHAREHOLDER YIELD ETF
GAMR;NYSEARCA:GAMR;ETF_US;PUREFUNDS VIDEO GAME TECH ETF
GBIL;NYSEARCA:GBIL;ETF_US;GOLDMAN SACHS ACCESS TREASURY 0-1 YEAR ETF
GCC;NYSEARCA:GCC;ETF_US;WISDOMTREE CONTINUOUS COMMODITY INDEX FUND
GDX;NYSEARCA:GDX;ETF_US;MARKET VECTORS GOLD MINERS ETF
GDXJ;NYSEARCA:GDXJ;ETF_US;MARKET VECTORS JUNIOR GOLD MINERS ETF
GIAX;NYSEARCA:GIAX;ETF_US;NICHOLAS GLOBAL EQUITY AND INCOME ETF
GII;NYSEARCA:GII;ETF_US;SPDR S&P GLOBAL INFRASTRUCTURE ETF
GLCN;NYSEARCA:GLCN;ETF_US;VANECK VECTORS CHINA GROWTH LEADERS ETF
GLD;NYSEARCA:GLD;ETF_US;SPDR GOLD SHARES ETF
GLDI;NASDAQ:GLDI;ETF_US;X-LINKS GOLD SHARES COVERED CALL ETN
GLDM;NYSEARCA:GLDM;ETF_US;SPDR GOLD MINISHARES TRUST
GLDY;NASDAQ:GLDY;ETF_US;DEFIANCE GOLD ENHANCED OPTIONS INCOME ETF
GLTR;NYSEARCA:GLTR;ETF_US;ABERDEEN STANDARD PHYSICAL PRECIOUS METALS BASKET SHARES ETF
GMM;NASDAQ:GMM;ETF_US;GLOBAL MOFY METAVERSE LIMITED
GNR;NYSEARCA:GNR;ETF_US;SPDR S&P GLOBAL NATURAL RESOURCES ETF
GOAU;NYSEARCA:GOAU;ETF_US;U.S. GLOBAL GO GOLD AND PRECIOUS METAL MINERS ETF
GOP;BATS:GOP;ETF_US;UNUSUAL WHALES SUBVERSIVE REPUBLICAN TRADING ETF
GOVT;BATS:GOVT;ETF_US;ISHARES CORE U.S. TREASURY BOND ETF
GOVZ;BATS:GOVZ;ETF_US;ISHARES 25+ YEAR TREASURY STRIPS BOND ETF
GPIQ;NASDAQ:GPIQ;ETF_US;GOLDMAN SACHS NASDAQ-100 PREMIUM INCOME ETF
GPIX;NASDAQ:GPIX;ETF_US;GOLDMAN SACHS S&P 500 PREMIUM INCOME ETF
GPTY;NYSEARCA:GPTY;ETF_US;YIELDMAX AI & TECH PORTFOLIO OPTION INCOME ETF
GRNI;NYSEARCA:GRNI;ETF_US;FUNDSTRAT GRANNY SHOTS US LARGE
GRNJ;NYSEARCA:GRNJ;ETF_US;FUNDSTRAT GRANNY SHOTS US SMALL
GRNY;NYSEARCA:GRNY;ETF_US;FUNDSTRAT GRANNY SHOTS US LARGE CAP ETF
GSEW;BATS:GSEW;ETF_US;GOLDMAN SACHS EQUAL WEIGHT U.S. LARGE CAP EQUITY ETF
GSG;NYSEARCA:GSG;ETF_US;ISHARES S&P GSCI COMMODITY-INDEXED TRUST ETF
GSLC;NYSEARCA:GSLC;ETF_US;GOLDMAN SACHS ACTIVEBETA INTERNATIONAL EQUITY ETF
GSY;NYSEARCA:GSY;ETF_US;GUGGENHEIM ENHANCED SHORT DURATION ETF
GUNR;NYSEARCA:GUNR;ETF_US;FLEXSHARES MORNINGSTAR GLOBAL UPSTREAM NATURAL RESOURCES INDEX FUND
GUSH;NYSEARCA:GUSH;ETF_US;DIREXION DAILY S&P OIL & GAS EXP. & PROD. BULL 3X SHARES ETF
GVAL;BATS:GVAL;ETF_US;CAMBRIA GLOBAL VALUE ETF
GWX;NYSEARCA:GWX;ETF_US;SPDR S&P INTERNATIONAL SMALLCAP ETF
GXC;NYSEARCA:GXC;ETF_US;SPDR S&P CHINA ETF
GXG;NYSEARCA:GXG;ETF_US;GLOBAL X MSCI COLOMBIA ETF
HACK;NYSEARCA:HACK;ETF_US;PUREFUNDS ISE CYBER SECURITY ETF
HAUZ;NYSEARCA:HAUZ;ETF_US;XTRACKERS INTERNATIONAL REAL ESTATE ETF
HAWX;NYSEARCA:HAWX;ETF_US;ISHARES CURRENCY HEDGED MSCI ACWI EX U.S. ETF
HDEF;NYSEARCA:HDEF;ETF_US;MSCI EAFE HIGH DIVIDEND YIELD HEDGED EQUITY ETF
HDGE;NYSEARCA:HDGE;ETF_US;RANGER EQUITY BEAR ETF
HDRO;NYSEARCA:HDRO;ETF_US;DEFIANCE NEXT GEN H2 ETF
HDV;NYSEARCA:HDV;ETF_US;ISHARES CORE HIGH DIVIDEND ETF
HEDJ;NYSEARCA:HEDJ;ETF_US;WISDOMTREE EUROPE HEDGED EQUITY FUND
HEFA;BATS:HEFA;ETF_US;ISHARES CURRENCY HEDGED MSCI EAFE ETF
HERO;NASDAQ:HERO;ETF_US;GLOBAL X VIDEO GAMES & ESPORTS ETF
HEWJ;NYSEARCA:HEWJ;ETF_US;ISHARES CURRENCY HEDGED MSCI JAPAN ETF
HEZU;NYSEARCA:HEZU;ETF_US;ISHARES CURRENCY HEDGED MSCI EUROZONE ETF
HIGH;NYSEARCA:HIGH;ETF_US;SIMPLIFY ENHANCED INCOME ETF
HOMZ;NYSEARCA:HOMZ;ETF_US;HOYA CAPITAL HOUSING ETF
HOOW;BATS:HOOW;ETF_US;ROUNDHILL HOOD WEEKLYPAY ETF
HYD;BATS:HYD;ETF_US;MARKET VECTORS HIGH YIELD MUNICIPAL INDEX ETF
HYDR;NASDAQ:HYDR;ETF_US;GLOBAL X HYDROGEN ETF
HYDW;NYSEARCA:HYDW;ETF_US;XTRACKERS LOW BETA HIGH YIELD BOND ETF
HYEM;NYSEARCA:HYEM;ETF_US;MARKET VECTORS EM HIGH YIELD BOND ETF
HYG;NYSEARCA:HYG;ETF_US;ISHARES IBOXX $ HIGH YIELD CORPORATE BOND ETF
HYGH;NYSEARCA:HYGH;ETF_US;ISHARES INTEREST RATE HEDGED HIGH YIELD BOND ETF
HYHG;BATS:HYHG;ETF_US;PROSHARES HIGH YIELDâ€”INTEREST RATE HEDGED ETF
HYLB;NYSEARCA:HYLB;ETF_US;DEUTSCHE X-TRACKERS USD HIGH YIELD CORPORATE BOND ETF
HYLD;NYSEARCA:HYLD;ETF_US;EXCHANGE LISTED FUNDS TRUST HIGH YIELD ETF
HYMB;NYSEARCA:HYMB;ETF_US;SPDR NUVEEN S&P HIGH YIELD MUNICIPAL BOND ETF
HYS;NYSEARCA:HYS;ETF_US;PIMCO 0-5 YEAR HIGH YIELD CORPORATE BOND INDEX EXCHANGE-TRADED FUND
IAI;NYSEARCA:IAI;ETF_US;ISHARES U.S. BROKER-DEALERS & SECURITIES EXCHANGES ETF
IAK;NYSEARCA:IAK;ETF_US;ISHARES U.S. INSURANCE ETF
IAT;NYSEARCA:IAT;ETF_US;ISHARES U.S. REGIONAL BANKS ETF
IAU;NYSEARCA:IAU;ETF_US;ISHARES GOLD TRUST ETF
IAUI;BATS:IAUI;ETF_US;NEOS GOLD HIGH INCOME ETF
IAUM;NYSEARCA:IAUM;ETF_US;ISHARES GOLD TRUST MICRO
IBB;NASDAQ:IBB;ETF_US;ISHARES NASDAQ BIOTECHNOLOGY ETF
IBDO;NYSEARCA:IBDO;ETF_US;ISHARES IBONDS DEC 2023 TERM CORPORATE ETF
IBDQ;NYSEARCA:IBDQ;ETF_US;IBONDS DEC 2025 TERM CORPORATE ETF
IBDV;NYSEARCA:IBDV;ETF_US;ISHARES IBONDS DEC 2030 TERM CORPORATE ETF
IBDY;NYSEARCA:IBDY;ETF_US;ISHARES IBONDS DEC 2033 TERM CORPORATE ETF
IBHF;NYSEARCA:IBHF;ETF_US;ISHARES IBONDS 2026 TERM HIGH YIELD AND INCOME ETF
IBIE;NYSEARCA:IBIE;ETF_US;ISHARES IBONDS OCT 2028 TERM TIPS ETF
IBIT;NASDAQ:IBIT;ETF_US;ISHARES BITCOIN TRUST
IBOT;NASDAQ:IBOT;ETF_US;VANECK ROBOTICS ETF
IBTI;NYSEARCA:IBTI;ETF_US;ISHARES IBONDS DEC 2028 TERM TREASURY ETF
IBTO;NYSEARCA:IBTO;ETF_US;ISHARES IBONDS DEC 2033 TERM TREASURY ETF
IBUY;NYSEARCA:IBUY;ETF_US;AMPLIFY ONLINE RETAIL ETF
ICF;BATS:ICF;ETF_US;ISHARES COHEN & STEERS REIT ETF
ICLN;NASDAQ:ICLN;ETF_US;ISHARES GLOBAL CLEAN ENERGY ETF
ICVT;BATS:ICVT;ETF_US;ISHARES CONVERTIBLE BOND ETF
IDEV;NYSEARCA:IDEV;ETF_US;ISHARES CORE MSCI INTERNATIONAL
IDHQ;NYSEARCA:IDHQ;ETF_US;POWERSHARES S&P INTERNATIONAL DEVELOPED HIGH QUALITY PORTFOLIO ETF
IDLV;NYSEARCA:IDLV;ETF_US;INVESCO S&P INTERNATIONAL DEVELOPED LOW VOLATILITY ETF
IDRV;NYSEARCA:IDRV;ETF_US;ISHARES SELF-DRIVING EV AND TECH ETF
IDU;NYSEARCA:IDU;ETF_US;ISHARES U.S. UTILITIES ETF
IDV;BATS:IDV;ETF_US;ISHARES INTERNATIONAL SELECT DIVIDEND ETF
IDVO;NYSEARCA:IDVO;ETF_US;AMPLIFY CWP INTERNATIONAL ENHANCED DIVIDEND INCOME ETF
IEDI;BATS:IEDI;ETF_US;ISHARES EVOLVED U.S. DISCRETIONARY SPENDING ETF
IEF;NASDAQ:IEF;ETF_US;ISHARES 7-10 YEAR TREASURY BOND ETF
IEFA;BATS:IEFA;ETF_US;ISHARES CORE MSCI EAFE ETF
IEI;NASDAQ:IEI;ETF_US;ISHARES 3-7 YEAR TREASURY BOND ETF
IEME;BATS:IEME;ETF_US;ISHARES EVOLVED U.S. MEDIA AND ENTERTAINMENT ETF
IEMG;NYSEARCA:IEMG;ETF_US;ISHARES ENHANCED U.S. LARGE-CAP ETF
IEO;BATS:IEO;ETF_US;ISHARES U.S. OIL & GAS EXPLORATION & PRODUCTION ETF
IETC;BATS:IETC;ETF_US;ISHARES U.S. TECH INDEPENDENCE FOCUSED ETF
IEUR;NYSEARCA:IEUR;ETF_US;ISHARES ENHANCED U.S. SMALL-CAP ETF
IEUS;NASDAQ:IEUS;ETF_US;ISHARES MSCI EUROPE SMALL-CAP ETF
IEV;NYSEARCA:IEV;ETF_US;ISHARES EUROPE ETF
IEZ;NYSEARCA:IEZ;ETF_US;ISHARES U.S. OIL EQUIPMENT & SERVICES ETF
IFGL;NASDAQ:IFGL;ETF_US;ISHARES INTERNATIONAL DEVELOPED REAL ESTATE ETF
IFRA;BATS:IFRA;ETF_US;ISHARES U.S. INFRASTRUCTURE ETF
IGE;BATS:IGE;ETF_US;ISHARES NORTH AMERICAN NATURAL RESOURCES ETF
IGEB;BATS:IGEB;ETF_US;ISHARES INVESTMENT GRADE BOND FACTOR ETF
IGHG;BATS:IGHG;ETF_US;INVESTMENT GRADE INTEREST RATE HEDGED ETF
IGIB;NASDAQ:IGIB;ETF_US;ISHARES INTERMEDIATE-TERM CORPORATE BOND ETF
IGLB;NYSEARCA:IGLB;ETF_US;ISHARES LONG-TERM CORPORATE BOND ETF
IGM;NYSEARCA:IGM;ETF_US;ISHARES NORTH AMERICAN TECH ETF
IGRO;BATS:IGRO;ETF_US;ISHARES INTERNATIONAL DIVIDEND GROWTH ETF
IGV;BATS:IGV;ETF_US;ISHARES NORTH AMERICAN TECH-SOFTWARE ETF
IHAK;NYSEARCA:IHAK;ETF_US;ISHARES CYBERSECURITY AND TECH ETF
IHDG;NYSEARCA:IHDG;ETF_US;WISDOMTREE INTERNATIONAL HEDGED QUALITY DIVIDEND GROWTH FUND
IHF;NYSEARCA:IHF;ETF_US;ISHARES U.S. HEALTHCARE PROVIDERS ETF
IHI;NYSEARCA:IHI;ETF_US;ISHARES U.S. MEDICAL DEVICES ETF
IHY;NYSEARCA:IHY;ETF_US;VANECK VECTORS INTERNATIONAL HIGH YIELD BOND ETF
IJH;NYSEARCA:IJH;ETF_US;ISHARES CORE S&P MID-CAP ETF
IJJ;NYSEARCA:IJJ;ETF_US;ISHARES S&P MID-CAP 400 VALUE ETF
IJR;NYSEARCA:IJR;ETF_US;ISHARES CORE S&P SMALL-CAP ETF
IJS;NYSEARCA:IJS;ETF_US;ISHARES S&P SMALL-CAP 600 VALUE ETF
IJT;NASDAQ:IJT;ETF_US;ISHARES S&P SMALL-CAP 600 GROWTH ETF
ILCG;NYSEARCA:ILCG;ETF_US;ISHARES MORNINGSTAR GROWTH ETF
ILF;NYSEARCA:ILF;ETF_US;ISHARES LATIN AMERICA 40 ETF
IMCG;NYSEARCA:IMCG;ETF_US;ISHARES MORNINGSTAR MID-CAP GROWTH ETF
IMFL;BATS:IMFL;ETF_US;INVESCO INTERNATIONAL DEVELOPED DYNAMIC MULTIFACTOR ETF
IMST;NYSEARCA:IMST;ETF_US;BITWISE MSTR OPTION INCOME STRATEGY ETF
INDA;BATS:INDA;ETF_US;ISHARES MSCI INDIA ETF
INDS;NYSEARCA:INDS;ETF_US;PACER BENCHMARK INDUSTRIAL REAL ESTATE SCTR ETF
INDY;NASDAQ:INDY;ETF_US;ISHARES INDIA 50 ETF
INKM;NYSEARCA:INKM;ETF_US;SPDR SSGA INCOME ALLOCATION ETF
INQQ;NYSEARCA:INQQ;ETF_US;INDIA INTERNET & ECOMMERCE ETF
INTF;NYSEARCA:INTF;ETF_US;ISHARES FACTORSELECTâ„¢ MSCI INTERNATIONAL ETF
IOO;NYSEARCA:IOO;ETF_US;ISHARES GLOBAL 100 ETF
IPAC;NYSEARCA:IPAC;ETF_US;ISHARES CORE MSCI PACIFIC ETF
IPAY;NYSEARCA:IPAY;ETF_US;PUREFUNDS ISE MOBILE PAYMENTS ETF
IPO;NYSEARCA:IPO;ETF_US;RENAISSANCE IPO ETF
IPOS;NYSEARCA:IPOS;ETF_US;RENAISSANCE INTERNATIONAL IPO ETF
IQDF;NYSEARCA:IQDF;ETF_US;FLEXSHARES INTERNATIONAL QUALITY DIVIDEND INDEX FUND
IQDG;BATS:IQDG;ETF_US;WISDOMTREE INTERNATIONAL QUALITY DIVIDEND GROWTH FUND
IQLT;NYSEARCA:IQLT;ETF_US;ISHARES MSCI INTERNATIONAL DEVELOPED QUALITY FACTOR ETF
IQQQ;NASDAQ:IQQQ;ETF_US;PROSHARES NASDAQ-100 HIGH INCOME ETF
IRBO;NYSEARCA:IRBO;ETF_US;ISHARES ROBOTICS AND ARTIFICIAL INTELLIGENCE MULTISECTOR ETF
ISCF;NYSEARCA:ISCF;ETF_US;ISHARES MSCI INTL SMALL-CAP MULTIFACTOR ETF
ISCV;NYSEARCA:ISCV;ETF_US;ISHARES MORNINGSTAR SMALL-CAP VALUE ETF
ISHG;NASDAQ:ISHG;ETF_US;ISHARES 1-3 YEAR INTERNATIONAL TREASURY BOND ETF
ISPY;BATS:ISPY;ETF_US;PROSHARES S&P 500 HIGH INCOME ETF
ISTB;NASDAQ:ISTB;ETF_US;ISHARES CORE 1-5 YEAR USD BOND ETF
ISVL;BATS:ISVL;ETF_US;ISHARES INTERNATIONAL DEVELOPED SMALL CAP VALUE FACTOR ETF
ITA;BATS:ITA;ETF_US;ISHARES U.S. AEROSPACE & DEFENSE ETF
ITB;BATS:ITB;ETF_US;ISHARES U.S. HOME CONSTRUCTION ETF
ITDD;NYSEARCA:ITDD;ETF_US;ISHARES LIFEPATH TARGET DATE 2040 ETF
ITDE;NYSEARCA:ITDE;ETF_US;ISHARES LIFEPATH TARGET DATE 2045 ETF
ITDF;NYSEARCA:ITDF;ETF_US;ISHARES LIFEPATH TARGET DATE 2050 ETF
ITDG;NYSEARCA:ITDG;ETF_US;ISHARES LIFEPATH TARGET DATE 2055 ETF
ITOT;NYSEARCA:ITOT;ETF_US;ISHARES CORE S&P TOTAL U.S. STOCK MARKET ETF
IUSB;NASDAQ:IUSB;ETF_US;ISHARES CORE TOTAL USD BOND MARKET ETF
IUSV;NASDAQ:IUSV;ETF_US;ISHARES CORE U.S. VALUE ETF
IVAL;BATS:IVAL;ETF_US;VALUESHARES INTERNATIONAL QUANTITATIVE VALUE ETF
IVE;NYSEARCA:IVE;ETF_US;ISHARES S&P 500 VALUE ETF
IVES;NYSEARCA:IVES;ETF_US;DAN IVES WEDBUSH AI REVOLUTION ETF
IVLU;NYSEARCA:IVLU;ETF_US;ISHARES MSCI INTERNATIONAL DEVELOPED VALUE FACTOR ETF
IVOL;NYSEARCA:IVOL;ETF_US;QUADRATIC INTEREST RATE VOLATILITY AND INFLATION HEDGE ETF
IVOV;NYSEARCA:IVOV;ETF_US;VANGUARD S&P MID-CAP 400 VALUE ETF
IVV;NYSEARCA:IVV;ETF_US;ISHARES CORE S&P 500 ETF
IVW;NYSEARCA:IVW;ETF_US;ISHARES S&P 500 GROWTH ETF
IWB;NYSEARCA:IWB;ETF_US;ISHARES RUSSELL 1000 ETF
IWC;NYSEARCA:IWC;ETF_US;ISHARES MICRO-CAP ETF
IWD;NYSEARCA:IWD;ETF_US;ISHARES RUSSELL 1000 VALUE ETF
IWF;NYSEARCA:IWF;ETF_US;ISHARES RUSSELL 1000 GROWTH ETF
IWM;NYSEARCA:IWM;ETF_US;ISHARES RUSSELL 2000 ETF
IWMI;BATS:IWMI;ETF_US;NEOS RUSSELL 2000 HIGH INCOME ETF
IWMY;NYSEARCA:IWMY;ETF_US;DEFIANCE R2000 TARGET 30 INCOME ETF
IWN;NYSEARCA:IWN;ETF_US;ISHARES RUSSELL 2000 VALUE ETF
IWO;NYSEARCA:IWO;ETF_US;ISHARES RUSSELL 2000 GROWTH ETF
IWP;NYSEARCA:IWP;ETF_US;ISHARES RUSSELL MID-CAP GROWTH ETF
IWR;NYSEARCA:IWR;ETF_US;ISHARES RUSSELL MID-CAP ETF
IWS;NYSEARCA:IWS;ETF_US;ISHARES RUSSELL MID-CAP VALUE ETF
IWV;NYSEARCA:IWV;ETF_US;ISHARES RUSSELL 3000 ETF
IWX;NYSEARCA:IWX;ETF_US;ISHARES RUSSELL TOP 200 VALUE ETF
IWY;NYSEARCA:IWY;ETF_US;ISHARES RUSSELL TOP 200 GROWTH ETF
IXC;NYSEARCA:IXC;ETF_US;ISHARES GLOBAL ENERGY ETF
IXG;NYSEARCA:IXG;ETF_US;ISHARES GLOBAL FINANCIALS ETF
IXJ;NYSEARCA:IXJ;ETF_US;ISHARES GLOBAL HEALTHCARE ETF
IXN;NYSEARCA:IXN;ETF_US;ISHARES GLOBAL TECH ETF
IXUS;NASDAQ:IXUS;ETF_US;ISHARES CORE MSCI TOTAL INTERNATIONAL STOCK ETF
IYE;NYSEARCA:IYE;ETF_US;ISHARES U.S. ENERGY ETF
IYF;NYSEARCA:IYF;ETF_US;ISHARES U.S. FINANCIALS ETF
IYG;NYSEARCA:IYG;ETF_US;ISHARES U.S. FINANCIAL SERVICES ETF
IYH;NYSEARCA:IYH;ETF_US;ISHARES US HEALTHCARE ETF
IYK;NYSEARCA:IYK;ETF_US;ISHARES US CONSUMER STAPLES ETF
IYM;NYSEARCA:IYM;ETF_US;ISHARES U.S. BASIC MATERIALS ETF
IYR;NYSEARCA:IYR;ETF_US;ISHARES U.S. REAL ESTATE ETF
IYRI;BATS:IYRI;ETF_US;NEOS ETF TRUST NEOS REAL ESTATE
IYT;BATS:IYT;ETF_US;ISHARES TRANSPORTATION AVERAGE ETF
IYW;NYSEARCA:IYW;ETF_US;ISHARES U.S. TECHNOLOGY ETF
IYZ;BATS:IYZ;ETF_US;ISHARES U.S. TELECOMMUNICATIONS ETF
IZRL;BATS:IZRL;ETF_US;ARK ISRAEL INNOVATIVE TECHNOLOGY ETF
JDST;NYSEARCA:JDST;ETF_US;DIREXION DAILY JUNIOR GOLD MINERS INDEX BEAR 3X SHARES ETF
JEPI;NYSEARCA:JEPI;ETF_US;JPMORGAN EQUITY PREMIUM INCOME ETF
JEPQ;NASDAQ:JEPQ;ETF_US;JPMORGAN NASDAQ EQUITY PREMIUM INCOME ETF
JETS;NYSEARCA:JETS;ETF_US;U.S. GLOBAL JETS ETF
JGLO;NASDAQ:JGLO;ETF_US;JPMORGAN GLOBAL SELECT EQUITY ETF
JHMM;NYSEARCA:JHMM;ETF_US;JOHN HANCOCK MULTIFACTOR MID CAP ETF
JMST;BATS:JMST;ETF_US;JPMORGAN ULTRA-SHORT MUNICIPAL INCOME ETF
JNK;NYSEARCA:JNK;ETF_US;SPDR BARCLAYS CAPITAL HIGH YIELD BOND ETF
JNUG;NYSEARCA:JNUG;ETF_US;DIREXION DAILY JUNIOR GOLD MINERS INDEX BULL 3X SHARES ETF
JO;NYSEARCA:JO;ETF_US;IPATH BLOOMBERG COFFEE SUBINDEX TOTAL RETURN ETN
JPEM;NYSEARCA:JPEM;ETF_US;JPMORGAN DIVERSIFIED RETURN EMERGING MARKETS EQUITY ETF
JPST;BATS:JPST;ETF_US;JP MORGAN ULTRA-SHORT INCOME ETF
JQUA;NYSEARCA:JQUA;ETF_US;JPMORGAN U.S. QUALITY FACTOR ETF
JXI;NYSEARCA:JXI;ETF_US;ISHARES GLOBAL UTILITIES ETF
KBA;NYSEARCA:KBA;ETF_US;KRANESHARES BOSERA MSCI CHINA A ETF
KBE;NYSEARCA:KBE;ETF_US;SPDR S&P BANK ETF
KBWB;NASDAQ:KBWB;ETF_US;POWERSHARES KBW BANK PORTFOLIO ETF
KBWD;NASDAQ:KBWD;ETF_US;POWERSHARES KBW HIGH DIVIDEND YIELD FINANCIAL PORTFOLIO ETF
KBWY;NASDAQ:KBWY;ETF_US;POWERSHARES KBW PREMIUM YIELD EQUITY REIT PORTFOLIO ETF
KGRN;NYSEARCA:KGRN;ETF_US;KRANESHARES MSCI CHINA CLEAN TECHNOLOGY INDEX ETF
KIE;NYSEARCA:KIE;ETF_US;SPDR S&P INSURANCE ETF
KLIP;NYSEARCA:KLIP;ETF_US;KRANESHARES CHINA INTERNET AND COVERED CALL STRATEGY ETF
KMLM;NYSEARCA:KMLM;ETF_US;KFA MOUNT LUCAS INDEX STRATEGY ETF
KOIN;NYSEARCA:KOIN;ETF_US;INNOVATION SHARES NEXTGEN PROTOCOL ETF
KOLD;NYSEARCA:KOLD;ETF_US;ULTRASHORT BLOOMBERG NATURAL GAS ETF
KORU;NYSEARCA:KORU;ETF_US;DIREXION DAILY SOUTH KOREA BULL 3X SHARES ETF
KQQQ;NASDAQ:KQQQ;ETF_US;KURV TECHNOLOGY TITANS SELECT ETF
KRBN;NYSEARCA:KRBN;ETF_US;KFA GLOBAL CARBON ETF
KRE;NYSEARCA:KRE;ETF_US;SPDR S&P REGIONAL BANKING ETF
KRMA;NASDAQ:KRMA;ETF_US;GLOBAL X CONSCIOUS COMPANIES ETF
KRUZ;BATS:KRUZ;ETF_US;UNUSUAL WHALES SUBVERSIVE REPUBLICAN TRADING ETF
KSA;NYSEARCA:KSA;ETF_US;ISHARES MSCI SAUDI ARABIA CAPPED ETF
KWEB;NYSEARCA:KWEB;ETF_US;KRANESHARES CSI CHINA INTERNET ETF
KXI;NYSEARCA:KXI;ETF_US;ISHARES GLOBAL CONSUMER STAPLES ETF
KYLD;BATS:KYLD;ETF_US;KURV ETF TRUST KURV HIGH INCOME
LABD;NYSEARCA:LABD;ETF_US;DIREXION DAILY S&P BIOTECH BEAR 3X SHARES ETF
LABU;NYSEARCA:LABU;ETF_US;DIREXION DAILY S&P BIOTECH BULL 3X SHARES ETF
LAES;NASDAQ:LAES;ETF_US;SEALSQ CORP
LEMB;NYSEARCA:LEMB;ETF_US;ISHARES J.P. MORGAN EM LOCAL CURRENCY BOND ETF
LFGY;NYSEARCA:LFGY;ETF_US;YIELDMAX CRYPTO INDUSTRY & TECH PORT OPT INC ETF
LIT;NYSEARCA:LIT;ETF_US;GLOBAL X LITHIUM ETF
LMBS;NASDAQ:LMBS;ETF_US;FIRST TRUST LOW DURATION OPPORTUNITIES ETF
LQD;NYSEARCA:LQD;ETF_US;ISHARES IBOXX $ INVESTMENT GRADE CORPORATE BOND
LQDH;NYSEARCA:LQDH;ETF_US;ISHARES INTEREST RATE HEDGED CORPORATE BOND ETF
LRGF;NYSEARCA:LRGF;ETF_US;ISHARES U.S. EQUITY FACTOR ETF
LTPZ;NYSEARCA:LTPZ;ETF_US;PIMCO 15+ YEAR U.S. TIPS INDEX EXCHANGE-TRADED FUND
LUXE;BATS:LUXE;ETF_US;EMLES LUXURY GOODS ETF
LVHD;NASDAQ:LVHD;ETF_US;FRANKLIN U.S. LOW VOLATILITY HIGH DIVIDEND INDEX ETF
MAGS;NASDAQ:MAGS;ETF_US;ROUNDHILL MAGNIFICENT SEVEN ETF
MAGY;BATS:MAGY;ETF_US;ROUNDHILL MAGNIFICENT SEVEN COVERED CALL ETF
MARO;NYSEARCA:MARO;ETF_US;YIELDMAX MARA OPTION INCOME STRATEGY ETF
MAXI;NASDAQ:MAXI;ETF_US;SIMPLIFY BITCOIN STRATEGY PLUS INCOME ETF
MBB;NASDAQ:MBB;ETF_US;ISHARES MBS ETF
MCHI;NASDAQ:MCHI;ETF_US;ISHARES MSCI CHINA ETF
MDIV;NASDAQ:MDIV;ETF_US;MULTI-ASSET DIVERSIFIED INCOME INDEX FUND
MDY;NYSEARCA:MDY;ETF_US;SPDR S&P MIDCAP 400 ETF
MEME;NYSEARCA:MEME;ETF_US;ROUNDHILL ETF TRUST - ROUNDHILL DAILY 2X LONG CHINA DRAGONS ETF
META;NYSEARCA:META;ETF_US;ROUNDHILL BALL METAVERSE ETF
METV;NYSEARCA:METV;ETF_US;LISTED FUNDS TRUST ROUNDHILL BALL METAVERSE ETF
MGK;NYSEARCA:MGK;ETF_US;VANGUARD MEGA CAP GROWTH ETF
MINT;NYSEARCA:MINT;ETF_US;PIMCO ENHANCED SHORT MATURITY ACTIVE EXCHANGE-TRADED FUND
MJ;NYSEARCA:MJ;ETF_US;ETFMG ALTERNATIVE HARVEST ETF
MLPA;NYSEARCA:MLPA;ETF_US;GLOBAL X MLP ETF
MLPX;NYSEARCA:MLPX;ETF_US;GLOBAL X MLP & ENERGY INFRASTRUCTURE ETF
MOAT;BATS:MOAT;ETF_US;MARKET VECTORS MORNINGSTAR WIDE MOAT ETF
MOO;NYSEARCA:MOO;ETF_US;MARKET VECTORS-AGRIBUSINESS ETF
MORT;NYSEARCA:MORT;ETF_US;MARKET VECTOR MORTGAGE REIT INCOME ETF
MRNY;NYSEARCA:MRNY;ETF_US;YIELDMAX MRNA OPTION INCOME STRATEGY ETF
MSII;NASDAQ:MSII;ETF_US;REX MSTR GROWTH & INCOME ETF
MSOS;NYSEARCA:MSOS;ETF_US;ADVISORSHARES PURE US CANNABIS ETF
MST;NASDAQ:MST;ETF_US;DEFIANCE LEVERAGED LONG + INCOME MSTR ETF
MSTU;NYSEAMERICAN:MSTU;ETF_US;T-REX 2X LONG MSTR DAILY TARGET ETF
MSTW;BATS:MSTW;ETF_US;ROUNDHILL MSTR WEEKLYPAY ETF
MSTX;NASDAQ:MSTX;ETF_US;DEFIANCE DAILY TARGET 1.75X LONG MSTR ETF
MSTY;NYSEARCA:MSTY;ETF_US;YIELDMAX MSTR OPTION INCOME STRATEGY ETF
MTUM;BATS:MTUM;ETF_US;ISHARES MSCI USA MOMENTUM FACTOR ETF
MUB;NYSEARCA:MUB;ETF_US;ISHARES NATIONAL MUNI BOND ETF
MVV;NYSEARCA:MVV;ETF_US;ULTRA MIDCAP400 ETF
MXI;NYSEARCA:MXI;ETF_US;ISHARES GLOBAL MATERIALS ETF
NAIL;NYSEARCA:NAIL;ETF_US;DIREXION DAILY HOMEBUILDERS & SUPPLIES BULL 3X SHARES ETF
NANC;BATS:NANC;ETF_US;UNUSUAL WHALES SUBVERSIVE DEMOCRATIC TRADING ETF
NANR;NYSEARCA:NANR;ETF_US;SPDR S&P NORTH AMERICAN NATURAL RESOURCES ETF
NEAR;BATS:NEAR;ETF_US;ISHARES SHORT MATURITY BOND ETF
NERD;NYSEARCA:NERD;ETF_US;ROUNDHILL BITKRAFT ESPORTS & DIGITAL ENTERTAINMENT ETF
NETL;NYSEARCA:NETL;ETF_US;FUNDAMENTAL INCOME NET LEASE REAL ESTATE ETF
NIHI;BATS:NIHI;ETF_US;NEOS MSCI EAFE HIGH INCOME ETF
NLR;NYSEARCA:NLR;ETF_US;MARKET VECTORS URANIUM+NUCLEAR ENERGY ETF
NML;NYSEAMERICAN:NML;ETF_US;NEUBERGER BERMAN MLP AND ENERGY INCOME FUND INC.
NOBL;BATS:NOBL;ETF_US;S&P 500 DIVIDEND ARISTOCRATS ETF
NRGD;NYSEARCA:NRGD;ETF_US;MICROSECTORS U.S. BIG OIL INDEX -3X INVERSE LEVERAGED ETN
NUAG;NYSEARCA:NUAG;ETF_US;NUSHARES ENHANCED YIELD US AGGT BD ETF
NUGT;NYSEARCA:NUGT;ETF_US;DIREXION DAILY GOLD MINERS INDEX BULL 3X SHARES ETF
NURE;BATS:NURE;ETF_US;NUVEEN SHORT-TERM REIT ETF
NUSI;NYSEARCA:NUSI;ETF_US;NATIONWIDE RISK-MANAGED INCOME ETF
NVDS;NASDAQ:NVDS;ETF_US;TRADR 1.5X SHORT NVDA DAILY ETF
NVDW;NASDAQ:NVDW;ETF_US;ROUNDHILL NVDA WEEKLYPAY ETF
NVDY;NYSEARCA:NVDY;ETF_US;YIELDMAX NVDA OPTION INCOME STRATEGY ETF
NXTG;NASDAQ:NXTG;ETF_US;FIRST TRUST INDXX NEXTG ETF
OEF;NYSEARCA:OEF;ETF_US;ISHARES S&P 100 ETF
OEUR;BATS:OEUR;ETF_US;Oâ€™SHARES EUROPE QUALITY DIVIDEND ETF
OIH;NYSEARCA:OIH;ETF_US;MARKET VECTORS OIL SERVICES ETF
OLO;NYSE:OLO;ETF_US;POWERSHARES DB CRUDE OIL LONG ETN
OMAH;NYSEARCA:OMAH;ETF_US;VISTASHARES TARGET 15 BERKSHIRE SELECT INCOME ETF
OMFL;BATS:OMFL;ETF_US;INVESCO RUSSELL 1000 DYNAMIC MULTIFACTOR ETF
ONLN;NYSEARCA:ONLN;ETF_US;PROSHARES ONLINE RETAIL ETF
PALL;NYSEARCA:PALL;ETF_US;ABERDEEN STANDARD PHYSICAL PALLADIUM SHARES ETF
PAVE;BATS:PAVE;ETF_US;GLOBAL X U.S. INFRASTRUCTURE DEVELOPMENT ETF
PAWZ;NASDAQ:PAWZ;ETF_US;PROSHARES PET CARE ETF
PBD;NYSEARCA:PBD;ETF_US;POWERSHARES GLOBAL CLEAN ENERGY PORTFOLIO ETF
PBW;NYSEARCA:PBW;ETF_US;POWERSHARES WILDERHILL CLEAN ENERGY PORTFOLIO ETF
PCEF;NYSEARCA:PCEF;ETF_US;POWERSHARES CEF INCOME COMPOSITE PORTFOLIO ETF
PCY;NYSEARCA:PCY;ETF_US;POWERSHARES EMERGING MARKETS SOVEREIGN DEBT PORTFOLIO ETF
PDBC;NASDAQ:PDBC;ETF_US;POWERSHARES DB OPTIMUM YIELD DIVERSIFIED COMMODITY STRATEGY PORTFOLIO ETF
PDN;NYSEARCA:PDN;ETF_US;POWERSHARES FTSE RAFI DEVELOPED MARKETS EX-U.S. SMALL-MID PORTFOLIO ETF
PEJ;NYSEARCA:PEJ;ETF_US;POWERSHARES DYNAMIC LEISURE AND ENTERTAINMENT PORTFOLIO ETF
PEY;NASDAQ:PEY;ETF_US;POWERSHARES HIGH YIELD EQUITY DIVIDEND ACHIEVERS PORTFOLIO ETF
PFF;NASDAQ:PFF;ETF_US;ISHARES U.S. PREFERRED STOCK ETF
PFFA;NYSEARCA:PFFA;ETF_US;VIRTUS INFRACAP U.S. PREFERRED STOCK ETF
PFFD;NYSEARCA:PFFD;ETF_US;GLOBAL X U.S. PREFERRED ETF
PFFR;NYSEARCA:PFFR;ETF_US;INFRACAP REIT PREFERRED ETF
PFIX;NYSEARCA:PFIX;ETF_US;SIMPLIFY INTEREST RATE HEDGE ETF
PFLD;NYSEARCA:PFLD;ETF_US;AAM LOW DURATION PREFERRED AND INCOME SECURITIES ETF
PFXF;NYSEARCA:PFXF;ETF_US;MARKET VECTORS PREFERRED SECURITIES EX FINANCIALS ETF
PGF;NYSEARCA:PGF;ETF_US;POWERSHARES FINANCIAL PREFERRED PORTFOLIO ETF
PGJ;NASDAQ:PGJ;ETF_US;INVESCO GOLDEN DRAGON CHINA ETF
PGX;NYSEARCA:PGX;ETF_US;POWERSHARES PREFERRED PORTFOLIO ETF
PHB;NYSEARCA:PHB;ETF_US;POWERSHARES FUNDAMENTAL HIGH YIELD CORPORATE BOND PORTFOLIO ETF
PHDG;NYSEARCA:PHDG;ETF_US;POWERSHARES S&P 500 DOWNSIDE HEDGED PORTFOLIO ETF
PHYL;NYSEARCA:PHYL;ETF_US;PGIM ACTIVE HIGH YIELD BOND ETF
PICB;NYSEARCA:PICB;ETF_US;INVESCO INTERNATIONAL CORPORATE BOND ETF
PICK;BATS:PICK;ETF_US;ISHARES MSCI GLOBAL METALS & MINING PRODUCERS ETF
PID;NASDAQ:PID;ETF_US;POWERSHARES INTERNATIONAL DIVIDEND ACHIEVERS PORTFOLIO ETF
PIE;NASDAQ:PIE;ETF_US;INVESCO DWA EMERGING MARKETS MOMENTUM ETF
PKW;NASDAQ:PKW;ETF_US;INVESCO BUYBACK ACHIEVERS ETF
PLTM;NYSEARCA:PLTM;ETF_US;GRANITESHARES PLATINUM TRUST
PLTW;BATS:PLTW;ETF_US;ROUNDHILL PLTR WEEKLYPAY ETF
PLTY;NYSEARCA:PLTY;ETF_US;YIELDMAX PLTR OPTION INCOME STRATEGY ETF
PNQI;NASDAQ:PNQI;ETF_US;POWERSHARES NASDAQ INTERNET PORTFOLIO ETF
POTX;NASDAQ:POTX;ETF_US;GLOBAL X CANNABIS ETF
PPA;NYSEARCA:PPA;ETF_US;POWERSHARES AEROSPACE & DEFENSE PORTFOLIO ETF
PPH;NASDAQ:PPH;ETF_US;VANECK PHARMACEUTICAL ETF
PPLT;NYSEARCA:PPLT;ETF_US;ETFS PHYSICAL PLATINUM SHARES ETF
PRNT;BATS:PRNT;ETF_US;THE 3D PRINTING ETF
PSCT;NASDAQ:PSCT;ETF_US;POWERSHARES S&P SMALLCAP INFORMATION TECHNOLOGY PORTFOLIO ETF
PSI;NYSEARCA:PSI;ETF_US;INVESCO SEMICONDUCTORS ETF
PSIL;NYSEARCA:PSIL;ETF_US;ADVISORSHARES PSYCHEDELICS ETF
PSJ;NYSEARCA:PSJ;ETF_US;POWERSHARES DYNAMIC SOFTWARE PORTFOLIO ETF
PSLV;NYSEARCA:PSLV;ETF_US;THE SPROTT PHYSICAL SILVER TRUST
PSP;NYSEARCA:PSP;ETF_US;POWERSHARES GLOBAL LISTED PRIVATE EQUITY PORTFOLIO ETF
PSQ;NYSEARCA:PSQ;ETF_US;SHORT QQQ ETF
PSR;NYSEARCA:PSR;ETF_US;INVESCO ACTIVE U.S. REAL ESTATE FUND
PST;NYSEARCA:PST;ETF_US;ULTRASHORT BARCLAYS 7-10 YEAR TREASURY ETF
PSTL;NYSE:PSTL;ETF_US;GLOBAL STEEL PORTFOLIO
PTF;NASDAQ:PTF;ETF_US;INVESCO DORSEY WRIGHT TECHNOLOGY MOMENTUM ETF
PTLC;BATS:PTLC;ETF_US;PACER TRENDPILOT 750 ETF
PXE;NYSEARCA:PXE;ETF_US;INVESCO DYNAMIC ENERGY EXPLORATION & PRODUCTION ETF
PXH;NYSEARCA:PXH;ETF_US;POWERSHARES FTSE RAFI EMERGING MARKETS PORTFOLIO ETF
PXJ;NYSEARCA:PXJ;ETF_US;POWERSHARES DYNAMIC OIL & GAS SERVICES PORTFOLIO ETF
PZA;NYSEARCA:PZA;ETF_US;POWERSHARES NATIONAL AMT-FREE MUNICIPAL BOND PORTFOLIO ETF
QABA;NASDAQ:QABA;ETF_US;FIRST TRUST NASDAQ ABA COMMUNITY BANK INDEX FUND
QCLN;NASDAQ:QCLN;ETF_US;FLEXSHARES QUALITY DIVIDEND DEFENSIVE INDEX FUND
QDF;NYSEARCA:QDF;ETF_US;FLEXSHARES QUALITY DIVIDEND INDEX FUND
QDTE;BATS:QDTE;ETF_US;ROUNDHILL INNOVATION-100 0DTE COVERED CALL STRATEGY ETF
QDVO;NYSEARCA:QDVO;ETF_US;AMPLIFY CWP GROWTH & INCOME ETF
QID;NYSEARCA:QID;ETF_US;ULTRASHORT QQQ ETF
QLD;NYSEARCA:QLD;ETF_US;ULTRA QQQ ETF
QLTA;NYSEARCA:QLTA;ETF_US;ISHARES AAA - A RATED CORPORATE BOND ETF
QLTY;NYSEARCA:QLTY;ETF_US;GMO U.S. QUALITY ETF
QQQ;NASDAQ:QQQ;ETF_US;POWERSHARES QQQ ETF
QQQE;NYSEARCA:QQQE;ETF_US;DIREXION NASDAQ-100 EQUAL WEIGHTED INDEX SHARES ETF
QQQI;NASDAQ:QQQI;ETF_US;NEOS NASDAQ-100 HIGH INCOME ETF
QQQJ;NASDAQ:QQQJ;ETF_US;INVESCO NASDAQ NEXT GEN 100 ETF
QQQM;NASDAQ:QQQM;ETF_US;INVESCO NASDAQ 100 ETF (QQQM)
QQQT;NASDAQ:QQQT;ETF_US;DEFIANCE NASDAQ 100 INCOME TARGET ETF
QQQY;NASDAQ:QQQY;ETF_US;DEFIANCE NASDAQ 100 TARGET 30 INCOME ETF
QTUM;NYSEARCA:QTUM;ETF_US;DEFIANCE QUANTUM ETF
QUAL;BATS:QUAL;ETF_US;ISHARES MSCI USA QUALITY FACTOR ETF
QUSA;NYSEARCA:QUSA;ETF_US;VISTASHARES TARGET 15 USA QUALITY INCOME ETF
QVAL;BATS:QVAL;ETF_US;VALUESHARES U.S. QUANTITATIVE VALUE ETF
QYLD;NASDAQ:QYLD;ETF_US;RECON CAPITAL NASDAQ 100 COVERED CALL ETF
QYLG;NASDAQ:QYLG;ETF_US;GLOBAL X NASDAQ 100 COVERED CALL & GROWTH ETF
RBLD;NYSEARCA:RBLD;ETF_US;FIRST TRUST ALERIAN U.S. NEXTGEN INFRASTRUCTURE ETF
RCD;NYSEARCA:RCD;ETF_US;INVESCO S&P 500 EQUAL WEIGHT CONSUMER DISCRETIONARY ETF
RDTE;BATS:RDTE;ETF_US;ROUNDHILL SMALL CAP 0DTE COVERED CALL STRATEGY ETF
REET;NYSEARCA:REET;ETF_US;ISHARES GLOBAL REIT ETF
REM;BATS:REM;ETF_US;ISHARES MORTGAGE REAL ESTATE CAPPED ETF
REMX;NYSEARCA:REMX;ETF_US;MARKET VECTORS RARE EARTH/STRATEGIC METALS ETF
REZ;NYSEARCA:REZ;ETF_US;ISHARES RESIDENTIAL REAL ESTATE CAPPED ETF
RGI;NYSEARCA:RGI;ETF_US;GUGGENHEIM S&P 500 EQUAL WEIGHT INDUSTRIALS ETF
RHS;NYSEARCA:RHS;ETF_US;GUGGENHEIM S&P 500 EQUAL WEIGHT CONSUMER STAPLES ETF
RIET;NYSEARCA:RIET;ETF_US;HOYA CAPITAL HIGH DIVIDEND YIELD ETF
RING;NASDAQ:RING;ETF_US;ISHARES MSCI GLOBAL GOLD MINERS ETF
RISR;NYSEARCA:RISR;ETF_US;FOLIOBEYOND RISING RATES ETF
RJA;NYSEARCA:RJA;ETF_US;ELEMENTS LINKED TO THE ROGERS INTERNATIONAL COMMODITY INDEX AGRICULTURE TOTAL RETURN ETF
ROBO;NYSEARCA:ROBO;ETF_US;ROBO-STOX GLOBAL ROBOTICS AND AUTOMATION INDEX ETF
ROBT;NASDAQ:ROBT;ETF_US;FIRST TRUST NASDAQ ARTIFICIAL INTELLIGENCE AND ROBOTICS ETF
RODM;NYSEARCA:RODM;ETF_US;LATTICE DEVELOPED MARKETS (EX-US) STRATEGY ETF
ROM;NYSEARCA:ROM;ETF_US;ULTRA TECHNOLOGY ETF
RPAR;NYSEARCA:RPAR;ETF_US;RPAR RISK PARITY ETF
RPG;NYSEARCA:RPG;ETF_US;GUGGENHEIM S&P 500 PURE GROWTH ETF
RPV;NYSEARCA:RPV;ETF_US;GUGGENHEIM S&P 500 PURE VALUE ETF
RSBT;BATS:RSBT;ETF_US;RETURN STACKED BONDS & MANAGED FUTURES ETF
RSP;NYSEARCA:RSP;ETF_US;GUGGENHEIM S&P 500Â® EQUAL WEIGHT ETF
RSPR;NYSEARCA:RSPR;ETF_US;INVESCO S&P 500Â® EQUAL WEIGHT REAL ESTATE ETF
RSPS;NYSEARCA:RSPS;ETF_US;INVESCO S&P 500Â® EQUAL WEIGHT CONSUMER STAPLES ETF
RSPT;NYSEARCA:RSPT;ETF_US;INVESCO S&P 500 EQUAL WEIGHT TECHNOLOGY ETF
RSSB;BATS:RSSB;ETF_US;RETURN STACKED GLOBAL STOCKS & BONDS ETF
RSST;BATS:RSST;ETF_US;RETURN STACKED U.S. STOCKS & MANAGED FUTURES ETF
RSSX;BATS:RSSX;ETF_US;RETURN STACKED U.S. STOCKS & GOLD/BITCOIN ETF
RTH;NASDAQ:RTH;ETF_US;VANECK VECTORS RETAIL ETF
RWJ;NYSEARCA:RWJ;ETF_US;INVESCO S&P SMALLCAP 600 REVENUE ETF
RWL;NYSEARCA:RWL;ETF_US;INVESCO S&P 500 REVENUE ETF
RWM;NYSEARCA:RWM;ETF_US;SHORT RUSSELL2000 ETF
RWO;NYSEARCA:RWO;ETF_US;SPDR DOW JONES GLOBAL REAL ESTATE ETF
RWR;NYSEARCA:RWR;ETF_US;SPDR DOW JONES REIT ETF
RWX;NYSEARCA:RWX;ETF_US;SPDR DOW JONES INTERNATIONAL REAL ESTATE ETF
RXL;NYSEARCA:RXL;ETF_US;PROSHARES ULTRA HEALTH CARE
RYF;NYSEARCA:RYF;ETF_US;GUGGENHEIM S&P 500 EQUAL WEIGHT FINANCIALS ETF
RYH;NYSEARCA:RYH;ETF_US;GUGGENHEIM S&P 500 EQUAL WEIGHT HEALTH CARE ETF
RYLD;BATS:RYLD;ETF_US;GLOBAL X RUSSELL 2000 COVERED CALL ETF
RYT;NYSEARCA:RYT;ETF_US;GUGGENHEIM S&P 500 EQUAL WEIGHT TECHNOLOGY ETF
RYU;NYSEARCA:RYU;ETF_US;GUGGENHEIM S&P 500 EQUAL WEIGHT UTILITIES ETF
RZV;NYSEARCA:RZV;ETF_US;GUGGENHEIM S&P SMALLCAP 600 PURE VALUE ETF
SARK;NASDAQ:SARK;ETF_US;TUTTLE CAPITAL SHORT INNOVATION ETF
SCHA;NYSEARCA:SCHA;ETF_US;SCHWAB U.S. SMALL-CAP ETF
SCHB;NYSEARCA:SCHB;ETF_US;SCHWAB U.S. BROAD MARKET ETF
SCHC;NYSEARCA:SCHC;ETF_US;SCHWAB INTERNATIONAL SMALL-CAP EQUITY ETF
SCHD;NYSEARCA:SCHD;ETF_US;SCHWAB US DIVIDEND EQUITY ETF
SCHE;NYSEARCA:SCHE;ETF_US;SCHWAB EMERGING MARKETS EQUITY ETF
SCHF;NYSEARCA:SCHF;ETF_US;SCHWAB INTERNATIONAL EQUITY ETF
SCHG;NYSEARCA:SCHG;ETF_US;SCHWAB U.S. LARGE-CAP GROWTH ETF
SCHH;NYSEARCA:SCHH;ETF_US;SCHWAB U.S. REIT ETF
SCHI;NYSEARCA:SCHI;ETF_US;SCHWAB 5-10 YEAR CORPORATE BOND ETF
SCHM;NYSEARCA:SCHM;ETF_US;SCHWAB U.S. MID-CAP ETF
SCHO;NYSEARCA:SCHO;ETF_US;SCHWAB SHORT-TERM U.S. TREASURY ETF
SCHP;NYSEARCA:SCHP;ETF_US;SCHWAB U.S. TIPS ETF
SCHQ;NYSEARCA:SCHQ;ETF_US;SCHWAB LONG-TERM U.S. TREASURY ETF
SCHR;NYSEARCA:SCHR;ETF_US;SCHWAB INTERMEDIATE-TERM U.S. TREASURY ETF
SCHV;NYSEARCA:SCHV;ETF_US;SCHWAB U.S. LARGE-CAP VALUE ETF
SCHX;NYSEARCA:SCHX;ETF_US;SCHWAB U.S. LARGE-CAP ETF
SCHY;NYSEARCA:SCHY;ETF_US;SCHWAB INTERNATIONAL DIVIDEND EQUITY ETF
SCHZ;NYSEARCA:SCHZ;ETF_US;SCHWAB U.S. AGGREGATE BOND ETF
SCJ;NYSEARCA:SCJ;ETF_US;ISHARES MSCI JAPAN SMALL-CAP ETF
SCO;NYSEARCA:SCO;ETF_US;SPDR BARCLAYS SHORT TERM CORPORATE BOND ETF
SCYB;NYSEARCA:SCYB;ETF_US;SCHWAB HIGH YIELD BOND ETF
SCZ;NASDAQ:SCZ;ETF_US;ISHARES MSCI EAFE SMALL-CAP ETF
SDEM;NYSEARCA:SDEM;ETF_US;SUPERDIVIDEND EMERGING MARKETS ETF
SDG;NASDAQ:SDG;ETF_US;ISHARES MSCI GLOBAL IMPACT ETF
SDIV;NYSEARCA:SDIV;ETF_US;SUPERDIVIDEND ETF
SDOW;NYSEARCA:SDOW;ETF_US;ULTRAPRO SHORT DOW30 ETF
SDS;NYSEARCA:SDS;ETF_US;ULTRASHORT S&P500 ETF
SDVY;NASDAQ:SDVY;ETF_US;FIRST TRUST SMID CAP RISING DIVIDEND ACHIEVERS ETF
SDY;NYSEARCA:SDY;ETF_US;SPDR S&P DIVIDEND ETF
SEF;NYSEARCA:SEF;ETF_US;PROSHARES SHORT FINANCIALS
SGOL;NYSEARCA:SGOL;ETF_US;ETFS PHYSICAL SWISS GOLD SHARES ETF
SGOV;NYSEARCA:SGOV;ETF_US;ISHARES 0-3 MONTH TREASURY BOND ETF
SH;NYSEARCA:SH;ETF_US;SHORT S&P500 ETF
SHLD;NYSEARCA:SHLD;ETF_US;GLOBAL X DEFENSE TECH ETF
SHM;NYSEARCA:SHM;ETF_US;SPDR NUVEEN BARCLAYS SHORT TERM MUNICIPAL BOND ETF
SHV;NASDAQ:SHV;ETF_US;ISHARES SHORT TREASURY BOND ETF
SHY;NASDAQ:SHY;ETF_US;ISHARES 1-3 YEAR TREASURY BOND ETF
SHYD;BATS:SHYD;ETF_US;MARKET VECTORS SHORT HIGH-YIELD MUNICIPAL INDEX ETF
SHYG;NYSEARCA:SHYG;ETF_US;ISHARES 0-5 YEAR HIGH YIELD CORPORATE BOND ETF
SIL;NYSEARCA:SIL;ETF_US;SILVER MINERS ETF
SILJ;NYSEARCA:SILJ;ETF_US;PUREFUNDS ISE JUNIOR SILVER ETF
SIVR;NYSEARCA:SIVR;ETF_US;ETFS PHYSICAL SILVER SHARES ETF
SIXG;NASDAQ:SIXG;ETF_US;DEFIANCE CONNECTIVE TECHNOLOGIES ETF
SJNK;NYSEARCA:SJNK;ETF_US;SPDR BARCLAYS CAPITAL SHORT TERM HIGH YIELD BOND ETF
SKYY;NASDAQ:SKYY;ETF_US;FIRST TRUST ISE CLOUD COMPUTING INDEX FUND
SLQD;NASDAQ:SLQD;ETF_US;ISHARES 0-5 YEAR INVESTMENT GRADE CORPORATE BOND ETF
SLV;NYSEARCA:SLV;ETF_US;ISHARES SILVER TRUST ETF
SLVO;NASDAQ:SLVO;ETF_US;X-LINKS SILVER SHARES COVERED CALL ETN
SLVP;BATS:SLVP;ETF_US;ISHARES MSCI GLOBAL SILVER MINERS ETF
SLX;NYSEARCA:SLX;ETF_US;MARKET VECTORS STEEL ETF
SLY;NYSEARCA:SLY;ETF_US;SPDR S&P 600 SMALL CAP ETF
SLYV;NYSEARCA:SLYV;ETF_US;SPDR S&P 600 SMALL CAP VALUE ETF
SMCY;NYSEARCA:SMCY;ETF_US;YIELDMAX SMCI OPTION INCOME STRATEGY ETF
SMDV;BATS:SMDV;ETF_US;RUSSELL 2000 DIVIDEND GROWERS ETF
SMH;NASDAQ:SMH;ETF_US;MARKET VECTORS SEMICONDUCTOR ETF
SMIN;BATS:SMIN;ETF_US;ISHARES MSCI INDIA SMALL-CAP ETF
SMLF;NYSEARCA:SMLF;ETF_US;ISHARES MSCI USA SMALL-CAP MULTIFACTOR ETF
SMLV;NYSEARCA:SMLV;ETF_US;SPDR RUSSELL 2000 LOW VOLATILITY ETF
SMMV;BATS:SMMV;ETF_US;ISHARES MSCI USA SMALL-CAP MIN VOL FACTOR ETF
SNPE;NYSEARCA:SNPE;ETF_US;XTRACKERS S&P 500 ESG ETF
SNSR;NASDAQ:SNSR;ETF_US;GLOBAL X INTERNET OF THINGS THEMATIC ETF
SOLT;NASDAQ:SOLT;ETF_US;2X SOLANA ETF
SOXL;NYSEARCA:SOXL;ETF_US;DIREXION DAILY SEMICONDUCTOR BULL 3X SHARES ETF
SOXQ;NASDAQ:SOXQ;ETF_US;INVESCO PHLX SEMICONDUCTOR ETF
SOXS;NYSEARCA:SOXS;ETF_US;DIREXION DAILY SEMICONDUCTOR BEAR 3X SHARES ETF
SOXX;NASDAQ:SOXX;ETF_US;ISHARES PHLX SEMICONDUCTOR ETF
SOXY;NYSEARCA:SOXY;ETF_US;YIELDMAX TARGET 12 SEMICONDUCTOR OPTION INCOME ETF
SOYB;NYSEARCA:SOYB;ETF_US;THE TEUCRIUM SOYBEAN FUND
SPAB;NYSEARCA:SPAB;ETF_US;SPDR PORTFOLIO AGGREGATE BOND ETF
SPCX;NYSEARCA:SPCX;ETF_US;THE SPAC AND NEW ISSUE ETF
SPDV;NYSEARCA:SPDV;ETF_US;AAM S&P 500 HIGH DIVIDEND VALUE ETF
SPDW;NYSEARCA:SPDW;ETF_US;SPDR PORTFOLIO WORLD EX-US ETF
SPEM;NYSEARCA:SPEM;ETF_US;SPDR PORTFOLIO EMERGING MARKETS ETF
SPEU;NYSEARCA:SPEU;ETF_US;SPDR PORTFOLIO EUROPE ETF
SPFF;NYSEARCA:SPFF;ETF_US;SUPERINCOME PREFERRED ETF
SPGM;NYSEARCA:SPGM;ETF_US;SPDR PORTFOLIO MSCI GLOBAL STOCK MARKET ETF
SPGP;NYSEARCA:SPGP;ETF_US;INVESCO S&P 500 GARP ETF
SPHB;NYSEARCA:SPHB;ETF_US;POWERSHARES S&P 500 HIGH BETA PORTFOLIO ETF
SPHD;NYSEARCA:SPHD;ETF_US;INVESCO S&P 500 HIGH DIVIDEND LOW VOLATILITY PORTFOLIO ETF
SPHQ;NYSEARCA:SPHQ;ETF_US;INVESCO S&P 500 HIGH QUALITY PORTFOLIO ETF
SPHY;NYSEARCA:SPHY;ETF_US;SPDR PORTFOLIO HIGH YIELD BOND ETF
SPIB;NYSEARCA:SPIB;ETF_US;SPDR PORTFOLIO INTERMEDIATE TERM CORPORATE BOND ETF
SPIP;NYSEARCA:SPIP;ETF_US;SPDR PORTFOLIO TIPS ETF
SPLB;NYSEARCA:SPLB;ETF_US;SPDR PORTFOLIO LONG TERM CORPORATE BOND ETF
SPLG;NYSEARCA:SPLG;ETF_US;SPDR PORTFOLIO LARGE CAP ETF
SPLV;NYSEARCA:SPLV;ETF_US;POWERSHARES S&P 500 LOW VOLATILITY PORTFOLIO ETF
SPMB;NYSEARCA:SPMB;ETF_US;SPDR PORTFOLIO MORTGAGE BACKED BOND ETF
SPMD;NYSEARCA:SPMD;ETF_US;SPDR PORTFOLIO MID CAP ETF
SPMO;NYSEARCA:SPMO;ETF_US;INVESCO S&P 500 MOMENTUM ETF
SPSB;NYSEARCA:SPSB;ETF_US;SPDR PORTFOLIO SHORT TERM CORPORATE BOND ETF
SPSM;NYSEARCA:SPSM;ETF_US;SPDR PORTFOLIO SMALL CAP ETF
SPTI;NYSEARCA:SPTI;ETF_US;SPDR PORTFOLIO INTERMEDIATE TERM TREASURY ETF
SPTL;NYSEARCA:SPTL;ETF_US;SPDR PORTFOLIO LONG TERM TREASURY ETF
SPTM;NYSEARCA:SPTM;ETF_US;SPDR PORTFOLIO TOTAL STOCK MARKET ETF
SPTS;NYSEARCA:SPTS;ETF_US;SPDR PORTFOLIO SHORT TERM TREASURY ETF
SPVU;NYSEARCA:SPVU;ETF_US;POWERSHARES S&P 500 VALUE PORTFOLIO ETF
SPXL;NYSEARCA:SPXL;ETF_US;DIREXION DAILY S&P 500 BULL 3X SHARES ETF
SPXS;NYSEARCA:SPXS;ETF_US;DIREXION DAILY S&P 500 BEAR 3X SHARES ETF
SPXU;NYSEARCA:SPXU;ETF_US;ULTRAPRO SHORT S&P500 ETF
SPY;NYSEARCA:SPY;ETF_US;SPDR S&P 500 ETF
SPYD;NYSEARCA:SPYD;ETF_US;SPDR S&P 500 HIGH DIVIDEND ETF
SPYG;NYSEARCA:SPYG;ETF_US;SPDR S&P 500 GROWTH ETF
SPYH;BATS:SPYH;ETF_US;NEOS S&P 500 HEDGED EQUITY INCOME ETF
SPYI;BATS:SPYI;ETF_US;NEOS S&P 500(R) HIGH INCOME ETF
SPYT;NYSEARCA:SPYT;ETF_US;DEFIANCE S&P 500 TARGET INCOME ETF
SPYV;NYSEARCA:SPYV;ETF_US;SPDR S&P 500 VALUE ETF
SPYX;NYSEARCA:SPYX;ETF_US;SPDR S&P 500 FOSSIL FUEL FREE ETF
SQQQ;NASDAQ:SQQQ;ETF_US;ULTRAPRO SHORT QQQ ETF
SRET;NASDAQ:SRET;ETF_US;SUPERDIVIDEND REIT ETF
SRLN;NYSEARCA:SRLN;ETF_US;SPDR BLACKSTONE GSO SENIOR LOAN ETF
SRS;NYSEARCA:SRS;ETF_US;PROSHARES ULTRASHORT REAL ESTATE
SRTY;NYSEARCA:SRTY;ETF_US;ULTRAPRO SHORT RUSSELL2000 ETF
SRVR;NYSEARCA:SRVR;ETF_US;PACER BENCHMARK DATA & INFRASTRUCTURE REAL ESTATE SCTR ETF
SSG;NYSEARCA:SSG;ETF_US;PROSHARES ULTRASHORT SEMICONDUCTORS
SSO;NYSEARCA:SSO;ETF_US;ULTRA S&P500 ETF
STIP;NYSEARCA:STIP;ETF_US;ISHARES 0-5 YEAR TIPS BOND ETF
STPZ;NYSEARCA:STPZ;ETF_US;PIMCO 1-5 YEAR U.S. TIPS INDEX EXCHANGE-TRADED FUND
SUB;NYSEARCA:SUB;ETF_US;ISHARES SHORT-TERM NATIONAL MUNI BOND ETF
SURE;NYSEARCA:SURE;ETF_US;ADVISORSHARES INSIDER ADVANTAGE ETF
SUSA;NYSEARCA:SUSA;ETF_US;ISHARES MSCI USA ESG SELECT ETF
SUSC;NASDAQ:SUSC;ETF_US;ISHARES ESG USD CORPORATE BOND ETF
SVOL;NYSEARCA:SVOL;ETF_US;SIMPLIFY VOLATILITY PREMIUM ETF
SVXY;BATS:SVXY;ETF_US;SHORT VIX SHORT-TERM FUTURES ETF
SWAN;NYSEARCA:SWAN;ETF_US;AMPLIFY BLACKSWAN GROWTH & TREASURY CORE ETF
SYLD;BATS:SYLD;ETF_US;CAMBRIA SHAREHOLDER YIELD ETF
SZK;NYSEARCA:SZK;ETF_US;PROSHARES ULTRASHORT CONSUMER GOODS
TAN;NYSEARCA:TAN;ETF_US;GUGGENHEIM SOLAR ETF
TBF;NYSEARCA:TBF;ETF_US;SHORT 20+ YEAR TREASURY ETF
TBIL;NASDAQ:TBIL;ETF_US;US TREASURY 3 MONTH BILL ETF
TBT;NYSEARCA:TBT;ETF_US;ULTRASHORT BARCLAYS 20+ YEAR TREASURY ETF
TBX;NYSEARCA:TBX;ETF_US;SHORT 7-10 YEAR TREASURY ETF
TDAQ;BATS:TDAQ;ETF_US;TAPPALPHA INNOVATION 100 GROWTH & DAILY INCOME ETF
TDIV;NASDAQ:TDIV;ETF_US;FIRST TRUST NASDAQ TECHNOLOGY DIVIDEND INDEX FUND
TDTF;NYSEARCA:TDTF;ETF_US;FLEXSHARES IBOXX 5-YEAR TARGET DURATION TIPS INDEX FUND
TDTT;NYSEARCA:TDTT;ETF_US;FLEXSHARES IBOXX 3-YEAR TARGET DURATION TIPS INDEX FUND
TDVG;NYSEARCA:TDVG;ETF_US;T.ROWE PRICE DIVIDEND GROWTH ETF
TECL;NYSEARCA:TECL;ETF_US;DIREXION DAILY TECHNOLOGY BULL 3X SHARES ETF
TECS;NYSEARCA:TECS;ETF_US;DIREXION DAILY TECHNOLOGY BEAR 3X SHARES ETF
TFI;NYSEARCA:TFI;ETF_US;SPDR NUVEEN BARCLAYS MUNICIPAL BOND ETF
TFLO;NYSEARCA:TFLO;ETF_US;ISHARES TREASURY FLOATING RATE BOND ETF
TGIF;NYSEARCA:TGIF;ETF_US;SOFI WEEKLY INCOME ETF
TGRW;NYSEARCA:TGRW;ETF_US;T. ROWE PRICE GROWTH STOCK ETF
THCX;NYSEARCA:THCX;ETF_US;AXS CANNABIS ETF
THD;NYSEARCA:THD;ETF_US;ISHARES MSCI THAILAND CAPPED ETF
THNQ;NYSEARCA:THNQ;ETF_US;ROBO GLOBAL ARTIFICIAL INTELLIGENCE ETF
TINY;NYSEARCA:TINY;ETF_US;PROSHARES NANOTECHNOLOGY ETF
TIP;NYSEARCA:TIP;ETF_US;ISHARES TIPS BOND ETF
TIPX;NYSEARCA:TIPX;ETF_US;SPDR BARCLAYS 1-10 YEAR TIPS ETF
TIPZ;NYSEARCA:TIPZ;ETF_US;PIMCO BROAD U.S. TIPS INDEX EXCHANGE-TRADED FUND
TLH;NYSEARCA:TLH;ETF_US;ISHARES 10-20 YEAR TREASURY BOND ETF
TLT;NASDAQ:TLT;ETF_US;ISHARES 20+ YEAR TREASURY BOND ETF
TLTD;NYSEARCA:TLTD;ETF_US;FLEXSHARES MORNINGSTAR DEVELOPED MARKETS EX-US FACTOR TILT INDEX FUND
TLTW;BATS:TLTW;ETF_US;ISHARES 20+ YEAR TREASURY BOND BUYWRITE STRATEGY ETF
TMF;NYSEARCA:TMF;ETF_US;DIREXION DAILY 20+ YEAR TREASURY BULL 3X SHARES ETF
TMFC;BATS:TMFC;ETF_US;MOTLEY FOOL 100 INDEX ETF
TMFE;NYSEARCA:TMFE;ETF_US;MOTLEY FOOL CAPITAL EFFICIENCY 100 INDEX ETF
TMV;NYSEARCA:TMV;ETF_US;DIREXION DAILY 20+ YEAR TREASURY BEAR 3X SHARES ETF
TNA;NYSEARCA:TNA;ETF_US;DIREXION DAILY SMALL CAP BULL 3X SHARES ETF
TOK;NYSEARCA:TOK;ETF_US;ISHARES MSCI KOKUSAI ETF
TOTL;NYSEARCA:TOTL;ETF_US;SPDR DOUBLELINE TOTAL RETURN TACTICAL ETF
TQQQ;NASDAQ:TQQQ;ETF_US;ULTRAPRO QQQ ETF
TSDD;NASDAQ:TSDD;ETF_US;GRANITESHARES 2X SHORT TSLA DAILY ETF
TSLL;NASDAQ:TSLL;ETF_US;DIREXION DAILY TSLA BULL 2X SHARES
TSLP;BATS:TSLP;ETF_US;KURV YIELD PREMIUM STRATEGY TESLA ETF
TSLQ;NASDAQ:TSLQ;ETF_US;AXS TSLA BEAR DAILY ETF
TSLS;NASDAQ:TSLS;ETF_US;DIREXION DAILY TSLA BEAR 1X SHARES
TSLY;NYSEARCA:TSLY;ETF_US;YIELDMAX TSLA OPTION INCOME STRATEGY ETF
TTT;NYSEARCA:TTT;ETF_US;ULTRAPRO SHORT 20+ YEAR TREASURY ETF
TUR;NASDAQ:TUR;ETF_US;ISHARES MSCI TURKEY ETF
TVIXF;OTCMKTS:TVIXF;ETF_US;VELOCITYSHARES DAILY 2X VIX SHORT TERM ETN LINKED TO SP 500 VIX SHORT FUT INDEX
TWM;NYSEARCA:TWM;ETF_US;ULTRASHORT RUSSELL2000 ETF
TYO;NYSEARCA:TYO;ETF_US;DIREXION DAILY 7-10 YEAR TREASURY BEAR 3X SHARES ETF
TZA;NYSEARCA:TZA;ETF_US;DIREXION DAILY SMALL CAP BEAR 3X SHARES ETF
UCO;NYSEARCA:UCO;ETF_US;ULTRA BLOOMBERG CRUDE OIL ETF
UCYB;NASDAQ:UCYB;ETF_US;PROSHARES ULTRA NASDAQ CYBERSECURITY
UDIV;NYSEARCA:UDIV;ETF_US;FRANKLIN U.S. CORE DIVIDEND TILT INDEX ETF
UDN;NYSEARCA:UDN;ETF_US;POWERSHARES DB US DOLLAR INDEX BEARISH FUND
UDOW;NYSEARCA:UDOW;ETF_US;ULTRAPRO DOW30 ETF
UEVM;NYSEARCA:UEVM;ETF_US;USAA MSCI EMERGING MARKETS VALUE MOMENTUM BLEND INDEX ETF
UFO;NASDAQ:UFO;ETF_US;PROCURE SPACE ETF
UGA;NYSEARCA:UGA;ETF_US;UNITED STATES GASOLINE FUND
UGAZF;OTCMKTS:UGAZF;ETF_US;VELOCITYSHARES 3X LONG NATURAL GAS ETN LINKED TO THE S&P GSCI NATURAL GAS INDEX ER
UGL;NYSEARCA:UGL;ETF_US;ULTRA GOLD ETF
ULTI;NASDAQ:ULTI;ETF_US;REX INCOMEMAX OPTION STRATEGY ETF
ULTY;NYSEARCA:ULTY;ETF_US;YIELDMAX ULTRA OPTION INCOME STRATEGY ETF
UNG;NYSEARCA:UNG;ETF_US;UNITED STATES NATURAL GAS FUND
UPRO;NYSEARCA:UPRO;ETF_US;ULTRAPRO S&P 500 ETF
URA;NYSEARCA:URA;ETF_US;URANIUM ETF
URE;NYSEARCA:URE;ETF_US;ULTRA REAL ESTATE ETF
URNJ;NASDAQ:URNJ;ETF_US;SPROTT JUNIOR URANIUM MINERS ETF
URNM;NYSEARCA:URNM;ETF_US;NORTH SHORE GLOBAL URANIUM MINING ETF
URTH;NYSEARCA:URTH;ETF_US;ISHARES MSCI WORLD ETF
URTY;NYSEARCA:URTY;ETF_US;ULTRAPRO RUSSELL2000 ETF
USCI;NYSEARCA:USCI;ETF_US;UNITED STATES COMMODITY INDEX FUND
USD;NYSEARCA:USD;ETF_US;ULTRA SEMICONDUCTORS ETF
USFR;NYSEARCA:USFR;ETF_US;WISDOMTREE FLOATING RATE TREASURY FUND
USHY;BATS:USHY;ETF_US;ISHARES BROAD USD HIGH YIELD CORPORATE BOND ETF
USIG;NYSEARCA:USIG;ETF_US;ISHARES BROAD USD INVESTMENT GRADE CORPORATE BOND ETF
USL;NYSEARCA:USL;ETF_US;UNITED STATES 12 MONTH OIL ETF
USMF;BATS:USMF;ETF_US;WISDOMTREE U.S. MULTIFACTOR FUND
USMV;BATS:USMV;ETF_US;ISHARES MSCI USA MINIMUM VOLATILITY ETF
USO;NYSEARCA:USO;ETF_US;UNITED STATES OIL FUND
USOI;NASDAQ:USOI;ETF_US;CREDIT SUISSE X-LINKS CRUDE OIL SHARES COVERED CALL ETN
USOY;NASDAQ:USOY;ETF_US;DEFIANCE OIL ENHANCED OPTIONS INCOME ETF
USPX;NYSEARCA:USPX;ETF_US;FRANKLIN U.S. EQUITY INDEX ETF
USRT;NYSEARCA:USRT;ETF_US;ISHARES CORE U.S. REIT ETF
UTES;NYSE:UTES;ETF_US;VIRTUS REAVES UTILITIES ETF
UTHY;NASDAQ:UTHY;ETF_US;US TREASURY 30 YEAR BOND ETF
UUP;NYSEARCA:UUP;ETF_US;POWERSHARES DB US DOLLAR INDEX BULLISH FUND
UVIX;BATS:UVIX;ETF_US;2X LONG VIX FUTURES ETF
UVXY;BATS:UVXY;ETF_US;ULTRA VIX SHORT-TERM FUTURES ETF
UWM;NYSEARCA:UWM;ETF_US;ULTRA RUSSELL2000 ETF
UYG;NYSEARCA:UYG;ETF_US;PROSHARES ULTRA FINANCIALS
VAW;NYSEARCA:VAW;ETF_US;VANGUARD MATERIALS ETF
VB;NYSEARCA:VB;ETF_US;VANGUARD SMALL-CAP ETF
VBK;NYSEARCA:VBK;ETF_US;VANGUARD SMALL-CAP GROWTH ETF
VBR;NYSEARCA:VBR;ETF_US;VANGUARD SMALL-CAP VALUE ETF
VCIT;NASDAQ:VCIT;ETF_US;VANGUARD INTERMEDIATE-TERM CORPORATE BOND ETF
VCLT;NASDAQ:VCLT;ETF_US;VANGUARD LONG-TERM CORPORATE BOND ETF
VCR;NYSEARCA:VCR;ETF_US;VANGUARD CONSUMER DISCRETIONARY ETF
VCSH;NASDAQ:VCSH;ETF_US;VANGUARD SHORT-TERM CORPORATE BOND ETF
VDC;NYSEARCA:VDC;ETF_US;VANGUARD CONSUMER STAPLES ETF
VDE;NYSEARCA:VDE;ETF_US;VANGUARD ENERGY ETF
VEA;NYSEARCA:VEA;ETF_US;VANGUARD FTSE DEVELOPED MARKETS ETF
VEGN;NYSEARCA:VEGN;ETF_US;US VEGAN CLIMATE ETF
VEU;NYSEARCA:VEU;ETF_US;VANGUARD FTSE ALL-WORLD EX-US ETF
VFH;NYSEARCA:VFH;ETF_US;VANGUARD FINANCIALS ETF
VFLO;NASDAQ:VFLO;ETF_US;VICTORYSHARES FREE CASH FLOW ETF
VFVA;BATS:VFVA;ETF_US;VANGUARD U.S. VALUE FACTOR ETF
VGIT;NASDAQ:VGIT;ETF_US;VANGUARD INTERMEDIATE-TERM GOVERNMENT BOND ETF
VGK;NYSEARCA:VGK;ETF_US;VANGUARD FTSE EUROPE ETF
VGLT;NASDAQ:VGLT;ETF_US;VANGUARD LONG-TERM GOVERNMENT BOND ETF
VGSH;NASDAQ:VGSH;ETF_US;VANGUARD SHORT-TERM GOVERNMENT BOND ETF
VGT;NYSEARCA:VGT;ETF_US;VANGUARD INFORMATION TECHNOLOGY ETF
VHT;NYSEARCA:VHT;ETF_US;VANGUARD HEALTH CARE ETF
VICE;NYSEARCA:VICE;ETF_US;ADVISORSHARES VICE ETF
VIG;NYSEARCA:VIG;ETF_US;VANGUARD DIVIDEND APPRECIATION ETF
VIGI;NASDAQ:VIGI;ETF_US;VANGUARD INTERNATIONAL DIVIDEND APPRECIATION ETF
VIOV;NYSEARCA:VIOV;ETF_US;VANGUARD S&P SMALL-CAP 600 VALUE ETF
VIS;NYSEARCA:VIS;ETF_US;VANGUARD INDUSTRIALS ETF
VIXM;BATS:VIXM;ETF_US;VIX MID-TERM FUTURES ETF
VIXY;BATS:VIXY;ETF_US;VIX SHORT-TERM FUTURES ETF
VLUE;BATS:VLUE;ETF_US;ISHARES MSCI USA VALUE FACTOR ETF
VNM;BATS:VNM;ETF_US;MARKET VECTORS VIETNAM ETF
VNQ;NYSEARCA:VNQ;ETF_US;VANGUARD REIT ETF
VNQI;NASDAQ:VNQI;ETF_US;VANGUARD GLOBAL EX-U.S. REAL ESTATE ETF
VO;NYSEARCA:VO;ETF_US;VANGUARD MID-CAP ETF
VOE;NYSEARCA:VOE;ETF_US;VANGUARD MID-CAP VALUE ETF
VONG;NASDAQ:VONG;ETF_US;VANGUARD RUSSELL 1000 GROWTH ETF
VOO;NYSEARCA:VOO;ETF_US;VANGUARD S&P 500 ETF
VOOG;NYSEARCA:VOOG;ETF_US;VANGUARD S&P 500 GROWTH ETF
VOOV;NYSEARCA:VOOV;ETF_US;VANGUARD S&P 500 VALUE ETF
VOT;NYSEARCA:VOT;ETF_US;VANGUARD MID-CAP GROWTH INDEX FUND ETF SHARES
VOX;NYSEARCA:VOX;ETF_US;VANGUARD TELECOMMUNICATION SERVICES ETF
VPL;NYSEARCA:VPL;ETF_US;VANGUARD FTSE PACIFIC ETF
VPU;NYSEARCA:VPU;ETF_US;VANGUARD UTILITIES ETF
VRP;NYSEARCA:VRP;ETF_US;POWERSHARES VARIABLE RATE PREFERRED PORTFOLIO ETF
VSGX;BATS:VSGX;ETF_US;VANGUARD ESG INTERNATIONAL STOCK ETF
VSMAX;NASDAQ:VSMAX;ETF_US;VANGUARD SMALL-CAP INDEX FUND ADMIRAL SHARES
VSS;NYSEARCA:VSS;ETF_US;VANGUARD FTSE ALL-WORLD EX-US SMALL-CAP ETF
VT;NYSEARCA:VT;ETF_US;VANGUARD TOTAL WORLD STOCK ETF
VTEB;NYSEARCA:VTEB;ETF_US;VANGUARD TAX-EXEMPT BOND ETF
VTHR;NASDAQ:VTHR;ETF_US;VANGUARD RUSSELL 3000 ETF
VTI;NYSEARCA:VTI;ETF_US;VANGUARD TOTAL STOCK MARKET ETF
VTIP;NASDAQ:VTIP;ETF_US;VANGUARD SHORT-TERM INFLATION-PROTECTED SECURITIES ETF
VTV;NYSEARCA:VTV;ETF_US;VANGUARD VALUE ETF
VTWO;NASDAQ:VTWO;ETF_US;VANGUARD RUSSELL 2000 ETF
VTWV;NASDAQ:VTWV;ETF_US;VANGUARD RUSSELL 2000 VALUE INDEX FUND
VUG;NYSEARCA:VUG;ETF_US;VANGUARD GROWTH ETF
VV;NYSEARCA:VV;ETF_US;VANGUARD LARGE-CAP ETF
VWO;NYSEARCA:VWO;ETF_US;VANGUARD FTSE EMERGING MARKETS ETF
VWOB;NASDAQ:VWOB;ETF_US;VANGUARD EMERGING MARKETS GOVERNMENT BOND ETF
VXF;NYSEARCA:VXF;ETF_US;VANGUARD EXTENDED MARKET ETF
VXUS;NASDAQ:VXUS;ETF_US;VANGUARD TOTAL INTERNATIONAL STOCK ETF
VXX;BATS:VXX;ETF_US;IPATHÂ® S&P 500 VIX SHORT-TERM FUTURES ETN
VXZ;BATS:VXZ;ETF_US;IPATH S&P 500 VIX MID-TERM FUTURES ETN
VYM;NYSEARCA:VYM;ETF_US;VANGUARD HIGH DIVIDEND YIELD ETF
VYMI;NASDAQ:VYMI;ETF_US;VANGUARD INTERNATIONAL HIGH DIVIDEND YIELD ETF
WBAT;BATS:WBAT;ETF_US;WISDOMTREE BATTERY VALUE CHAIN AND INNOVATION FUND
WCLD;NASDAQ:WCLD;ETF_US;WISDOMTREE CLOUD COMPUTING FUND
WDTE;NYSEARCA:WDTE;ETF_US;DEFIANCE S&P 500 TARGET 30 INCOME ETF
WEAT;NYSEARCA:WEAT;ETF_US;THE TEUCRIUM WHEAT FUND
WEED;BATS:WEED;ETF_US;ROUNDHILL CANNABIS ETF
WGMI;NASDAQ:WGMI;ETF_US;VALKYRIE BITCOIN MINERS ETF
WINC;NASDAQ:WINC;ETF_US;WESTERN ASSET SHORT DURATION INCOME ETF
WIP;NYSEARCA:WIP;ETF_US;SPDR CITI INTERNATIONAL GOVERNMENT INFLATION-PROTECTED BOND ETF
WKLY;NYSEARCA:WKLY;ETF_US;SOFI WEEKLY DIVIDEND ETF
WOOD;NASDAQ:WOOD;ETF_US;ISHARES GLOBAL TIMBER & FORESTRY ETF
WPAY;NASDAQ:WPAY;ETF_US;ROUNDHILL WEEKLYPAYâ„¢ UNIVERSE ETF
WPS;NYSEARCA:WPS;ETF_US;ISHARES INTERNATIONAL DEVELOPED PROPERTY ETF
WTAI;BATS:WTAI;ETF_US;WISDOMTREE ARTIFICIAL INTELLIGENCE AND INNOVATION FUND
XAIX;NASDAQ:XAIX;ETF_US;XTRACKERS ARTIFICIAL INTELLIGENCE AND BIG DATA ETF
XAR;NYSEARCA:XAR;ETF_US;SPDR S&P AEROSPACE & DEFENSE ETF
XBI;NYSEARCA:XBI;ETF_US;SPDR S&P BIOTECH ETF
XDTE;BATS:XDTE;ETF_US;ROUNDHILL S&P 500 0DTE COVERED CALL STRATEGY ETF
XES;NYSEARCA:XES;ETF_US;SPDR S&P OIL & GAS EQUIPMENT & SERVICES ETF
XHB;NYSEARCA:XHB;ETF_US;SPDR HOMEBUILDERS ETF
XHE;NYSEARCA:XHE;ETF_US;SPDR S&P HEALTH CARE EQUIPMENT ETF
XHLF;NYSEARCA:XHLF;ETF_US;BONDBLOXX BLOOMBERG SIX MONTH TARGET DURATION US TREASURY ETF
XIV;INDEXASX:XIV;ETF_US;VELOCITYSHARES DAILY INVERSE VIX SHORT-TERM ETN
XLB;NYSEARCA:XLB;ETF_US;MATERIALS SELECT SECTOR SPDR FUND
XLC;NYSEARCA:XLC;ETF_US;COMMUNICATION SERVICES SELECT SECTOR SPDR FUND
XLE;NYSEARCA:XLE;ETF_US;ENERGY SELECT SECTOR SPDR FUND
XLF;NYSEARCA:XLF;ETF_US;FINANCIAL SELECT SECTOR SPDR FUND
XLI;NYSEARCA:XLI;ETF_US;INDUSTRIAL SELECT SECTOR SPDR FUND
XLK;NYSEARCA:XLK;ETF_US;TECHNOLOGY SELECT SECTOR SPDR FUND
XLP;NYSEARCA:XLP;ETF_US;CONSUMER STAPLES SELECT SECTOR SPDR FUND
XLRE;NYSEARCA:XLRE;ETF_US;REAL ESTATE SELECT SECTOR SPDR FUND
XLU;NYSEARCA:XLU;ETF_US;UTILITIES SELECT SECTOR SPDR FUND
XLV;NYSEARCA:XLV;ETF_US;HEALTH CARE SELECT SECTOR SPDR FUND
XLY;NYSEARCA:XLY;ETF_US;CONSUMER DISCRETIONARY SELECT SECTOR SPDR FUND
XM;NASDAQ:XM;ETF_US;ELKHORN S&P MIDCAP MATERIALS PORTFOLIO
XME;NYSEARCA:XME;ETF_US;SPDR S&P METALS & MINING ETF
XMHQ;NYSEARCA:XMHQ;ETF_US;INVESCO S&P MIDCAP QUALITY ETF
XMLV;NYSEARCA:XMLV;ETF_US;POWERSHARES S&P MIDCAP LOW VOLATILITY PORTFOLIO ETF
XMMO;NYSEARCA:XMMO;ETF_US;INVESCO S&P MIDCAP MOMENTUM ETF
XMVM;NYSEARCA:XMVM;ETF_US;INVESCO S&P MIDCAP VALUE WITH MOMENTUM ETF
XOP;NYSEARCA:XOP;ETF_US;SPDR S&P OIL & GAS EXPLORATION & PRODUCTION ETF
XRT;NYSEARCA:XRT;ETF_US;SPDR S&P RETAIL ETF
XSD;NYSEARCA:XSD;ETF_US;SPDR S&P SEMICONDUCTOR ETF
XSHD;BATS:XSHD;ETF_US;INVESCO S&P SMALLCAP HIGH DIVIDEND LOW VOLATILITY ETF
XSMO;NYSEARCA:XSMO;ETF_US;INVESCO S&P SMALLCAP MOMENTUM ETF
XSOE;NYSEARCA:XSOE;ETF_US;WISDOMTREE EMERGING MARKETS EX-STATE-OWNED ENTERPRISES FUND
XSVM;NYSEARCA:XSVM;ETF_US;INVESCO S&P SMALLCAP VALUE WITH MOMENTUM ETF
XT;NASDAQ:XT;ETF_US;ISHARES EXPONENTIAL TECHNOLOGIES ETF
XYLD;NYSEARCA:XYLD;ETF_US;GLOBAL X S&P 500 COVERED CALL ETF
XYLG;NYSEARCA:XYLG;ETF_US;GLOBAL X S&P 500 COVERED CALL & GROWTH ETF
YANG;NYSEARCA:YANG;ETF_US;DIREXION DAILY FTSE CHINA BEAR 3X SHARES ETF
YBIT;NYSEARCA:YBIT;ETF_US;YIELDMAX BITCOIN OPTION INCOME STRATEGY ETF
YBTC;BATS:YBTC;ETF_US;ROUNDHILL BITCOIN COVERED CALL STRATEGY ETF
YCS;NYSEARCA:YCS;ETF_US;PROSHARES ULTRASHORT YEN
YETH;BATS:YETH;ETF_US;ROUNDHILL ETHER COVERED CALL STRATEGY ETF
YINN;NYSEARCA:YINN;ETF_US;DIREXION DAILY FTSE CHINA BULL 3X SHARES ETF
YMAG;NYSEARCA:YMAG;ETF_US;YIELDMAX MAGNIFICENT 7 FUND OF OPTION INCOME ETFS
YMAX;NYSEARCA:YMAX;ETF_US;YIELDMAX UNIVERSE FUND OF OPTION INCOME ETFS
YOLO;NYSEARCA:YOLO;ETF_US;ADVISORSHARES PURE CANNABIS ETF
YYY;NYSEARCA:YYY;ETF_US;YIELDSHARES HIGH INCOME ETF
ZIG;NYSEARCA:ZIG;ETF_US;ACQUIRERS FUND
ZIVB;BATS:ZIVB;ETF_US;-1X SHORT VIX MID-TERM FUTURES STRATEGY ETF
ZROZ;NYSEARCA:ZROZ;ETF_US;PIMCO 25+ YEAR ZERO COUPON US TREASURY INDEX ETF
ZSL;NYSEARCA:ZSL;ETF_US;ULTRASHORT SILVER ETF
BDIF11;BVMF:BDIF11;FI_INFRA;BTG PACTUAL INFRA DIV FIP EM INFRA CF
BIDB11;BVMF:BIDB11;FI_INFRA;INTER INFRA FIC INFRA RENDA FIXA CREDITO PRIVADO
BINC11;BVMF:BINC11;FI_INFRA;BRADESCO FIC DE FI FIN RF INV IE CDI RF CP RES LIM
BODB11;BVMF:BODB11;FI_INFRA;BOCAINA INFRA FDO INV COTAS FDO INV INFRA RF CP
CDII11;BVMF:CDII11;FI_INFRA;SPARTA INFRA CDI FIC FI INFRA RENDA FIXA CP
CPTI11;BVMF:CPTI11;FI_INFRA;CAPITANIA INFRA FDO. INV. FDO. IE. RF. CRED. PRIV.
DIVS11;BVMF:DIVS11;FI_INFRA;SPARTA INFRA INFLACAO LONGA FICFI INFRA RF RL
IFRA11;BVMF:IFRA11;FI_INFRA;ITAU FUNDO DE INVESTIMENTO EM COTAS DE FUNDOS DE INVESTIMENTOS EM DIREITOS CREDITORIOS DE INFRAESTRU
IFRI11;BVMF:IFRI11;FI_INFRA;ITAU FIC FI INVEST FINAN INFRA CDI RF CRED PRIV
INFB11;BVMF:INFB11;FI_INFRA;DRYS FDO INV EM COTAS DE FDO INC DE INV INFRA RF
IRIF11;BVMF:IRIF11;FI_INFRA;IRIDIUM INFRA FUN DE INV EM COTAS DE FUN INCENT
ISEN11;BVMF:ISEN11;FI_INFRA;ITAU ISENTO MARCO 29 FIC FIIF INFRA RF RESP LIM
ISET11;BVMF:ISET11;FI_INFRA;ITAU ISENTO SETEMBRO 28 FIC FIIF INFRA RF RL
ISNT11;BVMF:ISNT11;FI_INFRA;ITAU ISENTO MARCO 28 FIC FI DE INFRAESTRUTURA
JMBI11;BVMF:JMBI11;FI_INFRA;JIVEMAUA BOSSANOVA F. DE IN. EM C. DE F. INC.
JURO11;BVMF:JURO11;FI_INFRA;SPARTA INFRA FIC FI INFRA RENDA FIXA CP
KDIF11;BVMF:KDIF11;FI_INFRA;KINEA INFRA FDO INV EM COTAS DE FIDC IE
NUIF11;BVMF:NUIF11;FI_INFRA;NU INFRA FIC INCENTIVADO EM INFRAESTRUTURA RF CP
OGIN11;BVMF:OGIN11;FI_INFRA;ORAMA FIC DE FUND INCENT DE INV INFRAESTRUTURA RF
RBIF11;BVMF:RBIF11;FI_INFRA;RIO BRAVO ESG FIC INFRA RENDA FIXA CREDITO PRIVADO
RIFF11;BVMF:RIFF11;FI_INFRA;RIFF FDO DE INV CF INC DE INV INF RF RESP LIM
SNID11;BVMF:SNID11;FI_INFRA;SUNO INFRA DEBENTURES FUNDO DE INVESTIMENTO EM COTAS DE FUNDOS INCENTIVADOS DE INVESTIMENTO EM INFRAESTRUTURA RENDA FIXA
VINF11;BVMF:VINF11;FI_INFRA;VINLAND INFRAESTRUTURA FI FIF DEBENTURES INFRA
FNAM11;BVMF:FNAM11;FI_SET;FDO INV DA AMAZONIA
FNOR11;BVMF:FNOR11;FI_SET;FDO INV DO NORDESTE
FSPE11;BVMF:FSPE11;FI_SET;FDO INV SETORIAL PESCA
FSRF11;BVMF:FSRF11;FI_SET;FDO INV SETORIAL FL E REF
FSTU11;BVMF:FSTU11;FI_SET;FDO INV SETORIAL TURISMO
BBVH11;BVMF:BBVH11;FIDC;FIDC BB VOTORANTIM HIGHLAND INFRAESTRUTURA
AAZQ11;BVMF:AAZQ11;FII;AZ QUEST SOLE FDO DE INV FIAGRO-FII
ABCP11;BVMF:ABCP11;FII;FII GRAND PLAZA SHOPPING
AFHF11;BVMF:AFHF11;FII;AF INVEST REAL ESTATE MULTIESTRATEGIA FII
AFHI11;BVMF:AFHI11;FII;AF INVEST CRI FII RECEBIVEIS IMOB.
AGRX11;BVMF:AGRX11;FII;AGRO EXES FIAGRO-FII
AIEC11;BVMF:AIEC11;FII;AUTONOMY EDIFICIOS CORPORATIVOS
AJFI11;BVMF:AJFI11;FII;AJ MALLS FII
ALMI11;BVMF:ALMI11;FII;FII TORRE ALMIRANTE
ALZC11;BVMF:ALZC11;FII;ALIANZA CREDITO IMOB FUND DE INVEST IMOB RESP LIM
ALZM11;BVMF:ALZM11;FII;ALIANZA MULTIESTRATEGIA FII
ALZR11;BVMF:ALZR11;FII;ALIANZA TRUST RENDA IMOBILIARIA FII
ANCR11B;BVMF:ANCR11B;FII;FII ANCAR IC
APTO11;BVMF:APTO11;FII;NAVI RESIDENCIAL FII
ARFI11B;BVMF:ARFI11B;FII;AQ3 RENDA FII
AROA11;BVMF:AROA11;FII;AROEIRA 333 RENDA LOGISTICA FII
ARRI11;BVMF:ARRI11;FII;FII ATRIO REIT RECEBIVEIS IMOBILIARIOS
ARXD11;BVMF:ARXD11;FII;ARX DOVER RECEBIVEIS FII
ASMT11;BVMF:ASMT11;FII;ASA METROPOLIS FII
ATSA11;BVMF:ATSA11;FII;HEDGE ATRIUM SHOPPING SANTO ANDRE FII
AURB11;BVMF:AURB11;FII;ALIANZA URBAN HUB RENDA FII
AZPL11;BVMF:AZPL11;FII;AZ QUEST PANORAMA LOGISTICA FDO INV IMOB RESP LIM
BARI11;BVMF:BARI11;FII;FII BARIGUI RENDIMENTOS IMOB I FII
BBFI11B;BVMF:BBFI11B;FII;BB FII PROGRESSIVO
BBFO11;BVMF:BBFO11;FII;BB FUNDO DE FUNDOS FII
BBGO11;BVMF:BBGO11;FII;BB FDO DE INV DE CREDITO FIAGRO-FII
BBIG11;BVMF:BBIG11;FII;BB PREMIUM MALLS FII
BBRC11;BVMF:BBRC11;FII;BB RENDA CORPORATIVA FII
BCIA11;BVMF:BCIA11;FII;BRADESCO CARTEIRA IMOBILIARIA ATIVA
BCRI11;BVMF:BCRI11;FII;BANESTES RECEBIVEIS IMOBILIARIOS FII
BICR11;BVMF:BICR11;FII;INTER TITULOS IMOB. FII
BIME11;BVMF:BIME11;FII;BRIO MULTIESTRATEGIA FII
BLCA11;BVMF:BLCA11;FII;BLUEMACAW CATUAI TRIPLE A FII
BLMC11;BVMF:BLMC11;FII;BLUEMACAW CREDITO IMOBILIARIO FII
BLMG11;BVMF:BLMG11;FII;BLUEMACAW LOGISTICA FII
BLMO11;BVMF:BLMO11;FII;BLUEMACAW OFFICE FUND II FII
BLMR11;BVMF:BLMR11;FII;BLUEMACAW RENDA + FOF FII
BLUR11;BVMF:BLUR11;FII;FII BLUE RECEBIVEIS
BMLC11;BVMF:BMLC11;FII;BM BRASCAN LAJES CORPORATIVAS
BNFS11;BVMF:BNFS11;FII;BANRISUL NOVAS FRONTEIRAS FII
BPFF11;BVMF:BPFF11;FII;FII BRASIL PLURAL ABSOLUTO FUNDO DE FUNDOS
BPML11;BVMF:BPML11;FII;FII BTG PACTUAL SHOPPINGS
BPRP11;BVMF:BPRP11;FII;FII BRLPROP
BRCO11;BVMF:BRCO11;FII;BRESCO LOGISTICA FII
BRCR11;BVMF:BRCR11;FII;FII BTG PACTUAL CORPORATE OFFICE FUND
BREV11;BVMF:BREV11;FII;BRAZIL REAL ESTATE VICTORY FUND I FII
BRFT11;BVMF:BRFT11;FII;BRADESCO FARMTECH FIDC DC RESP LIMITADA
BRIM11;BVMF:BRIM11;FII;BRIO REAL ESTATE II FII
BRIP11;BVMF:BRIP11;FII;BRIO REAL ESTATE III FDO DE INVEST. IMOB.
BROF11;BVMF:BROF11;FII;BRPR CORPORATE OFFICES FII
BSLT11;BVMF:BSLT11;FII;FUNDO DE INVESTIMENTOS IMOBILIARIOS DE PERMUTA FINANCEIRA LOTE5 (SENIOR) RESPONSABILIDADE LIMITADA
BTAG11;BVMF:BTAG11;FII;BTG PACTUAL CREDITO AGRICOLA FIAGRO-FIDC
BTAL11;BVMF:BTAL11;FII;FII BTG PACTUAL AGRO LOGISTICA
BTCI11;BVMF:BTCI11;FII;FII BTG PACTUAL CREDITO IMOBILIARIO
BTHF11;BVMF:BTHF11;FII;BTG PACTUAL REAL ESTATE HEDGE FUND FII
BTHI11;BVMF:BTHI11;FII;BTG PACTUAL HOTEIS FII
BTLG11;BVMF:BTLG11;FII;BTG PACTUAL LOGISTICA FII
BTRA11;BVMF:BTRA11;FII;FII BTG PACTUAL TERRAS AGRICOLAS FIAGRO-FII
BZLI11;BVMF:BZLI11;FII;BRAZIL REALTY FII
CACR11;BVMF:CACR11;FII;CARTESIA RECEBIVEIS IMOBILIARIOS FII
CARE11;BVMF:CARE11;FII;BRAZILIAN GRAVEYARD AND DEATH CARE SERVICES FII
CBOP11;BVMF:CBOP11;FII;CASTELLO BRANCO OFFICE PARK FII
CCME11;BVMF:CCME11;FII;CANUMA CAPITAL MULTIESTRATEGIA FII
CCRF11;BVMF:CCRF11;FII;CANVAS CRI FII
CEOC11;BVMF:CEOC11;FII;FII CEO CYRELA COMMERCIAL PROPERTIES
CJCT11;BVMF:CJCT11;FII;CIDADE JARDIM CONTINENAL TOWER FII
CLIN11;BVMF:CLIN11;FII;CLAVE INDICES DE PRECOS FII
CNES11;BVMF:CNES11;FII;FII CENESP
CPFF11;BVMF:CPFF11;FII;CAPITANIA REIT FOF FDO. INVEST. IMOB
CPFO11;BVMF:CPFO11;FII;CAPITANIA REIT FOF FII II
CPSH11;BVMF:CPSH11;FII;SHOPPINGS AAA FII
CPTR11;BVMF:CPTR11;FII;CAPITANIA AGRO STRATEGIES FIAGRO-FII
CPTS11;BVMF:CPTS11;FII;CAPITANIA SECURITIES II FII
CRAA11;BVMF:CRAA11;FII;SPARTA FIAGRO FUNDO DE INVESTIMENTO NAS CADEIAS PRODUTIVAS AGROINDUSTRIAIS FIAGRO-FII
CRFF11;BVMF:CRFF11;FII;CAIXA RIO BRAVO FDO DE FDOS INV IMOB II
CTXT11;BVMF:CTXT11;FII;FII CENTRO TEXTIL INTERNACIONAL
CXAG11;BVMF:CXAG11;FII;FII CAIXA AGENCIAS
CXCE11B;BVMF:CXCE11B;FII;FII CAIXA CEDAE
CXCI11;BVMF:CXCI11;FII;FII CAIXA CARTEIRA IMOBILIARIA
CXCO11;BVMF:CXCO11;FII;FII CAIXA IMOVEIS CORPORATIVOS
CXRI11;BVMF:CXRI11;FII;CAIXA RIO BRAVO FUNDO DE FUNDOS DE INVESTIMENTO IMOBILIARIO FII
CXTL11;BVMF:CXTL11;FII;FII CAIXA TRX LOGISTICA RENDA
CYCR11;BVMF:CYCR11;FII;CYRELA CREDITO FII
DAMA11;BVMF:DAMA11;FII;DAMA FUNDO DE INVESTIMENTO IMOBILIARIO RESP LIMITA
DCRA11;BVMF:DCRA11;FII;DEVANT FDO INV NAS CAD PROD AGROIND FIAGRO-FII
DEVA11;BVMF:DEVA11;FII;DEVANT RECEBIVEIS IMOBILIARIOS
DOVL11B;BVMF:DOVL11B;FII;DOVEL FII
DRIT11B;BVMF:DRIT11B;FII;MULTIGESTAO RENDA COMERCIAL FII
DVFF11;BVMF:DVFF11;FII;FII DEVANT FOF IMOBILIARIOS
EDFO11B;BVMF:EDFO11B;FII;FII EDIFICIO OURINVEST
EDGA11;BVMF:EDGA11;FII;FII EDIFICIO GALERIA
EGAF11;BVMF:EGAF11;FII;ECOAGRO I FDO INV CADEIAS PROD AGROIND FIAGRO-FII
EQIR11;BVMF:EQIR11;FII;EQI RECEBIVEIS IMOBILIARIOS FII
ERPA11;BVMF:ERPA11;FII;EUROPA 105 FII
EURO11;BVMF:EURO11;FII;FII EUROPAR
EVBI11;BVMF:EVBI11;FII;VBI CONSUMO ESSEN FII
EXES11;BVMF:EXES11;FII;EXES FUNDO DE INVESTIMENTO IMOBILIARIO RESPONSABILIDADE LIMITADA
FAED11;BVMF:FAED11;FII;FII ANHANGUERA EDUCACIONAL
FAMB11B;BVMF:FAMB11B;FII;FII EDIFICIO ALMIRANTE BARROSO
FATN11;BVMF:FATN11;FII;FII ATHENA I
FCFL11;BVMF:FCFL11;FII;FII CAMPUS FARIA LIMA
FGAA11;BVMF:FGAA11;FII;FG/AGRO FDO DE INVEST FIAGRO-FII
FIGS11;BVMF:FIGS11;FII;FII GENERAL SHOPPING ATIVO E RENDA FII
FIIB11;BVMF:FIIB11;FII;FII INDUSTRIAL DO BRASIL
FIIP11;BVMF:FIIP11;FII;RB CAPITAL RENDA I FDO INV IMOB - FII
FIVN11;BVMF:FIVN11;FII;FII VIDA NOVA FII
FLCR11;BVMF:FLCR11;FII;FARIA LIMA CAPITAL RECEB. IMOB. I FII
FLMA11;BVMF:FLMA11;FII;FII CONTINENTAL SQUARE FARIA LIMA
FLRP11;BVMF:FLRP11;FII;FII FLORIPA SHOPPING
FMOF11;BVMF:FMOF11;FII;FII MEMORIAL OFFICE
FPAB11;BVMF:FPAB11;FII;FII PROJ AGUA BRANCA
FPNG11;BVMF:FPNG11;FII;FII PEDRA NEGRA RENDA IMOB
FTCA11;BVMF:FTCA11;FII;FYTO RECEBIVEIS DO AGRO FIAGRO - FII
FTCE11B;BVMF:FTCE11B;FII;OPPORTUNITY FII
FVPQ11;BVMF:FVPQ11;FII;FII VIA PARQUE SHOPPING FII
FYTO11;BVMF:FYTO11;FII;FUNDO DE INVESTIMENTO IMOBILIARIO FYTO RECEBIVEIS IMOBILIARIOS
FZDA11;BVMF:FZDA11;FII;051 AGRO FDO INV NAS CAD PROD AGRO FIAGRO-FII
FZDB11;BVMF:FZDB11;FII;AGRO FAZENDAS III FUNDO DE INVESTIMENTO NAS CADEIAS PRODUTIVAS AGROINDUSTRIAIS - FIAGRO FII
GAME11;BVMF:GAME11;FII;FDO DE INVEST IMOB GUARDIAN MULTIESTRATEGIA I
GARE11;BVMF:GARE11;FII;GUARDIAN REAL ESTATE FII
GCFF11;BVMF:GCFF11;FII;GALAPAGOS FDO DE FDO FII
GCRA11;BVMF:GCRA11;FII;GALAPAGOS RECEBIVEIS DO AGRONEGOCIO FIAGRO-FII
GCRI11;BVMF:GCRI11;FII;GALAPAGOS RECEBIVEIS IMOBILIARIOS FII
GGRC11;BVMF:GGRC11;FII;GGR COVEPI RENDA FII
GLOG11;BVMF:GLOG11;FII;GENIAL LOGISTICA FUNDO DE INVESTIMENTO IMOBILIARIO
GRUL11;BVMF:GRUL11;FII;ICATU VANGUARDA GRU LOG FDO DE INV IMOB - RESP LIM
GRWA11;BVMF:GRWA11;FII;GREENWICH AGRO FIAGRO FII
GSFI11;BVMF:GSFI11;FII;GENERAL SHOP E OUTLETS DO BRASIL FII
GTLG11;BVMF:GTLG11;FII;GTIS BRAZIL LOGISTICS FII
GTWR11;BVMF:GTWR11;FII;FII GREEN TOWERS
GZIT11;BVMF:GZIT11;FII;GAZIT MALLS FII
HAAA11;BVMF:HAAA11;FII;HEDGE AAA FII
HABT11;BVMF:HABT11;FII;HABITAT II FII
HCRA11;BVMF:HCRA11;FII;HEDGE CREDITO AGRO FIAGRO-FIDC
HCRI11;BVMF:HCRI11;FII;FII HOSPITAL DA CRIANCA
HCST11;BVMF:HCST11;FII;HECTARE DESENV. STUDENT HOUSING FII
HCTR11;BVMF:HCTR11;FII;HECTARE CE FII
HDOF11;BVMF:HDOF11;FII;HEDGE PALADIN DESIGN OFFICES FII
HFOF11;BVMF:HFOF11;FII;HEDGE TOP FOFII 3 FII
HGBL11;BVMF:HGBL11;FII;HEDGE BRASIL LOGISTICO IND FII RESP LIM
HGBS11;BVMF:HGBS11;FII;HEDGE BRASIL SHOPPING FII
HGCR11;BVMF:HGCR11;FII;PATRIA RECEBIVEIS IMOBILIARIOS FII
HGFF11;BVMF:HGFF11;FII;PATRIA IMOB. FOF FII CSHG FOF
HGIC11;BVMF:HGIC11;FII;HGI CREDITOS IMOBILIARIOS FII
HGLG11;BVMF:HGLG11;FII;PATRIA LOGISTICA FII
HGPO11;BVMF:HGPO11;FII;PATRIA PRIME OFFICES FII
HGRE11;BVMF:HGRE11;FII;PATRIA REAL ESTATE FII
HGRU11;BVMF:HGRU11;FII;PATRIA RENDA URBANA FII
HLOG11;BVMF:HLOG11;FII;HEDGE LOGISTICA FII
HMOC11;BVMF:HMOC11;FII;HEDGE SHOPPING PRACA DA MOCA FII
HOFC11;BVMF:HOFC11;FII;HEDGE OFFICE INCOME FII
HOSI11;BVMF:HOSI11;FII;FII HOUSI
HPDP11;BVMF:HPDP11;FII;HEDGE SHOPPING PARQUE DOM PEDRO FDO. DE INV. IMOB.
HRDF11;BVMF:HRDF11;FII;HEDGE REALTY DEVELOPMENT FII
HREC11;BVMF:HREC11;FII;HEDGE RECEBIVEIS IMOB. FII
HSAF11;BVMF:HSAF11;FII;HSI ATIVOS FINANCEIROS FUNDO DE INVESTIMENTO IMOBI
HSLG11;BVMF:HSLG11;FII;HSI LOGISTICA FII
HSML11;BVMF:HSML11;FII;HSI MALLS FII
HSRE11;BVMF:HSRE11;FII;HSI RENDA IMOB FII
HTMX11;BVMF:HTMX11;FII;FII HOTEL MAXINVEST
HUCG11;BVMF:HUCG11;FII;FII HOSPITAL UNIMED CAMPINA GRANDE
HUSC11;BVMF:HUSC11;FII;FII HOSPITAL UNIMED SUL CAPIXABA
HUSI11;BVMF:HUSI11;FII;HUSI FII
IAAG11;BVMF:IAAG11;FII;INTER AMERRA FIAGRO-FII
IAGR11;BVMF:IAGR11;FII;SFI INVESTIMENTOS DO AGRONEGOCIO FIAGRO-FII
IBCR11;BVMF:IBCR11;FII;FII DE CRI INTEGRAL BREI
ICRI11;BVMF:ICRI11;FII;ITAU CREDITO IMOB IPCA FII
IDFI11;BVMF:IDFI11;FII;FIIILIARIO DE UNIDADES AUTONOMAS
INLG11;BVMF:INLG11;FII;INTER LOGISTICO FUNDO DE INVESTIMENTO IMOBILIARIO
INRD11;BVMF:INRD11;FII;INTER RESIDENCE FUNDO DE INVESTIMENTO IMOBILIARIO
IRIM11;BVMF:IRIM11;FII;IRIDIUM FII
ITIP11;BVMF:ITIP11;FII;INTER TEVA INDICE DE PAPEL FUNDO DE INVESTIMENTO
ITIT11;BVMF:ITIT11;FII;INTER TEVE INDICE DE TIJOLO FUNDO DE INVESTIMENTO
ITRI11;BVMF:ITRI11;FII;ITAU TOTAL RETURN FII
JASC11;BVMF:JASC11;FII;JASC RENDA VAREJO ESSENCIAL FII
JCCJ11;BVMF:JCCJ11;FII;JHSF CAPITAL MALLS - FUNDO DE INVESTIMENTO IMOBILIARIO RESPONSABILIDADE LIMITADA
JFLL11;BVMF:JFLL11;FII;JFL LIVING FII
JGPX11;BVMF:JGPX11;FII;FDO INV CADEIAS PROD AGROIND JGP CRED FIAGRO-FII
JPPA11;BVMF:JPPA11;FII;JPP ALLOCATION MOGNO FII
JSAF11;BVMF:JSAF11;FII;JS ATIVOS FINANCEIROS FII
JSCR11;BVMF:JSCR11;FII;JS RECEBIVEIS IMOBILIARIOS FII
JSRE11;BVMF:JSRE11;FII;JS REAL ESTATE MULTIGESTAO FII
KCRE11;BVMF:KCRE11;FII;KINEA CREDITAS FII
KDOL11;BVMF:KDOL11;FII;KINEA AGRO INCOME USD FIAGRO FII
KEVE11;BVMF:KEVE11;FII;EVEN II KINEA FII
KFOF11;BVMF:KFOF11;FII;FUNDO DE FUNDOS DE INVESTIMENTO IMOBILIARIO KINEA FII
KINP11;BVMF:KINP11;FII;EVEN PERMUTA KINEA FII
KISU11;BVMF:KISU11;FII;KILIMA FIC DE FII SUNO 30
KIVO11;BVMF:KIVO11;FII;KILIMA VOLKANO RECEBIVEIS IMOB FII
KNCA11;BVMF:KNCA11;FII;KINEA CREDITO AGRO FIAGRO-FII
KNCR11;BVMF:KNCR11;FII;KINEA RENDIMENTOS IMOBILIARIOS FII
KNHF11;BVMF:KNHF11;FII;KINEA HEDGE FUND FII
KNHY11;BVMF:KNHY11;FII;KINEA HIGH YIELD CRI FII
KNIP11;BVMF:KNIP11;FII;KINEA INDICES DE PRECOS FII
KNRE11;BVMF:KNRE11;FII;KINEA II REAL ESTATE EQUITY FII
KNRI11;BVMF:KNRI11;FII;KINEA RENDA IMOBILIARIA FII
KNSC11;BVMF:KNSC11;FII;KINEA SECURITIES FDO. DE INV. IMOB. FII
KNUQ11;BVMF:KNUQ11;FII;KINEA UNIQUE HY CDI FII
KOPA11;BVMF:KOPA11;FII;KINEA OPORTUNIDADES AGRO I FIAGRO FII
KORE11;BVMF:KORE11;FII;KINEA OPORTUNIDADES REAL ESTATE FII
LASC11;BVMF:LASC11;FII;LEGATUS SHOPPINGS FII
LATR11B;BVMF:LATR11B;FII;LATERES FII
LFTT11;BVMF:LFTT11;FII;LOFT II FII
LGCP11;BVMF:LGCP11;FII;LOGCP INTER FII
LIFE11;BVMF:LIFE11;FII;LIFE CAPITAL PARTNERS FII
LSAG11;BVMF:LSAG11;FII;LESTE FDO INV CAD PROD AGROIND FIAGRO-FII
LUGG11;BVMF:LUGG11;FII;LUGGO FII
LVBI11;BVMF:LVBI11;FII;FII VBI LOGISTICO
MANA11;BVMF:MANA11;FII;MANATI CAPITAL HEDGE FUND FII
MATV11;BVMF:MATV11;FII;MORE GESTAO ATIVA DE RECEBIVEIS FII
MAXR11;BVMF:MAXR11;FII;FII MAX RETAIL
MCCI11;BVMF:MCCI11;FII;FDO INV. MAUA CAPITAL RECEBIVEIS IMOB. FII
MCHF11;BVMF:MCHF11;FII;MAUA CAPITAL HEDGE FUND FII
MCRE11;BVMF:MCRE11;FII;MAUA CAPITAL REAL ESTATE FII
MFAI11;BVMF:MFAI11;FII;MERITO FUNDOS E ACOES IMOBILIARIAS FII
MFCR11;BVMF:MFCR11;FII;MERITO RECEBIVEIS IMOBILIARIOS FII
MFII11;BVMF:MFII11;FII;MERITO DESENVOLVIMENTO IMOBILIARIO I FII
MGCR11;BVMF:MGCR11;FII;FII MOGNO CRI HIGH GRADE
MGFF11;BVMF:MGFF11;FII;FII MOGNO FUNDO DE FUNDOS
MGHT11;BVMF:MGHT11;FII;FII MOGNO HOTEIS
MGIM11;BVMF:MGIM11;FII;FII MOGNO REAL ESTATE IMPACT DEV.
MINT11;BVMF:MINT11;FII;FII MINT EDUCACIONAL
MORC11;BVMF:MORC11;FII;MORE RECEBIVEIS IMOBILIARIOS FII
MORE11;BVMF:MORE11;FII;MORE REAL ESTATE FOF FII
MXRF11;BVMF:MXRF11;FII;MAXI RENDA FII
NAVT11;BVMF:NAVT11;FII;NAVI IMOBILIARIO TOTAL RETURN FII
NCRI11;BVMF:NCRI11;FII;NAVI CREDITO IMOBILIARIO FII
NEWL11;BVMF:NEWL11;FII;NEWPORT LOGISTICA FII
NEWU11;BVMF:NEWU11;FII;NEWPORT RENDA URBANA FII
NPAR11;BVMF:NPAR11;FII;FII NESTPAR
NSLU11;BVMF:NSLU11;FII;FII HOSPITAL NOSSA SENHORA DE LOURDES
NVHO11;BVMF:NVHO11;FII;FII NOVO HORIZONTE
OGHY11;BVMF:OGHY11;FII;ORAMA HIGH YIELD FII
OIAG11;BVMF:OIAG11;FII;OURINVEST INNOVATION FIAGRO-FII
ONEF11;BVMF:ONEF11;FII;FII THE ONE
ORPD11;BVMF:ORPD11;FII;OURO PRETO DESENVOLVIMENTO IMOBILIARIO I FII
OUFF11;BVMF:OUFF11;FII;FII OURINVEST FUNDO DE FUNDOS
OUJP11;BVMF:OUJP11;FII;OURINVEST JPP FII
OULG11;BVMF:OULG11;FII;PEDRA DOURADA FII
OURE11;BVMF:OURE11;FII;OURINVEST RENDA ESTRUTURADA
PABY11;BVMF:PABY11;FII;FII PANAMBY
PATC11;BVMF:PATC11;FII;PATRIA EDIFICIOS CORPORATIVOS FII
PATL11;BVMF:PATL11;FII;PATRIA LOGISTICA FII
PCIP11;BVMF:PCIP11;FII;PATRIA CREDITO IMOBILIARIO INDICE DE PRECOS FII - RESPONSABILIDADE LIMITADA
PEMA11;BVMF:PEMA11;FII;PERFORMA REAL ESTATE FII
PLAG11;BVMF:PLAG11;FII;VBI AGRO FII
PLCA11;BVMF:PLCA11;FII;PLURAL CREDITO AGRO FIAGRO-FII
PLCR11;BVMF:PLCR11;FII;BRASIL PLURAL III FII
PLRI11;BVMF:PLRI11;FII;POLO FII RECEBIVEIS IMOBILIARIOS I
PMIS11;BVMF:PMIS11;FII;PARAMIS HEDGE FUND FUNDO DE INVESTIMENTO IMOBILIARIO - FII
PMLL11;BVMF:PMLL11;FII;PATRIA MALLS FII
PORD11;BVMF:PORD11;FII;POLO FII RECEBIVEIS IMOBILIARIOS II FII
PQAG11;BVMF:PQAG11;FII;PARQUE ANHANGUERA FDO. INVEST. IMOB
PQDP11;BVMF:PQDP11;FII;FII PARQUE DOM PEDRO SHOPPING CENTER
PRSN11B;BVMF:PRSN11B;FII;PERSONALE I FII
PRSV11;BVMF:PRSV11;FII;FII PRESIDENTE VARGAS
PSEC11;BVMF:PSEC11;FII;PATRIA SECURITIES FUNDO DE INVESTIMENTO IMOBILIARIO - RESPONSABILIDADE LIMITADA
PULV11;BVMF:PULV11;FII;FUNDO DE INV IMOB RBR CRED PULVERIZADO RESP LTDA
PVBI11;BVMF:PVBI11;FII;FII VBI PRIME PROPERTIES
QAGR11;BVMF:QAGR11;FII;QUASAR AGRO FIAGRO-FII
QAMI11;BVMF:QAMI11;FII;QUASAR CREDITO IMOBILIARIO FII
RBBV11;BVMF:RBBV11;FII;JHSF RIO BRAVO FAZENDA BOA VISTA CAPITAL PROTEGIDO FII
RBDS11;BVMF:RBDS11;FII;RB CAPITAL DESENVOLVIMENTO RESIDENCIAL II FII
RBFF11;BVMF:RBFF11;FII;RIO BRAVO IFIX FII
RBHG11;BVMF:RBHG11;FII;RIO BRAVO CREDITO IMOB HIGH GRADE FUND DE INVEST
RBHY11;BVMF:RBHY11;FII;RIO BRAVO CREDITO IMOB. HIGH YIELD FII
RBIR11;BVMF:RBIR11;FII;RB CAPITAL DESENVOLVIMENTO RESIDENCIAL IV FII
RBLG11;BVMF:RBLG11;FII;RB CAPITAL LOGISTICO FII
RBOP11;BVMF:RBOP11;FII;RIO BRAVO OPORTUNIDADES IMOBILIARIAS FII
RBRD11;BVMF:RBRD11;FII;RB CAPITAL RENDA II FII
RBRF11;BVMF:RBRF11;FII;FII RBR ALPHA FUNDO DE FUNDOS
RBRI11;BVMF:RBRI11;FII;FII RBR DESENV
RBRL11;BVMF:RBRL11;FII;RBR LOG FII
RBRM11;BVMF:RBRM11;FII;FII RBR DESENVOLVIMENTO
RBRP11;BVMF:RBRP11;FII;FII RBR PROPERTIES FII
RBRR11;BVMF:RBRR11;FII;FII RBR RENDIMENTO HIGH GRADE
RBRS11;BVMF:RBRS11;FII;RIO BRAVO RENDA RESIDENCIAL FII
RBRX11;BVMF:RBRX11;FII;RBR PLUS MULTIESTRATEGIA REAL ESTATE FII
RBRY11;BVMF:RBRY11;FII;FII RBR PRIVATE CREDITO IMOB
RBVA11;BVMF:RBVA11;FII;FII RIO BRAVO RENDA VAREJO FII
RBVO11;BVMF:RBVO11;FII;RIO BRAVO CREDITO IMOBILIARIO II FII
RCFA11;BVMF:RCFA11;FII;GRUPO RCFA FII
RCFF11;BVMF:RCFF11;FII;RBR DESENV COMERCIAL FEEDER FOF FDO INVEST IMOB
RCRB11;BVMF:RCRB11;FII;FII RIO BRAVO RENDA CORPORATIVA
RDPD11;BVMF:RDPD11;FII;BB RENDA DE PAPEIS IMOBILIARIOS II FII
RECM11;BVMF:RECM11;FII;REC MULTIESTRATEGIA FDO INV IMOB RESP LIM
RECR11;BVMF:RECR11;FII;FII REC RECEBIVEIS IMOBILIARIOS
RECT11;BVMF:RECT11;FII;FII UBS (BR) OFFICE
REIT11;BVMF:REIT11;FII;SOCOPA FII
RELG11;BVMF:RELG11;FII;FII REC LOGISTICA
RENV11;BVMF:RENV11;FII;CPV ENERGIA FI IMOBILIARIO RESP LTDA
RFOF11;BVMF:RFOF11;FII;RB CAPITAL I FUNDO DE FUNDOS
RINV11;BVMF:RINV11;FII;REAL INVESTOR FII
RMAI11;BVMF:RMAI11;FII;REAG MULTI ATIVOS IMOBILIARIOS FII
RNDP11;BVMF:RNDP11;FII;BB RENDA DE PAPEIS IMOBILIARIOS FII
RNGO11;BVMF:RNGO11;FII;FII RIO NEGRO FII
ROOF11;BVMF:ROOF11;FII;FII ROOFTOP I
RPRI11;BVMF:RPRI11;FII;RBR PREMIUM RECEBIVEIS IMOBILIARIOS
RRCI11;BVMF:RRCI11;FII;RB CAPITAL RECEBIVEIS IMOB. FDO. INVEST. IMOB FII
RSPD11;BVMF:RSPD11;FII;RB CAPITAL DESENV RESID III FII
RURA11;BVMF:RURA11;FII;ITAU ASSET RURAL FIAGRO-FII
RZAG11;BVMF:RZAG11;FII;FDO INV CADEIAS PROD AGRO RIZA AGRO FIAGRO-FII
RZAK11;BVMF:RZAK11;FII;RIZA AKIN FII
RZAT11;BVMF:RZAT11;FII;RIZA ARCTIUM REAL ESTATE FII
RZTR11;BVMF:RZTR11;FII;FII RIZA TERRAX
SADI11;BVMF:SADI11;FII;SANTANDER PAPEIS IMOB CDI FII
SAIC11B;BVMF:SAIC11B;FII;FII SIA CORPORATE
SAPI11;BVMF:SAPI11;FII;SANTANDER PAPEIS IMOBILIARIOS FII
SARE11;BVMF:SARE11;FII;SANTANDER RENDA DE ALUGUEIS FII
SCPF11;BVMF:SCPF11;FII;SCP FII
SEED11;BVMF:SEED11;FII;HEDGE SEED FII
SEQR11;BVMF:SEQR11;FII;SEQUOIA III RENDA IMOBILIARIA FII
SHPH11;BVMF:SHPH11;FII;FII SHOPPING PATIO HIGIENOPOLIS
SNAG11;BVMF:SNAG11;FII;SUNO AGRO FIAGRO-FII
SNCI11;BVMF:SNCI11;FII;SUNO RECEBIVEIS IMOBILIARIOS FII
SNEL11;BVMF:SNEL11;FII;FUNDO DE INVEST IMOBILIARIO SUNO ENERGIAS LIMPAS
SNFF11;BVMF:SNFF11;FII;SUNO FUNDO DE FUNDOS DE INVESTIMENTO IMOBILIARIO
SNFZ11;BVMF:SNFZ11;FII;SUNO FAZENDAS FIAGRO â€“ FII
SNLG11;BVMF:SNLG11;FII;SUNO LOG FII
SNME11;BVMF:SNME11;FII;SUNO MULTIESTRATEGIA FUNDO DE INVESTIMENTO IMOBILIARIO
SPTW11;BVMF:SPTW11;FII;SP DOWNTOWN FII
SPXS11;BVMF:SPXS11;FII;FUNDO DE INVESTIMENTO IMOBILIARIO â€“ SPX SYN MULT
SRVD11;BVMF:SRVD11;FII;SERRA VERDE FII
TCIN11;BVMF:TCIN11;FII;FII TOURMALET V ED. CIDADE NOVA
TEPP11;BVMF:TEPP11;FII;TELLUS PROPERTIES FDO INV. IMOB
TGAR11;BVMF:TGAR11;FII;FII TG ATIVO REAL
TJKB11;BVMF:TJKB11;FII;TJK RENDA IMOBILIARIA FII
TMPS11;BVMF:TMPS11;FII;ITAU TEMPUS FII
TOPP11;BVMF:TOPP11;FII;RBR TOP OFFICES FDO DE INV IMOB RESP LIM
TORD11;BVMF:TORD11;FII;TORDESILHAS EI FII
TRBL11;BVMF:TRBL11;FII;TELLUS RIO BRAVO RENDA LOGISTICA FII
TRNT11;BVMF:TRNT11;FII;FII TORRE NORTE
TRXB11;BVMF:TRXB11;FII;TRX REAL ESTATE II FII
TRXF11;BVMF:TRXF11;FII;TRX REAL ESTATE FII
TRXY11;BVMF:TRXY11;FII;TRX HEDGE FUND FII
TVRI11;BVMF:TVRI11;FII;TIVIO RENDA IMOBILIARIA FUNDO DE INVESTIMENTO IMOB FII
URPR11;BVMF:URPR11;FII;URCA PRIME RENDA FII
VCJR11;BVMF:VCJR11;FII;VECTIS JUROS REAL FII
VCRA11;BVMF:VCRA11;FII;VECTIS DATAGRO CREDITO AGRONEGOCIO FIAGRO-FII
VCRI11;BVMF:VCRI11;FII;VINCI CREDIT SECURITIES FUNDO DE INVESTIMENTO IMOB
VCRR11;BVMF:VCRR11;FII;VECTIS RENDA RESIDENCIAL FII
VGHF11;BVMF:VGHF11;FII;VALORA HEDGE FUND FII
VGIA11;BVMF:VGIA11;FII;VALORA CRA FDO INV NAS CAD PROD AGRO FIAGRO-FII
VGIP11;BVMF:VGIP11;FII;VALORA CRI INDICE DE PRECO
VGIR11;BVMF:VGIR11;FII;VALORA RE III FII
VGRI11;BVMF:VGRI11;FII;VALORA RENDA IMOB FUNDO DE INVES IMOB -RESP LIMIT
VIFI11;BVMF:VIFI11;FII;VINCI INSTRUMENTOS FINANCEIROS FII
VILG11;BVMF:VILG11;FII;VINCI LOGISTICA FII
VINO11;BVMF:VINO11;FII;VINCI OFFICES FII
VISC11;BVMF:VISC11;FII;VINCI SHOPPING CENTERS FII
VIUR11;BVMF:VIUR11;FII;VINCI IMOVEIS URBANOS FDO. DE INV. IMOB.
VLOL11;BVMF:VLOL11;FII;FII VILA OLIMPIA CORPORATE
VOTS11;BVMF:VOTS11;FII;VOTORANTIM SECURITIES MASTER FII
VPPR11;BVMF:VPPR11;FII;V2 PRIME PROPERTIES FII
VRTA11;BVMF:VRTA11;FII;FATOR VERITA FII
VRTM11;BVMF:VRTM11;FII;FATOR VERITÃ€ MULTIESTRATEGIA FII
VSEC11;BVMF:VSEC11;FII;FII VOTORANTIM SECURITIES
VSHO11;BVMF:VSHO11;FII;FII VOTORANTIM SHOPPING
VSLH11;BVMF:VSLH11;FII;VERSALHES RECEBIVEIS IMOBILIARIOS FII
VTLT11;BVMF:VTLT11;FII;FII VOTORANTIM LOGISTICA
VVCO11;BVMF:VVCO11;FII;V2 EDIFICIOS CORPORATIVOS FDO INV IMOB FII
VVMR11;BVMF:VVMR11;FII;FII MULTI RENDA URBANA
VVRI11;BVMF:VVRI11;FII;V2 RENDA IMOBILIARIA FII
VXXV11;BVMF:VXXV11;FII;VX XVI FII
WHGR11;BVMF:WHGR11;FII;WHG REAL ESTATE FII
WPLZ11;BVMF:WPLZ11;FII;SHOPPING WEST PLAZA FII
WTSP11B;BVMF:WTSP11B;FII;FII OURINVEST RE I
XPCA11;BVMF:XPCA11;FII;XP CREDITO AGRICOLA FDO INV FIAGRO-FII
XPCI11;BVMF:XPCI11;FII;XP CREDITO IMOBILIARIO FII
XPCM11;BVMF:XPCM11;FII;XP CORPORATE MACAE FII
XPHT12;BVMF:XPHT12;FII;XP HOTEIS FII
XPIN11;BVMF:XPIN11;FII;XP INDUSTRIAL FII
XPLG11;BVMF:XPLG11;FII;XP LOG FII
XPML11;BVMF:XPML11;FII;XP MALLS FII
XPSF11;BVMF:XPSF11;FII;XP SELECTION FOF FII
ZAGH11;BVMF:ZAGH11;FII;ZAGROS MULTIESTRATEGIA FII
ZAVC11;BVMF:ZAVC11;FII;ZAVIT CREDITO IMOBILIARIO FUNDO DE INVESTIMENTO IMOBILIARIO - RESPONSABILIDADE LIMITADA
ZAVI11;BVMF:ZAVI11;FII;ZAVIT REAL ESTATE FUND FII
FPOR11;BVMF:FPOR11;FIP;PORTO SUDESTE ROYALTIES FIP-IE
NVRP11;BVMF:NVRP11;FIP;FDO INV PART NOVA RAPOSO MULTIESTRATEGIA
AZIN11;BVMF:AZIN11;FIP_IE;AZ QUEST INFRA-YIELD II FIP IE
BDIV11;BVMF:BDIV11;FIP_IE;BTG PACTUAL IE DIV. FDO INV. PART. IE
BRZP11;BVMF:BRZP11;FIP_IE;BRZ INFRA PORTOS FUNDO DE INVESTIMENTO EM PARTICIPACOES EM INFRAESTRUTURA
COPN11;BVMF:COPN11;FIP_IE;COPERNICO FDO DE INV EM PART. INFRAESTRUTURA
ENDD11;BVMF:ENDD11;FIP_IE;ENDURANCE DEBT FDO. INVEST. PART. INFRA.
ESUU11;BVMF:ESUU11;FIP_IE;FDO INV PART IE BB VOTORANTIM ENERG SUSTENT III
KNDI11;BVMF:KNDI11;FIP_IE;KINEA ESTRATEGIA INFRA CDI FIP IE RESP LTDA
KNOX11;BVMF:KNOX11;FIP_IE;KNOX DEBT FDO. INVEST. PART. INFRAESTRUTURA
PFIN11;BVMF:PFIN11;FIP_IE;PERFIN APOLLO ENERGIA FUNDO DE INVESTIMENTO EM PARTICIPACOES EM INFRAESTRUTURA
PICE11;BVMF:PICE11;FIP_IE;PATRIA INFRAESTRUTURA ENERGIA CORE FIP INFRA
PPEI11;BVMF:PPEI11;FIP_IE;PRISMA PROTON ENERGIA FDO. INVEST. PART. INFRA.
VIGT11;BVMF:VIGT11;FIP_IE;VINCI ENERGIA FUNDO DE INVESTIMENTO EM PARTICIPACOES EM INFRAESTRUTURA
XPIE11;BVMF:XPIE11;FIP_IE;XP INFRA II FIP IE
CDI.ANO;INDEX:CDI.ANO;INDICE;---
CDI.DIA;INDEX:CDI.DIA;INDICE;---
CDI.MES;INDEX:CDI.MES;INDICE;---
DJI;INDEX:DJI;INDICE;---
IBOVESPA;INDEX:IBOVESPA;INDICE;---
IFIX;INDEX:IFIX;INDICE;---
IGPM.MES;INDEX:IGPM.MES;INDICE;---
INCC.MES;INDEX:INCC.MES;INDICE;---
IPCA.MES;INDEX:IPCA.MES;INDICE;---
NASDAQ;INDEX:NASDAQ;INDICE;---
SALARIO.MIN;INDEX:SALARIO.MIN;INDICE;---
SELIC.ANO;INDEX:SELIC.ANO;INDICE;---
SELIC.DIA;INDEX:SELIC.DIA;INDICE;---
SELIC.MES;INDEX:SELIC.MES;INDICE;---
SP500;INDEX:SP500;INDICE;---
OZ1D;BVMF:OZ1D;OURO;OURO 250g
OZ2D;BVMF:OZ2D;OURO;OURO 10g
ABR;NYSE:ABR;REIT;ARBOR REALTY TRUST INC.
ADC;NYSE:ADC;REIT;AGREE REALTY CORPORATION
AFCG;NASDAQ:AFCG;REIT;AFC GAMMA INC.
AGNC;NASDAQ:AGNC;REIT;AGNC INVESTMENT CORP.
AHH;NYSE:AHH;REIT;ARMADA HOFFLER PROPERTIES INC.
AHH-A;NYSE:AHH-A;REIT;ARMADA HOFFLER PROPERTIES INC PREFERRED SHARES SERIES A
AHT;NYSE:AHT;REIT;ASHFORD HOSPITALITY TRUST INC.
AIRC;NYSE:AIRC;REIT;APARTMENT INCOME REIT CORP
AIRE;NASDAQ:AIRE;REIT;REALPHA TECH CORP.
AIV;NYSE:AIV;REIT;APARTMENT INVESTMENT & MANAGEMENT CO.
AJX;NYSE:AJX;REIT;GREAT AJAX CORP.
AKR;NYSE:AKR;REIT;ACADIA REALTY TRUST
ALX;NYSE:ALX;REIT;ALEXANDER'S INC.
AMH;NYSE:AMH;REIT;AMERICAN HOMES 4 RENT
AMT;NYSE:AMT;REIT;AMERICAN TOWER CORPORATION
AOMR;NYSE:AOMR;REIT;ANGEL OAK MORTGAGE INC.
APLE;NYSE:APLE;REIT;APPLE HOSPITALITY REIT INC.
ARE;NYSE:ARE;REIT;ALEXANDRIA REAL ESTATE EQUITIES INC.
ARI;NYSE:ARI;REIT;APOLLO COMMERCIAL REAL ESTATE FINANCE INC.
ARR;NYSE:ARR;REIT;ARMOUR RESIDENTIAL REIT INC.
AVB;NYSE:AVB;REIT;AVALONBAY COMMUNITIES INC.
BDN;NYSE:BDN;REIT;BRANDYWINE REALTY TRUST
BHR;NYSE:BHR;REIT;BRAEMAR HOTELS & RESORTS INC.
BNL;NYSE:BNL;REIT;BROADSTONE NET LEASE INC.
BPYPM;NASDAQ:BPYPM;REIT;BROOKFIELD PROPERTY PREFERRED L.P.
BPYPO;NASDAQ:BPYPO;REIT;BROOKFIELD PROPERTY PARTNERS L.P.
BRMK;NYSE:BRMK;REIT;BROADMARK REALTY CAPITAL INC.
BRSP;NYSE:BRSP;REIT;BRIGHTSPIRE CAPITAL INC.
BRT;NYSE:BRT;REIT;BRT APARTMENTS CORP.
BRX;NYSE:BRX;REIT;BRIXMOR PROPERTY GROUP INC.
BXMT;NYSE:BXMT;REIT;BLACKSTONE MORTGAGE TRUST INC.
BXP;NYSE:BXP;REIT;BOSTON PROPERTIES INC.
CCI;NYSE:CCI;REIT;CROWN CASTLE INTERNATIONAL CORP
CHCI;NASDAQ:CHCI;REIT;COMSTOCK HOLDING COMPANIES INC.
CHCT;NYSE:CHCT;REIT;COMMUNITY HEALTHCARE TRUST INC.
CHMI;NYSE:CHMI;REIT;CHERRY HILL MORTGAGE INVESTMENT CORPORATION
CIGI;NASDAQ:CIGI;REIT;COLLIERS INTERNATIONAL GROUP INC
CIM;NYSE:CIM;REIT;CHIMERA INVESTMENT CORPORATION
CIO;NYSE:CIO;REIT;CITY OFFICE REIT INC.
CLDT;NYSE:CLDT;REIT;CHATHAM LODGING TRUST
CLPR;NYSE:CLPR;REIT;CLIPPER REALTY INC
CMCT;NASDAQ:CMCT;REIT;CREATIVE MEDIA & COMMUNITY TRUST CORP
COLD;NYSE:COLD;REIT;AMERICOLD REALTY TRUST
CORR;NYSE:CORR;REIT;CORENERGY INFRASTRUCTURE TRUST INC.
CPT;NYSE:CPT;REIT;CAMDEN PROPERTY TRUST
CSR;NYSE:CSR;REIT;CENTERSPACE
CTO;NYSE:CTO;REIT;CONSOLIDATED-TOMOKA LAND CO.
CTRE;NASDAQ:CTRE;REIT;CARETRUST REIT INC.
CUBE;NYSE:CUBE;REIT;CUBESMART
CUZ;NYSE:CUZ;REIT;COUSINS PROPERTIES INCORPORATED
CXW;NYSE:CXW;REIT;CORECIVIC INC.
DEA;NYSE:DEA;REIT;EASTERLY GOVERNMENT PROPERTIES INC.
DEI;NYSE:DEI;REIT;DOUGLAS EMMETT INC.
DHC;NASDAQ:DHC;REIT;DIVERSIFIED HEALTHCARE TRUST
DLR;NYSE:DLR;REIT;DIGITAL REALTY TRUST INC.
DOC;NYSE:DOC;REIT;PHYSICIANS REALTY TRUST
DOMA;NYSE:DOMA;REIT;DOMA HOLDINGS INC.
DOUG;NYSE:DOUG;REIT;DOUGLAS ELLIMAN INC.
DX;NYSE:DX;REIT;DYNEX CAPITAL INC.
EARN;NYSE:EARN;REIT;ELLINGTON RESIDENTIAL MORTGAGE REIT
EGP;NYSE:EGP;REIT;EASTGROUP PROPERTIES INC.
ELME;NYSE:ELME;REIT;ELME COMMUNITIES
ELS;NYSE:ELS;REIT;EQUITY LIFESTYLE PROPERTIES INC.
EPR;NYSE:EPR;REIT;EPR PROPERTIES
EPRT;NYSE:EPRT;REIT;ESSENTIAL PROPERTIES REALTY TRUST INC.
EQC;NYSE:EQC;REIT;EQUITY COMMONWEALTH
EQIX;NASDAQ:EQIX;REIT;EQUINIX INC.
EQR;NYSE:EQR;REIT;EQUITY RESIDENTIAL
ESRT;NYSE:ESRT;REIT;EMPIRE STATE REALTY TRUST INC. CL A
ESS;NYSE:ESS;REIT;ESSEX PROPERTY TRUST INC.
EXR;NYSE:EXR;REIT;EXTRA SPACE STORAGE INC.
FCPT;NYSE:FCPT;REIT;FOUR CORNERS PROPERTY TRUST INC.
FLJ;NASDAQ:FLJ;REIT;FLJ GROUP LTD
FPI;NYSE:FPI;REIT;FARMLAND PARTNERS INC.
FRT;NYSE:FRT;REIT;FEDERAL REALTY INVESTMENT TRUST
FSP;NYSEAMERICAN:FSP;REIT;FRANKLIN STREET PROPERTIES CORP.
FUTL;OTCMKTS:FUTL;REIT;FUTURELAND CORP.
GEO;NYSE:GEO;REIT;THE GEO GROUP INC.
GGE;NASDAQ:GGE;REIT;GREEN GIANT INC.
GLPI;NASDAQ:GLPI;REIT;GAMING & LEISURE PROPERTIES INC.
GMRE;NYSE:GMRE;REIT;GLOBAL MEDICAL REIT INC.
GNL;NYSE:GNL;REIT;GLOBAL NET LEASE INC.
GOOD;NASDAQ:GOOD;REIT;GLADSTONE COMMERCIAL CORPORATION
GPMT;NYSE:GPMT;REIT;GRANITE POINT MORTGAGE TRUST INC.
GTY;NYSE:GTY;REIT;GETTY REALTY CORPORATION
HASI;NYSE:HASI;REIT;HANNON ARMSTRONG SUSTAINABLE INFRASTRUCTURE CAPITAL INC.
HHC;NYSE:HHC;REIT;THE HOWARD HUGHES CORPORATION
HHH;NYSE:HHH;REIT;HOWARD HUGHES HOLDINGS INC.
HIW;NYSE:HIW;REIT;HIGHWOODS PROPERTIES INC.
HOUS;NYSE:HOUS;REIT;ANYWHERE REAL ESTATE INC
HPP;NYSE:HPP;REIT;HUDSON PACIFIC PROPERTIES INC.
HR;NYSE:HR;REIT;HEALTHCARE REALTY TRUST INC.
HST;NASDAQ:HST;REIT;HOST HOTELS & RESORTS INC.
HT;NYSE:HT;REIT;HERSHA HOSPITALITY TRUST CL A
HTIA;NASDAQ:HTIA;REIT;HEALTHCARE TRUST OF AMERICA INC.
IIPR;NYSE:IIPR;REIT;INNOVATIVE INDUSTRIAL PROPERTIES INC.
ILPT;NASDAQ:ILPT;REIT;INDUSTRIAL LOGISTICS PROPERTIES TRUST
INVH;NYSE:INVH;REIT;INVITATION HOMES INC.
IRM;NYSE:IRM;REIT;IRON MOUNTAIN INC.
IRT;NYSE:IRT;REIT;INDEPENDENCE REALTY TRUST INC.
IVR;NYSE:IVR;REIT;INVESCO MORTGAGE CAPITAL INC.
IVT;NYSE:IVT;REIT;INVENTRUST PROPERTIES CORP.
JBGS;NYSE:JBGS;REIT;JBG SMITH PROPERTIES
JLL;NYSE:JLL;REIT;JONES LANG LASALLE INC.
KIM;NYSE:KIM;REIT;KIMCO REALTY CORPORATION
KRC;NYSE:KRC;REIT;KILROY REALTY CORPORATION
KREF;NYSE:KREF;REIT;KKR REAL ESTATE FINANCE TRUST INC.
KRG;NYSE:KRG;REIT;KITE REALTY GROUP TRUST
LADR;NYSE:LADR;REIT;LADDER CAPITAL CORP
LAMR;NASDAQ:LAMR;REIT;LAMAR ADVERTISING COMPANY
LAND;NASDAQ:LAND;REIT;GLADSTONE LAND CORPORATION
LANDP;NASDAQ:LANDP;REIT;GLADSTONE LAND CORPORATION
LFT;NYSE:LFT;REIT;LUMENT FINANCE TRUST INC.
LSI;NYSE:LSI;REIT;LIFE STORAGE INC.
LTC;NYSE:LTC;REIT;LTC PROPERTIES INC.
LXP;NYSE:LXP;REIT;LEXINGTON REALTY TRUST
MAA;NYSE:MAA;REIT;MID-AMERICA APARTMENT COMMUNITIES INC.
MAC;NYSE:MAC;REIT;THE MACERICH COMPANY
MDV;NYSE:MDV;REIT;MODIV INC
MFA;NYSE:MFA;REIT;MFA FINANCIAL INC.
MITT;NYSE:MITT;REIT;AG MORTGAGE INVESTMENT TRUST INC.
MPW;NYSE:MPW;REIT;MEDICAL PROPERTIES TRUST INC.
MRP;NYSE:MRP;REIT;MILLROSE PROPERTIES INC
MSPC;OTCMKTS:MSPC;REIT;METROSPACES INC.
NHI;NYSE:NHI;REIT;NATIONAL HEALTH INVESTORS INC.
NLCP;OTCMKTS:NLCP;REIT;NEWLAKE CAPITAL PARTNERS INC.
NLY;NYSE:NLY;REIT;ANNALY CAPITAL MANAGEMENT INC.
NNN;NYSE:NNN;REIT;NATIONAL RETAIL PROPERTIES INC.
NSA;NYSE:NSA;REIT;NATIONAL STORAGE AFFILIATES TRUST
NTST;NYSE:NTST;REIT;NETSTREIT CORP.
NYMT;NASDAQ:NYMT;REIT;NEW YORK MORTGAGE TRUST INC.
O;NYSE:O;REIT;REALTY INCOME CORPORATION
OFC;NYSE:OFC;REIT;CORPORATE OFFICE PROPERTIES TRUST
OHI;NYSE:OHI;REIT;OMEGA HEALTHCARE INVESTORS INC.
OLP;NYSE:OLP;REIT;ONE LIBERTY PROPERTIES INC.
ONL;NYSE:ONL;REIT;ORION OFFICE REIT INC.
OPAD;NYSE:OPAD;REIT;OFFERPAD SOLUTIONS INC.
OPEN;NASDAQ:OPEN;REIT;OPENDOOR TECHNOLOGIES INC.
OPI;NASDAQ:OPI;REIT;OFFICE PROPERTIES INCOME TRUST
ORC;NYSE:ORC;REIT;ORCHID ISLAND CAPITAL INC.
OUT;NYSE:OUT;REIT;OUTFRONT MEDIA INC.
PCH;NASDAQ:PCH;REIT;POTLATCHDELTIC CORPORATION
PDM;NYSE:PDM;REIT;PIEDMONT OFFICE REALTY TRUST INC.
PEAK;NYSE:PEAK;REIT;HEALTHPEAK PROPERTIES INC.
PEB;NYSE:PEB;REIT;PEBBLEBROOK HOTEL TRUST
PECO;NASDAQ:PECO;REIT;PHILLIPS EDISON & COMPANY INC.
PGRE;NYSE:PGRE;REIT;PARAMOUNT GROUP INC.
PGRU;NYSE:PGRU;REIT;PROPERTYGURU LIMITED
PINE;NYSE:PINE;REIT;ALPINE INCOME PROPERTY TRUST INC.
PK;NYSE:PK;REIT;PARK HOTELS & RESORTS INC.
PLD;NYSE:PLD;REIT;PROLOGIS INC.
PLYM;NYSE:PLYM;REIT;PLYMOUTH INDUSTRIAL REIT INC.
PMT;NYSE:PMT;REIT;PENNYMAC MORTGAGE INVESTMENT TRUST
PSA;NYSE:PSA;REIT;PUBLIC STORAGE
PW;NYSEAMERICAN:PW;REIT;POWER REIT
RC;NYSE:RC;REIT;READY CAPITAL CORPORATION
REG;NASDAQ:REG;REIT;REGENCY CENTERS CORPORATION
REXR;NYSE:REXR;REIT;REXFORD INDUSTRIAL REALTY INC.
RHP;NYSE:RHP;REIT;RYMAN HOSPITALITY PROPERTIES INC.
RIOCF;OTCMKTS:RIOCF;REIT;RIOCAN REAL ESTATE INVESTMENT TRUST UN
RITM;NYSE:RITM;REIT;RITHM CAPITAL CORP.
RLJ-A;NYSE:RLJ-A;REIT;RLJ LODGING TRUST $1.95 CUM. CONV. PFD. SERIES A
ROIC;NASDAQ:ROIC;REIT;RETAIL OPPORTUNITY INVESTMENTS CORP.
RPT;NYSE:RPT;REIT;RPT REALTY
RPT-D;NYSE:RPT-D;REIT;RPT REALTY CONV. PREF. SHRS SERIES D
RTL;NASDAQ:RTL;REIT;THE NECESSITY RETAIL REIT INC.
RWT;NYSE:RWT;REIT;REDWOOD TRUST INC.
RYN;NYSE:RYN;REIT;RAYONIER INC.
SACH;NYSEAMERICAN:SACH;REIT;SACHEM CAPITAL CORP.
SBAC;NASDAQ:SBAC;REIT;SBA COMMUNICATIONS CORP.
SBRA;NASDAQ:SBRA;REIT;SABRA HEALTH CARE REIT INC.
SELF;NASDAQ:SELF;REIT;GLOBAL SELF STORAGE INC.
SHO;NYSE:SHO;REIT;SUNSTONE HOTEL INVESTORS INC.
SILA;NYSE:SILA;REIT;SILA REALTY TRUST
SITC;NYSE:SITC;REIT;SITE CENTERS CORP.
SKT;NYSE:SKT;REIT;TANGER FACTORY OUTLET CENTERS INC.
SLG;NYSE:SLG;REIT;SL GREEN REALTY CORP.
SPG;NYSE:SPG;REIT;SIMON PROPERTY GROUP INC.
SRC;NYSE:SRC;REIT;SPIRIT REALTY
SRG;NYSE:SRG;REIT;SERITAGE GROWTH PROPERTIES
STAG;NYSE:STAG;REIT;STAG INDUSTRIAL INC.
STAR;NYSE:STAR;REIT;ISTAR INC.
STWD;NYSE:STWD;REIT;STARWOOD PROPERTY TRUST INC.
SUI;NYSE:SUI;REIT;SUN COMMUNITIES INC.
SVC;NASDAQ:SVC;REIT;SERVICE PROPERTIES TRUST
TCN;NYSE:TCN;REIT;TRICON RESIDENTIAL INC.
TRNO;NYSE:TRNO;REIT;TERRENO REALTY CORPORATION
TWO;NYSE:TWO;REIT;TWO HARBORS INVESTMENT CORP.
UBA;NYSE:UBA;REIT;URSTADT BIDDLE PROPERTIES INC. CL A
UDR;NYSE:UDR;REIT;UDR INC.
UMH;NYSE:UMH;REIT;UMH PROPERTIES INC.
UNIT;NASDAQ:UNIT;REIT;UNITI GROUP INC.
VICI;NYSE:VICI;REIT;VICI PROPERTIES INC.
VNO;NYSE:VNO;REIT;VORNADO REALTY TRUST
VRE;NYSE:VRE;REIT;VERIS RESIDENTIAL INC.
VTR;NYSE:VTR;REIT;VENTAS INC.
WE;NYSE:WE;REIT;WEWORK INC.
WELL;NYSE:WELL;REIT;WELLTOWER INC.
WMC;NYSE:WMC;REIT;WESTERN ASSET MORTGAGE CAPITAL CORPORATION
WPC;NYSE:WPC;REIT;W.P. CAREY INC.
WSR;NYSE:WSR;REIT;WHITESTONE REIT
WY;NYSE:WY;REIT;WEYERHAEUSER COMPANY
XHR;NYSE:XHR;REIT;XENIA HOTELS & RESORTS INC.
A;NYSE:A;STOCK;AGILENT TECHNOLOGIES
AA;NYSE:AA;STOCK;ALCOA CORP.
AADI;NASDAQ:AADI;STOCK;AADI BIOSCIENCE INC.
AAL;NASDAQ:AAL;STOCK;AMERICAN AIRLINES GROUP INC.
AAN;NYSE:AAN;STOCK;AARON'S INC.
AAP;NYSE:AAP;STOCK;ADVANCE AUTO PARTS INC.
AAPL;NASDAQ:AAPL;STOCK;APPLE INC.
AATC;NASDAQ:AATC;STOCK;AUTOSCOPE TECHNOLOGIES CORPORATION
ABB;NYSE:ABB;STOCK;ABB LTD. ADR
ABBRF;OTCMKTS:ABBRF;STOCK;ABRAPLATA RESOURCE CORP
ABBV;NYSE:ABBV;STOCK;ABBVIE INC.
ABC;NYSE:ABC;STOCK;AMERISOURCEBERGEN CORP
ABCB;NASDAQ:ABCB;STOCK;AMERIS BANCORP
ABEV;NYSE:ABEV;STOCK;AMBEV S.A. ADR
ABG;NYSE:ABG;STOCK;ASBURY AUTOMOTIVE GROUP INC.
ABIO;NASDAQ:ABIO;STOCK;ARCA BIOPHARMA INC.
ABM;NYSE:ABM;STOCK;ABM INDUSTRIES INCORPORATED
ABNB;NASDAQ:ABNB;STOCK;AIRBNB INC. CL A
ABT;NYSE:ABT;STOCK;ABBOTT LABORATORIES
ABUS;NASDAQ:ABUS;STOCK;ARBUTUS BIOPHARMA CORP.
ABVC;NASDAQ:ABVC;STOCK;ABVC BIOPHARMA INC.
ACA;NYSE:ACA;STOCK;ARCOSA INC.
ACAD;NASDAQ:ACAD;STOCK;ACADIA PHARMACEUTICALS INC.
ACB;NYSE:ACB;STOCK;AURORA CANNABIS INC.
ACGL;NASDAQ:ACGL;STOCK;ARCH CAPITAL GROUP LTD.
ACHR;NYSE:ACHR;STOCK;ARCHER AVIATION INC.
ACI;NYSE:ACI;STOCK;ALBERTSONS COMPANIES INC.
ACLS;NASDAQ:ACLS;STOCK;AXCELIS TECHNOLOGIES INC
ACM;NYSE:ACM;STOCK;AECOM
ACMR;NASDAQ:ACMR;STOCK;ACM RESEARCH INC.
ACN;NYSE:ACN;STOCK;ACCENTURE
ACNT;NASDAQ:ACNT;STOCK;ASCENT INDUSTRIES CO.
ACRX;NASDAQ:ACRX;STOCK;ACELRX PHARMACEUTICALS INC.
ACST;NASDAQ:ACST;STOCK;ACASTI PHARMA INC.
ACV;NYSE:ACV;STOCK;VIRTUS DIVERSIFIED INCOME & CONVERTIBLE FUND
ADAP;NASDAQ:ADAP;STOCK;ADAPTIMMUNE THERAPEUTICS PLC ADR
ADBE;NASDAQ:ADBE;STOCK;ADOBE INC.
ADES;NASDAQ:ADES;STOCK;ADVANCED EMISSIONS SOLUTIONS INC.
ADGO;OTCMKTS:ADGO;STOCK;ADVANTEGO CORP.
ADI;NASDAQ:ADI;STOCK;ANALOG DEVICES INC.
ADM;NYSE:ADM;STOCK;ARCHER DANIELS MIDLAND CO.
ADMA;NASDAQ:ADMA;STOCK;ADMA BIOLOGICS INC
ADNT;NYSE:ADNT;STOCK;ADIENT PLC
ADP;NASDAQ:ADP;STOCK;AUTOMATIC DATA PROCESSING INC.
ADSE;NASDAQ:ADSE;STOCK;ADS-TEC ENERGY PLC
ADSK;NASDAQ:ADSK;STOCK;AUTODESK INC.
ADTH;NASDAQ:ADTH;STOCK;ADTHEORENT HOLDING COMPANY INC.
ADYEY;OTCMKTS:ADYEY;STOCK;ADYEN N.V.
AEHR;NASDAQ:AEHR;STOCK;AEHR TEST SYSTEMS
AEL;NYSE:AEL;STOCK;AMERICAN EQUITY INVESTMENT LIFE HOLDING CO.
AEM;NYSE:AEM;STOCK;AGNICO EAGLE MINES LTD.
AEO;NYSE:AEO;STOCK;AMERICAN EAGLE OUTFITTERS INC.
AEP;NASDAQ:AEP;STOCK;AMERICAN ELECTRIC POWER COMPANY INC.
AER;NYSE:AER;STOCK;AERCAP HOLDINGS N.V.
AES;NYSE:AES;STOCK;THE AES CORPORATION
AFG;NYSE:AFG;STOCK;AMERICAN FINANCIAL GROUP INC.
AFL;NYSE:AFL;STOCK;AFLAC INCORPORATED
AFRM;NASDAQ:AFRM;STOCK;AFFIRM HOLDINGS INC.
AFYA;NASDAQ:AFYA;STOCK;AFYA LTD.
AG;NYSE:AG;STOCK;FIRST MAJESTIC SILVER CORP.
AGBA;NASDAQ:AGBA;STOCK;AGBA GROUP HOLDING LIMITED
AGCO;NYSE:AGCO;STOCK;AGCO CORPORATION
AGEN;NASDAQ:AGEN;STOCK;AGENUS INC.
AGFMF;OTCMKTS:AGFMF;STOCK;A.G.F. MANAGEMENT LTD. CL B NV
AGFY;NASDAQ:AGFY;STOCK;AGRIFY CORPORATION
AGI;NYSE:AGI;STOCK;ALAMOS GOLD INC.
AGIL;NASDAQ:AGIL;STOCK;AGILETHOUGHT INC.
AGM;NYSE:AGM;STOCK;FEDERAL AGRICULTURAL MORTGAGE CORP. CL C
AGRO;NYSE:AGRO;STOCK;ADECOAGRO S.A.
AGTI;NYSE:AGTI;STOCK;AGILITI INC.
AHCO;NASDAQ:AHCO;STOCK;ADAPTHEALTH CORP.
AHG;NASDAQ:AHG;STOCK;AKSO HEALTH GROUP
AHPI;NASDAQ:AHPI;STOCK;ALLIED HEALTHCARE PRODUCTS INC.
AI;NYSE:AI;STOCK;C3.AI INC.
AIG;NYSE:AIG;STOCK;AMERICAN INTERNATIONAL GROUP INC.
AIN;NYSE:AIN;STOCK;ALBANY INTERNATIONAL CORP. CL A
AISP;NASDAQ:AISP;STOCK;AIRSHIP AI HOLDINGS INC.
AIT;NYSE:AIT;STOCK;APPLIED INDUSTRIAL TECHNOLOGIES INC.
AJG;NYSE:AJG;STOCK;ARTHUR J. GALLAGHER & CO.
AKAM;NASDAQ:AKAM;STOCK;AKAMAI TECHNOLOGIES INC.
AKBA;NASDAQ:AKBA;STOCK;AKEBIA THERAPEUTICS INC.
AKLI;NASDAQ:AKLI;STOCK;AKILI INC.
AKO.B;NYSE:AKO.B;STOCK;EMBOTELLADORA ANDINA S.A.
AKU;NASDAQ:AKU;STOCK;AKUMIN INC.
AL;NYSE:AL;STOCK;AIR LEASE CORP.
ALAB;NASDAQ:ALAB;STOCK;ASTERA LABS INC
ALB;NYSE:ALB;STOCK;ALBEMARLE CORP.
ALDX;NASDAQ:ALDX;STOCK;ALDEYRA THERAPEUTICS INC.
ALGM;NASDAQ:ALGM;STOCK;ALLEGRO MICROSYSTEMS INC.
ALGN;NASDAQ:ALGN;STOCK;ALIGN TECHNOLOGY INC.
ALGT;NASDAQ:ALGT;STOCK;ALLEGIANT TRAVEL CO.
ALIT;NYSE:ALIT;STOCK;ALIGHT INC.
ALIZY;OTCMKTS:ALIZY;STOCK;ALLIANZ SE
ALKS;NASDAQ:ALKS;STOCK;ALKERMES PLC
ALL;NYSE:ALL;STOCK;ALLSTATE CORP.
ALLG;NYSE:ALLG;STOCK;ALLEGO N.V.
ALLY;NYSE:ALLY;STOCK;ALLY FINANCIAL INC.
ALLY-A;NYSE:ALLY-A;STOCK;GMAC CAPITAL TRUST I FIXED RATE/FLOATING RATE TRUPS SERIES 2
ALSN;NYSE:ALSN;STOCK;ALLISON TRANSMISSION HOLDINGS INC.
ALT;NASDAQ:ALT;STOCK;ALTIMMUNE INC.
ALV;NYSE:ALV;STOCK;AUTOLIV INC.
ALZN;NASDAQ:ALZN;STOCK;ALZAMEND NEURO INC.
AM;NYSE:AM;STOCK;ANTERO MIDSTREAM CORP.
AMAT;NASDAQ:AMAT;STOCK;APPLIED MATERIALS INC.
AMBI;NYSEAMERICAN:AMBI;STOCK;AMBIPAR EMERGENCY RESPONSE
AMBP;NYSE:AMBP;STOCK;ARDAGH METAL PACKAGING S.A.
AMC;NYSE:AMC;STOCK;AMC ENTERTAINMENT HOLDINGS INC.
AMCR;NYSE:AMCR;STOCK;AMCOR PLC
AMCX;NASDAQ:AMCX;STOCK;AMC NETWORKS INC. CL A
AMD;NASDAQ:AMD;STOCK;ADVANCED MICRO DEVICES INC.
AME;NYSE:AME;STOCK;AMETEK INC.
AMED;NASDAQ:AMED;STOCK;AMEDISYS INC.
AMGN;NASDAQ:AMGN;STOCK;AMGEN INC.
AMHPF;OTCMKTS:AMHPF;STOCK;VERDE AGRITECH PLC
AMIX;NASDAQ:AMIX;STOCK;AUTONOMIX MEDICAL INC
AMKR;NASDAQ:AMKR;STOCK;AMKOR TECHNOLOGY INC.
AMLH;OTCMKTS:AMLH;STOCK;AMERICAN LEISURE HOLDINGS INC.
AMN;NYSE:AMN;STOCK;AMN HEALTHCARE SERVICES INC.
AMP;NYSE:AMP;STOCK;AMERIPRISE FINANCIAL INC.
AMPH;NASDAQ:AMPH;STOCK;AMPHASTAR PHARMACEUTICALS INC.
AMPS;NYSE:AMPS;STOCK;ALTUS POWER INC.
AMR;NYSE:AMR;STOCK;ALPHA METALLURGICAL RESOURCES INC.
AMRC;NYSE:AMRC;STOCK;AMERESCO INC.
AMRK;NASDAQ:AMRK;STOCK;A-MARK PRECIOUS METALS INC.
AMRN;NASDAQ:AMRN;STOCK;AMARIN CORPORATION PLC
AMRS;NASDAQ:AMRS;STOCK;AMYRIS INC.
AMSF;NASDAQ:AMSF;STOCK;AMERISAFE INC.
AMTD;NYSE:AMTD;STOCK;AMTD IDEA GROUP
AMWD;NASDAQ:AMWD;STOCK;AMERICAN WOODMARK CORP.
AMX;NYSE:AMX;STOCK;AMERICA MOVIL SAB DE CV
AMZN;NASDAQ:AMZN;STOCK;AMAZON.COM INC.
AN;NYSE:AN;STOCK;AUTONATION INC.
ANDE;NASDAQ:ANDE;STOCK;THE ANDERSONS INC.
ANET;NYSE:ANET;STOCK;ARISTA NETWORKS INC.
ANF;NYSE:ANF;STOCK;ABERCROMBIE & FITCH CO.
ANGH;NASDAQ:ANGH;STOCK;ANGHAMI INC.
ANGI;NASDAQ:ANGI;STOCK;ANGI INC
ANGPY;OTCMKTS:ANGPY;STOCK;ANGLO AMERICAN PLATINUM LIMITED
ANIX;NASDAQ:ANIX;STOCK;ANIXA BIOSCIENCES INC.
ANLDF;OTCMKTS:ANLDF;STOCK;ANFIELD ENERGY INC.
ANSS;NASDAQ:ANSS;STOCK;ANSYS INC.
ANY;NASDAQ:ANY;STOCK;SPHERE 3D CORP.
AON;NYSE:AON;STOCK;AON PLC
AORT;NYSE:AORT;STOCK;ARTIVION INC.
AOS;NYSE:AOS;STOCK;A. O. SMITH CORP
AOSL;NASDAQ:AOSL;STOCK;ALPHA & OMEGA SEMICONDUCTOR INC.
APA;NASDAQ:APA;STOCK;APACHE CORPORATION
APD;NYSE:APD;STOCK;AIR PRODUCTS CHEMICALS INC.
APGN;NASDAQ:APGN;STOCK;APEXIGEN INC.
APH;NYSE:APH;STOCK;AMPHENOL CORPORATION
API;NASDAQ:API;STOCK;AGORA INC.
APLS;NASDAQ:APLS;STOCK;APELLIS PHARMACEUTICALS INC.
APO;NYSE:APO;STOCK;APOLLO GLOBAL MANAGEMENT INC.
APOG;NASDAQ:APOG;STOCK;APOGEE ENTERPRISES INC.
APP;NASDAQ:APP;STOCK;APPLOVIN CORPORATION
APPF;NASDAQ:APPF;STOCK;APPFOLIO INC.
APPN;NASDAQ:APPN;STOCK;APPIAN CORP. CL A
APPS;NASDAQ:APPS;STOCK;DIGITAL TURBINE INC.
APT;NYSEAMERICAN:APT;STOCK;ALPHA PRO TECH LTD.
AQMS;NASDAQ:AQMS;STOCK;AQUA METALS INC.
AQN;NYSE:AQN;STOCK;ALGONQUIN POWER & UTILITIES CORP.
AQUA;NYSE:AQUA;STOCK;EVOQUA WATER TECHNOLOGIES CORP.
AR;NYSE:AR;STOCK;ANTERO RESOURCES CORP
ARAY;NASDAQ:ARAY;STOCK;ACCURAY INCORPORATED
ARBE;NASDAQ:ARBE;STOCK;ARBE ROBOTICS LTD.
ARCB;NASDAQ:ARCB;STOCK;ARCBEST CORP.
ARCC;NASDAQ:ARCC;STOCK;ARES CAPITAL CORPORATION
ARCE;NASDAQ:ARCE;STOCK;ARCO PLATFORM LTD. CL A
ARCH;NYSE:ARCH;STOCK;ARCH RESOURCES INC.
ARCO;NYSE:ARCO;STOCK;ARCOS DORADOS HOLDINGS INC. CL A
ARCT;NASDAQ:ARCT;STOCK;ARCTURUS THERAPEUTICS HOLDINGS INC.
ARDX;NASDAQ:ARDX;STOCK;ARDELYX INC.
ARLP;NASDAQ:ARLP;STOCK;ALLIANCE RESOURCE PARTNERS L.P.
ARM;NASDAQ:ARM;STOCK;ARM HOLDINGS PLC
ARMK;NYSE:ARMK;STOCK;ARAMARK
AROC;NYSE:AROC;STOCK;ARCHROCK INC
AROW;NASDAQ:AROW;STOCK;ARROW FINANCIAL CORPORATION
ARQQ;NASDAQ:ARQQ;STOCK;ARQIT QUANTUM INC.
ARRY;NASDAQ:ARRY;STOCK;ARRAY TECHNOLOGIES INC.
ARTNA;NASDAQ:ARTNA;STOCK;ARTESIAN RESOURCES CORPORATION
ARVL;NASDAQ:ARVL;STOCK;ARRIVAL
ASAI;NYSE:ASAI;STOCK;SENDAS DISTRIBUIDORA S.A.
ASAN;NYSE:ASAN;STOCK;ASANA INC.
ASB;NYSE:ASB;STOCK;ASSOCIATED BANC-CORP
ASC;NYSE:ASC;STOCK;ARDMORE SHIPPING CORPORATION
ASG;NYSE:ASG;STOCK;LIBERTY ALL-STAR GROWTH FUND INC.
ASML;NASDAQ:ASML;STOCK;ASML HOLDING N.V.
ASO;NASDAQ:ASO;STOCK;ACADEMY SPORTS AND OUTDOORS INC.
ASST;NASDAQ:ASST;STOCK;STRIVE ASSET MANAGEMENT LLC
ASTA;OTCMKTS:ASTA;STOCK;ASTRA VEDA CORP.
ASTL;NASDAQ:ASTL;STOCK;ALGOMA STEEL GROUP INC.
ASTR;NASDAQ:ASTR;STOCK;ASTRA SPACE INC.
ASTS;NASDAQ:ASTS;STOCK;AST SPACEMOBILE INC.
ASUR;NASDAQ:ASUR;STOCK;ASURE SOFTWARE INC
ASX;NYSE:ASX;STOCK;ASE TECHNOLOGY HOLDING COMPANY LTD.
ASXC;NYSEAMERICAN:ASXC;STOCK;ASENSUS SURGICAL INC.
ATEN;NYSE:ATEN;STOCK;A10 NETWORKS INC.
ATER;NASDAQ:ATER;STOCK;ATERIAN INC.
ATHX;NASDAQ:ATHX;STOCK;ATHERSYS INC.
ATIP;NYSE:ATIP;STOCK;ATI PHYSICAL THERAPY INC.
ATKR;NYSE:ATKR;STOCK;ATKORE INC.
ATLC;NASDAQ:ATLC;STOCK;ATLANTICUS HOLDINGS CORPORATION
ATLCY;OTCMKTS:ATLCY;STOCK;ATLAS COPCO AB
ATLX;NASDAQ:ATLX;STOCK;ATLAS LITHIUM CORPORATION
ATNX;NASDAQ:ATNX;STOCK;ATHENEX INC.
ATO;NYSE:ATO;STOCK;ATMOS ENERGY CORP.
ATOS;NASDAQ:ATOS;STOCK;ATOSSA THERAPEUTICS INC.
ATR;NYSE:ATR;STOCK;APTARGROUP INC.
ATUS;NYSE:ATUS;STOCK;ALTICE USA INC. CL A
ATVI;NASDAQ:ATVI;STOCK;ACTIVISION BLIZZARD INC.
ATXS;NASDAQ:ATXS;STOCK;ASTRIA THERAPEUTICS INC.
ATYR;NASDAQ:ATYR;STOCK;ATYR PHARMA INC
AU;NYSE:AU;STOCK;ANGLOGOLD ASHANTI LIMITED
AUGO;NASDAQ:AUGO;STOCK;AURA MINERALS
AUID;NASDAQ:AUID;STOCK;AUTHID INC.
AUNXF;OTCMKTS:AUNXF;STOCK;AXP ENERGY LTD.
AUPH;NASDAQ:AUPH;STOCK;AURINIA PHARMACEUTICALS INC.
AUR;NASDAQ:AUR;STOCK;AURORA INNOVATION INC.
AVAL;NYSE:AVAL;STOCK;GRUPO AVAL ACCIONES Y VALORES S.A.
AVD;NYSE:AVD;STOCK;AMERICAN VANGUARD CORP.
AVGO;NASDAQ:AVGO;STOCK;BROADCOM INC.
AVID;NASDAQ:AVID;STOCK;AVID TECHNOLOGY INC.
AVPT;NASDAQ:AVPT;STOCK;AVEPOINT INC.
AVTR;NYSE:AVTR;STOCK;AVANTOR INC.
AVTX;NASDAQ:AVTX;STOCK;AVALO THERAPEUTICS INC.
AVY;NYSE:AVY;STOCK;AVERY DENNISON CORPORATION
AWK;NYSE:AWK;STOCK;AMERICAN WATER WORKS CO.
AWP;NYSE:AWP;STOCK;ABERDEEN GLOBAL PREMIER PROPERTIES FUND
AWR;NYSE:AWR;STOCK;AMERICAN STATES WATER CO.
AXON;NASDAQ:AXON;STOCK;AXON ENTERPRISE INC.
AXP;NYSE:AXP;STOCK;AMERICAN EXPRESS CO
AXS;NYSE:AXS;STOCK;AXIS CAPITAL HOLDINGS LTD.
AXSM;NASDAQ:AXSM;STOCK;AXSOME THERAPEUTICS INC.
AYI;NYSE:AYI;STOCK;ACUITY BRANDS INC.
AYX;NYSE:AYX;STOCK;ALTERYX INC. CL A
AZN;NASDAQ:AZN;STOCK;ASTRAZENECA PLC ADR
AZO;NYSE:AZO;STOCK;AUTOZONE INC.
AZPN;NASDAQ:AZPN;STOCK;ASPEN TECHNOLOGY INC.
AZRE;NYSE:AZRE;STOCK;AZURE POWER GLOBAL LTD.
AZTA;NASDAQ:AZTA;STOCK;AZENTA INC.
AZZ;NYSE:AZZ;STOCK;AZZ INC.
B;NYSE:B;STOCK;BARRICK MINING CORPORATION
BA;NYSE:BA;STOCK;BOEING CO
BABA;NYSE:BABA;STOCK;ALIBABA GROUP
BAC;NYSE:BAC;STOCK;BANK OF AMERICA CORP
BACHY;OTCMKTS:BACHY;STOCK;BANK OF CHINA LIMITED
BACK;NASDAQ:BACK;STOCK;IMAC HOLDINGS INC.
BAK;NYSE:BAK;STOCK;BRASKEM S.A.
BALL;NYSE:BALL;STOCK;BALL CORPORATION
BAM;NYSE:BAM;STOCK;BROOKFIELD ASSET MANAGEMENT INC. CL A
BANF;NASDAQ:BANF;STOCK;BANCFIRST CORP.
BANR;NASDAQ:BANR;STOCK;BANNER CORP.
BAP;NYSE:BAP;STOCK;CREDICORP LTD
BARK;NYSE:BARK;STOCK;THE ORIGINAL BARK COMPANY
BAX;NYSE:BAX;STOCK;BAXTER INTERNATIONAL INC.
BAYRY;OTCMKTS:BAYRY;STOCK;BAYER AKTIENGESELLSCHAFT
BB;NYSE:BB;STOCK;BLACKBERRY LTD.
BBAI;NYSE:BBAI;STOCK;BIGBEAR.AI HOLDINGS INC.
BBAR;NYSE:BBAR;STOCK;BANCO BBVA ARGENTINA S.A.
BBBY;NASDAQ:BBBY;STOCK;BED BATH & BEYOND INC.
BBD;NYSE:BBD;STOCK;BANCO BRADESCO S/A PREF ADR
BBDO;NYSE:BBDO;STOCK;BANCO BRADESCO S/A ORD ADR
BBIG;NASDAQ:BBIG;STOCK;VINCO VENTURES INC.
BBLN;NYSE:BBLN;STOCK;BABYLON HOLDINGS LIMITED
BBSEY;OTCMKTS:BBSEY;STOCK;BB SEGURIDADE PARTICIPACOES SA
BBSI;NASDAQ:BBSI;STOCK;BARRETT BUSINESS SERVICES INC.
BBVA;NYSE:BBVA;STOCK;BANCO BILBAO VIZCAYA ARGENTARIA S.A.
BBWI;NYSE:BBWI;STOCK;BATH BODY WORKS INC.
BBY;NYSE:BBY;STOCK;BEST BUY CO. INC.
BCBP;NASDAQ:BCBP;STOCK;BCB BANCORP INC
BCC;NYSE:BCC;STOCK;BOISE CASCADE COMPANY
BCDA;NASDAQ:BCDA;STOCK;BIOCARDIA INC.
BCH;NYSE:BCH;STOCK;BANCO DE CHILE
BCPC;NASDAQ:BCPC;STOCK;BALCHEM CORP.
BCRX;NASDAQ:BCRX;STOCK;BIOCRYST PHARMACEUTICALS INC.
BCS;NYSE:BCS;STOCK;BARCLAYS PLC
BCX;NYSE:BCX;STOCK;BLACKROCK RESOURCES & COMMODITIES STRATEGY TRUST
BDC;NYSE:BDC;STOCK;BELDEN INC.
BDGR;OTCMKTS:BDGR;STOCK;BLACK DRAGON RESOURCE COS. INC.
BDORY;OTCMKTS:BDORY;STOCK;BANCO DO BRASIL S/A ADR
BDX;NYSE:BDX;STOCK;BECTON DICKINSON & CO.
BE;NYSE:BE;STOCK;BLOOM ENERGY CORPORATION
BEDU;NYSE:BEDU;STOCK;BRIGHT SCHOLAR EDUCATION HOLDINGS LTD. ADR
BEKE;NYSE:BEKE;STOCK;KE HOLDINGS INC. ADR
BELFB;NASDAQ:BELFB;STOCK;BEL FUSE INC. CL B
BEN;NYSE:BEN;STOCK;FRANKLIN RESOURCES INC.
BEP;NYSE:BEP;STOCK;BROOKFIELD RENEWABLE PARTNERS L.P.
BEPC;NYSE:BEPC;STOCK;BROOKFIELD RENEWABLE CORP.
BEST;NYSE:BEST;STOCK;BEST INC.
BF.A;NYSE:BF.A;STOCK;BROWN-FORMAN CORPORATION
BF.B;NYSE:BF.B;STOCK;BROWN-FORMAN CORP. CL B
BFH;NYSE:BFH;STOCK;BREAD FINANCIAL HOLDINGS INC.
BFLY;NYSE:BFLY;STOCK;BUTTERFLY NETWORK INC.
BG;NYSE:BG;STOCK;BUNGE LTD.
BGCP;NASDAQ:BGCP;STOCK;BGC PARTNERS INC.
BGFV;NASDAQ:BGFV;STOCK;BIG 5 SPORTING GOODS CORPORATION
BGRY;NASDAQ:BGRY;STOCK;BERKSHIRE GREY INC.
BGY;NYSE:BGY;STOCK;BLACKROCK ENHANCED INTERNATIONAL DIVIDEND TRUST (BGY)
BHC;NYSE:BHC;STOCK;BAUSCH HEALTH COMPANIES INC.
BHF;NASDAQ:BHF;STOCK;BRIGHTHOUSE FINANCIAL INC
BHIL;NYSE:BHIL;STOCK;BENSON HILL INC.
BHP;NYSE:BHP;STOCK;BHP GROUP LTD. ADR
BHSIF;OTCMKTS:BHSIF;STOCK;BAYHORSE SILVER INC.
BIDU;NASDAQ:BIDU;STOCK;BAIDU INC
BIG;NYSE:BIG;STOCK;BIG LOTS INC.
BIIB;NASDAQ:BIIB;STOCK;BIOGEN INC
BILI;NASDAQ:BILI;STOCK;BILIBILI INC. ADR
BILL;NYSE:BILL;STOCK;BILL.COM HOLDINGS INC.
BIO;NYSE:BIO;STOCK;BIO-RAD LABORATORIES INC.
BIP;NYSE:BIP;STOCK;BROOKFIELD INFRASTRUCTURE PARTNERS L.P.
BIPC;NYSE:BIPC;STOCK;BROOKFIELD INFRASTRUCTURE CORPORATION
BITF;NASDAQ:BITF;STOCK;BITFARMS LTD.
BITW;OTCMKTS:BITW;STOCK;BITWISE 10 CRYPTO INDEX FUND
BK;NYSE:BK;STOCK;BANK OF NEW YORK MELLON CORP
BKD;NYSE:BKD;STOCK;BROOKDALE SENIOR LIVING INC.
BKE;NYSE:BKE;STOCK;BUCKLE INC.
BKH;NYSE:BKH;STOCK;BLACK HILLS CORPORATION
BKKT;NYSE:BKKT;STOCK;BAKKT HOLDINGS INC.
BKNG;NASDAQ:BKNG;STOCK;BOOKING HOLDINGS INC
BKR;NYSE:BKR;STOCK;BAKER HUGHES COMPANY
BKSY;NYSE:BKSY;STOCK;BLACKSKY TECHNOLOGY INC.
BKU;NYSE:BKU;STOCK;BANKUNITED INC.
BL;NASDAQ:BL;STOCK;BLACKLINE INC.
BLD;NYSE:BLD;STOCK;TOPBUILD CORP.
BLDE;NASDAQ:BLDE;STOCK;BLADE AIR MOBILITY INC.
BLDP;NASDAQ:BLDP;STOCK;BALLARD POWER SYSTEMS INC.
BLDR;NYSE:BLDR;STOCK;BUILDERS FIRSTSOURCE INC.
BLK;NYSE:BLK;STOCK;BLACKROCK INC.
BLUE;NASDAQ:BLUE;STOCK;BLUEBIRD BIO INC.
BLW;NYSE:BLW;STOCK;BLACKROCK LIMITED DURATION INCOME TRUST
BMA;NYSE:BMA;STOCK;BANCO MACRO S.A. ADR
BMI;NYSE:BMI;STOCK;BADGER METER INC.
BMIX;OTCMKTS:BMIX;STOCK;BRAZIL MINERALS INC.
BMNR;NYSEAMERICAN:BMNR;STOCK;BITMINE IMMERSION TECHNOLOGIES INC
BMO;NYSE:BMO;STOCK;BANK OF MONTREAL
BMRN;NASDAQ:BMRN;STOCK;BIOMARIN PHARMACEUTICAL INC
BMWKY;OTCMKTS:BMWKY;STOCK;BMW
BMWYY;OTCMKTS:BMWYY;STOCK;BAYERISCHE MOTOREN WERKE AG ADR
BMY;NYSE:BMY;STOCK;BRISTOL-MYERS SQUIBB CO.
BN;NYSE:BN;STOCK;BROOKFIELD CORPORATION
BNGO;NASDAQ:BNGO;STOCK;BIONANO GENOMICS INC.
BNNLF;OTCMKTS:BNNLF;STOCK;BANNERMAN RESOURCES LTD.
BNPQY;OTCMKTS:BNPQY;STOCK;BNP PARIBAS SA
BNS;NYSE:BNS;STOCK;BANK OF NOVA SCOTIA
BNTX;NASDAQ:BNTX;STOCK;BIONTECH SE ADR
BOC;NYSE:BOC;STOCK;BOSTON OMAHA CORPORATION
BODY;NYSE:BODY;STOCK;THE BEACHBODY COMPANY INC.
BOE;NYSE:BOE;STOCK;BLACKROCK ENHANCED GLOBAL DIVIDEND TRUST
BON;NASDAQ:BON;STOCK;BON NATURAL LIFE LIMITED
BOOM;NASDAQ:BOOM;STOCK;DMC GLOBAL INC.
BOOT;NYSE:BOOT;STOCK;BOOT BARN HOLDINGS INC.
BORR;NYSE:BORR;STOCK;BORR DRILLING LIMITED
BOWL;NYSE:BOWL;STOCK;BOWLERO CORP.
BOX;NYSE:BOX;STOCK;BOX INC.
BOXD;NYSE:BOXD;STOCK;BOXED INC.
BP;NYSE:BP;STOCK;BP PLC ADR
BPMC;NASDAQ:BPMC;STOCK;BLUEPRINT MEDICINES CORP.
BPOP;NASDAQ:BPOP;STOCK;POPULAR INC.
BQSSF;OTCMKTS:BQSSF;STOCK;BOSS RESOURCES LTD.
BR;NYSE:BR;STOCK;BROADRIDGE FINANCIAL SOLUTIONS INC.
BRC;NYSE:BRC;STOCK;BRADY CORPORATION
BRCC;NYSE:BRCC;STOCK;BRC INC.
BRDS;NYSE:BRDS;STOCK;BIRD GLOBAL INC.
BRK.A;NYSE:BRK.A;STOCK;BERKSHIRE HATHAWAY INC. CL A
BRK.B;NYSE:BRK.B;STOCK;BERKSHIRE HATHAWAY INC. CLASS B
BRKL;NASDAQ:BRKL;STOCK;BROOKLINE BANCORP INC.
BRKR;NASDAQ:BRKR;STOCK;BRUKER CORPORATION
BRO;NYSE:BRO;STOCK;BROWN BROWN INC.
BROS;NYSE:BROS;STOCK;DUTCH BROS INC.
BSAC;NYSE:BSAC;STOCK;BANCO SANTANDER-CHILE
BSBR;NYSE:BSBR;STOCK;BANCO SANTANDER BRASIL S.A.
BSIG;NYSE:BSIG;STOCK;BRIGHTSPHERE INVESTMENT GROUP INC.
BSM;NYSE:BSM;STOCK;BLACK STONE MINERALS L.P.
BST;NYSE:BST;STOCK;BLACKROCK SCIENCE AND TECHNOLOGY TRUST (BST)
BSTZ;NYSE:BSTZ;STOCK;BLACKROCK SCIENCE AND TECHNOLOGY TRUST II
BSX;NYSE:BSX;STOCK;BOSTON SCIENTIFIC CORP.
BTB;NASDAQ:BTB;STOCK;BIT BROTHER LIMITED
BTBT;NASDAQ:BTBT;STOCK;BIT DIGITAL INC.
BTCM;NYSE:BTCM;STOCK;BIT MINING LTD.
BTG;NYSEAMERICAN:BTG;STOCK;B2GOLD CORP.
BTI;NYSE:BTI;STOCK;BRITISH AMERICAN TOBACCO PLC ADR
BTO;NYSE:BTO;STOCK;JOHN HANCOCK FINANCIAL OPPORTUNITIES FUND
BTOG;NASDAQ:BTOG;STOCK;BIT ORIGIN LTD
BTTX;NASDAQ:BTTX;STOCK;BETTER THERAPEUTICS INC.
BTU;NYSE:BTU;STOCK;PEABODY ENERGY CORP.
BUD;NYSE:BUD;STOCK;ANHEUSER-BUSCH INBEV S.A. ADR
BURL;NYSE:BURL;STOCK;BURLINGTON STORES INC.
BVN;NYSE:BVN;STOCK;COMPAÃ‘IA DE MINAS BUENAVENTURA S.A.A.
BWA;NYSE:BWA;STOCK;BORGWARNER INC.
BWLP;NYSE:BWLP;STOCK;BW LPG LTD
BX;NYSE:BX;STOCK;THE BLACKSTONE GROUP INC.
BXC;NYSE:BXC;STOCK;BLUELINX HOLDINGS INC.
BXSL;NYSE:BXSL;STOCK;BLACKSTONE SECURED LENDING FUND
BYD;NYSE:BYD;STOCK;BOYD GAMING CORP.
BYND;NASDAQ:BYND;STOCK;BEYOND MEAT INC.
BYSI;NASDAQ:BYSI;STOCK;BEYONDSPRING INC.
BZFD;NASDAQ:BZFD;STOCK;BUZZFEED INC.
BZH;NYSE:BZH;STOCK;BEAZER HOMES USA INC.
BZUN;NASDAQ:BZUN;STOCK;BAOZUN INC.
C;NYSE:C;STOCK;CITIGROUP INC.
CABA;NASDAQ:CABA;STOCK;CABALETTA BIO INC.
CACC;NASDAQ:CACC;STOCK;CREDIT ACCEPTANCE CORP.
CADE;NYSE:CADE;STOCK;CADENCE BANK
CADL;NASDAQ:CADL;STOCK;CANDEL THERAPEUTICS INC.
CAE;NYSE:CAE;STOCK;CAE INC.
CAG;NYSE:CAG;STOCK;CONAGRA BRANDS INC.
CAH;NYSE:CAH;STOCK;CARDINAL HEALTH INC.
CAIXY;OTCMKTS:CAIXY;STOCK;CAIXABANK S.A.
CAJ;NYSE:CAJ;STOCK;CANON INC. ADR
CAKE;NASDAQ:CAKE;STOCK;CHEESECAKE FACTORY INC.
CALM;NASDAQ:CALM;STOCK;CAL-MAINE FOODS INC
CALX;NYSE:CALX;STOCK;CALIX INC.
CAN;NASDAQ:CAN;STOCK;CANAAN INC.
CANG;NYSE:CANG;STOCK;CANGO INC.
CANO;NYSE:CANO;STOCK;CANO HEALTH INC.
CAR;NASDAQ:CAR;STOCK;AVIS BUDGET GROUP INC.
CARA;NASDAQ:CARA;STOCK;CARA THERAPEUTICS INC.
CARR;NYSE:CARR;STOCK;CARRIER GLOBAL CORP.
CASH;NASDAQ:CASH;STOCK;META FINANCIAL GROUP INC.
CASY;NASDAQ:CASY;STOCK;CASEY'S GENERAL STORES INC.
CAT;NYSE:CAT;STOCK;CATERPILLAR INC
CATY;NASDAQ:CATY;STOCK;CATHAY GENERAL BANCORP
CB;NYSE:CB;STOCK;ACE LIMITED
CBAY;NASDAQ:CBAY;STOCK;CYMABAY THERAPEUTICS INC.
CBD;NYSE:CBD;STOCK;COMPANHIA BRASILEIRA DE DISTRIBUICAO
CBDL;OTCMKTS:CBDL;STOCK;CBD LIFE SCIENCES INC.
CBOE;BATS:CBOE;STOCK;CBOE GLOBAL MARKETS INC.
CBSH;NASDAQ:CBSH;STOCK;COMMERCE BANCSHARES INC.
CBU;NYSE:CBU;STOCK;COMMUNITY BANK SYSTEM INC.
CCAP;NASDAQ:CCAP;STOCK;CRESCENT CAPITAL BDC INC.
CCCS;NYSE:CCCS;STOCK;CCC INTELLIGENT SOLUTIONS HOLDINGS INC.
CCF;NYSEAMERICAN:CCF;STOCK;CHASE CORP.
CCIF;NYSE:CCIF;STOCK;CARLYLE CREDIT INCOME FUND
CCJ;NYSE:CCJ;STOCK;CAMECO CORP.
CCK;NYSE:CCK;STOCK;CROWN HOLDINGS INC.
CCL;NYSE:CCL;STOCK;CARNIVAL CORP.
CCRD;NYSE:CCRD;STOCK;CORECARD CORPORATION
CCRN;NASDAQ:CCRN;STOCK;CROSS COUNTRY HEALTHCARE INC.
CDE;NYSE:CDE;STOCK;COEUR MINING INC.
CDNS;NASDAQ:CDNS;STOCK;CADENCE DESIGN SYSTEMS INC
CDRO;NASDAQ:CDRO;STOCK;CODERE ONLINE LUXEMBOURG S.A.
CDW;NASDAQ:CDW;STOCK;CDW CORPORATION
CE;NYSE:CE;STOCK;CELANESE CORP.
CEG;NASDAQ:CEG;STOCK;CONSTELLATION ENERGY CORPORATION
CEI;NYSEAMERICAN:CEI;STOCK;CAMBER ENERGY INC.
CEIX;NYSE:CEIX;STOCK;CONSOL ENERGY INC.
CELH;NASDAQ:CELH;STOCK;CELSIUS HOLDINGS INC.
CELU;NASDAQ:CELU;STOCK;CELULARITY INC.
CEMI;NASDAQ:CEMI;STOCK;CHEMBIO DIAGNOSTICS INC.
CENN;NASDAQ:CENN;STOCK;CENNTRO ELECTRIC GROUP LIMITED
CENTA;NASDAQ:CENTA;STOCK;CENTRAL GARDEN & PET COMPANY
CENX;NASDAQ:CENX;STOCK;CENTURY ALUMINUM COMPANY
CEPU;NYSE:CEPU;STOCK;CENTRAL PUERTO S.A.
CEQP;NYSE:CEQP;STOCK;CRESTWOOD EQUITY PARTNERS LP
CERE;NASDAQ:CERE;STOCK;CEREVEL THERAPEUTICS HOLDINGS INC.
CERS;NASDAQ:CERS;STOCK;CERUS CORP.
CET;NYSEAMERICAN:CET;STOCK;CENTRAL SECURITIES CORP.
CEVA;NASDAQ:CEVA;STOCK;CEVA INC
CF;NYSE:CF;STOCK;CF INDUSTRIES HOLDINGS INC.
CFG;NYSE:CFG;STOCK;CITIZENS FINANCIAL GROUP INC.
CFLT;NASDAQ:CFLT;STOCK;CONFLUENT INC.
CFMS;NASDAQ:CFMS;STOCK;CONFORMIS INC.
CFR;NYSE:CFR;STOCK;CULLEN/FROST BANKERS INC.
CGC;NASDAQ:CGC;STOCK;CANOPY GROWTH CORP.
CGNX;NASDAQ:CGNX;STOCK;COGNEX CORP.
CGRN;NASDAQ:CGRN;STOCK;CAPSTONE GREEN ENERGY CORPORATION
CHCO;NASDAQ:CHCO;STOCK;CITY HOLDING CO.
CHD;NYSE:CHD;STOCK;CHURCH & DWIGHT CO.
CHE;NYSE:CHE;STOCK;CHEMED CORP.
CHGG;NYSE:CHGG;STOCK;CHEGG INC.
CHK;NASDAQ:CHK;STOCK;CHESAPEAKE ENERGY CORPORATION
CHKP;NASDAQ:CHKP;STOCK;CHECK POINT SOFTWARE TECHNOLOGIES LTD
CHPT;NYSE:CHPT;STOCK;CHARGEPOINT HOLDINGS INC.
CHR;NASDAQ:CHR;STOCK;CHEER HOLDING INC.
CHRD;NASDAQ:CHRD;STOCK;CHORD ENERGY CORPORATION
CHRS;NASDAQ:CHRS;STOCK;COHERUS BIOSCIENCES INC.
CHRW;NASDAQ:CHRW;STOCK;C.H. ROBINSON WORLDWIDE INC.
CHS;NYSE:CHS;STOCK;CHICO'S FAS INC.
CHTR;NASDAQ:CHTR;STOCK;CHARTER COMMUNICATIONS INC
CHWY;NYSE:CHWY;STOCK;CHEWY INC.
CI;NYSE:CI;STOCK;CIGNA CORP.
CIB;NYSE:CIB;STOCK;BANCOLOMBIA S.A. ADR
CIDM;NASDAQ:CIDM;STOCK;CINEDIGM CORP
CIEN;NYSE:CIEN;STOCK;CIENA CORP.
CIFR;NASDAQ:CIFR;STOCK;CIPHER MINING INC.
CIG;NYSE:CIG;STOCK;COMPANHIA ENERGETICA DE MINAS GERAIS-CEMIG ADR
CIHKY;OTCMKTS:CIHKY;STOCK;CHINA MERCHANTS BANK CO LTD
CINF;NASDAQ:CINF;STOCK;CINCINNATI FINANCIAL CORP.
CINT;NYSE:CINT;STOCK;CI&T INC
CIVI;NYSE:CIVI;STOCK;CIVITAS RESOURCES INC.
CL;NYSE:CL;STOCK;COLGATE-PALMOLIVE COMPANY
CLB;NYSE:CLB;STOCK;CORE LABORATORIES N.V.
CLBT;NASDAQ:CLBT;STOCK;CELLEBRITE DI LTD.
CLF;NYSE:CLF;STOCK;CLEVELAND-CLIFFS INC.
CLFD;NASDAQ:CLFD;STOCK;CLEARFIELD INC.
CLM;NYSEAMERICAN:CLM;STOCK;CORNERSTONE STRATEGIC VALUE FUND INC.
CLNE;NASDAQ:CLNE;STOCK;CLEAN ENERGY FUELS CORP.
CLOV;NASDAQ:CLOV;STOCK;CLOVER HEALTH INVESTMENTS CORP.
CLPT;NASDAQ:CLPT;STOCK;CLEARPOINT NEURO INC
CLSK;NASDAQ:CLSK;STOCK;CLEANSPARK INC.
CLVR;NASDAQ:CLVR;STOCK;CLEVER LEAVES HOLDINGS INC.
CLVT;NYSE:CLVT;STOCK;CLARIVATE PLC
CLX;NYSE:CLX;STOCK;CLOROX CO.
CMA;NYSE:CMA;STOCK;COMERICA INC.
CMAX;NASDAQ:CMAX;STOCK;CAREMAX INC.
CMBT;NYSE:CMBT;STOCK;CMB.TECH NV
CMC;NYSE:CMC;STOCK;COMMERCIAL METALS CO.
CMCL;NYSEAMERICAN:CMCL;STOCK;CALEDONIA MINING CORP. PLC
CMCSA;NASDAQ:CMCSA;STOCK;COMCAST CORP
CME;NASDAQ:CME;STOCK;CME GROUP
CMG;NYSE:CMG;STOCK;CHIPOTLE MEXICAN GRILL INC.
CMI;NYSE:CMI;STOCK;CUMMINS INC.
CMPO;NASDAQ:CMPO;STOCK;COMPOSECURE INC.
CMPS;NASDAQ:CMPS;STOCK;COMPASS PATHWAYS PLC
CMRE;NYSE:CMRE;STOCK;COSTAMARE INC.
CMTL;NASDAQ:CMTL;STOCK;COMTECH TELECOMMUNICATIONS CORP.
CNC;NYSE:CNC;STOCK;CENTENE CORPORATION
CNDT;NASDAQ:CNDT;STOCK;CONDUENT INCORPORATED
CNH;NYSE:CNH;STOCK;CNH INDUSTRIAL N.V.
CNI;NYSE:CNI;STOCK;CANADIAN NATIONAL RAILWAY CO.
CNK;NYSE:CNK;STOCK;CINEMARK HOLDINGS INC.
CNNE;NYSE:CNNE;STOCK;CANNAE HOLDINGS INC.
CNP;NYSE:CNP;STOCK;CENTERPOINT ENERGY INC.
CNQ;NYSE:CNQ;STOCK;CANADIAN NATURAL RESOURCES LIMITED
CNSWF;OTCMKTS:CNSWF;STOCK;CONSTELLATION SOFTWARE INC.
CODA;NASDAQ:CODA;STOCK;CODA OCTOPUS GROUP INC.
CODX;NASDAQ:CODX;STOCK;CO-DIAGNOSTICS INC.
COE;NYSE:COE;STOCK;CHINA ONLINE EDUCATION GROUP
COF;NYSE:COF;STOCK;CAPITAL ONE FINANCIAL CORP.
COGT;NASDAQ:COGT;STOCK;COGENT BIOSCIENCES INC.
COHR;NASDAQ:COHR;STOCK;COHERENT CORP.
COIN;NASDAQ:COIN;STOCK;COINBASE GLOBAL INC.
COKE;NASDAQ:COKE;STOCK;COCA-COLA CONSOLIDATED INC.
COLM;NASDAQ:COLM;STOCK;COLUMBIA SPORTSWEAR CO.
COMM;NASDAQ:COMM;STOCK;COMMSCOPE HOLDING CO. INC.
COMP;NYSE:COMP;STOCK;COMPASS INC.
COO;NYSE:COO;STOCK;THE COOPER COMPANIES INC.
COOP;NASDAQ:COOP;STOCK;MR. COOPER GROUP INC.
COP;NYSE:COP;STOCK;CONOCOPHILLIPS
CORT;NASDAQ:CORT;STOCK;CORCEPT THERAPEUTICS INC.
CORZ;NASDAQ:CORZ;STOCK;CORE SCIENTIFIC INC.
COST;NASDAQ:COST;STOCK;COSTCO WHOLESALE CORP.
COUR;NYSE:COUR;STOCK;COURSERA INC.
COWI;OTCMKTS:COWI;STOCK;COROWARE INC.
CP;NYSE:CP;STOCK;CANADIAN PACIFIC RAILWAY LIMITED
CPA;NYSE:CPA;STOCK;COPA HOLDINGS S.A.
CPAAU;NASDAQ:CPAAU;STOCK;CONYERS PARK III ACQUISITION CORP. UN
CPAY;NYSE:CPAY;STOCK;CORPAY INC.
CPB;NYSE:CPB;STOCK;CAMPBELL SOUP CO.
CPE;NYSE:CPE;STOCK;CALLON PETROLEUM COMPANY
CPF;NYSE:CPF;STOCK;CENTRAL PACIFIC FINANCIAL CORP.
CPG;NYSE:CPG;STOCK;CRESCENT POINT ENERGY CORPORATION
CPKF;OTCMKTS:CPKF;STOCK;CHESAPEAKE FINANCIAL SHARES INC.
CPNG;NYSE:CPNG;STOCK;COUPANG INC.
CPRI;NYSE:CPRI;STOCK;CAPRI HOLDINGS LIMITED
CPRT;NASDAQ:CPRT;STOCK;COPART INC.
CPRX;NASDAQ:CPRX;STOCK;CATALYST PHARMACEUTICALS INC.
CPTN;NASDAQ:CPTN;STOCK;CEPTON INC.
CRAI;NASDAQ:CRAI;STOCK;CRA INTERNACIONAL INC
CRBP;NASDAQ:CRBP;STOCK;CORBUS PHARMACEUTICALS HOLDINGS INC.
CRBU;NASDAQ:CRBU;STOCK;CARIBOU BIOSCIENCES INC.
CRC;NYSE:CRC;STOCK;CALIFORNIA RESOURCES CORPORATION
CRCL;NYSE:CRCL;STOCK;CIRCLE INTERNET GROUP
CRDO;NASDAQ:CRDO;STOCK;CREDO TECHNOLOGY GROUP HOLDING LTD
CRESY;NASDAQ:CRESY;STOCK;CRESUD S.A.C.I.F. Y A. ADR
CRF;NYSEAMERICAN:CRF;STOCK;CORNERSTONE TOTAL RETURN
CRIS;NASDAQ:CRIS;STOCK;CURIS INC.
CRK;NYSE:CRK;STOCK;COMSTOCK RESOURCES INC.
CRKN;NASDAQ:CRKN;STOCK;CROWN ELECTROKINETICS CORP.
CRM;NYSE:CRM;STOCK;SALESFORCE.COM INC.
CRNC;NASDAQ:CRNC;STOCK;CERENCE INC.
CRNT;NASDAQ:CRNT;STOCK;CERAGON NETWORKS LTD.
CRON;NASDAQ:CRON;STOCK;CRONOS GROUP INC
CROX;NASDAQ:CROX;STOCK;CROCS INC.
CRS;NYSE:CRS;STOCK;CARPENTER TECHNOLOGY CORP.
CRSP;NASDAQ:CRSP;STOCK;CRISPR THERAPEUTICS AG
CRSR;NASDAQ:CRSR;STOCK;CORSAIR GAMING INC.
CRT;NYSE:CRT;STOCK;CROSS TIMBERS ROYALTY TRUST
CRUS;NASDAQ:CRUS;STOCK;CIRRUS LOGIC INC.
CRVL;NASDAQ:CRVL;STOCK;CORVEL CORPORATION
CRWD;NASDAQ:CRWD;STOCK;CROWDSTRIKE HOLDINGS INC. CL A
CRWV;NASDAQ:CRWV;STOCK;COREWEAVE INC
CS;NYSE:CS;STOCK;CREDIT SUISSE GROUP AG
CSAN;NYSE:CSAN;STOCK;COSAN S.A. ADR
CSCO;NASDAQ:CSCO;STOCK;CISCO SYSTEMS INC
CSGP;NASDAQ:CSGP;STOCK;COSTAR GROUP INC.
CSIQ;NASDAQ:CSIQ;STOCK;CANADIAN SOLAR INC.
CSL;NYSE:CSL;STOCK;CARLISLE COS.
CSVI;OTCMKTS:CSVI;STOCK;COMPUTER SERVICES INC.
CSWC;NASDAQ:CSWC;STOCK;CAPITAL SOUTHWEST CORPORATION
CSX;NASDAQ:CSX;STOCK;CSX CORP
CTAS;NASDAQ:CTAS;STOCK;CINTAS CORP
CTBI;NASDAQ:CTBI;STOCK;COMMUNITY TRUST BANCORP INC.
CTIC;NASDAQ:CTIC;STOCK;CTI BIOPHARMA CORP.
CTLP;NASDAQ:CTLP;STOCK;CANTALOUPE INC.
CTMX;NASDAQ:CTMX;STOCK;CYTOMX THERAPEUTICS INC.
CTOS;NYSE:CTOS;STOCK;CUSTOM TRUCK ONE SOURCE INC.
CTRA;NYSE:CTRA;STOCK;COTERRA ENERGY INC.
CTRM;NASDAQ:CTRM;STOCK;CASTOR MARITIME INC.
CTRN;NASDAQ:CTRN;STOCK;CITI TRENDS INC.
CTSH;NASDAQ:CTSH;STOCK;COGNIZANT TECHNOLOGY SOLUTIONS CORP
CTV;NYSE:CTV;STOCK;INNOVID CORP.
CTVA;NYSE:CTVA;STOCK;CORTEVA INC.
CUBI;NYSE:CUBI;STOCK;CUSTOMERS BANCORP INC.
CURI;NASDAQ:CURI;STOCK;CURIOSITYSTREAM INC.
CVBF;NASDAQ:CVBF;STOCK;CVB FINANCIAL CORP.
CVE;NYSE:CVE;STOCK;CENOVUS ENERGY INC.
CVI;NYSE:CVI;STOCK;CVR ENERGY INC.
CVLT;NASDAQ:CVLT;STOCK;COMMVAULT SYSTEMS INC.
CVS;NYSE:CVS;STOCK;CVS CAREMARK
CVT;NASDAQ:CVT;STOCK;CVENT HOLDING CORP.
CVVUF;OTCMKTS:CVVUF;STOCK;CANALASKA URANIUM LTD.
CVX;NYSE:CVX;STOCK;CHEVRON CORP
CW;NYSE:CW;STOCK;CURTISS-WRIGHT CORP.
CWAN;NYSE:CWAN;STOCK;CLEARWATER ANALYTICS HOLDINGS INC
CWBR;NASDAQ:CWBR;STOCK;COHBAR INC.
CWEN;NYSE:CWEN;STOCK;CLEARWAY ENERGY INC.
CWH;NYSE:CWH;STOCK;CAMPING WORLD HOLDINGS INC. CL A
CWT;NYSE:CWT;STOCK;CALIFORNIA WATER SERVICE GROUP
CX;NYSE:CX;STOCK;CEMEX SAB DE CV
CYBR;NASDAQ:CYBR;STOCK;CYBERARK SOFTWARE LTD.
CYCC;NASDAQ:CYCC;STOCK;CYCLACEL PHARMACEUTICALS INC.
CYCN;NASDAQ:CYCN;STOCK;CYCLERION THERAPEUTICS INC.
CYD;NYSE:CYD;STOCK;CHINA YUCHAI INTERNATIONAL LTD.
CYH;NYSE:CYH;STOCK;COMMUNITY HEALTH SYSTEMS INC.
CYTK;NASDAQ:CYTK;STOCK;CYTOKINETICS INCORPORATED
CYTO;NASDAQ:CYTO;STOCK;ALTAMIRA THERAPEUTICS LTD.
CYXT;NASDAQ:CYXT;STOCK;CYXTERA TECHNOLOGIES INC.
CZOO;NYSE:CZOO;STOCK;CAZOO GROUP LTD
CZR;NASDAQ:CZR;STOCK;CAESARS ENTERTAINMENT INC
D;NYSE:D;STOCK;DOMINION ENERGY INC.
DAC;NYSE:DAC;STOCK;DANAOS CORPORATION
DAL;NYSE:DAL;STOCK;DELTA AIR LINES INC.
DALN;NASDAQ:DALN;STOCK;DALLASNEWS CORPORATION
DAN;NYSE:DAN;STOCK;DANA INC.
DAO;NYSE:DAO;STOCK;YOUDAO INC. ADR
DARE;NASDAQ:DARE;STOCK;DARE BIOSCIENCE INC.
DASH;NYSE:DASH;STOCK;DOORDASH INC.
DAVA;NYSE:DAVA;STOCK;ENDAVA PLC
DAVE;NASDAQ:DAVE;STOCK;DAVE INC.
DB;NYSE:DB;STOCK;DEUTSCHE BANK AG
DBD;NYSE:DBD;STOCK;DIEBOLD NIXDORF INC
DBRG;NYSE:DBRG;STOCK;DIGITALBRIDGE GROUP INC.
DBX;NASDAQ:DBX;STOCK;DROPBOX INC.
DCFC;NASDAQ:DCFC;STOCK;TRITIUM DCFC LIMITED
DCGO;NASDAQ:DCGO;STOCK;DOCGO INC.
DCI;NYSE:DCI;STOCK;DONALDSON COMPANY INC.
DD;NYSE:DD;STOCK;DUPONT DE NEMOURS INC.
DDD;NYSE:DDD;STOCK;3D SYSTEMS CORPORATION
DDOG;NASDAQ:DDOG;STOCK;DATADOG INC. CL A
DDS;NYSE:DDS;STOCK;DILLARD'S INC.
DDT;NYSE:DDT;STOCK;DILLARDS CAPITAL TRUST I CAP SECS 7.5%
DE;NYSE:DE;STOCK;DEERE & CO.
DECK;NYSE:DECK;STOCK;DECKERS OUTDOOR CORP.
DELL;NYSE:DELL;STOCK;DELL TECHNOLOGIES INC. CL C
DENN;NASDAQ:DENN;STOCK;DENNY'S CORP.
DEO;NYSE:DEO;STOCK;DIAGEO PLC
DFP;NYSE:DFP;STOCK;FLAHERTY & CRUMRINE DYNAMIC PREFERRED AND INCOME FUND INC.
DFS;NYSE:DFS;STOCK;DISCOVER FINANCIAL SERVICES
DG;NYSE:DG;STOCK;DOLLAR GENERAL CORP.
DGX;NYSE:DGX;STOCK;QUEST DIAGNOSTICS INCORPORATED
DHI;NYSE:DHI;STOCK;D.R. HORTON INC.
DHR;NYSE:DHR;STOCK;DANAHER CORPORATION COMMON STOCK
DHT;NYSE:DHT;STOCK;DHT HOLDINGS INC.
DIBS;NASDAQ:DIBS;STOCK;1STDIBS.COM INC.
DIDIY;OTCMKTS:DIDIY;STOCK;DIDI GLOBAL INC.
DIN;NYSE:DIN;STOCK;DINE BRANDS GLOBAL INC.
DINO;NYSE:DINO;STOCK;HF SINCLAIR CORPORATION
DIS;NYSE:DIS;STOCK;WALT DISNEY CO
DISH;NASDAQ:DISH;STOCK;DISH NETWORK CORP
DJT;NASDAQ:DJT;STOCK;TRUMP MEDIA & TECHNOLOGY GROUP CORP.
DKL;NYSE:DKL;STOCK;DELEK LOGISTICS PARTNERS
DKNG;NASDAQ:DKNG;STOCK;DRAFTKINGS INC.
DKS;NYSE:DKS;STOCK;DICKS SPORTING GOODS INC.
DLHC;NASDAQ:DLHC;STOCK;DLH HOLDINGS CORP.
DLNG;NYSE:DLNG;STOCK;DYNAGAS LNG PARTNERS LP
DLO;NASDAQ:DLO;STOCK;DLOCAL LTD
DLTR;NASDAQ:DLTR;STOCK;DOLLAR TREE INC
DLX;NYSE:DLX;STOCK;DELUXE CORP.
DM;NYSE:DM;STOCK;DESKTOP METAL INC.
DMLP;NASDAQ:DMLP;STOCK;DORCHESTER MINERALS L.P.
DNA;NYSE:DNA;STOCK;SOARING EAGLE ACQUISITION CORP.
DNCVF;OTCMKTS:DNCVF;STOCK;DEFIANCE SILVER CORP.
DNMR;NYSE:DNMR;STOCK;DANIMER SCIENTIFIC INC
DNN;NYSEAMERICAN:DNN;STOCK;DENISON MINES CORP.
DNOW;NYSE:DNOW;STOCK;DNOW INC.
DNP;NYSE:DNP;STOCK;DNP SELECT INCOME FUND INC.
DNTH;NASDAQ:DNTH;STOCK;DIANTHUS THERAPEUTICS INC.
DOCN;NYSE:DOCN;STOCK;DIGITALOCEAN HOLDINGS INC.
DOCS;NYSE:DOCS;STOCK;DOXIMITY INC.
DOCU;NASDAQ:DOCU;STOCK;DOCUSIGN INC.
DOMO;NASDAQ:DOMO;STOCK;DOMO INC. CL B
DORM;NASDAQ:DORM;STOCK;DORMAN PRODUCTS INC.
DOV;NYSE:DOV;STOCK;DOVER CORP.
DOW;NYSE:DOW;STOCK;DOW INC.
DOX;NASDAQ:DOX;STOCK;AMDOCS LTD.
DOYU;NASDAQ:DOYU;STOCK;DOUYU INTERNATIONAL HOLDINGS LTD.
DPG;NYSE:DPG;STOCK;DUFF & PHELPS UTILITY AND INFRASTRUCTURE FUND INC. (DPG)
DPZ;NYSE:DPZ;STOCK;DOMINO'S PIZZA INC.
DQ;NYSE:DQ;STOCK;DAQO NEW ENERGY CORP.
DRCT;NASDAQ:DRCT;STOCK;DIRECT DIGITAL HOLDINGS INC.
DRD;NYSE:DRD;STOCK;DRDGOLD LIMITED
DRI;NYSE:DRI;STOCK;DARDEN RESTAURANTS INC.
DRNG;OTCMKTS:DRNG;STOCK;DRONE GUARDER INC.
DRTS;NASDAQ:DRTS;STOCK;ALPHA TAU MEDICAL LTD.
DRUG;NASDAQ:DRUG;STOCK;BRIGHT MINDS BIOSCIENCES INC.
DS;NYSE:DS;STOCK;DRIVE SHACK INC.
DSS;NYSEAMERICAN:DSS;STOCK;DOCUMENT SECURITY SYSTEMS INC.
DSU;NYSE:DSU;STOCK;BLACKROCK DEBT STRATEGIES FUND INC.
DT;NYSE:DT;STOCK;DYNATRACE INC.
DUFRY;OTCMKTS:DUFRY;STOCK;DUFRY AG
DUK;NYSE:DUK;STOCK;DUKE ENERGY CORP.
DUOL;NASDAQ:DUOL;STOCK;DUOLINGO INC.
DVA;NYSE:DVA;STOCK;DAVITA INC.
DVAX;NASDAQ:DVAX;STOCK;DYNAVAX TECHNOLOGIES CORPORATION
DVN;NYSE:DVN;STOCK;DEVON ENERGY CORPORATION
DXC;NYSE:DXC;STOCK;DXC TECHNOLOGY CO.
DXCM;NASDAQ:DXCM;STOCK;DEXCOM INC.
DXPE;NASDAQ:DXPE;STOCK;DXP ENTERPRISES INC.
DYNT;NASDAQ:DYNT;STOCK;DYNATRONICS CORPORATION
EA;NASDAQ:EA;STOCK;ELECTRONIC ARTS
EADSY;OTCMKTS:EADSY;STOCK;AIRBUS SE ADR
EAF;NYSE:EAF;STOCK;GRAFTECH INTERNATIONAL LTD.
EAT;NYSE:EAT;STOCK;BRINKER INTERNATIONAL INC.
EB;NYSE:EB;STOCK;EVENTBRITE INC.
EBAY;NASDAQ:EBAY;STOCK;EBAY INC
EBF;NYSE:EBF;STOCK;ENNIS INC.
EBIX;NASDAQ:EBIX;STOCK;EBIX INC.
EBON;NASDAQ:EBON;STOCK;EBANG INTERNATIONAL HOLDINGS INC.
EBR;NYSE:EBR;STOCK;CENTRAIS ELETRICAS BRASILEIRAS S.A.
EBS;NYSE:EBS;STOCK;EMERGENT BIOSOLUTIONS INC.
EBTC;NASDAQ:EBTC;STOCK;ENTERPRISE BANCORP INC.
EC;NYSE:EC;STOCK;ECOPETROL S.A.
ECC;NYSE:ECC;STOCK;EAGLE POINT CREDIT COMPANY INC.
ECEZ;OTCMKTS:ECEZ;STOCK;ECOSCIENCES INC.
ECL;NYSE:ECL;STOCK;ECOLAB INC.
ECOR;NASDAQ:ECOR;STOCK;ELECTROCORE INC.
ECVT;NYSE:ECVT;STOCK;ECOVYST INC.
ED;NYSE:ED;STOCK;CONSOLIDATED EDISON INC.
EDF;NYSE:EDF;STOCK;STONE HARBOR EMERGING MARKETS INCOME FUND
EDIT;NASDAQ:EDIT;STOCK;EDITAS MEDICINE INC.
EDU;NYSE:EDU;STOCK;NEW ORIENTAL EDUCATION TECHNOLOGY GROUP INC.
EDUC;NASDAQ:EDUC;STOCK;EDUCATIONAL DEVELOPMENT CORP.
EEENF;OTCMKTS:EEENF;STOCK;88 ENERGY LTD.
EEFT;NASDAQ:EEFT;STOCK;EURONET WORLDWIDE INC.
EEGI;OTCMKTS:EEGI;STOCK;ELINE ENTERTAINMENT GROUP INC.
EFC;NYSE:EFC;STOCK;ELLINGTON FINANCIAL INC.
EFSI;OTCMKTS:EFSI;STOCK;EAGLE FINANCIAL SERVICES INC.
EFTR;NASDAQ:EFTR;STOCK;EFFECTOR THERAPEUTICS INC.
EFX;NYSE:EFX;STOCK;EQUIFAX INC.
EG;NYSE:EG;STOCK;EVEREST GROUP LTD.
EGIEY;OTCMKTS:EGIEY;STOCK;ENGIE BRASIL ENERGIA S.A.
EGIO;NASDAQ:EGIO;STOCK;EDGIO INC.
EGLE;NASDAQ:EGLE;STOCK;EAGLE BULK SHIPPING INC.
EGO;NYSE:EGO;STOCK;ELDORADO GOLD CORPORATION
EGY;NYSE:EGY;STOCK;VAALCO ENERGY INC.
EH;NASDAQ:EH;STOCK;EHANG HOLDINGS LIMITED
EHMEF;OTCMKTS:EHMEF;STOCK;GOEASY LTD.
EIG;NYSE:EIG;STOCK;EMPLOYERS HOLDINGS INC.
EIGR;NASDAQ:EIGR;STOCK;EIGER BIOPHARMACEUTICALS INC.
EIX;NYSE:EIX;STOCK;EDISON INTERNATIONAL
EJH;NASDAQ:EJH;STOCK;E-HOME HOUSEHOLD SERVICE HOLDINGS LTD
EL;NYSE:EL;STOCK;THE ESTEE LAUDER COMPANIES INC.
ELAN;NYSE:ELAN;STOCK;ELANCO ANIMAL HEALTH INCORPORATED
ELDN;NASDAQ:ELDN;STOCK;ELEDON PHARMACEUTICALS INC.
ELF;NYSE:ELF;STOCK;E.L.F. BEAUTY INC.
ELMD;NYSEAMERICAN:ELMD;STOCK;ELECTROMED INC
ELP;NYSE:ELP;STOCK;COMPANHIA PARANAENSE DE ENERGIA-COPEL ADR
ELRRF;OTCMKTS:ELRRF;STOCK;ELORO RESOURCES LTD.
ELV;NYSE:ELV;STOCK;ELEVANCE HEALTH INC.
ELWS;NASDAQ:ELWS;STOCK;EARLYWORKS CO LTD
EMA;NYSE:EMA;STOCK;EMERA INC
EMBK;NASDAQ:EMBK;STOCK;EMBARK TECHNOLOGY INC.
EME;NYSE:EME;STOCK;EMCOR GROUP INC.
EMKR;NASDAQ:EMKR;STOCK;EMCORE CORP.
EMR;NYSE:EMR;STOCK;EMERSON ELECTRIC CO.
ENB;NYSE:ENB;STOCK;ENBRIDGE INC.
ENCUF;OTCMKTS:ENCUF;STOCK;ENCORE ENERGY CORP.
ENIC;NYSE:ENIC;STOCK;ENEL CHILE S.A.
ENPH;NASDAQ:ENPH;STOCK;ENPHASE ENERGY INC.
ENSC;NASDAQ:ENSC;STOCK;ENSYSCE BIOSCIENCES INC.
ENTG;NASDAQ:ENTG;STOCK;ENTEGRIS INC.
ENTX;NASDAQ:ENTX;STOCK;ENTERA BIO LTD.
ENVX;NASDAQ:ENVX;STOCK;ENOVIX CORPORATION
EOG;NYSE:EOG;STOCK;EOG RESOURCES INC.
EOSE;NASDAQ:EOSE;STOCK;EOS ENERGY ENTERPRISES INC
EPAM;NYSE:EPAM;STOCK;EPAM SYSTEMS INC.
EPD;NYSE:EPD;STOCK;ENTERPRISE PRODUCTS PARTNERS L.P.
EPOW;NASDAQ:EPOW;STOCK;SUNRISE NEW ENERGY CO. LTD.
EQNR;NYSE:EQNR;STOCK;EQUINOR ASA ADR
EQRX;NASDAQ:EQRX;STOCK;EQRX INC.
EQT;NYSE:EQT;STOCK;EQT CORPORATION
EQTRF;OTCMKTS:EQTRF;STOCK;ALTAMIRA GOLD CORP.
EQX;NYSEAMERICAN:EQX;STOCK;EQUINOX GOLD CORP.
ERF;NYSE:ERF;STOCK;ENERPLUS CORPORATION
ERIC;NASDAQ:ERIC;STOCK;ERICSSON
ERIE;NASDAQ:ERIE;STOCK;ERIE INDEMNITY COMPANY
ERJ;NYSE:ERJ;STOCK;EMBRAER S.A.
ERMAY;OTCMKTS:ERMAY;STOCK;ERAMET S.A. ADR
ERO;NYSE:ERO;STOCK;ERO COPPER CORP.
ES;NYSE:ES;STOCK;EVERSOURCE ENERGY
ESKYF;OTCMKTS:ESKYF;STOCK;ESKAY MINING CORP.
ESLOY;OTCMKTS:ESLOY;STOCK;ESSILORLUXOTTICA S.A. ADR
ESLT;NASDAQ:ESLT;STOCK;ELBIT SYSTEMS LTD
ESTC;NYSE:ESTC;STOCK;ELASTIC N.V.
ET;NYSE:ET;STOCK;ENERGY TRANSFER LP
ETD;NYSE:ETD;STOCK;ETHAN ALLEN INTERIORS INC.
ETN;NYSE:ETN;STOCK;EATON CORP. PLC
ETO;NYSE:ETO;STOCK;EATON VANCE TAX-ADVANTAGED GLOBAL DIVIDEND OPPORTUNITIES FUND
ETRN;NYSE:ETRN;STOCK;EQUITRANS MIDSTREAM CORP.
ETSY;NASDAQ:ETSY;STOCK;ETSY INC.
ETWO;NYSE:ETWO;STOCK;E2OPEN PARENT HOLDINGS INC.
EURN;NYSE:EURN;STOCK;EURONAV N.V.
EVBG;NASDAQ:EVBG;STOCK;EVERBRIDGE INC.
EVEX;NYSE:EVEX;STOCK;EVE HOLDING INC.
EVFM;NASDAQ:EVFM;STOCK;EVOFEM BIOSCIENCES INC.
EVGN;NASDAQ:EVGN;STOCK;EVOGENE LTD.
EVGO;NASDAQ:EVGO;STOCK;EVGO INC.
EVLV;NASDAQ:EVLV;STOCK;EVOLV TECHNOLOGIES HOLDINGS INC.
EVR;NYSE:EVR;STOCK;EVERCORE INC. CL A
EVRG;NYSE:EVRG;STOCK;EVERGY INC.
EVT;NYSE:EVT;STOCK;EATON VANCE TAX-ADVANTAGED DIVIDEND INCOME FUND
EVTC;NYSE:EVTC;STOCK;EVERTEC INC.
EVTL;NYSE:EVTL;STOCK;VERTICAL AEROSPACE LTD.
EW;NYSE:EW;STOCK;EDWARDS LIFESCIENCES CORP.
EWBC;NASDAQ:EWBC;STOCK;EAST WEST BANCORP INC.
EXAS;NASDAQ:EXAS;STOCK;EXACT SCIENCES CORPORATION
EXC;NASDAQ:EXC;STOCK;EXELON CORPORATION
EXE;NASDAQ:EXE;STOCK;EXPAND ENERGY CORPORATION
EXEL;NASDAQ:EXEL;STOCK;EXELIXIS INC.
EXG;NYSE:EXG;STOCK;EATON VANCE TAX-MANAGED GLOBAL DIVERSIFIED EQUITY INCOME FUND
EXK;NYSE:EXK;STOCK;ENDEAVOUR SILVER CORPORATION
EXPD;NASDAQ:EXPD;STOCK;EXPEDITORS INTERNATIONAL
EXPE;NASDAQ:EXPE;STOCK;EXPEDIA GROUP INC
EXPO;NASDAQ:EXPO;STOCK;EXPONENT INC.
EXPR;NYSE:EXPR;STOCK;EXPRESS INC.
F;NYSE:F;STOCK;FORD MOTOR CO.
FAF;NYSE:FAF;STOCK;FIRST AMERICAN FINANCIAL CORP.
FAMI;NASDAQ:FAMI;STOCK;FARMMI INC.
FANG;NASDAQ:FANG;STOCK;DIAMONDBACK ENERGY INC.
FAST;NASDAQ:FAST;STOCK;FASTENAL CO
FATH;NYSE:FATH;STOCK;FATHOM DIGITAL MANUFACTURING CORPORATION
FAZE;NASDAQ:FAZE;STOCK;FAZE HOLDINGS INC.
FBP;NYSE:FBP;STOCK;FIRST BANCORP (PUERTO RICO)
FBRT;NYSE:FBRT;STOCK;FRANKLIN BSP REALTY TRUST INC.
FCEL;NASDAQ:FCEL;STOCK;FUELCELL ENERGY INC.
FCF;NYSE:FCF;STOCK;FIRST COMMONWEALTH FINANCIAL CORP. (PENNSYLVANIA)
FCGD;OTCMKTS:FCGD;STOCK;FIRST COLOMBIA GOLD CORP.
FCN;NYSE:FCN;STOCK;FTI CONSULTING INC.
FCNCA;NASDAQ:FCNCA;STOCK;FIRST CITIZENS BANCSHARES INC.
FCUUF;OTCMKTS:FCUUF;STOCK;FISSION URANIUM CORP.
FCX;NYSE:FCX;STOCK;FREEPORT-MCMORAN INC.
FDS;NYSE:FDS;STOCK;FACTSET RESEARCH SYSTEMS INC.
FDUS;NASDAQ:FDUS;STOCK;FIDUS INVESTMENT CORPORATION
FDX;NYSE:FDX;STOCK;FEDEX CORP.
FE;NYSE:FE;STOCK;FIRSTENERGY CORP.
FELE;NASDAQ:FELE;STOCK;FRANKLIN ELECTRIC CO. INC.
FF;NYSE:FF;STOCK;FUTUREFUEL CORP.
FFC;NYSE:FFC;STOCK;FLAHERTY & CRUMRINE PREFERRED SECURITIES INCOME FUND INC.
FFIE;NASDAQ:FFIE;STOCK;FARADAY FUTURE INTELLIGENT ELECTRIC INC.
FFIV;NASDAQ:FFIV;STOCK;F5 NETWORKS
FFMR;OTCMKTS:FFMR;STOCK;FIRST FARMERS FINANCIAL CORP.
FFOXF;OTCMKTS:FFOXF;STOCK;FIREFOX GOLD CORP.
FFWM;NASDAQ:FFWM;STOCK;FIRST FOUNDATION INC.
FG;NYSE:FG;STOCK;F&G ANNUITIES & LIFE INC.
FHBC;OTCMKTS:FHBC;STOCK;FERNHILL BEVERAGE INC.
FHI;NYSE:FHI;STOCK;FEDERATED HERMES INC.
FHN;NYSE:FHN;STOCK;FIRST HORIZON NATIONAL CORP.
FI;NYSE:FI;STOCK;FISERV INC.
FICO;NYSE:FICO;STOCK;FAIR ISAAC CORPORATION
FINV;NYSE:FINV;STOCK;FINVOLUTION GROUP ADR
FIS;NYSE:FIS;STOCK;FIDELITY NATIONAL INFORMATION SERVICES INC.
FISV;NASDAQ:FISV;STOCK;FISERV INC
FITB;NASDAQ:FITB;STOCK;FIFTH THIRD BANCORP
FIVE;NASDAQ:FIVE;STOCK;FIVE BELOW INC.
FIX;NYSE:FIX;STOCK;COMFORT SYSTEMS USA INC.
FIZZ;NASDAQ:FIZZ;STOCK;NATIONAL BEVERAGE CORP.
FKWL;NASDAQ:FKWL;STOCK;FRANKLIN WIRELESS CORPORATION
FL;NYSE:FL;STOCK;FOOT LOCKER INC.
FLEX;NASDAQ:FLEX;STOCK;FLEX LTD.
FLGC;NASDAQ:FLGC;STOCK;FLORA GROWTH CORP.
FLGT;NASDAQ:FLGT;STOCK;FULGENT GENETICS INC.
FLIC;NASDAQ:FLIC;STOCK;THE FIRST OF LONG ISLAND CORPORATION
FLL;NASDAQ:FLL;STOCK;FULL HOUSE RESORTS INC.
FLNC;NASDAQ:FLNC;STOCK;FLUENCE ENERGY INC
FLO;NYSE:FLO;STOCK;FLOWERS FOODS INC.
FLR;NYSE:FLR;STOCK;FLUOR CORP.
FLT;NYSE:FLT;STOCK;FLEETCOR TECHNOLOGIES INC.
FLUT;NYSE:FLUT;STOCK;FLUTTER ENTERTAINMENT PLC
FLWS;NASDAQ:FLWS;STOCK;1-800-FLOWERS.COM INC. CL A
FMC;NYSE:FMC;STOCK;FMC CORP.
FMCB;OTCMKTS:FMCB;STOCK;FARMERS MERCHANTS BANCORP
FNB;NYSE:FNB;STOCK;F.N.B. CORP.
FND;NYSE:FND;STOCK;FLOOR & DECOR HOLDINGS INC
FNF;NYSE:FNF;STOCK;FIDELITY NATIONAL FINANCIAL INC.
FNMA;OTCMKTS:FNMA;STOCK;FEDERAL NATIONAL MORTGAGE ASSOCIATION
FNV;NYSE:FNV;STOCK;FRANCO-NEVADA CORPORATION
FNWD;NASDAQ:FNWD;STOCK;FINWARD BANCORP
FOA;NYSE:FOA;STOCK;FINANCE OF AMERICA COMPANIES INC.
FOSL;NASDAQ:FOSL;STOCK;FOSSIL GROUP INC.
FOSYF;OTCMKTS:FOSYF;STOCK;FORSYS METALS CORP.
FOUR;NYSE:FOUR;STOCK;SHIFT4 PAYMENTS INC.
FOX;NASDAQ:FOX;STOCK;TWENTY-FIRST CENTURY FOX INC
FOXA;NASDAQ:FOXA;STOCK;TWENTY-FIRST CENTURY FOX INC
FOXF;NASDAQ:FOXF;STOCK;FOX FACTORY HOLDING CORP.
FR;NYSE:FR;STOCK;FIRST INDUSTRIAL REALTY TRUST INC.
FRC;NYSE:FRC;STOCK;FIRST REPUBLIC BANK
FREY;NYSE:FREY;STOCK;FREYR BATTERY
FRG;NASDAQ:FRG;STOCK;FRANCHISE GROUP INC.
FRGE;NYSE:FRGE;STOCK;FORGE GLOBAL HOLDINGS INC.
FRHC;NASDAQ:FRHC;STOCK;FREEDOM HOLDING CORP.
FRO;NYSE:FRO;STOCK;FRONTLINE LTD.
FROG;NASDAQ:FROG;STOCK;JFROG LTD.
FRPH;NASDAQ:FRPH;STOCK;FRP HOLDINGS INC
FRSH;NASDAQ:FRSH;STOCK;FRESHWORKS INC
FRST;NASDAQ:FRST;STOCK;PRIMIS FINANCIAL CORP.
FRSX;NASDAQ:FRSX;STOCK;FORESIGHT AUTONOMOUS HOLDINGS LTD. ADR
FRTX;NASDAQ:FRTX;STOCK;FRESH TRACKS THERAPEUTICS INC.
FSK;NYSE:FSK;STOCK;FS KKR CAPITAL CORP.
FSLR;NASDAQ:FSLR;STOCK;FIRST SOLAR INC.
FSLY;NYSE:FSLY;STOCK;FASTLY INC. CL A
FSM;NYSE:FSM;STOCK;FORTUNA SILVER MINES INC.
FSR;NYSE:FSR;STOCK;FISKER INC.
FSRD;OTCMKTS:FSRD;STOCK;FAST RADIUS INC.
FTCH;NYSE:FTCH;STOCK;FARFETCH LTD. CL A
FTEG;OTCMKTS:FTEG;STOCK;FOR THE EARTH CORP.
FTFT;NASDAQ:FTFT;STOCK;FUTURE FINTECH GROUP INC.
FTHY;NYSE:FTHY;STOCK;FIRST TRUST HIGH YIELD OPPORTUNITIES 2027 TERM FUND
FTI;NYSE:FTI;STOCK;TECHNIPFMC PLC
FTNT;NASDAQ:FTNT;STOCK;FORTINET INC.
FTS;NYSE:FTS;STOCK;FORTIS INC.
FTXP;OTCMKTS:FTXP;STOCK;FOOTHILLS EXPLORATION INC.
FUBO;NYSE:FUBO;STOCK;FUBOTV INC.
FUL;NYSE:FUL;STOCK;H.B. FULLER CO.
FULC;NASDAQ:FULC;STOCK;FULCRUM THERAPEUTICS INC.
FULT;NASDAQ:FULT;STOCK;FULTON FINANCIAL CORP.
FUTU;NASDAQ:FUTU;STOCK;FUTU HOLDINGS LTD. ADR
FVRR;NYSE:FVRR;STOCK;FIVERR INTERNATIONAL LTD.
FWBI;NASDAQ:FWBI;STOCK;FIRST WAVE BIOPHARMA INC.
FWDG;OTCMKTS:FWDG;STOCK;FUTUREWORLD CORP.
FWONK;NASDAQ:FWONK;STOCK;FORMULA ONE GROUP
G;NYSE:G;STOCK;GENPACT LTD.
GAIN;NASDAQ:GAIN;STOCK;GLADSTONE INVESTMENT CORP.
GBTC;OTCMKTS:GBTC;STOCK;GRAYSCALE BITCOIN TRUST
GCI;NYSE:GCI;STOCK;GANNETT CO. INC.
GCTK;NASDAQ:GCTK;STOCK;GLUCOTRACK INC.
GD;NYSE:GD;STOCK;GENERAL DYNAMICS CORP.
GDDY;NYSE:GDDY;STOCK;GODADDY INC.
GDEV;NASDAQ:GDEV;STOCK;NEXTERS INC.
GDS;NASDAQ:GDS;STOCK;GDS HOLDINGS LTD. ADR
GE;NYSE:GE;STOCK;GENERAL ELECTRIC
GEF;NYSE:GEF;STOCK;GREIF INC. CL A
GEHC;NASDAQ:GEHC;STOCK;GE HEALTHCARE
GENI;NYSE:GENI;STOCK;GENIUS SPORTS LIMITED
GETY;NYSE:GETY;STOCK;GETTY IMAGES HOLDINGS INC.
GEV;NYSE:GEV;STOCK;GE VERNOVA INC
GEVO;NASDAQ:GEVO;STOCK;GEVO INC.
GFI;NYSE:GFI;STOCK;GOLD FIELDS LIMITED
GFL;NYSE:GFL;STOCK;GFL ENVIRONMENTAL INC.
GGB;NYSE:GGB;STOCK;GERDAU S/A ADR
GGG;NYSE:GGG;STOCK;GRACO INC.
GHC;NYSE:GHC;STOCK;GRAHAM HOLDINGS CO.
GIB;NYSE:GIB;STOCK;CGI INC. CL A
GIC;NYSE:GIC;STOCK;GLOBAL INDUSTRIAL COMPANY
GIII;NASDAQ:GIII;STOCK;G-III APPAREL GROUP LTD.
GILD;NASDAQ:GILD;STOCK;GILEAD SCIENCES INC
GIS;NYSE:GIS;STOCK;GENERAL MILLS
GKPRF;OTCMKTS:GKPRF;STOCK;GATEKEEPER SYSTEMS INC.
GLAD;NASDAQ:GLAD;STOCK;GLADSTONE CAPITAL CORPORATION
GLASF;OTCMKTS:GLASF;STOCK;GLASS HOUSE BRANDS INC.
GLATF;OTCMKTS:GLATF;STOCK;GLOBAL ATOMIC CORP.
GLBE;NASDAQ:GLBE;STOCK;GLOBAL-E ONLINE LTD
GLIBA;NASDAQ:GLIBA;STOCK;GLIBA
GLO;NYSEAMERICAN:GLO;STOCK;CLOUGH GLOBAL OPPORTUNITIES FUND
GLOB;NYSE:GLOB;STOCK;GLOBANT S.A.
GLP;NYSE:GLP;STOCK;GLOBAL PARTNERS LP
GLRE;NASDAQ:GLRE;STOCK;GREENLIGHT CAPITAL RE LTD.
GLS;NYSE:GLS;STOCK;GELESIS HOLDINGS INC.
GLW;NYSE:GLW;STOCK;CORNING INCORPORATED
GM;NYSE:GM;STOCK;GENERAL MOTORS CO.
GMAB;NASDAQ:GMAB;STOCK;GENMAB A/S ADR
GME;NYSE:GME;STOCK;GAMESTOP CORP. CL A
GMED;NYSE:GMED;STOCK;GLOBUS MEDICAL INC.
GMS;NYSE:GMS;STOCK;GMS INC.
GNCP;OTCMKTS:GNCP;STOCK;GNCC CAPITAL INC.
GNE;NYSE:GNE;STOCK;GENIE ENERGY LTD.
GNK;NYSE:GNK;STOCK;GENCO SHIPPING & TRADING LIMITED
GNLN;NASDAQ:GNLN;STOCK;GREENLANE HOLDINGS INC.
GNRC;NYSE:GNRC;STOCK;GENERAC HOLDINGS INC.
GNTX;NASDAQ:GNTX;STOCK;GENTEX CORP.
GNUS;NASDAQ:GNUS;STOCK;GENIUS BRANDS INTERNATIONAL INC.
GNW;NYSE:GNW;STOCK;GENWORTH FINANCIAL INC.
GOEV;NASDAQ:GOEV;STOCK;CANOO INC.
GOF;NYSE:GOF;STOCK;GUGGENHEIM STRATEGIC OPPORTUNITIES FUND
GOGL;NASDAQ:GOGL;STOCK;GOLDEN OCEAN GROUP LIMITED
GOL;NYSE:GOL;STOCK;GOL LINHAS AEREAS INTELIGENTES S.A.
GOLLQ;NASDAQ:GOLLQ;STOCK;GOL LINHAS AEREAS INTELIGENTES S.A.
GOOG;NASDAQ:GOOG;STOCK;ALPHABET CLASS C
GOOGL;NASDAQ:GOOGL;STOCK;ALPHABET CLASS A
GOOS;NYSE:GOOS;STOCK;CANADA GOOSE HOLDINGS INC.
GORO;NYSEAMERICAN:GORO;STOCK;GOLD RESOURCE CORPORATION
GOTRF;OTCMKTS:GOTRF;STOCK;GOLIATH RESOURCES LIMITED
GOTU;NYSE:GOTU;STOCK;GSX TECHEDU INC.
GPC;NYSE:GPC;STOCK;GENUINE PARTS COMPANY
GPI;NYSE:GPI;STOCK;GROUP 1 AUTOMOTIVE INC.
GPK;NYSE:GPK;STOCK;GRAPHIC PACKAGING HOLDING COMPANY
GPN;NYSE:GPN;STOCK;GLOBAL PAYMENTS INC.
GPP;NASDAQ:GPP;STOCK;GREEN PLAINS PARTNERS LP
GPRK;NYSE:GPRK;STOCK;GEOPARK LIMITED
GPRO;NASDAQ:GPRO;STOCK;GOPRO INC.
GPS;NYSE:GPS;STOCK;GAP INC.
GRAB;NASDAQ:GRAB;STOCK;GRAB HOLDINGS LIMITED
GRAL;NASDAQ:GRAL;STOCK;GRAIL LLC
GRBK;NYSE:GRBK;STOCK;GREEN BRICK PARTNERS INC.
GRC;NYSE:GRC;STOCK;THE GORMAN-RUPP COMPANY
GRDI;NASDAQ:GRDI;STOCK;GRIID INFRASTRUCTURE INC
GRIN;NASDAQ:GRIN;STOCK;GRINDROD SHIPPING HOLDINGS LTD.
GRMN;NASDAQ:GRMN;STOCK;GARMIN
GRNA;NASDAQ:GRNA;STOCK;GREENLIGHT BIOSCIENCES HOLDINGS
GROM;NASDAQ:GROM;STOCK;GROM SOCIAL ENTERPRISES INC.
GROV;NYSE:GROV;STOCK;GROVE COLLABORATIVE HOLDINGS INC.
GRPN;NASDAQ:GRPN;STOCK;GROUPON INC.
GRSO;OTCMKTS:GRSO;STOCK;GROW SOLUTIONS HOLDINGS INC.
GRVY;NASDAQ:GRVY;STOCK;GRAVITY CO. LTD. ADR
GRWG;NASDAQ:GRWG;STOCK;GROWGENERATION CORP.
GS;NYSE:GS;STOCK;GOLDMAN SACHS GROUP INC
GSAT;NYSEAMERICAN:GSAT;STOCK;GLOBALSTAR INC.
GSBD;NYSE:GSBD;STOCK;GOLDMAN SACHS BDC INC.
GSK;NYSE:GSK;STOCK;GLAXOSMITHKLINE PLC ADR
GSL;NYSE:GSL;STOCK;GLOBAL SHIP LEASE INC.
GT;NASDAQ:GT;STOCK;GOODYEAR TIRE & RUBBER CO.
GTE;NYSEAMERICAN:GTE;STOCK;GRAN TIERRA ENERGY INC.
GTEH;OTCMKTS:GTEH;STOCK;GENTECH HOLDINGS INC.
GTLB;NASDAQ:GTLB;STOCK;GITLAB INC.
GTLS;NYSE:GTLS;STOCK;CHART INDUSTRIES INC.
GTN;NYSE:GTN;STOCK;GRAY TELEVISION INC.
GTXMQ;OTCMKTS:GTXMQ;STOCK;GARRETT MOTION INC.
GUT;NYSE:GUT;STOCK;THE GABELLI UTILITY TRUST (GUT)
GVXXF;OTCMKTS:GVXXF;STOCK;GOVIEX URANIUM INC. CL A
GWH;NYSE:GWH;STOCK;ESS TECH INC.
GWW;NYSE:GWW;STOCK;W W GRAINGER INC
GXO;NYSE:GXO;STOCK;GXO LOGISTICS INC.
H;NYSE:H;STOCK;HYATT HOTELS CORPORATION
HA;NASDAQ:HA;STOCK;HAWAIIAN HOLDINGS INC.
HAE;NYSE:HAE;STOCK;HAEMONETICS CORPORATION
HAFC;NASDAQ:HAFC;STOCK;HANMI FINANCIAL CORP.
HAL;NYSE:HAL;STOCK;HALLIBURTON COMPANY
HALO;NASDAQ:HALO;STOCK;HALOZYME THERAPEUTICS INC.
HANNF;OTCMKTS:HANNF;STOCK;HANNAN METALS LTD.
HAS;NASDAQ:HAS;STOCK;HASBRO INC
HBAN;NASDAQ:HBAN;STOCK;HUNTINGTON BANCSHARES INCORPORATED
HBI;NYSE:HBI;STOCK;HANESBRANDS INC.
HCA;NYSE:HCA;STOCK;HOSPITAL CORPORATION OF AMERICA
HCC;NYSE:HCC;STOCK;WARRIOR MET COAL INC.
HCMC;OTCMKTS:HCMC;STOCK;HEALTHIER CHOICES MANAGEMENT CORP.
HD;NYSE:HD;STOCK;HOME DEPOT INC
HDB;NYSE:HDB;STOCK;HDFC BANK LTD. ADR
HE;NYSE:HE;STOCK;HAWAIIAN ELECTRIC INDUSTRIES INC.
HEAR;NASDAQ:HEAR;STOCK;TURTLE BEACH CORPORATION
HEES;NYSEARCA:HEES;STOCK;H&E EQUIPMENT SERVICES INC.
HEI;NYSE:HEI;STOCK;HEICO CORP.
HEI.A;NYSE:HEI.A;STOCK;HEICO CORP CLASS A
HEMP;OTCMKTS:HEMP;STOCK;HEMP INC.
HEP;NYSE:HEP;STOCK;HOLLY ENERGY PARTNERS L.P.
HEPS;NASDAQ:HEPS;STOCK;D-MARKET ELEKTRONIK HIZMETLER VE TICARET A.S.
HES;NYSE:HES;STOCK;HESS CORPORATION
HESAY;OTCMKTS:HESAY;STOCK;HERMES INTERNATIONAL S.C.A. ADR
HESM;NYSE:HESM;STOCK;HESS MIDSTREAM LP
HEXO;NYSE:HEXO;STOCK;HEXO CORP.
HG;NYSE:HG;STOCK;HAMILTON INSURANCE GROUP LTD
HGTY;NYSE:HGTY;STOCK;HAGERTY INC.
HHS;NASDAQ:HHS;STOCK;HARTE HANKS INC.
HIBB;NASDAQ:HIBB;STOCK;HIBBETT SPORTS INC.
HIG;NYSE:HIG;STOCK;HARTFORD FINANCIAL SERVICES GROUP INC.
HII;NYSE:HII;STOCK;HUNTINGTON INGALLS INDUSTRIES INC.
HIMS;NYSE:HIMS;STOCK;HIMS HERS HEALTH INC.
HIMX;NASDAQ:HIMX;STOCK;HIMAX TECHNOLOGIES INC.
HIPO;NYSE:HIPO;STOCK;HIPPO HOLDINGS INC.
HIVE;NASDAQ:HIVE;STOCK;HIVE BLOCKCHAIN TECHNOLOGIES LTD.
HL;NYSE:HL;STOCK;HECLA MINING COMPANY
HLBZ;NASDAQ:HLBZ;STOCK;HELBIZ INC.
HLF;NYSE:HLF;STOCK;HERBALIFE
HLGN;NYSE:HLGN;STOCK;HELIOGEN INC.
HLI;NYSE:HLI;STOCK;HOULIHAN LOKEY INC.
HLLY;NYSE:HLLY;STOCK;HOLLEY INC.
HLMN;NASDAQ:HLMN;STOCK;HILLMAN SOLUTIONS CORP.
HLT;NYSE:HLT;STOCK;HILTON WORLDWIDE HOLDINGS INC.
HLYK;OTCMKTS:HLYK;STOCK;HEALTHLYNKED CORP.
HMC;NYSE:HMC;STOCK;HONDA MOTOR CO. LTD.
HMY;NYSE:HMY;STOCK;HARMONY GOLD MINING COMPANY LTD.
HNNA;NASDAQ:HNNA;STOCK;HENNESSY ADVISORS INC.
HNRG;NASDAQ:HNRG;STOCK;HALLADOR ENERGY COMPANY
HNST;NASDAQ:HNST;STOCK;THE HONEST COMPANY INC.
HOG;NYSE:HOG;STOCK;HARLEY-DAVIDSON INC.
HOLI;NASDAQ:HOLI;STOCK;HOLLYSYS AUTOMATION TECHNOLOGIES LTD.
HOLO;NASDAQ:HOLO;STOCK;MICROCLOUD HOLOGRAM INC.
HOLX;NASDAQ:HOLX;STOCK;HOLOGIC INC
HOMB;NASDAQ:HOMB;STOCK;HOME BANCSHARES INC.
HON;NYSE:HON;STOCK;HONEYWELL INTERNATIONAL INC.
HOOD;NASDAQ:HOOD;STOCK;ROBINHOOD MARKETS INC.
HOPE;NASDAQ:HOPE;STOCK;HOPE BANCORP INC.
HP;NYSE:HP;STOCK;HELMERICH & PAYNE INC.
HPE;NYSE:HPE;STOCK;HEWLETT PACKARD ENTERPRISE CO.
HPI;NYSE:HPI;STOCK;JOHN HANCOCK PREFERRED INCOME FUND (HPI)
HPIL;OTCMKTS:HPIL;STOCK;HPIL HOLDING
HPQ;NYSE:HPQ;STOCK;HP INC.
HRB;NYSE:HRB;STOCK;H&R BLOCK INC.
HRI;NYSE:HRI;STOCK;HERC HOLDINGS INC.
HRL;NYSE:HRL;STOCK;HORMEL FOODS CORP
HRMY;NASDAQ:HRMY;STOCK;HARMONY BIOSCIENCES HOLDINGS INC
HRTX;NASDAQ:HRTX;STOCK;HERON THERAPEUTICS INC.
HRZN;NASDAQ:HRZN;STOCK;HORIZON TECHNOLOGY FINANCE CORP
HSAI;NASDAQ:HSAI;STOCK;HESAI GROUP
HSBC;NYSE:HSBC;STOCK;HSBC HOLDINGS PLC
HSC;NYSE:HSC;STOCK;HARSCO CORPORATION
HSIC;NASDAQ:HSIC;STOCK;HENRY SCHEIN INC
HSII;NASDAQ:HSII;STOCK;HEIDRICK & STRUGGLES INTERNATIONAL INC.
HSON;NASDAQ:HSON;STOCK;HUDSON GLOBAL INC.
HSY;NYSE:HSY;STOCK;HERSHEY CO
HTGC;NYSE:HTGC;STOCK;HERCULES CAPITAL INC.
HTZ;NASDAQ:HTZ;STOCK;HERTZ GLOBAL HOLDINGS INC.
HUBB;NYSE:HUBB;STOCK;HUBBELL INC.
HUBS;NYSE:HUBS;STOCK;HUBSPOT INC.
HUMA;NASDAQ:HUMA;STOCK;HUMACYTE INC.
HURA;NASDAQ:HURA;STOCK;TUHURA BIOSCIENCES INC.
HUT;NASDAQ:HUT;STOCK;HUT 8 MINING CORP.
HUYA;NYSE:HUYA;STOCK;HUYA INC. ADR
HVT;NYSE:HVT;STOCK;HAVERTY FURNITURE COMPANIES INC.
HWC;NASDAQ:HWC;STOCK;HANCOCK WHITNEY CORP.
HWKN;NASDAQ:HWKN;STOCK;HAWKINS INC.
HWM;NYSE:HWM;STOCK;HOWMET AEROSPACE INC.
HXL;NYSE:HXL;STOCK;HEXCEL CORP.
HYLN;NYSE:HYLN;STOCK;HYLIION HOLDINGS CORP.
HYPR;NASDAQ:HYPR;STOCK;HYPERFINE INC.
HYZN;NASDAQ:HYZN;STOCK;HYZON MOTORS INC.
HZNP;NASDAQ:HZNP;STOCK;HORIZON THERAPEUTICS PUBLIC LIMITED COMPANY
HZO;NYSE:HZO;STOCK;MARINEMAX INC.
IAC;NASDAQ:IAC;STOCK;IAC/INTERACTIVECORP.
IAG;NYSE:IAG;STOCK;IAMGOLD CORPORATION
IBIO;NYSEAMERICAN:IBIO;STOCK;IBIO INC.
IBKR;NASDAQ:IBKR;STOCK;INTERACTIVE BROKERS GROUP INC.
IBM;NYSE:IBM;STOCK;INTERNATIONAL BUSINESS MACHINES CORP
IBN;NYSE:IBN;STOCK;ICICI BANK LIMITED
IBOC;NASDAQ:IBOC;STOCK;INTERNATIONAL BANCSHARES CORP.
IBP;NYSE:IBP;STOCK;INSTALLED BUILDING PRODUCTS INC.
IBRX;NASDAQ:IBRX;STOCK;IMMUNITYBIO INC
ICE;NYSE:ICE;STOCK;INTERCONTINENTAL EXCHANGE INC.
ICHR;NASDAQ:ICHR;STOCK;ICHOR HOLDINGS LTD
ICLR;NASDAQ:ICLR;STOCK;ICON PUBLIC LIMITED COMPANY
ICMB;NASDAQ:ICMB;STOCK;INVESTCORP CREDIT MANAGEMENT BDC INC
ICNM;OTCMKTS:ICNM;STOCK;ICON MEDIA HOLDINGS INC.
ICPT;NASDAQ:ICPT;STOCK;INTERCEPT PHARMACEUTICALS INC.
IDA;NYSE:IDA;STOCK;IDACORP INC.
IDCBY;OTCMKTS:IDCBY;STOCK;INDUSTRIAL AND COMMERCIAL BANK OF CHINA LIMITED
IDEX;NASDAQ:IDEX;STOCK;IDEANOMICS INC.
IDGC;OTCMKTS:IDGC;STOCK;IDGLOBAL CORP.
IDXX;NASDAQ:IDXX;STOCK;IDEXX LABORATORIES INC
IEP;NASDAQ:IEP;STOCK;ICAHN ENTERPRISES L.P.
IESC;NASDAQ:IESC;STOCK;IES HOLDINGS INC.
IFF;NYSE:IFF;STOCK;INTERNATIONAL FLAVORS FRAGRANCES INC.
IIVI;NASDAQ:IIVI;STOCK;II-VI INCORPORATED
ILMN;NASDAQ:ILMN;STOCK;ILLUMINA INC
IMCR;NASDAQ:IMCR;STOCK;IMMUNOCORE HOLDINGS PLC
IMKTA;NASDAQ:IMKTA;STOCK;INGLES MARKETS INCORPORATED
IMMR;NASDAQ:IMMR;STOCK;IMMERSION CORP.
IMNN;NASDAQ:IMNN;STOCK;IMUNON INC.
IMV;NASDAQ:IMV;STOCK;IMV INC.
IMVT;NASDAQ:IMVT;STOCK;IMMUNOVANT INC.
INCC;OTCMKTS:INCC;STOCK;INTERNATIONAL CONSOLIDATED COS. INC.
INCT;OTCMKTS:INCT;STOCK;INCAPTA INC.
INCY;NASDAQ:INCY;STOCK;INCYTE CORP
INDB;NASDAQ:INDB;STOCK;INDEPENDENT BANK CORP.
INDI;NASDAQ:INDI;STOCK;INDIE SEMICONDUCTOR INC.
INDP;NASDAQ:INDP;STOCK;INDAPTUS THERAPEUTICS INC.
INFI;NASDAQ:INFI;STOCK;INFINITY PHARMACEUTICALS INC.
INFN;NASDAQ:INFN;STOCK;INFINERA CORPORATION
INFY;NYSE:INFY;STOCK;INFOSYS LTD. ADR
ING;NYSE:ING;STOCK;ING GROEP N.V. ADR
INGR;NYSE:INGR;STOCK;INGREDION INC.
INMD;NASDAQ:INMD;STOCK;INMODE LTD.
INND;OTCMKTS:INND;STOCK;INNERSCOPE HEARING TECHNOLOGIES INC.
INO;NASDAQ:INO;STOCK;INOVIO PHARMACEUTICALS INC.
INSM;NASDAQ:INSM;STOCK;INSMED INC.
INSW;NYSE:INSW;STOCK;INTERNATIONAL SEAWAYS INC.
INTC;NASDAQ:INTC;STOCK;INTEL CORP
INTEQ;OTCMKTS:INTEQ;STOCK;INTELSAT S.A.
INTR;NASDAQ:INTR;STOCK;INTER & CO INC.
INTU;NASDAQ:INTU;STOCK;INTUIT INC
INVA;NASDAQ:INVA;STOCK;INNOVIVA INC.
INVZ;NASDAQ:INVZ;STOCK;INNOVIZ TECHNOLOGIES LTD.
IONM;NASDAQ:IONM;STOCK;ASSURE HOLDINGS CORP.
IONQ;NYSE:IONQ;STOCK;IONQ INC.
IOSP;NASDAQ:IOSP;STOCK;INNOSPEC INC.
IP;NYSE:IP;STOCK;INTERNATIONAL PAPER COMPANY
IPA;OTCMKTS:IPA;STOCK;IMMUNOPRECISE ANTIBODIES LTD.
IPG;NYSE:IPG;STOCK;INTERPUBLIC GROUP OF COS.
IPGP;NASDAQ:IPGP;STOCK;IPG PHOTONICS CORPORATION
IPI;NYSE:IPI;STOCK;INTREPID POTASH INC.
IPOOF;OTCMKTS:IPOOF;STOCK;INPLAY OIL CORP.
IQ;NASDAQ:IQ;STOCK;IQIYI INC.
IQV;NYSE:IQV;STOCK;IQVIA HOLDINGS INC
IRAA;NASDAQ:IRAA;STOCK;IRIS ACQUISITION CORP
IRBT;NASDAQ:IRBT;STOCK;IROBOT CORP.
IREN;NASDAQ:IREN;STOCK;IRIS ENERGY LIMITED
IRNT;NYSE:IRNT;STOCK;IRONNET INC.
IRS;NYSE:IRS;STOCK;IRSA INVERSIONES Y REPRESENTACIONES SOCIEDAD ANONIMA
IRTC;NASDAQ:IRTC;STOCK;IRHYTHM TECHNOLOGIES INC.
IRWD;NASDAQ:IRWD;STOCK;IRONWOOD PHARMACEUTICALS INC.
ISENF;OTCMKTS:ISENF;STOCK;ISOENERGY LTD.
ISNPY;OTCMKTS:ISNPY;STOCK;INTESA SANPAOLO S.P.A.
ISPO;NASDAQ:ISPO;STOCK;INSPIRATO INCORPORATED
ISRG;NASDAQ:ISRG;STOCK;INTUITIVE SURGICAL INC
IT;NYSE:IT;STOCK;GARTNER INC.
ITCI;NASDAQ:ITCI;STOCK;INTRA-CELLULAR THERAPIES INC.
ITP;NYSEAMERICAN:ITP;STOCK;IT TECH PACKAGING INC.
ITRM;NASDAQ:ITRM;STOCK;ITERUM THERAPEUTICS PLC
ITUB;NYSE:ITUB;STOCK;ITAU UNIBANCO HOLDING S/A ADR
ITW;NYSE:ITW;STOCK;ILLINOIS TOOL WORKS INC.
IVVD;NASDAQ:IVVD;STOCK;INVIVYD INC.
IVZ;NYSE:IVZ;STOCK;INVESCO LTD.
J;NYSE:J;STOCK;JACOB SOLUTIONS INC
JAKK;NASDAQ:JAKK;STOCK;JAKKS PACIFIC INC.
JAZZ;NASDAQ:JAZZ;STOCK;JAZZ PHARMACEUTICALS PLC
JBHT;NASDAQ:JBHT;STOCK;J.B. HUNT TRANSPORT SERVICES INC
JBI;NYSE:JBI;STOCK;JANUS INTERNATIONAL GROUP INC.
JBL;NYSE:JBL;STOCK;JABIL INC.
JBLU;NASDAQ:JBLU;STOCK;JETBLUE AIRWAYS CORP.
JBSS;NASDAQ:JBSS;STOCK;JOHN B. SANFILIPPO & SON INC.
JBT;NYSE:JBT;STOCK;JOHN BEAN TECHNOLOGIES CORP.
JCI;NYSE:JCI;STOCK;JOHNSON CONTROLS INTERNATIONAL PLC
JD;NASDAQ:JD;STOCK;JD.COM INC
JEF;NYSE:JEF;STOCK;JEFFERIES FINANCIAL GROUP INC.
JKHY;NASDAQ:JKHY;STOCK;JACK HENRY & ASSOCIATES INC.
JKS;NYSE:JKS;STOCK;JINKOSOLAR HOLDING CO. LTD.
JMIA;NYSE:JMIA;STOCK;JUMIA TECHNOLOGIES AG ADR
JNCE;NASDAQ:JNCE;STOCK;JOUNCE THERAPEUTICS INC.
JNJ;NYSE:JNJ;STOCK;JOHNSON & JOHNSON
JOBY;NYSE:JOBY;STOCK;JOBY AVIATION INC.
JOUT;NASDAQ:JOUT;STOCK;JOHNSON OUTDOORS INC.
JOYY;NASDAQ:JOYY;STOCK;JOYY INC.
JPC;NYSE:JPC;STOCK;NUVEEN PREFERRED & INCOME OPPORTUNITIES FUND
JPM;NYSE:JPM;STOCK;JPMORGAN CHASE & CO
JPM-D;NYSE:JPM-D;STOCK;JPMORGAN CHASE & CO. DEP. PFD. (REP. 1/400TH 5.75% PFD. SERIES DD)
JPS;NYSE:JPS;STOCK;NUVEEN PREFERRED SECURITIES INCOME FUND
JSPR;NASDAQ:JSPR;STOCK;JASPER THERAPEUTICS INC.
JWN;NYSE:JWN;STOCK;NORDSTROM INC.
K;NYSE:K;STOCK;KELLOGG CO.
KALA;NASDAQ:KALA;STOCK;KALA PHARMACEUTICALS INC.
KAP;LON:KAP;STOCK;JSC NATIONAL ATOMIC COMPANY KAZATOMPROM
KAR;NYSE:KAR;STOCK;KAR AUCTION SERVICES INC.
KB;NYSE:KB;STOCK;KB FINANCIAL GROUP INC.
KBH;NASDAQ:KBH;STOCK;KB HOME
KBR;NYSE:KBR;STOCK;KBR INC.
KC;NASDAQ:KC;STOCK;KINGSOFT CLOUD HOLDINGS LTD
KD;NYSE:KD;STOCK;KYNDRYL HOLDINGS INC.
KDP;NASDAQ:KDP;STOCK;KEURIG DR PEPPER INC.
KEN;NYSE:KEN;STOCK;KENON HOLDINGS LTD.
KEP;NYSE:KEP;STOCK;KOREA ELECTRIC POWER CORPORATION
KERN;NASDAQ:KERN;STOCK;AKERNA CORP.
KEY;NYSE:KEY;STOCK;KEYCORP
KEYS;NYSE:KEYS;STOCK;KEYSIGHT TECHNOLOGIES INC.
KFY;NYSE:KFY;STOCK;KORN FERRY
KGC;NYSE:KGC;STOCK;KINROSS GOLD CORP.
KGFMF;OTCMKTS:KGFMF;STOCK;KINGFISHER METALS CORP.
KGS;NYSE:KGS;STOCK;KODIAK GAS SERVICES INC
KHC;NASDAQ:KHC;STOCK;KRAFT HEINZ CO
KIND;NASDAQ:KIND;STOCK;NEXTDOOR HOLDINGS INC.
KITT;NASDAQ:KITT;STOCK;NAUTICUS ROBOTICS INC.
KKR;NYSE:KKR;STOCK;KKR CO. INC.
KLAC;NASDAQ:KLAC;STOCK;KLA-TENCOR CORP
KLG;NYSE:KLG;STOCK;WK KELLOGG CO
KLIC;NASDAQ:KLIC;STOCK;KULICKE & SOFFA INDUSTRIES INC.
KMB;NYSE:KMB;STOCK;KIMBERLY-CLARK CORP.
KMI;NYSE:KMI;STOCK;KINDER MORGAN INC.
KMPR;NYSE:KMPR;STOCK;KEMPER CORP.
KMX;NYSE:KMX;STOCK;CARMAX INC.
KNDI;NASDAQ:KNDI;STOCK;KANDI TECHNOLOGIES GROUP INC.
KNOP;NYSE:KNOP;STOCK;KNOT OFFSHORE PARTNERS L.P.
KNSL;NYSE:KNSL;STOCK;KINSALE CAPITAL GROUP INC.
KNTK;NYSE:KNTK;STOCK;KINETIK HOLDINGS INC.
KNX;NYSE:KNX;STOCK;KNIGHT-SWIFT TRANSPORTATION HOLDINGS INC. CL A
KO;NYSE:KO;STOCK;COCA-COLA CO
KOF;NYSE:KOF;STOCK;COCA-COLA FEMSA SAB DE CV
KOP;NYSE:KOP;STOCK;KOPPERS HOLDINGS INC.
KOPN;NASDAQ:KOPN;STOCK;KOPIN CORPORATION
KORE;NYSE:KORE;STOCK;KORE GROUP HOLDINGS INC.
KOS;NYSE:KOS;STOCK;KOSMOS ENERGY LTD.
KPAY;OTCMKTS:KPAY;STOCK;KINERJAPAY CORP.
KPLT;NASDAQ:KPLT;STOCK;KATAPULT HOLDINGS INC.
KPLTW;NASDAQ:KPLTW;STOCK;KATAPULT HOLDINGS INC. WT
KPRX;NASDAQ:KPRX;STOCK;KIORA PHARMACEUTICALS INC.
KPTI;NASDAQ:KPTI;STOCK;KARYOPHARM THERAPEUTICS INC.
KR;NYSE:KR;STOCK;KROGER CO.
KROEF;OTCMKTS:KROEF;STOCK;KR1 PLC
KRP;NYSE:KRP;STOCK;KIMBELL ROYALTY PARTNERS LP
KRUS;NASDAQ:KRUS;STOCK;KURA SUSHI USA INC.
KSPI;NASDAQ:KSPI;STOCK;KASPI.KZ AO - ADR
KSS;NYSE:KSS;STOCK;KOHL'S CORP.
KT;NYSE:KT;STOCK;KT CORPORATION
KTOS;NASDAQ:KTOS;STOCK;KRATOS DEFENSE & SECURITY SOLUTIONS INC.
KULR;NYSEAMERICAN:KULR;STOCK;KULR TECHNOLOGY GROUP INC
KUYAF;OTCMKTS:KUYAF;STOCK;KUYA SILVER CORPORATION
KVUE;NYSE:KVUE;STOCK;KENVUE INC.
KWR;NYSE:KWR;STOCK;QUAKER CHEMICAL CORPORATION
KXIN;NASDAQ:KXIN;STOCK;KAIXIN AUTO HOLDINGS
KXPLF;OTCMKTS:KXPLF;STOCK;BAYHORSE SILVER INC.
KYNC;OTCMKTS:KYNC;STOCK;KYN CAPITAL GROUP INC.
LAC;NYSE:LAC;STOCK;LITHIUM AMERICAS CORP.
LAD;NYSE:LAD;STOCK;LITHIA MOTORS INC. CL A
LANC;NASDAQ:LANC;STOCK;LANCASTER COLONY CORPORATION
LAR;NYSE:LAR;STOCK;LITHIUM ARGENTINA AG
LAZR;NASDAQ:LAZR;STOCK;LUMINAR TECHNOLOGIES INC.
LAZY;NASDAQ:LAZY;STOCK;LAZYDAYS HOLDINGS INC.
LBRDA;NASDAQ:LBRDA;STOCK;LIBERTY BROADBAND CORPORATION SERIES A
LBRDB;NASDAQ:LBRDB;STOCK;LIBERTY BROADBAND CORPORATION SERIES B
LBRDK;NASDAQ:LBRDK;STOCK;LIBERTY BROADBAND CORPORATION SERIES C
LBTYA;NASDAQ:LBTYA;STOCK;LIBERTY GLOBAL PLC
LBTYK;NASDAQ:LBTYK;STOCK;LIBERTY GLOBAL PLC
LC;NYSE:LC;STOCK;LENDINGCLUB CORP.
LCID;NASDAQ:LCID;STOCK;LUCID GROUP INC.
LCII;NYSE:LCII;STOCK;LCI INDUSTRIES
LDOS;NYSE:LDOS;STOCK;LEIDOS HOLDINGS INC.
LECO;NASDAQ:LECO;STOCK;LINCOLN ELECTRIC HOLDINGS INC.
LEE;NYSE:LEE;STOCK;LEE ENTERPRISES INC.
LEG;NYSE:LEG;STOCK;LEGGETT & PLATT INC.
LEGH;NASDAQ:LEGH;STOCK;LEGACY HOUSING CORPORATION
LEN;NYSE:LEN;STOCK;LENNAR CORPORATION
LESL;NASDAQ:LESL;STOCK;LESLIE'S INC.
LEU;NYSEAMERICAN:LEU;STOCK;CENTRUS ENERGY CORP.
LEV;NYSE:LEV;STOCK;THE LION ELECTRIC COMPANY
LEVI;NYSE:LEVI;STOCK;LEVI STRAUSS CO.
LFLY;NASDAQ:LFLY;STOCK;LEAFLY HOLDINGS INC.
LFVN;NASDAQ:LFVN;STOCK;LIFEVANTAGE CORPORATION
LGMK;NASDAQ:LGMK;STOCK;LOGICMARK INC.
LGO;OTCMKTS:LGO;STOCK;LARGO RESOURCES LTD.
LHX;NYSE:LHX;STOCK;L3HARRIS TECHNOLOGIES INC.
LI;NASDAQ:LI;STOCK;LI AUTO INC.
LICY;NYSE:LICY;STOCK;LI-CYCLE HOLDINGS CORP.
LIDR;NASDAQ:LIDR;STOCK;AEYE INC.
LII;NYSE:LII;STOCK;LENNOX INTERNATIONAL INC.
LILM;NASDAQ:LILM;STOCK;LILIUM N.V.
LIN;NYSE:LIN;STOCK;LINDE PLC
LITE;NASDAQ:LITE;STOCK;LUMENTUM HOLDINGS INC.
LKCO;NASDAQ:LKCO;STOCK;LUOKUNG TECHNOLOGY CORP
LLY;NYSE:LLY;STOCK;ELI LILLY & CO.
LLYVK;NASDAQ:LLYVK;STOCK;LIBERTY LIVE GROUP
LMDX;NASDAQ:LMDX;STOCK;LUMIRADX LIMITED
LMND;NYSE:LMND;STOCK;LEMONADE INC.
LMRXF;OTCMKTS:LMRXF;STOCK;LARAMIDE RESOURCES LTD.
LMT;NYSE:LMT;STOCK;LOCKHEED MARTIN
LNC;NYSE:LNC;STOCK;LINCOLN NATIONAL CORP.
LNG;NYSEAMERICAN:LNG;STOCK;CHENIERE ENERGY INC.
LNTH;NASDAQ:LNTH;STOCK;LANTHEUS HOLDINGS INC.
LOCL;NYSE:LOCL;STOCK;LOCAL BOUNTI CORPORATION
LOGI;NASDAQ:LOGI;STOCK;LOGITECH INTERNATIONAL S.A.
LOMA;NYSE:LOMA;STOCK;LOMA NEGRA COMPANIA INDUSTRIAL ARGENTINA S.A.
LONE;OTCMKTS:LONE;STOCK;LONESTAR RESOURCES US INC.
LOPE;NASDAQ:LOPE;STOCK;GRAND CANYON EDUCATION INC.
LOW;NYSE:LOW;STOCK;LOWE'S COS.
LPG;NYSE:LPG;STOCK;DORIAN LPG LTD.
LPL;NYSE:LPL;STOCK;LG DISPLAY CO. LTD.
LPX;NYSE:LPX;STOCK;LOUISIANA-PACIFIC CORP.
LRCX;NASDAQ:LRCX;STOCK;LAM RESEARCH CORP
LRFC;NASDAQ:LRFC;STOCK;LOGAN RIDGE FINANCE CORPORATION
LRN;NYSE:LRN;STOCK;STRIDE INC.
LSAK;NASDAQ:LSAK;STOCK;LESAKA TECHNOLOGIES INC.
LSCC;NASDAQ:LSCC;STOCK;LATTICE SEMICONDUCTOR CORP.
LSPD;NYSE:LSPD;STOCK;LIGHTSPEED COMMERCE INC.
LSTA;NASDAQ:LSTA;STOCK;LISATA THERAPEUTICS INC.
LSTR;NASDAQ:LSTR;STOCK;LANDSTAR SYSTEM INC.
LTCH;NASDAQ:LTCH;STOCK;LATCH INC.
LTHM;NYSE:LTHM;STOCK;LIVENT CORPORATION
LTM;NYSE:LTM;STOCK;LATAM AIRLINES GROUP S.A.
LTMAQ;OTCMKTS:LTMAQ;STOCK;LATAM AIRLINES GROUP S.A.
LTMAY;OTCMKTS:LTMAY;STOCK;LATAM AIRLINES GROUP S.A.
LTNC;OTCMKTS:LTNC;STOCK;LABOR SMART INC.
LTRPA;NASDAQ:LTRPA;STOCK;LIBERTY TRIPADVISOR HOLDINGS INC. SERIES A
LTRY;NASDAQ:LTRY;STOCK;LOTTERY.COM INC.
LTSA;OTCMKTS:LTSA;STOCK;LADENBURG THALMANN FINANCIAL SERVICES INC.
LTSH;OTCMKTS:LTSH;STOCK;LADENBURG THALMANN FINL SERVS I
LU;NYSE:LU;STOCK;LUFAX HOLDING LTD.
LULU;NASDAQ:LULU;STOCK;LULULEMON ATHLETICA INC.
LUMN;NYSE:LUMN;STOCK;LUMEN TECHNOLOGIES INC.
LUNR;NASDAQ:LUNR;STOCK;INTUITIVE MACHINES INC
LUV;NYSE:LUV;STOCK;SOUTHWEST AIRLINES CO.
LVMHF;OTCMKTS:LVMHF;STOCK;LVMH MOÃ‹T HENNESSY - LOUIS VUITTON SOCIETE EUROPEENNE
LVMUY;OTCMKTS:LVMUY;STOCK;LVMH MOET HENNESSY LOUIS VUITTON ADR
LVO;NASDAQ:LVO;STOCK;LIVEONE INC.
LVOX;NASDAQ:LVOX;STOCK;LIVEVOX HOLDINGS INC.
LVS;NYSE:LVS;STOCK;LAS VEGAS SANDS CORP.
LW;NYSE:LW;STOCK;LAMB WESTON HOLDINGS INC.
LX;NASDAQ:LX;STOCK;LEXINFINTECH HOLDINGS LTD. ADR
LXRX;NASDAQ:LXRX;STOCK;LEXICON PHARMACEUTICALS INC.
LXU;NYSE:LXU;STOCK;LSB INDUSTRIES INC.
LYB;NYSE:LYB;STOCK;LYONDELLBASELL INDUSTRIES N.V. CL A
LYFT;NASDAQ:LYFT;STOCK;LYFT INC. CL A
LYG;NYSE:LYG;STOCK;LLOYDS BANKING GROUP PLC
LYLT;NASDAQ:LYLT;STOCK;LOYALTY VENTURES INC.
LYLTQ;OTCMKTS:LYLTQ;STOCK;LOYALTY VENTURES INC.
M;NYSE:M;STOCK;MACY'S INC.
MA;NYSE:MA;STOCK;MASTERCARD INC
MAG;NYSEAMERICAN:MAG;STOCK;MAG SILVER CORP.
MAIN;NYSE:MAIN;STOCK;MAIN STREET CAPITAL CORP.
MAN;NYSE:MAN;STOCK;MANPOWERGROUP
MANH;NASDAQ:MANH;STOCK;MANHATTAN ASSOCIATES INC.
MANU;NYSE:MANU;STOCK;MANCHESTER UNITED PLC
MAPS;NASDAQ:MAPS;STOCK;WM TECHNOLOGY INC.
MAR;NASDAQ:MAR;STOCK;MARRIOTT INTERNATIONAL INC
MARA;NASDAQ:MARA;STOCK;MARATHON PATENT GROUP INC.
MARK;NASDAQ:MARK;STOCK;REMARK HOLDINGS INC.
MAS;NYSE:MAS;STOCK;MASCO CORPORATION
MASI;NASDAQ:MASI;STOCK;MASIMO CORP.
MATV;NYSE:MATV;STOCK;MATIV HOLDINGS INC.
MATW;NASDAQ:MATW;STOCK;MATTHEWS INTERNATIONAL CORPORATION
MATX;NYSE:MATX;STOCK;MATSON INC.
MAXR;NYSE:MAXR;STOCK;MAXAR TECHNOLOGIES INC.
MBIO;NASDAQ:MBIO;STOCK;MUSTANG BIO INC
MBLY;NASDAQ:MBLY;STOCK;MOBILEYE GLOBAL INC
MBRFY;OTCMKTS:MBRFY;STOCK;MARFRIG GLOBAL FOODS S.A.
MBUU;NASDAQ:MBUU;STOCK;MALIBU BOATS INC.
MC;NYSE:MC;STOCK;MOELIS COMPANY
MCD;NYSE:MCD;STOCK;MCDONALD'S CORP
MCFT;NASDAQ:MCFT;STOCK;MASTERCRAFT BOAT HOLDINGS INC.
MCHP;NASDAQ:MCHP;STOCK;MICROCHIP TECHNOLOGY INC
MCI;NYSE:MCI;STOCK;BARINGS CORPORATE INVESTORS
MCK;NYSE:MCK;STOCK;MCKESSON CORP
MCO;NYSE:MCO;STOCK;MOODYS CORP.
MCRB;NASDAQ:MCRB;STOCK;SERES THERAPEUTICS INC.
MCREF;OTCMKTS:MCREF;STOCK;METALS CREEK RESOURCES CORP.
MCY;NYSE:MCY;STOCK;MERCURY GENERAL CORP.
MD;NYSE:MD;STOCK;PEDIATRIX MEDICAL GROUP INC
MDB;NASDAQ:MDB;STOCK;MONGODB INC.
MDC;NYSE:MDC;STOCK;M.D.C. HOLDINGS INC.
MDIA;NASDAQ:MDIA;STOCK;MEDIACO HOLDING INC.
MDLZ;NASDAQ:MDLZ;STOCK;MONDELEZ INTERNATIONAL INC
MDT;NYSE:MDT;STOCK;MEDTRONIC PLC
MDU;NYSE:MDU;STOCK;MDU RESOURCES GROUP INC.
ME;NASDAQ:ME;STOCK;23ANDME HOLDING CO.
MED;NYSE:MED;STOCK;MEDIFAST INC.
MEDP;NASDAQ:MEDP;STOCK;MEDPACE HOLDINGS INC.
MEHCQ;OTCMKTS:MEHCQ;STOCK;23ANDME HOLDING CO.
MEI;NYSE:MEI;STOCK;METHODE ELECTRONICS INC.
MELI;NASDAQ:MELI;STOCK;MERCADOLIBRE INC
MERC;NASDAQ:MERC;STOCK;MERCER INTERNATIONAL INC.
MET;NYSE:MET;STOCK;METLIFE INC.
META;NASDAQ:META;STOCK;META PLATFORMS INC.
METC;NASDAQ:METC;STOCK;RAMACO RESOURCES INC.
MFC;NYSE:MFC;STOCK;MANULIFE FINANCIAL CORP.
MFG;NYSE:MFG;STOCK;MIZUHO FINANCIAL GROUP INC.
MFIC;NASDAQ:MFIC;STOCK;MIDCAP FINANCIAL INVESTMENT CORPORATION
MFIN;NASDAQ:MFIN;STOCK;MEDALLION FINANCIAL CORP
MGA;NYSE:MGA;STOCK;MAGNA INTERNATIONAL INC.
MGEE;NASDAQ:MGEE;STOCK;MGE ENERGY INC.
MGIC;NASDAQ:MGIC;STOCK;MAGIC SOFTWARE ENTERPRISES LTD
MGM;NYSE:MGM;STOCK;MGM RESORTS INTERNATIONAL
MGNI;NASDAQ:MGNI;STOCK;MAGNITE INC.
MGPI;NASDAQ:MGPI;STOCK;MGP INGREDIENTS INC.
MGRC;NASDAQ:MGRC;STOCK;MCGRATH RENTCORP
MGTA;NASDAQ:MGTA;STOCK;MAGENTA THERAPEUTICS INC.
MGY;NYSE:MGY;STOCK;MAGNOLIA OIL & GAS CORPORATION
MHO;NYSE:MHO;STOCK;M/I HOMES INC.
MIDD;NASDAQ:MIDD;STOCK;THE MIDDLEBY CORPORATION
MIR;NYSE:MIR;STOCK;MIRION TECHNOLOGIES INC.
MITK;NASDAQ:MITK;STOCK;MITEK SYSTEMS INC.
MKC;NYSE:MKC;STOCK;MCCORMICK COMPANY INC.
MKFG;NYSE:MKFG;STOCK;MARKFORGED HOLDING CORPORATION
MKL;NYSE:MKL;STOCK;MARKEL GROUP INC.
MKSI;NASDAQ:MKSI;STOCK;MKS INSTRUMENTS INC.
MKTW;NASDAQ:MKTW;STOCK;MARKETWISE INC.
MKTX;NASDAQ:MKTX;STOCK;MARKETAXESS HOLDINGS INC.
ML;NYSE:ML;STOCK;MONEYLION INC.
MLCO;NASDAQ:MLCO;STOCK;MELCO RESORTS ENTERTAINMENT LIMITED
MLHC;OTCMKTS:MLHC;STOCK;M LINE HOLDINGS INC.
MLI;NYSE:MLI;STOCK;MUELLER INDUSTRIES INC.
MLKN;NASDAQ:MLKN;STOCK;MILLERKNOLL INC.
MLM;NYSE:MLM;STOCK;MARTIN MARIETTA MATERIALS INC.
MLNLF;OTCMKTS:MLNLF;STOCK;MILLENNIAL LITHIUM CORP.
MMAT;NASDAQ:MMAT;STOCK;META MATERIALS INC.
MMC;NYSE:MMC;STOCK;MARSH & MCLENNAN COMPANIES INC
MMM;NYSE:MMM;STOCK;3M CO
MMP;NYSE:MMP;STOCK;MAGELLAN MIDSTREAM PARTNERS L.P.
MMS;NYSE:MMS;STOCK;MAXIMUS INC.
MNDO;NASDAQ:MNDO;STOCK;MIND CTI LTD.
MNDY;NASDAQ:MNDY;STOCK;MONDAY.COM
MNGG;OTCMKTS:MNGG;STOCK;MINING GLOBAL INC.
MNKD;NASDAQ:MNKD;STOCK;MANNKIND CORP.
MNMD;NASDAQ:MNMD;STOCK;MIND MEDICINE (MINDMED) INC.
MNSO;NYSE:MNSO;STOCK;MINISO GROUP HOLDING LIMITED
MNST;NASDAQ:MNST;STOCK;MONSTER BEVERAGE CORP
MNTS;NASDAQ:MNTS;STOCK;MOMENTUS INC.
MNTV;NASDAQ:MNTV;STOCK;MOMENTIVE GLOBAL INC.
MO;NYSE:MO;STOCK;ALTRIA GROUP INC.
MODG;NYSE:MODG;STOCK;CALLAWAY BRANDS CORP.
MOH;NYSE:MOH;STOCK;MOLINA HEALTHCARE INC.
MOMO;NASDAQ:MOMO;STOCK;MOMO INC. ADR
MOND;NASDAQ:MOND;STOCK;MONDEE HOLDINGS INC.
MORN;NASDAQ:MORN;STOCK;MORNINGSTAR INC.
MOS;NYSE:MOS;STOCK;MOSAIC CO.
MOXC;NASDAQ:MOXC;STOCK;MOXIAN INC.
MP;NYSE:MP;STOCK;MP MATERIALS CORP.
MPC;NYSE:MPC;STOCK;MARATHON PETROLEUM CORP.
MPLN;NYSE:MPLN;STOCK;HEALTHCARE PLANS
MPLX;NYSE:MPLX;STOCK;MPLX L.P.
MPNGY;OTCMKTS:MPNGY;STOCK;MEITUAN ADR
MPWR;NASDAQ:MPWR;STOCK;MONOLITHIC POWER SYSTEMS INC.
MRC;NYSE:MRC;STOCK;MRC GLOBAL INC.
MRIN;NASDAQ:MRIN;STOCK;MARIN SOFTWARE INCORPORATED
MRK;NYSE:MRK;STOCK;MERCK & CO INC
MRNA;NASDAQ:MRNA;STOCK;MODERNA INC.
MRO;NYSE:MRO;STOCK;MARATHON OIL CORP.
MRTMF;OTCMKTS:MRTMF;STOCK;MARITIME RESOURCES CORP.
MRTN;NASDAQ:MRTN;STOCK;MARTEN TRANSPORT LTD.
MRTX;NASDAQ:MRTX;STOCK;MIRATI THERAPEUTICS INC.
MRVI;NASDAQ:MRVI;STOCK;MARAVAI LIFESCIENCES HOLDINGS INC
MRVL;NASDAQ:MRVL;STOCK;MARVELL TECHNOLOGY GROUP LTD.
MRX;NASDAQ:MRX;STOCK;MAREX GROUP PLC
MS;NYSE:MS;STOCK;MORGAN STANLEY
MSA;NYSE:MSA;STOCK;MSA SAFETY INCORPORATED
MSB;NYSE:MSB;STOCK;MESABI TRUST
MSCI;NYSE:MSCI;STOCK;MSCI INC.
MSEX;NASDAQ:MSEX;STOCK;MIDDLESEX WATER COMPANY
MSFT;NASDAQ:MSFT;STOCK;MICROSOFT CORP
MSGE;NYSE:MSGE;STOCK;MADISON SQUARE GARDEN ENTERTAINMENT CORP. CL A
MSGS;NYSE:MSGS;STOCK;MADISON SQUARE GARDEN SPORTS CORP.
MSI;NYSE:MSI;STOCK;MOTOROLA SOLUTIONS INC.
MSM;NYSE:MSM;STOCK;MSC INDUSTRIAL DIRECT CO.
MSTR;NASDAQ:MSTR;STOCK;MICROSTRATEGY INCORPORATED
MT;NYSE:MT;STOCK;ARCELORMITTAL S.A.
MTB;NYSE:MTB;STOCK;M&T BANK CORP.
MTBCP;NASDAQ:MTBCP;STOCK;CARECLOUD INC.
MTCH;NASDAQ:MTCH;STOCK;MATCH GROUP INC
MTD;NYSE:MTD;STOCK;METTLER-TOLEDO INTERNATIONAL INC.
MTEX;NASDAQ:MTEX;STOCK;MANNATECH INCORPORATED
MTG;NYSE:MTG;STOCK;MGIC INVESTMENT CORP.
MTH;NYSE:MTH;STOCK;MERITAGE HOMES CORP
MTN;NYSE:MTN;STOCK;VAIL RESORTS INC.
MTSI;NASDAQ:MTSI;STOCK;MACOM TECHNOLOGY SOLUTIONS HOLDINGS INC.
MTTR;NASDAQ:MTTR;STOCK;MATTERPORT INC.
MTVX;OTCMKTS:MTVX;STOCK;APT MOTO VOX GROUP INC.
MTX;NYSE:MTX;STOCK;MINERALS TECHNOLOGIES INC.
MU;NASDAQ:MU;STOCK;MICRON TECHNOLOGY INC
MUFG;NYSE:MUFG;STOCK;MITSUBISHI UFJ FINANCIAL GROUP INC. ADR
MULN;NASDAQ:MULN;STOCK;MULLEN AUTOMOTIVE INC.
MUR;NYSE:MUR;STOCK;MURPHY OIL CORP.
MUX;NYSE:MUX;STOCK;MCEWEN MINING INC.
MVIS;NASDAQ:MVIS;STOCK;MICROVISION INC.
MVO;NYSE:MVO;STOCK;MV OIL TRUST
MVST;NASDAQ:MVST;STOCK;MICROVAST HOLDINGS INC.
MX;NYSE:MX;STOCK;MAGNACHIP SEMICONDUCTOR CORPORATION
MXL;NYSE:MXL;STOCK;MAXLINEAR INC.
MYMD;NASDAQ:MYMD;STOCK;MYMD PHARMACEUTICALS INC.
MYPS;NASDAQ:MYPS;STOCK;PLAYSTUDIOS INC.
MYRG;NASDAQ:MYRG;STOCK;MYR GROUP INC.
MYRUF;OTCMKTS:MYRUF;STOCK;MYRIAD URANIUM CORP
NAAS;NASDAQ:NAAS;STOCK;NAAS TECHNOLOGY INC.
NABZY;OTCMKTS:NABZY;STOCK;NATIONAL AUSTRALIA BANK LIMITED
NAOV;NASDAQ:NAOV;STOCK;NANOVIBRONIX INC.
NARI;NASDAQ:NARI;STOCK;INARI MEDICAL INC.
NAT;NYSE:NAT;STOCK;NORDIC AMERICAN TANKERS LIMITED
NATR;NASDAQ:NATR;STOCK;NATURE'S SUNSHINE PRODUCTS INC.
NAUT;NASDAQ:NAUT;STOCK;NAUTILUS BIOTECHNOLOGY INC.
NAVI;NASDAQ:NAVI;STOCK;NAVIENT CORP.
NBHC;NYSE:NBHC;STOCK;NATIONAL BANK HOLDINGS CORP.
NBIS;NASDAQ:NBIS;STOCK;NEBIUS GROUP N.V.
NBRI;OTCMKTS:NBRI;STOCK;NORTH BAY RESOURCES INC.
NC;NYSE:NC;STOCK;NACCO INDUSTRIES INC.
NCLH;NYSE:NCLH;STOCK;NORWEGIAN CRUISE LINE HOLDINGS LTD.
NCR;NYSE:NCR;STOCK;NCR CORP.
NCTY;NASDAQ:NCTY;STOCK;THE9 LIMITED
NDAQ;NASDAQ:NDAQ;STOCK;NASDAQ INC.
NDSN;NASDAQ:NDSN;STOCK;NORDSON CORP.
NE;NYSE:NE;STOCK;NOBLE CORPORATION PLC
NECA;OTCMKTS:NECA;STOCK;NEW AMERICA ENERGY CORP.
NEE;NYSE:NEE;STOCK;NEXTERA ENERGY INC.
NEE-P;NYSE:NEE-P;STOCK;NEXTERA ENERGY INC. 5.279% UN
NEGG;NASDAQ:NEGG;STOCK;NEWEGG COMMERCE INC.
NEM;NYSE:NEM;STOCK;NEWMONT CORP.
NEOG;NASDAQ:NEOG;STOCK;NEOGEN CORPORATION
NEP;NYSE:NEP;STOCK;NEXTERA ENERGY PARTNERS LP
NERV;NASDAQ:NERV;STOCK;MINERVA NEUROSCIENCES INC.
NET;NYSE:NET;STOCK;CLOUDFLARE INC.
NEWT;NASDAQ:NEWT;STOCK;NEWTEK BUSINESS SERVICES CORPORATION
NEX;NYSE:NEX;STOCK;NEXTIER OILFIELD SOLUTIONS INC.
NEXA;NYSE:NEXA;STOCK;NEXA RESOURCES S.A.
NFG;NYSE:NFG;STOCK;NATIONAL FUEL GAS CO.
NFLX;NASDAQ:NFLX;STOCK;NETFLIX INC
NG;NYSEAMERICAN:NG;STOCK;NOVAGOLD RESOURCES INC.
NGD;NYSEAMERICAN:NGD;STOCK;NEW GOLD INC.
NGG;NYSE:NGG;STOCK;NATIONAL GRID PLC
NGL;NYSE:NGL;STOCK;NGL ENERGY PARTNERS LP
NGL-B;NYSE:NGL-B;STOCK;NGL ENERGY PARTNERS LP 9.00% CLASS B FIXED-TO-FLOATING RATE CUMULATIVE REDEEMABLE PERPETUAL PREFERRED UNITS
NGM;NASDAQ:NGM;STOCK;NGM BIOPHARMACEUTICALS INC.
NHTC;NASDAQ:NHTC;STOCK;NATURAL HEALTH TRENDS CORPORATION
NI;NYSE:NI;STOCK;NISOURCE INC.
NICE;NASDAQ:NICE;STOCK;NICE LTD. ADR
NIDB;OTCMKTS:NIDB;STOCK;NORTHEAST INDIANA BANCORP INC.
NIE;NYSE:NIE;STOCK;VIRTUS EQUITY & CONVERTIBLE INCOME FUND
NIO;NYSE:NIO;STOCK;NIO INC. ADR
NIU;NASDAQ:NIU;STOCK;NIU TECHNOLOGIES ADR
NJR;NYSE:NJR;STOCK;NEW JERSEY RESOURCES CORPORATION
NKE;NYSE:NKE;STOCK;NIKE INC
NKLA;NASDAQ:NKLA;STOCK;NIKOLA CORP
NKOSF;OTCMKTS:NKOSF;STOCK;LABRADOR GOLD CORP.
NKTR;NASDAQ:NKTR;STOCK;NEKTAR THERAPEUTICS
NKTX;NASDAQ:NKTX;STOCK;NKARTA INC.
NLOK;NASDAQ:NLOK;STOCK;NORTONLIFELOCK INC.
NLOP;NYSE:NLOP;STOCK;NET LEASE OFFICE PROPERTIES
NLS;NYSE:NLS;STOCK;NAUTILUS INC.
NMM;NYSE:NMM;STOCK;NAVIOS MARITIME PARTNERS L.P.
NN;NASDAQ:NN;STOCK;NEXTNAV INC.
NNDM;NASDAQ:NNDM;STOCK;NANO DIMENSION LTD.
NNE;NASDAQ:NNE;STOCK;NANO NUCLEAR ENERGY INC
NNOX;NASDAQ:NNOX;STOCK;NANO-X IMAGING LTD.
NOC;NYSE:NOC;STOCK;NORTHROP GRUMMAN CORP.
NOG;NYSE:NOG;STOCK;NORTHERN OIL AND GAS INC.
NOGN;NASDAQ:NOGN;STOCK;NOGIN INC.
NOHO;OTCMKTS:NOHO;STOCK;NOVATION HOLDINGS INC.
NOK;NYSE:NOK;STOCK;NOKIA CORP. ADR
NOUV;OTCMKTS:NOUV;STOCK;NOUVEAU LIFE PHARMACEUTICALS INC.
NOV;NYSE:NOV;STOCK;NATIONAL OILWELL VARCO INC.
NOW;NYSE:NOW;STOCK;SERVICENOW
NPK;NYSE:NPK;STOCK;NATIONAL PRESTO INDUSTRIES INC.
NPO;NYSE:NPO;STOCK;ENPRO INDUSTRIES INC.
NRDE;OTCMKTS:NRDE;STOCK;NU RIDE INC
NRDY;NYSE:NRDY;STOCK;NERDY INC.
NRG;NYSE:NRG;STOCK;NRG ENERGY INC.
NRGV;NYSE:NRGV;STOCK;ENERGY VAULT HOLDINGS INC.
NRIX;NASDAQ:NRIX;STOCK;NURIX THERAPEUTICS INC.
NRXP;NASDAQ:NRXP;STOCK;NRX PHARMACEUTICALS INC.
NS;NYSE:NS;STOCK;NUSTAR ENERGY L.P.
NS-C;NYSE:NS-C;STOCK;NUSTAR ENERGY L.P. 9.00% SERIES C FIXED-TO-FLOATING RATE CUMULATIVE REDEEMABLE PERPETUAL PREFERRED UNITS
NSAV;OTCMKTS:NSAV;STOCK;NET SAVINGS LINK INC.
NSC;NYSE:NSC;STOCK;NORFOLK SOUTHERN
NSP;NYSE:NSP;STOCK;INSPERITY INC.
NSRGY;OTCMKTS:NSRGY;STOCK;NESTLE S.A. ADR
NSRPF;OTCMKTS:NSRPF;STOCK;NOVO RESOURCES CORP.
NSSC;NASDAQ:NSSC;STOCK;NAPCO SECURITY TECHNOLOGIES INC.
NSUPF;OTCMKTS:NSUPF;STOCK;NORTHERN SUPERIOR RESOURCES INC.
NTDOY;OTCMKTS:NTDOY;STOCK;NINTENDO CO. LTD.
NTES;NASDAQ:NTES;STOCK;NETEASE INC
NTLA;NASDAQ:NTLA;STOCK;INTELLIA THERAPEUTICS INC.
NTR;NYSE:NTR;STOCK;NUTRIEN LTD.
NTRA;NASDAQ:NTRA;STOCK;NATERA INC
NTRS;NASDAQ:NTRS;STOCK;NORTHERN TRUST CORP.
NU;NYSE:NU;STOCK;NU HOLDINGS LTD.
NUE;NYSE:NUE;STOCK;NUCOR CORP.
NULGF;OTCMKTS:NULGF;STOCK;NULEGACY GOLD CORPORATION
NUS;NYSE:NUS;STOCK;NU SKIN ENTERPRISES INC.
NUUU;OTCMKTS:NUUU;STOCK;REJUVEL BIO-SCIENCES INC.
NUWE;NASDAQ:NUWE;STOCK;NUWELLIS INC.
NVAX;NASDAQ:NVAX;STOCK;NOVAVAX INC.
NVCR;NASDAQ:NVCR;STOCK;NOVOCURE LIMITED
NVDA;NASDAQ:NVDA;STOCK;NVIDIA CORP
NVGLF;OTCMKTS:NVGLF;STOCK;NV GOLD CORPORATION
NVMI;NASDAQ:NVMI;STOCK;NOVA LTD.
NVNO;NASDAQ:NVNO;STOCK;ENVVENO MEDICAL CORPORATION
NVO;NYSE:NVO;STOCK;NOVO NORDISK
NVS;NYSE:NVS;STOCK;NOVARTIS
NVTA;NYSE:NVTA;STOCK;INVITAE CORPORATION
NVTS;NASDAQ:NVTS;STOCK;NAVITAS SEMICONDUCTOR CORPORATION
NWBI;NASDAQ:NWBI;STOCK;NORTHWEST BANCSHARES INC.
NWG;NYSE:NWG;STOCK;NATWEST GROUP PLC
NWL;NASDAQ:NWL;STOCK;NEWELL BRANDS INC.
NWN;NYSE:NWN;STOCK;NORTHWEST NATURAL HOLDING COMPANY
NWS;NASDAQ:NWS;STOCK;NEWS CORPORATION
NWSA;NASDAQ:NWSA;STOCK;NEWS CORP CL A
NXE;NYSEAMERICAN:NXE;STOCK;NEXGEN ENERGY LTD.
NXPI;NASDAQ:NXPI;STOCK;NXP SEMICONDUCTORS N.V.
NXPL;NASDAQ:NXPL;STOCK;NEXTPLAT CORP
NXTP;NASDAQ:NXTP;STOCK;NEXTPLAY TECHNOLOGIES INC.
NYCB;NYSE:NYCB;STOCK;NEW YORK COMMUNITY BANCORP INC.
NYT;NYSE:NYT;STOCK;NEW YORK TIMES CO. CL A
OBSV;NASDAQ:OBSV;STOCK;OBSEVA SA
OBT;NASDAQ:OBT;STOCK;ORANGE COUNTY BANCORP INC.
OCGN;NASDAQ:OCGN;STOCK;OCUGEN INC.
ODFL;NASDAQ:ODFL;STOCK;OLD DOMINION FREIGHT LINE INC.
ODP;NASDAQ:ODP;STOCK;OFFICE DEPOT
OEG;NASDAQ:OEG;STOCK;ORBITAL ENERGY GROUP INC.
OESX;NASDAQ:OESX;STOCK;ORION ENERGY SYSTEMS INC.
OFG;NYSE:OFG;STOCK;OFG BANCORP
OFLX;NASDAQ:OFLX;STOCK;OMEGA FLEX INC.
OGE;NYSE:OGE;STOCK;OGE ENERGY CORP.
OGEN;NYSEAMERICAN:OGEN;STOCK;ORAGENICS INC.
OGI;NASDAQ:OGI;STOCK;ORGANIGRAM HOLDINGS INC.
OGN;NYSE:OGN;STOCK;ORGANON & CO.
OIBZQ;OTCMKTS:OIBZQ;STOCK;OI S.A.
OIG;NASDAQ:OIG;STOCK;ORBITAL INFRASTRUCTURE GROUP INC.
OIS;NYSE:OIS;STOCK;OIL STATES INTERNATIONAL INC.
OKE;NYSE:OKE;STOCK;ONEOK INC.
OKLO;NYSE:OKLO;STOCK;OKLO INC.
OKTA;NASDAQ:OKTA;STOCK;OKTA INC. CL A
OLED;NASDAQ:OLED;STOCK;UNIVERSAL DISPLAY CORPORATION
OLN;NYSE:OLN;STOCK;OLIN CORP.
OM;NASDAQ:OM;STOCK;OUTSET MEDICAL INC.
OMC;NYSE:OMC;STOCK;OMNICOM GROUP INC.
OMF;NYSE:OMF;STOCK;ONEMAIN HOLDINGS INC.
ON;NASDAQ:ON;STOCK;ON SEMICONDUCTOR CORPORATION
ONCT;NASDAQ:ONCT;STOCK;ONCTERNAL THERAPEUTICS INC.
ONDS;NASDAQ:ONDS;STOCK;ONDAS HOLDINGS INC
ONEW;NASDAQ:ONEW;STOCK;ONEWATER MARINE INC.
ONON;NYSE:ONON;STOCK;ON HOLDING AG
ONTX;NASDAQ:ONTX;STOCK;ONCONOVA THERAPEUTICS INC.
OPAL;NASDAQ:OPAL;STOCK;OPAL FUELS INC.
OPFI;NYSE:OPFI;STOCK;OPPFI INC.
OPK;NASDAQ:OPK;STOCK;OPKO HEALTH INC.
OPTT;NASDAQ:OPTT;STOCK;OCEAN POWER TECHNOLOGIES INC.
OR;NYSE:OR;STOCK;OSISKO GOLD ROYALTIES LTD
ORAN;NYSE:ORAN;STOCK;ORANGE S.A.
ORCC;NYSE:ORCC;STOCK;OWL ROCK CAPITAL CORPORATION
ORCL;NYSE:ORCL;STOCK;ORACLE CORP.
ORGN;NASDAQ:ORGN;STOCK;ORIGIN MATERIALS INC.
ORI;NYSE:ORI;STOCK;OLD REPUBLIC INTERNATIONAL CORP.
ORLY;NASDAQ:ORLY;STOCK;O'REILLY AUTOMOTIVE INC
ORMP;NASDAQ:ORMP;STOCK;ORAMED PHARMACEUTICALS INC.
OSCR;NYSE:OSCR;STOCK;OSCAR HEALTH INC
OSK;NYSE:OSK;STOCK;OSHKOSH CORP.
OSS;NASDAQ:OSS;STOCK;ONE STOP SYSTEMS INC.
OSTK;NASDAQ:OSTK;STOCK;OVERSTOCK.COM INC.
OTEX;NASDAQ:OTEX;STOCK;OPEN TEXT CORPORATION
OTGLY;OTCMKTS:OTGLY;STOCK;CD PROJEKT
OTIS;NYSE:OTIS;STOCK;OTIS WORLDWIDE CORP.
OTMO;NASDAQ:OTMO;STOCK;OTONOMO TECHNOLOGIES LTD.
OTRKP;NASDAQ:OTRKP;STOCK;ONTRAK INC.
OTTR;NASDAQ:OTTR;STOCK;OTTER TAIL CORPORATION
OVID;NASDAQ:OVID;STOCK;OVID THERAPEUTICS INC.
OVV;NYSE:OVV;STOCK;OVINTIV INC.
OWL;NYSE:OWL;STOCK;BLUE OWL CAPITAL INC.
OWLT;NYSE:OWLT;STOCK;OWLET INC.
OXLC;NASDAQ:OXLC;STOCK;OXFORD LANE CAPITAL CORP
OXSQ;NASDAQ:OXSQ;STOCK;OXFORD SQUARE CAPITAL CORP.
OXY;NYSE:OXY;STOCK;OCCIDENTAL PETROLEUM CORP.
OZK;NASDAQ:OZK;STOCK;BANK OZK
PAA;NASDAQ:PAA;STOCK;PLAINS ALL AMERICAN PIPELINE L.P.
PAAS;NASDAQ:PAAS;STOCK;PAN AMERICAN SILVER CORPORATION
PACB;NASDAQ:PACB;STOCK;PACIFIC BIOSCIENCES OF CALIFORNIA INC.
PACW;NASDAQ:PACW;STOCK;PACWEST BANCORP
PAGS;NYSE:PAGS;STOCK;PAGSEGURO DIGITAL LTD. CL A
PALI;NASDAQ:PALI;STOCK;PALISADE BIO INC.
PAM;NYSE:PAM;STOCK;PAMPA ENERGIA S.A.
PANW;NYSE:PANW;STOCK;PALO ALTO NETWORKS INC.
PARA;NASDAQ:PARA;STOCK;PARAMOUNT GLOBAL
PARAA;NASDAQ:PARAA;STOCK;PARAMOUNT GLOBAL
PARR;NYSE:PARR;STOCK;PAR PACIFIC HOLDINGS INC.
PATH;NYSE:PATH;STOCK;UIPATH INC.
PAX;NASDAQ:PAX;STOCK;PATRIA INVESTMENTS LTD
PAYC;NYSE:PAYC;STOCK;PAYCOM SOFTWARE INC.
PAYO;NASDAQ:PAYO;STOCK;PAYONEER GLOBAL INC.
PAYS;NASDAQ:PAYS;STOCK;PAYSIGN INC.
PAYX;NASDAQ:PAYX;STOCK;PAYCHEX INC
PBA;NYSE:PBA;STOCK;PEMBINA PIPELINE CORP.
PBF;NYSE:PBF;STOCK;PBF ENERGY INC.
PBI;NYSE:PBI;STOCK;PITNEY BOWES
PBR;NYSE:PBR;STOCK;PETROLEO BRASILEIRO S/A ADR
PBR.A;NYSE:PBR.A;STOCK;PETROLEO BRASILEIRO SA
PBYA;OTCMKTS:PBYA;STOCK;PROBILITY MEDIA CORP.
PCAR;NASDAQ:PCAR;STOCK;PACCAR INC
PCF;NYSE:PCF;STOCK;HIGH INCOME SECURITIES FUND
PCG;NYSE:PCG;STOCK;PGE CORPORATION
PCTY;NASDAQ:PCTY;STOCK;PAYLOCITY HOLDING CORP.
PD;NYSE:PD;STOCK;PAGERDUTY INC.
PDCE;NASDAQ:PDCE;STOCK;PDC ENERGY INC.
PDD;NASDAQ:PDD;STOCK;PINDUODUO INC. ADR
PDGO;OTCMKTS:PDGO;STOCK;PARADIGM OIL & GAS INC.
PDI;NYSE:PDI;STOCK;PIMCO DYNAMIC INCOME FUND (PDI)
PDO;NYSE:PDO;STOCK;PIMCO DYNAMIC INCOME OPPORTUNITIES FUND
PEAR;NASDAQ:PEAR;STOCK;PEAR THERAPEUTICS INC.
PEN;NYSE:PEN;STOCK;PENUMBRA INC.
PENMF;OTCMKTS:PENMF;STOCK;PENINSULA ENERGY LTD.
PENN;NASDAQ:PENN;STOCK;PENN NATIONAL GAMING INC.
PEP;NASDAQ:PEP;STOCK;PEPSICO INC.
PET;NASDAQ:PET;STOCK;WAG! GROUP CO.
PETQ;NASDAQ:PETQ;STOCK;PETIQ INC.
PETS;NASDAQ:PETS;STOCK;PETMED EXPRESS INC.
PETZ;NASDAQ:PETZ;STOCK;TDH HOLDINGS INC.
PFBC;NASDAQ:PFBC;STOCK;PREFERRED BANK LOS ANGELES
PFE;NYSE:PFE;STOCK;PFIZER INC
PFG;NASDAQ:PFG;STOCK;PRINCIPAL FINANCIAL GROUP INC.
PFLT;NASDAQ:PFLT;STOCK;PENNANTPARK FLOATING RATE CAPITAL LTD.
PFS;NYSE:PFS;STOCK;PROVIDENT FINANCIAL SERVICES INC.
PG;NYSE:PG;STOCK;PROCTER & GAMBLE CO
PGNY;NASDAQ:PGNY;STOCK;PROGYNY INC.
PGR;NYSE:PGR;STOCK;PROGRESSIVE CORP.
PH;NYSE:PH;STOCK;PARKER-HANNIFIN CORP
PHG;NYSE:PHG;STOCK;KONINKLIJKE PHILIPS N.V. ADR
PHIL;OTCMKTS:PHIL;STOCK;PHI GROUP INC.
PHIN;NYSE:PHIN;STOCK;PHINIA INC.
PHIO;NASDAQ:PHIO;STOCK;PHIO PHARMACEUTICALS CORP.
PHM;NYSE:PHM;STOCK;PULTEGROUP INC.
PHT;NYSE:PHT;STOCK;PIONEER HIGH INCOME FUND INC.
PHYS;NYSEARCA:PHYS;STOCK;SPROTT PHYSICAL GOLD TRUST ETV
PII;NYSE:PII;STOCK;POLARIS INC.
PIII;NASDAQ:PIII;STOCK;P3 HEALTH PARTNERS INC.
PINS;NYSE:PINS;STOCK;PINTEREST INC.
PKG;NYSE:PKG;STOCK;PACKAGING CORP. OF AMERICA
PKI;NYSE:PKI;STOCK;PERKINELMER INC.
PKX;NYSE:PKX;STOCK;POSCO
PL;NYSE:PL;STOCK;PLANET LABS PBC
PLAB;NASDAQ:PLAB;STOCK;PHOTRONICS INC.
PLAY;NASDAQ:PLAY;STOCK;DAVE & BUSTER'S ENTERTAINMENT INC.
PLNHF;OTCMKTS:PLNHF;STOCK;PLANET 13 HOLDINGS INC.
PLNT;NYSE:PLNT;STOCK;PLANET FITNESS INC.
PLTR;NYSE:PLTR;STOCK;PALANTIR TECHNOLOGIES INC.
PLTR;NASDAQ:PLTR;STOCK;PALANTIR TECHNOLOGIES INC.
PLUG;NASDAQ:PLUG;STOCK;PLUG POWER INC.
PLUR;NASDAQ:PLUR;STOCK;PLURI INC.
PLUS;NASDAQ:PLUS;STOCK;EPLUS INC.
PM;NYSE:PM;STOCK;PHILIP MORRIS INTERNATIONAL INC.
PNC;NYSE:PNC;STOCK;PNC FINANCIAL SERVICES GROUP INC.
PNFP;NASDAQ:PNFP;STOCK;PINNACLE FINANCIAL PARTNERS INC.
PNR;NYSE:PNR;STOCK;PENTAIR PLC
PNT;NASDAQ:PNT;STOCK;POINT BIOPHARMA GLOBAL INC.
PNW;NYSE:PNW;STOCK;PINNACLE WEST CAPITAL CORP
POL;NYSEAMERICAN:POL;STOCK;POLISHED.COM INC.
PONY;NASDAQ:PONY;STOCK;PONY AI INC
POOL;NASDAQ:POOL;STOCK;POOL CORP.
PPBI;NASDAQ:PPBI;STOCK;PACIFIC PREMIER BANCORP INC.
PPG;NYSE:PPG;STOCK;PPG INDUSTRIES INC.
PPL;NYSE:PPL;STOCK;PPL CORP.
PR;NYSE:PR;STOCK;PERMIAN RESOURCES CORPORATION
PRDO;NASDAQ:PRDO;STOCK;PERDOCEO EDUCATION CORP.
PRDS;NASDAQ:PRDS;STOCK;PARDES BIOSCIENCES INC.
PRG;NYSE:PRG;STOCK;PROG HOLDINGS INC.
PRI;NYSE:PRI;STOCK;PRIMERICA INC.
PRIM;NASDAQ:PRIM;STOCK;PRIMORIS SERVICES CORPORATION
PROC;NASDAQ:PROC;STOCK;PROCAPS GROUP S.A.
PROK;NASDAQ:PROK;STOCK;PROKIDNEY CORP.
PROSY;OTCMKTS:PROSY;STOCK;PROSUS N.V.
PRPH;NASDAQ:PRPH;STOCK;PROPHASE LABS INC.
PRSO;NASDAQ:PRSO;STOCK;PERASO INC.
PRST;NASDAQ:PRST;STOCK;PRESTO AUTOMATION INC.
PRU;NYSE:PRU;STOCK;PRUDENTIAL FINANCIAL
PSBQ;OTCMKTS:PSBQ;STOCK;PSB HOLDINGS INC.
PSEC;NASDAQ:PSEC;STOCK;PROSPECT CAPITAL CORP.
PSFE;NYSE:PSFE;STOCK;PAYSAFE LIMITED
PSHZF;OTCMKTS:PSHZF;STOCK;PERSHING SQUARE HOLDINGS LTD.
PSTG;NYSE:PSTG;STOCK;PURE STORAGE INC.
PSX;NYSE:PSX;STOCK;PHILLIPS 66
PTC;NASDAQ:PTC;STOCK;PTC INC.
PTEN;NASDAQ:PTEN;STOCK;PATTERSON-UTI ENERGY INC.
PTLO;NASDAQ:PTLO;STOCK;PORTILLO'S INC.
PTN;NYSEAMERICAN:PTN;STOCK;PALATIN TECHNOLOGIES INC.
PTON;NASDAQ:PTON;STOCK;PELOTON INTERACTIVE INC.
PTPI;NASDAQ:PTPI;STOCK;PETROS PHARMACEUTICALS INC.
PTRA;NASDAQ:PTRA;STOCK;PROTERRA INC.
PTY;NYSE:PTY;STOCK;PIMCO CORPORATE & INCOME OPPORTUNITY FUND (PTY)
PUBM;NASDAQ:PUBM;STOCK;PUBMATIC INC.
PVL;NYSE:PVL;STOCK;PERMIANVILLE ROYALTY TRUST
PWP;NASDAQ:PWP;STOCK;PERELLA WEINBERG PARTNERS
PWR;NYSE:PWR;STOCK;QUANTA SERVICES INC.
PXD;NYSE:PXD;STOCK;PIONEER NATURAL RESOURCES CO.
PXLW;NASDAQ:PXLW;STOCK;PIXELWORKS INC.
PYPL;NASDAQ:PYPL;STOCK;PAYPAL HOLDINGS INC
QBTS;NYSE:QBTS;STOCK;D-WAVE SYSTEMS
QCOM;NASDAQ:QCOM;STOCK;QUALCOMM INC
QD;NYSE:QD;STOCK;QUDIAN INC. ADR
QDEL;NASDAQ:QDEL;STOCK;QUIDEL CORPORATION
QFIN;NASDAQ:QFIN;STOCK;360 FINANCE INC.
QLYS;NASDAQ:QLYS;STOCK;QUALYS INC.
QMCO;NASDAQ:QMCO;STOCK;QUANTUM CORP.
QNCX;NASDAQ:QNCX;STOCK;QUINCE THERAPEUTICS INC.
QNGY;OTCMKTS:QNGY;STOCK;QUANERGY SYSTEMS INC.
QNRX;NASDAQ:QNRX;STOCK;QUOIN PHARMACEUTICALS LTD.
QRTEA;NASDAQ:QRTEA;STOCK;QURATE RETAIL INC
QRVO;NASDAQ:QRVO;STOCK;QORVO INC.
QS;NYSE:QS;STOCK;QUANTUMSCAPE CORPORATION
QSI;NASDAQ:QSI;STOCK;QUANTUM-SI INCORPORATED
QSR;NYSE:QSR;STOCK;RESTAURANT BRANDS INTERNATIONAL INC.
QTEK;NASDAQ:QTEK;STOCK;QUALTEK SERVICES INC.
QUBT;NASDAQ:QUBT;STOCK;QUANTUM COMPUTING INC
QURE;NASDAQ:QURE;STOCK;UNIQURE N.V.
R;NYSE:R;STOCK;RYDER SYSTEM INC.
RA;NYSE:RA;STOCK;BROOKFIELD REAL ASSETS INCOME FUND INC.
RACE;NYSE:RACE;STOCK;FERRARI N.V.
RAD;NYSE:RAD;STOCK;RITE AID CORPORATION
RANI;NASDAQ:RANI;STOCK;RANI THERAPEUTICS HOLDINGS INC
RBGLY;OTCMKTS:RBGLY;STOCK;RECKITT BENCKISER GROUP PLC ADR
RBLX;NYSE:RBLX;STOCK;ROBLOX CORP.
RBOT;NYSE:RBOT;STOCK;VICARIOUS SURGICAL INC.
RCAT;NASDAQ:RCAT;STOCK;RED CAT HOLDINGS INC
RCI;NYSE:RCI;STOCK;ROGERS COMMUNICATIONS
RCII;NASDAQ:RCII;STOCK;RENT-A-CENTER INC.
RCL;NYSE:RCL;STOCK;ROYAL CARIBBEAN CRUISES LTD.
RDEXF;OTCMKTS:RDEXF;STOCK;RED PINE EXPLORATION INC.
RDFN;NASDAQ:RDFN;STOCK;REDFIN CORP.
RDN;NYSE:RDN;STOCK;RADIAN GROUP INC
RDW;NYSE:RDW;STOCK;REDWIRE CORPORATION
RE;NYSE:RE;STOCK;EVEREST RE GROUP LTD.
REAL;NASDAQ:REAL;STOCK;THE REALREAL INC.
REE;NASDAQ:REE;STOCK;REE AUTOMOTIVE LTD.
REGN;NASDAQ:REGN;STOCK;REGENERON PHARMACEUTICALS INC
RELX;NYSE:RELX;STOCK;RELX PLC ADR
RENO;OTCMKTS:RENO;STOCK;RENOVARE ENVIRONMENTAL INC.
RETA;NASDAQ:RETA;STOCK;REATA PHARMACEUTICALS INC.
RETC;OTCMKTS:RETC;STOCK;12 RETECH CORP.
REUN;NASDAQ:REUN;STOCK;REUNION NEUROSCIENCE INC.
REVB;NASDAQ:REVB;STOCK;REVELATION BIOSCIENCES INC.
REYN;NASDAQ:REYN;STOCK;REYNOLDS CONSUMER PRODUCTS INC.
RF;NYSE:RF;STOCK;REGIONS FINANCIAL CORP.
RFI;NYSE:RFI;STOCK;COHEN & STEERS TOTAL RETURN REALTY FUND INC. COM.
RFIL;NASDAQ:RFIL;STOCK;RF INDUSTRIES LTD.
RGA;NYSE:RGA;STOCK;REINSURANCE GROUP OF AMERICA INC.
RGBP;OTCMKTS:RGBP;STOCK;REGEN BIOPHARMA INC.
RGLD;NASDAQ:RGLD;STOCK;ROYAL GOLD INC.
RGNX;NASDAQ:RGNX;STOCK;REGENXBIO INC.
RGR;NYSE:RGR;STOCK;STURM RUGER COMPANY INC.
RGTI;NASDAQ:RGTI;STOCK;RIGETTI COMPUTING INC.
RH;NYSE:RH;STOCK;RH
RHHBY;OTCMKTS:RHHBY;STOCK;ROCHE HOLDING AG ADR
RHI;NYSE:RHI;STOCK;ROBERT HALF INTERNATIONAL INC.
RICK;NASDAQ:RICK;STOCK;RCI HOSPITALITY HOLDINGS INC
RIDE;NASDAQ:RIDE;STOCK;LORDSTOWN MOTORS CORP.
RIG;NYSE:RIG;STOCK;TRANSOCEAN LTD.
RIGL;NASDAQ:RIGL;STOCK;RIGEL PHARMACEUTICALS INC.
RILY;NASDAQ:RILY;STOCK;B. RILEY FINANCIAL INC.
RIO;NYSE:RIO;STOCK;RIO TINTO PLC ADR
RIOT;NASDAQ:RIOT;STOCK;RIOT BLOCKCHAIN INC.
RIVN;NASDAQ:RIVN;STOCK;RIVIAN AUTOMOTIVE INC.
RJF;NYSE:RJF;STOCK;RAYMOND JAMES FINANCIAL INC.
RKLB;NASDAQ:RKLB;STOCK;ROCKET LAB USA INC.
RKT;NYSE:RKT;STOCK;ROCKET COS. INC.
RL;NYSE:RL;STOCK;RALPH LAUREN CORP. CL A
RLAY;NASDAQ:RLAY;STOCK;RELAY THERAPEUTICS INC
RLI;NYSE:RLI;STOCK;RLI CORP.
RLX;NYSE:RLX;STOCK;RLX TECHNOLOGY INC.
RMBS;NASDAQ:RMBS;STOCK;RAMBUS INC.
RMD;NYSE:RMD;STOCK;RESMED INC.
RNG;NYSE:RNG;STOCK;RINGCENTRAL INC. CL A
RNR;NYSE:RNR;STOCK;RENAISSANCERE HOLDINGS LTD.
RNW;NASDAQ:RNW;STOCK;RENEW ENERGY GLOBAL PLC
ROCC;NASDAQ:ROCC;STOCK;RANGER OIL CORPORATION
ROCK;NASDAQ:ROCK;STOCK;GIBRALTAR INDUSTRIES INC
ROIV;NASDAQ:ROIV;STOCK;ROIVANT SCIENCES LTD.
ROK;NYSE:ROK;STOCK;ROCKWELL AUTOMATION INC.
ROKU;NASDAQ:ROKU;STOCK;ROKU INC. CL A
ROL;NYSE:ROL;STOCK;ROLLINS INC.
ROLL;NASDAQ:ROLL;STOCK;RBC BEARINGS INC.
ROOT;NASDAQ:ROOT;STOCK;ROOT INC.
ROP;NYSE:ROP;STOCK;ROPER TECHNOLOGIES INC.
ROST;NASDAQ:ROST;STOCK;ROSS STORES INC
ROVR;NASDAQ:ROVR;STOCK;ROVER GROUP INC.
RPID;NASDAQ:RPID;STOCK;RAPID MICRO BIOSYSTEMS INC
RPM;NYSE:RPM;STOCK;RPM INTERNATIONAL INC.
RQI;NYSE:RQI;STOCK;COHEN & STEERS QUALITY INCOME REALTY FUND INC.
RRC;NYSE:RRC;STOCK;RANGE RESOURCES CORPORATION
RRX;NYSE:RRX;STOCK;REGAL REXNORD CORPORATION
RS;NYSE:RS;STOCK;RELIANCE STEEL & ALUMINUM CO.
RSHN;OTCMKTS:RSHN;STOCK;RUSHNET INC.
RSI;NYSE:RSI;STOCK;RUSH STREET INTERACTIVE INC
RSKD;NYSE:RSKD;STOCK;RISKIFIED LTD.
RSLS;NASDAQ:RSLS;STOCK;RESHAPE LIFESCIENCES INC.
RSNVF;OTCMKTS:RSNVF;STOCK;REYNA SILVER CORP.
RSVR;NASDAQ:RSVR;STOCK;RESERVOIR MEDIA INC.
RTX;NYSE:RTX;STOCK;RAYTHEON TECHNOLOGIES CORP.
RUBY;NASDAQ:RUBY;STOCK;RUBIUS THERAPEUTICS INC.
RUM;NASDAQ:RUM;STOCK;RUMBLE INC.
RUN;NASDAQ:RUN;STOCK;SUNRUN INC.
RUTH;NASDAQ:RUTH;STOCK;RUTH39 S HOSPITALITY GROUP INC.
RVLP;NASDAQ:RVLP;STOCK;RVL PHARMACEUTICALS PLC
RVLV;NYSE:RVLV;STOCK;REVOLVE GROUP INC.
RVP;NYSEAMERICAN:RVP;STOCK;RETRACTABLE TECHNOLOGIES INC.
RWLK;NASDAQ:RWLK;STOCK;REWALK ROBOTICS LTD.
RXRX;NASDAQ:RXRX;STOCK;RECURSION PHARMACEUTICALS INC.
RY;NYSE:RY;STOCK;ROYAL BANK OF CANADA
RYTM;NASDAQ:RYTM;STOCK;RHYTHM PHARMACEUTICALS INC.
S;NYSE:S;STOCK;SENTINELONE INC.
SABR;NASDAQ:SABR;STOCK;SABRE CORP.
SABS;NASDAQ:SABS;STOCK;SAB BIOTHERAPEUTICS INC.
SAFT;NASDAQ:SAFT;STOCK;SAFETY INSURANCE GROUP INC.
SAGE;NASDAQ:SAGE;STOCK;SAGE THERAPEUTICS INC.
SAH;NYSE:SAH;STOCK;SONIC AUTOMOTIVE INC. CL A
SAM;NYSE:SAM;STOCK;THE BOSTON BEER COMPANY INC.
SAN;NYSE:SAN;STOCK;BANCO SANTANDER S.A.
SAND;NYSE:SAND;STOCK;SANDSTORM GOLD LTD.
SAP;NYSE:SAP;STOCK;SAP SE ADR
SASI;NASDAQ:SASI;STOCK;SIGMA ADDITIVE SOLUTIONS INC.
SATL;NASDAQ:SATL;STOCK;SATELLOGIC INC.
SAVA;NASDAQ:SAVA;STOCK;CASSAVA SCIENCES INC.
SAVE;NYSE:SAVE;STOCK;SPIRIT AIRLINES INC.
SBES;OTCMKTS:SBES;STOCK;SOUTH BEACH SPIRITS INC.
SBET;NASDAQ:SBET;STOCK;SHARPLINK GAMING LTD.
SBGI;NASDAQ:SBGI;STOCK;SINCLAIR BROADCAST GROUP INC.
SBH;NYSE:SBH;STOCK;SALLY BEAUTY HOLDINGS INC.
SBIG;NASDAQ:SBIG;STOCK;SPRINGBIG HOLDINGS INC.
SBLK;NASDAQ:SBLK;STOCK;STAR BULK CARRIERS CORP.
SBNY;NASDAQ:SBNY;STOCK;SIGNATURE BANK
SBOW;NYSE:SBOW;STOCK;SILVERBOW RESOURCES INC.
SBS;NYSE:SBS;STOCK;COMPANHIA DE SANEAMENTO BASICO DO ESTADO DE SAO PAULO - SABESP
SBSI;NASDAQ:SBSI;STOCK;SOUTHSIDE BANCSHARES INC.
SBSW;NYSE:SBSW;STOCK;SIBANYE STILLWATER LIMITED
SBUX;NASDAQ:SBUX;STOCK;STARBUCKS CORP
SCCO;NYSE:SCCO;STOCK;SOUTHERN COPPER CORPORATION
SCHW;NYSE:SCHW;STOCK;CHARLES SCHWAB CORP.
SCL;NYSE:SCL;STOCK;STEPAN COMPANY
SCM;NYSE:SCM;STOCK;STELLUS CAPITAL INVESTMENT CORPORATION
SCNI;NASDAQ:SCNI;STOCK;SCINAI IMMUNOTHERAPEUTICS LTD.
SCOR;NASDAQ:SCOR;STOCK;COMSCORE INC.
SCPL;NASDAQ:SCPL;STOCK;SCIPLAY CORPORATION
SCTL;NASDAQ:SCTL;STOCK;SOCIETAL CDMO INC.
SCVL;NASDAQ:SCVL;STOCK;SHOE CARNIVAL INC.
SD;NYSE:SD;STOCK;SANDRIDGE ENERGY INC.
SDC;NASDAQ:SDC;STOCK;SMILEDIRECTCLUB INC.
SDGR;NASDAQ:SDGR;STOCK;SCHRODINGER INC.
SDRL;NYSE:SDRL;STOCK;SEADRILL LIMITED
SDZNY;OTCMKTS:SDZNY;STOCK;SANDOZ GROUP AG
SE;NYSE:SE;STOCK;SEA LTD. ADR
SEAT;NASDAQ:SEAT;STOCK;VIVID SEATS INC.
SEDG;NASDAQ:SEDG;STOCK;SOLAREDGE TECHNOLOGIES INC
SEE;NYSE:SEE;STOCK;SEALED AIR CORP.
SEIC;NASDAQ:SEIC;STOCK;SEI INVESTMENTS COMPANY
SEMR;NYSE:SEMR;STOCK;SEMRUSH HOLDINGS INC.
SENS;NYSEAMERICAN:SENS;STOCK;SENSEONICS HOLDINGS INC.
SES;NYSE:SES;STOCK;SES AI CORPORATION
SF;NYSE:SF;STOCK;STIFEL FINANCIAL CORP.
SFBS;NASDAQ:SFBS;STOCK;SERVISFIRST BANCSHARES INC.
SFGYY;OTCMKTS:SFGYY;STOCK;SONY FINANCIAL GROUP INC
SFIX;NASDAQ:SFIX;STOCK;STITCH FIX INC. CL A
SFL;NYSE:SFL;STOCK;SFL CORP. LTD.
SFM;NASDAQ:SFM;STOCK;SPROUTS FARMERS MARKET INC.
SFNC;NASDAQ:SFNC;STOCK;SIMMONS FIRST NATIONAL CORP. CL A
SFT;NASDAQ:SFT;STOCK;SHIFT TECHNOLOGIES INC.
SGEN;NASDAQ:SGEN;STOCK;SEAGEN INC.
SGGTF;OTCMKTS:SGGTF;STOCK;SIGNATURE RESOURCES LTD.
SGH;NASDAQ:SGH;STOCK;SMART GLOBAL HOLDINGS INC.
SGHC;NYSE:SGHC;STOCK;SUPER GROUP
SGLY;NASDAQ:SGLY;STOCK;SINGULARITY FUTURE TECHNOLOGY LTD.
SGML;NASDAQ:SGML;STOCK;SIGMA LITHIUM CORPORATION
SGMO;NASDAQ:SGMO;STOCK;SANGAMO THERAPEUTICS INC.
SHAK;NYSE:SHAK;STOCK;SHAKE SHACK INC
SHCR;NASDAQ:SHCR;STOCK;SHARECARE INC.
SHEL;NYSE:SHEL;STOCK;SHELL PLC
SHIP;NASDAQ:SHIP;STOCK;SEANERGY MARITIME HOLDINGS CORP.
SHOP;NYSE:SHOP;STOCK;SHOPIFY INC. CL A
SHPW;NYSE:SHPW;STOCK;SHAPEWAYS HOLDINGS INC.
SHW;NYSE:SHW;STOCK;SHERWIN-WILLIAMS COMPANY
SI;NYSE:SI;STOCK;SILVERGATE CAPITAL CORPORATION
SID;NYSE:SID;STOCK;COMPANHIA SIDERURGICA NACIONAL
SIG;NYSE:SIG;STOCK;SIGNET JEWELERS LIMITED
SIGA;NASDAQ:SIGA;STOCK;SIGA TECHNOLOGIES INC.
SIGI;NASDAQ:SIGI;STOCK;SELECTIVE INSURANCE GROUP INC.
SILO;NASDAQ:SILO;STOCK;SILO PHARMA INC
SIMO;NASDAQ:SIMO;STOCK;SILICON MOTION TECHNOLOGY CORPORATION
SIOX;NASDAQ:SIOX;STOCK;SIO GENE THERAPIES INC.
SIRE;NYSE:SIRE;STOCK;SISECAM RESOURCES LP
SIRI;NASDAQ:SIRI;STOCK;SIRIUS XM HOLDINGS INC
SITE;NYSE:SITE;STOCK;SITEONE LANDSCAPE SUPPLY INC.
SITM;NASDAQ:SITM;STOCK;SITIME CORPORATION
SIVB;NASDAQ:SIVB;STOCK;SVB FINANCIAL GROUP
SJM;NYSE:SJM;STOCK;J.M. SMUCKER CO.
SJT;NYSE:SJT;STOCK;SAN JUAN BASIN ROYALTY TRUST
SJW;NYSE:SJW;STOCK;SJW GROUP
SKIL;NYSE:SKIL;STOCK;SKILLSOFT CORP.
SKIN;NASDAQ:SKIN;STOCK;THE BEAUTY HEALTH COMPANY
SKLZ;NYSE:SKLZ;STOCK;SKILLZ INC.
SKM;NYSE:SKM;STOCK;SK TELECOM CO.LTD
SKX;NYSE:SKX;STOCK;SKECHERS USA INC. CL A
SKY;NYSE:SKY;STOCK;SKYLINE CHAMPION CORPORATION
SKYW;NASDAQ:SKYW;STOCK;SKYWEST INC.
SKYX;NASDAQ:SKYX;STOCK;SKYX PLATFORMS CORP.
SLAB;NASDAQ:SLAB;STOCK;SILICON LABORATORIES INC.
SLB;NYSE:SLB;STOCK;SCHLUMBERGER LTD.
SLCA;NYSE:SLCA;STOCK;U.S. SILICA HOLDINGS INC.
SLDP;NASDAQ:SLDP;STOCK;SOLID POWER INC.
SLGC;NASDAQ:SLGC;STOCK;SOMALOGIC INC.
SLGN;NASDAQ:SLGN;STOCK;SILGAN HOLDINGS INC.
SLM;NASDAQ:SLM;STOCK;SLM CORP.
SLNH;NASDAQ:SLNH;STOCK;SOLUNA HOLDINGS INC.
SLP;NASDAQ:SLP;STOCK;SIMULATIONS PLUS INC.
SLS;NASDAQ:SLS;STOCK;SELLAS LIFE SCIENCES GROUP INC.
SM;NYSE:SM;STOCK;SM ENERGY COMPANY
SMAR;NYSE:SMAR;STOCK;SMARTSHEET INC.
SMCI;NASDAQ:SMCI;STOCK;SUPER MICRO COMPUTER INC.
SMFG;NYSE:SMFG;STOCK;SUMITOMO MITSUI FINANCIAL GROUP INC. ADR
SMG;NYSE:SMG;STOCK;SCOTTS MIRACLE-GRO CO.
SMLR;NASDAQ:SMLR;STOCK;SEMLER SCIENTIFIC INC.
SMR;NYSE:SMR;STOCK;NUSCALE POWER CORPORATION
SMRT;NYSE:SMRT;STOCK;SMARTRENT INC.
SMSI;NASDAQ:SMSI;STOCK;SMITH MICRO SOFTWARE INC.
SMWB;NYSE:SMWB;STOCK;SIMILARWEB LTD.
SNA;NYSE:SNA;STOCK;SNAP-ON INC.
SNAP;NYSE:SNAP;STOCK;SNAP INC.
SNAX;NASDAQ:SNAX;STOCK;STRYVE FOODS INC.
SNBR;NASDAQ:SNBR;STOCK;SLEEP NUMBER CORPORATION
SNCE;NASDAQ:SNCE;STOCK;SCIENCE 37 HOLDINGS INC.
SNDA;NYSE:SNDA;STOCK;SONIDA SENIOR LIVING INC.
SNDK;NASDAQ:SNDK;STOCK;SANDISK CORPORATION
SNDL;NASDAQ:SNDL;STOCK;SUNDIAL GROWERS INC.
SNMP;NYSEAMERICAN:SNMP;STOCK;SANCHEZ MIDSTREAM PARTNERS LP
SNOW;NYSE:SNOW;STOCK;SNOWFLAKE INC.
SNPS;NASDAQ:SNPS;STOCK;SYNOPSYS INC
SNPTY;OTCMKTS:SNPTY;STOCK;CHINA PETROLEUM & CHEMICAL CORPORATION
SNRG;OTCMKTS:SNRG;STOCK;SUSGLOBAL ENERGY CORP
SNT;NASDAQ:SNT;STOCK;SENSTAR TECHNOLOGIES LTD.
SNV;NYSE:SNV;STOCK;SYNOVUS FINANCIAL CORP.
SNWGF;OTCMKTS:SNWGF;STOCK;SNOWLINE GOLD CORP.
SNX;NYSE:SNX;STOCK;SYNNEX CORP.
SNY;NASDAQ:SNY;STOCK;SANOFI ADR
SO;NYSE:SO;STOCK;SOUTHERN CO.
SOAGY;OTCMKTS:SOAGY;STOCK;SARTORIUS AKTIENGESELLSCHAFT
SOBO;NYSE:SOBO;STOCK;SOUTH BOW CORP
SOFI;NASDAQ:SOFI;STOCK;SOFI TECHNOLOGIES INC.
SOI;NYSE:SOI;STOCK;SOLARIS OILFIELD INFRASTRUCTURE INC.
SOLO;NASDAQ:SOLO;STOCK;ELECTRAMECCANICA VEHICLES CORPORATION
SOLV;NYSE:SOLV;STOCK;SOLVENTUM CORPORATION
SON;NYSE:SON;STOCK;SONOCO PRODUCTS CO.
SOND;NASDAQ:SOND;STOCK;SONDER HOLDINGS INC.
SONM;NASDAQ:SONM;STOCK;SONIM TECHNOLOGIES INC.
SONO;NASDAQ:SONO;STOCK;SONOS INC.
SONY;NYSE:SONY;STOCK;SONY GROUP CORPORATION
SOS;NYSE:SOS;STOCK;SOS LIMITED
SOUN;NASDAQ:SOUN;STOCK;SOUNDHOUND
SP;NASDAQ:SP;STOCK;SP PLUS CORP.
SPCE;NYSE:SPCE;STOCK;VIRGIN GALACTIC HOLDINGS INC.
SPGI;NYSE:SPGI;STOCK;S&P GLOBAL INC.
SPHR;NASDAQ:SPHR;STOCK;SPHERE ENTERTAINMENT CO.
SPIR;NYSE:SPIR;STOCK;SPIRE GLOBAL INC.
SPLK;NASDAQ:SPLK;STOCK;SPLUNK INC.
SPOK;NASDAQ:SPOK;STOCK;SPOK HOLDINGS INC.
SPOT;NYSE:SPOT;STOCK;SPOTIFY TECHNOLOGY S.A.
SPPI;NASDAQ:SPPI;STOCK;SPECTRUM PHARMACEUTICALS INC.
SPPP;NYSEARCA:SPPP;STOCK;SPROTT PHYSICAL PLATINUM AND PALLADIUM TRUST
SPSC;NASDAQ:SPSC;STOCK;SPS COMMERCE INC.
SPT;NASDAQ:SPT;STOCK;SPROUT SOCIAL INC.
SPWR;NASDAQ:SPWR;STOCK;SUNPOWER CORPORATION
SQ;NYSE:SQ;STOCK;SQUARE INC. CL A
SQM;NYSE:SQM;STOCK;SOCIEDAD QUIMICA Y MINERA DE CHILE S.A. ADR
SRCE;NASDAQ:SRCE;STOCK;1ST SOURCE CORPORATION
SRE;NYSE:SRE;STOCK;SEMPRA ENERGY
SRGA;NASDAQ:SRGA;STOCK;SURGALIGN HOLDINGS INC.
SRNE;NASDAQ:SRNE;STOCK;SORRENTO THERAPEUTICS INC.
SRPT;NASDAQ:SRPT;STOCK;SAREPTA THERAPEUTICS INC.
SRUUF;OTCMKTS:SRUUF;STOCK;SPROTT PHYSICAL URANIUM TRUST FUND
SRV;NYSE:SRV;STOCK;NXG CUSHING MIDSTREAM ENERGY FUND
SRZN;NASDAQ:SRZN;STOCK;SURROZEN INC.
SSD;NYSE:SSD;STOCK;SIMPSON MANUFACTURING CO.
SSNC;NASDAQ:SSNC;STOCK;SS&C TECHNOLOGIES HOLDINGS INC.
SSRM;NASDAQ:SSRM;STOCK;SSR MINING INC.
SSSS;NASDAQ:SSSS;STOCK;SURO CAPITAL CORP.
SST;NYSE:SST;STOCK;SYSTEM1 INC.
SSU;NYSE:SSU;STOCK;SIGNA SPORTS UNITED N.V.
STAA;NASDAQ:STAA;STOCK;STAAR SURGICAL COMPANY
STAB;NASDAQ:STAB;STOCK;STATERA BIOPHARMA INC.
STEM;NYSE:STEM;STOCK;STEM INC.
STGW;NASDAQ:STGW;STOCK;STAGWELL INC.
STKH;NASDAQ:STKH;STOCK;STEAKHOLDER FOODS LTD.
STLA;NYSE:STLA;STOCK;STELLANTIS N.V.
STLD;NASDAQ:STLD;STOCK;STEEL DYNAMICS INC.
STNE;NASDAQ:STNE;STOCK;STONECO LTD. CL A
STNG;NYSE:STNG;STOCK;SCORPIO TANKERS INC.
STR;NYSE:STR;STOCK;SITIO ROYALTIES CORP.
STR;NASDAQ:STR;STOCK;FALCON MINERALS CORPORATION
STRA;NASDAQ:STRA;STOCK;STRATEGIC EDUCATION INC.
STRC;NASDAQ:STRC;STOCK;SARCOS TECHNOLOGY AND ROBOTICS CORPORATION
STRD;NASDAQ:STRD;STOCK;STRATEGY INC
STRF;NASDAQ:STRF;STOCK;MICROSTRATEGY INCORPORATED
STRI;OTCMKTS:STRI;STOCK;STR HOLDINGS INC.
STRL;NASDAQ:STRL;STOCK;STERLING INFRASTRUCTURE INC.
STVN;NYSE:STVN;STOCK;STEVANATO GROUP S.P.A.
STX;NASDAQ:STX;STOCK;SEAGATE TECHNOLOGY PLC
STZ;NYSE:STZ;STOCK;CONSTELLATION BRANDS INC.
SU;NYSE:SU;STOCK;SUNCOR ENERGY INC.
SUN;NYSE:SUN;STOCK;SUNOCO L.P.
SUNL;NYSE:SUNL;STOCK;SUNLIGHT FINANCIAL HOLDINGS INC.
SUPN;NASDAQ:SUPN;STOCK;SUPERNUS PHARMACEUTICALS INC.
SUPV;NYSE:SUPV;STOCK;GRUPO SUPERVIELLE S.A. ADR
SURF;NASDAQ:SURF;STOCK;SURFACE ONCOLOGY INC.
SUZ;NYSE:SUZ;STOCK;SUZANO S/A ADR
SVFD;NASDAQ:SVFD;STOCK;SAVE FOODS INC.
SWAV;NASDAQ:SWAV;STOCK;SHOCKWAVE MEDICAL INC.
SWBI;NASDAQ:SWBI;STOCK;SMITH & WESSON BRANDS INC.
SWI;NYSE:SWI;STOCK;SOLARWINDS CORPORATION
SWK;NYSE:SWK;STOCK;STANLEY BLACK & DECKER INC.
SWKS;NASDAQ:SWKS;STOCK;SKYWORKS SOLUTIONS INC
SWN;NYSE:SWN;STOCK;SOUTHWESTERN ENERGY COMPANY
SXOOF;OTCMKTS:SXOOF;STOCK;ST-GEORGES ECO-MINING CORP.
SYF;NYSE:SYF;STOCK;SYNCHRONY FINANCIAL
SYHBF;OTCMKTS:SYHBF;STOCK;SKYHARBOUR RESOURCES LTD.
SYK;NYSE:SYK;STOCK;STRYKER CORPORATION
SYM;NASDAQ:SYM;STOCK;SYMBOTIC INC
SYY;NYSE:SYY;STOCK;SYSCO CORP.
T;NYSE:T;STOCK;AT&T
TAIT;NASDAQ:TAIT;STOCK;TAITRON COMPONENTS INCORPORATED
TAK;NYSE:TAK;STOCK;TAKEDA PHARMACEUTICAL COMPANY LIMITED
TAL;NYSE:TAL;STOCK;TAL EDUCATION GROUP
TALK;NASDAQ:TALK;STOCK;TALKSPACE INC.
TALO;NYSE:TALO;STOCK;TALOS ENERGY INC.
TASK;NASDAQ:TASK;STOCK;TASKUS INC.
TBBK;NASDAQ:TBBK;STOCK;BANCORP INC
TBEV;OTCMKTS:TBEV;STOCK;HIGH PERFORMANCE BEVERAGES CO.
TBLA;NASDAQ:TBLA;STOCK;TABOOLA.COM LTD.
TBLT;NASDAQ:TBLT;STOCK;TOUGHBUILT INDUSTRIES INC.
TCEHY;OTCMKTS:TCEHY;STOCK;TENCENT HOLDINGS LTD. ADR
TCFC;NASDAQ:TCFC;STOCK;THE COMMUNITY FINANCIAL CORPORATION
TCNNF;OTCMKTS:TCNNF;STOCK;TRULIEVE CANNABIS CORP.
TCOM;NASDAQ:TCOM;STOCK;TRIP.COM GROUP LIMITED
TCPC;NASDAQ:TCPC;STOCK;BLACKROCK TCP CAPITAL CORP.
TCRT;NASDAQ:TCRT;STOCK;ALAUNOS THERAPEUTICS INC.
TD;NYSE:TD;STOCK;TORONTO-DOMINION BANK
TDCX;NYSE:TDCX;STOCK;TDCX INC.
TDG;NYSE:TDG;STOCK;TRANSDIGM GROUP INC
TDOC;NYSE:TDOC;STOCK;TELADOC HEALTH INC.
TDS;NYSE:TDS;STOCK;TELEPHONE & DATA SYSTEMS INC.
TDY;NYSE:TDY;STOCK;TELEDYNE TECHNOLOGIES INC.
TEAM;NASDAQ:TEAM;STOCK;ATLASSIAN CORP. PLC CL A
TECK;NYSE:TECK;STOCK;TECK RESOURCES LTD. CL B
TEDU;NASDAQ:TEDU;STOCK;TARENA INTERNATIONAL INC.
TEF;NYSE:TEF;STOCK;TELEFONICA S.A. ADR
TEL;NYSE:TEL;STOCK;TE CONNECTIVITY LTD.
TELL;NASDAQ:TELL;STOCK;TELLURIAN INC.
TENB;NASDAQ:TENB;STOCK;TENABLE HOLDINGS INC.
TER;NASDAQ:TER;STOCK;TERADYNE INC.
TEVA;NYSE:TEVA;STOCK;TEVA PHARMACEUTICAL INDUSTRIES LTD.
TFC;NYSE:TFC;STOCK;TRUIST FINANCIAL CORP.
TFII;NYSE:TFII;STOCK;TFI INTERNATIONAL INC.
TFSL;NASDAQ:TFSL;STOCK;TFS FINANCIAL CORPORATION
TFX;NYSE:TFX;STOCK;TELEFLEX INCORPORATED
TG;NYSE:TG;STOCK;TREDEGAR CORP.
TGLS;NYSE:TGLS;STOCK;TECNOGLASS INC.
TGNA;NYSE:TGNA;STOCK;TEGNA INC.
TGRO;OTCMKTS:TGRO;STOCK;TIGER OIL & ENERGY INC.
TGRR;OTCMKTS:TGRR;STOCK;TIGER REEF INC.
TGT;NYSE:TGT;STOCK;TARGET CORPORATION
THFF;NASDAQ:THFF;STOCK;FIRST FINANCIAL CORPORATION
THO;NYSE:THO;STOCK;THOR INDUSTRIES INC.
THQ;NYSE:THQ;STOCK;TEKLA HEALTHCARE OPPORTUNITIES FUND (THQ)
THRN;NASDAQ:THRN;STOCK;THORNE HEALTHTECH INC.
THW;NYSE:THW;STOCK;TEKLA WORLD HEALTHCARE FUND
TIGR;NASDAQ:TIGR;STOCK;UP FINTECH HOLDING LTD. ADR
TIO;NASDAQ:TIO;STOCK;TINGO GROUP INC.
TITN;NASDAQ:TITN;STOCK;TITAN MACHINERY INC.
TJX;NYSE:TJX;STOCK;THE TJX COMPANY
TKGBY;OTCMKTS:TKGBY;STOCK;TURKIYE GARANTI BANKASI A.S. ADR
TKO;NYSE:TKO;STOCK;TKO GROUP HOLDINGS INC
TKR;NYSE:TKR;STOCK;TIMKEN CO.
TLIS;NASDAQ:TLIS;STOCK;TALIS BIOMEDICAL CORPORATION
TLN;NASDAQ:TLN;STOCK;TALEN ENERGY CORPORATION
TLPH;NASDAQ:TLPH;STOCK;TALPHERA INC
TLRY;NASDAQ:TLRY;STOCK;TILRAY INC. CL 2
TLYS;NYSE:TLYS;STOCK;TILLY'S INC.
TM;NYSE:TM;STOCK;TOYOTA MOTOR CORP. ADR
TMBR;NYSEAMERICAN:TMBR;STOCK;TIMBER PHARMACEUTICALS INC.
TMC;NASDAQ:TMC;STOCK;TMC THE METALS COMPANY INC.
TMDX;NASDAQ:TMDX;STOCK;TRANSMEDICS GROUP INC
TME;NYSE:TME;STOCK;TENCENT MUSIC ENTERTAINMENT GROUP ADR
TMHC;NYSE:TMHC;STOCK;TAYLOR MORRISON HOME CORPORATION
TMO;NYSE:TMO;STOCK;THERMO FISHER SCIENTIFIC INC.
TMP;NYSEAMERICAN:TMP;STOCK;TOMPKINS FINANCIAL CORPORATION
TMUS;NASDAQ:TMUS;STOCK;T-MOBILE US INC
TNC;NYSE:TNC;STOCK;TENNANT COMPANY
TNET;NYSE:TNET;STOCK;TRINET GROUP INC.
TNGX;NASDAQ:TNGX;STOCK;TANGO THERAPEUTICS INC.
TNK;NYSE:TNK;STOCK;TEEKAY TANKERS LTD.
TNP;NYSE:TNP;STOCK;TSAKOS ENERGY NAVIGATION LIMITED
TNXP;NASDAQ:TNXP;STOCK;TONIX PHARMACEUTICALS HOLDING CORP.
TOI;NASDAQ:TOI;STOCK;THE ONCOLOGY INSTITUTE INC.
TOL;NYSE:TOL;STOCK;TOLL BROTHERS INC.
TOST;NYSE:TOST;STOCK;TOAST INC.
TOWN;NASDAQ:TOWN;STOCK;TOWNEBANK
TPC;NYSE:TPC;STOCK;TUTOR PERINI CORPORATION
TPH;NYSE:TPH;STOCK;TRI POINTE HOMES INC
TPIC;NASDAQ:TPIC;STOCK;TPI COMPOSITES INC.
TPL;NYSE:TPL;STOCK;TEXAS PACIFIC LAND TRUST SUB. SHARE CERT.
TPR;NYSE:TPR;STOCK;TAPESTRY INC.
TPST;NASDAQ:TPST;STOCK;TEMPEST THERAPEUTICS INC.
TR;NYSE:TR;STOCK;TOOTSIE ROLL INDUSTRIES INC.
TREE;NASDAQ:TREE;STOCK;LENDINGTREE INC.
TREX;NYSE:TREX;STOCK;TREX CO. INC.
TRI;NYSE:TRI;STOCK;THOMSON REUTERS CORP.
TRIP;NASDAQ:TRIP;STOCK;TRIPADVISOR INC.
TRIRF;OTCMKTS:TRIRF;STOCK;TRITERRAS INC.
TRMB;NASDAQ:TRMB;STOCK;TRIMBLE INC.
TRMD;NASDAQ:TRMD;STOCK;TORM PLC
TRNS;NASDAQ:TRNS;STOCK;TRANSCAT INC.
TROO;NASDAQ:TROO;STOCK;TROOPS INC.
TROW;NASDAQ:TROW;STOCK;T. ROWE PRICE GROUP INC.
TROX;NYSE:TROX;STOCK;TRONOX HOLDINGS PLC
TRP;NYSE:TRP;STOCK;TC PIPELINES LP
TRTN-C;NYSE:TRTN-C;STOCK;TRITON INTERNATIONAL LIMITED 7.375% SERIES C CUMULATIVE REDEEMABLE PERPETUAL PREFERENCE SHARES
TRU;NYSE:TRU;STOCK;TRANSUNION
TRUP;NASDAQ:TRUP;STOCK;TRUPANION INC.
TRV;NYSE:TRV;STOCK;TRAVELERS COMPANIES INC
TRVG;NASDAQ:TRVG;STOCK;TRIVAGO N.V.
TS;NYSE:TS;STOCK;TENARIS S.A.
TSCO;NASDAQ:TSCO;STOCK;TRACTOR SUPPLY CO.
TSE;NYSE:TSE;STOCK;TRINSEO S.A.
TSEM;NASDAQ:TSEM;STOCK;TOWER SEMICONDUTOR LTD
TSHA;NASDAQ:TSHA;STOCK;TAYSHA GENE THERAPIES INC.
TSLA;NASDAQ:TSLA;STOCK;TESLA INC
TSLX;NYSE:TSLX;STOCK;TPG SPECIALTY LENDING INC.
TSM;NYSE:TSM;STOCK;TAIWAN SEMICONDUCTOR MANUFACTURING CO. LTD. ADR
TSN;NYSE:TSN;STOCK;TYSON FOODS INC. CL A
TSP;NASDAQ:TSP;STOCK;TUSIMPLE HOLDINGS INC.
TSVT;NASDAQ:TSVT;STOCK;2SEVENTY BIO INC.
TT;NYSE:TT;STOCK;TRANE TECHNOLOGIES PLC
TTC;NYSE:TTC;STOCK;TORO CO.
TTCF;NASDAQ:TTCF;STOCK;TATTOOED CHEF INC.
TTD;NASDAQ:TTD;STOCK;TRADE DESK INC. CL A
TTE;NYSE:TTE;STOCK;TOTALENERGIES SE
TTMI;NASDAQ:TTMI;STOCK;TTM TECHNOLOGIES INC
TTOO;NASDAQ:TTOO;STOCK;T2 BIOSYSTEMS INC.
TTTNF;OTCMKTS:TTTNF;STOCK;TITAN MINERALS LIMITED
TTWO;NASDAQ:TTWO;STOCK;TAKE-TWO INTERACTIVE SOFTWARE INC
TU;NYSE:TU;STOCK;TELUS CORP.
TUP;NYSE:TUP;STOCK;TUPPERWARE BRANDS CORP.
TV;NYSE:TV;STOCK;GRUPO TELEVISA S.A.B.
TVTX;NASDAQ:TVTX;STOCK;TRAVERE THERAPEUTICS INC
TWI;NYSE:TWI;STOCK;TITAN INTERNATIONAL INC.
TWKS;NASDAQ:TWKS;STOCK;THOUGHTWORKS HOLDING INC.
TWLO;NYSE:TWLO;STOCK;TWILIO INC. CL A
TWNK;NASDAQ:TWNK;STOCK;HOSTESS BRANDS INC.
TWOU;NASDAQ:TWOU;STOCK;2U INC.
TWST;NASDAQ:TWST;STOCK;TWIST BIOSCIENCE CORP.
TX;NYSE:TX;STOCK;TERNIUM S.A.
TXMD;NASDAQ:TXMD;STOCK;THERAPEUTICSMD INC.
TXN;NASDAQ:TXN;STOCK;TEXAS INSTRUMENTS INC
TXRH;NASDAQ:TXRH;STOCK;TEXAS ROADHOUSE INC.
TXTM;OTCMKTS:TXTM;STOCK;PROTEXT MOBILITY INC.
TYCB;OTCMKTS:TYCB;STOCK;CALVIN B. TAYLOR BANKING
TYL;NYSE:TYL;STOCK;TYLER TECHNOLOGIES INC.
TZOO;NASDAQ:TZOO;STOCK;TRAVELZOO
U;NYSE:U;STOCK;UNITY SOFTWARE INC.
UA;NYSE:UA;STOCK;UNDER ARMOUR INC.
UAA;NYSE:UAA;STOCK;UNDER ARMOUR INC.
UAL;NASDAQ:UAL;STOCK;UNITED AIRLINES HOLDINGS INC.
UAMY;NYSEAMERICAN:UAMY;STOCK;UNITED STATES ANTIMONY CORPORATION
UAN;NYSE:UAN;STOCK;CVR PARTNERS LP
UBER;NYSE:UBER;STOCK;UBER TECHNOLOGIES INC.
UBS;NYSE:UBS;STOCK;UBS GROUP AG
UBSI;NASDAQ:UBSI;STOCK;UNITED BANKSHARES INC.
UCBI;NASDAQ:UCBI;STOCK;UNITED COMMUNITY BANKS INC.
UCTT;NASDAQ:UCTT;STOCK;ULTRA CLEAN HOLDINGS INC.
UEC;NYSEAMERICAN:UEC;STOCK;URANIUM ENERGY CORP.
UEXCF;OTCMKTS:UEXCF;STOCK;UEX CORP.
UFPI;NASDAQ:UFPI;STOCK;UNIVERSAL FOREST PRODUCTS INC.
UGI;NYSE:UGI;STOCK;UGI CORPORATION
UGP;NYSE:UGP;STOCK;ULTRAPAR PARTICIPACOES S.A.
UHS;NYSE:UHS;STOCK;UNIVERSAL HEALTH SERVICES INC. CL B
UHT;NYSE:UHT;STOCK;UNIVERSAL HEALTH REALTY INCOME TRUST
UI;NYSE:UI;STOCK;UBIQUITI INC.
UIS;NYSE:UIS;STOCK;UNISYS CORP.
UL;NYSE:UL;STOCK;UNILEVER PLC ADR
ULTA;NASDAQ:ULTA;STOCK;ULTA BEAUTY INC
UMBF;NASDAQ:UMBF;STOCK;UMB FINANCIAL CORP.
UMC;NYSE:UMC;STOCK;UNITED MICROELECTRONICS CORPORATION
UMPQ;NASDAQ:UMPQ;STOCK;UMPQUA HOLDINGS CORP.
UNCRY;OTCMKTS:UNCRY;STOCK;UNICREDIT S.P.A.
UNF;NYSE:UNF;STOCK;UNIFIRST CORP.
UNFI;NYSE:UNFI;STOCK;UNITED NATURAL FOODS INC.
UNH;NYSE:UNH;STOCK;UNITEDHEALTH GROUP INC
UNM;NYSE:UNM;STOCK;UNUM GROUP
UNMA;NYSE:UNMA;STOCK;UNUM GROUP 6.250% JR NT58
UNP;NYSE:UNP;STOCK;UNION PACIFIC
UP;NYSE:UP;STOCK;WHEELS UP EXPERIENCE INC.
UPH;NYSE:UPH;STOCK;UPHEALTH INC.
UPS;NYSE:UPS;STOCK;UNITED PARCEL SERVICE INC. CL B
UPST;NASDAQ:UPST;STOCK;UPSTART HOLDINGS INC.
UPWK;NASDAQ:UPWK;STOCK;UPWORK INC.
UPXI;NASDAQ:UPXI;STOCK;UPEXI INC.
URG;NYSEAMERICAN:URG;STOCK;UR-ENERGY INC.
URI;NYSE:URI;STOCK;UNITED RENTALS INC.
UROY;NASDAQ:UROY;STOCK;URANIUM ROYALTY CORP.
URPTF;OTCMKTS:URPTF;STOCK;URANIUM PARTICIPATION CORP.
USA;NYSE:USA;STOCK;LIBERTY ALL-STAR EQUITY FUND
USAC;NYSE:USAC;STOCK;USA COMPRESSION PARTNERS L.P.
USB;NYSE:USB;STOCK;U.S. BANCORP
USFD;NYSE:USFD;STOCK;US FOODS HOLDING CORP.
USMJ;OTCMKTS:USMJ;STOCK;NORTH AMERICAN CANNABIS HOLDINGS INC.
UTF;NYSE:UTF;STOCK;COHEN & STEERS INFRASTRUCTURE FUND INC
UTG;NYSEAMERICAN:UTG;STOCK;REAVES UTILITY INCOME FUND
UTHR;NASDAQ:UTHR;STOCK;UNITED THERAPEUTICS CORPORATION
UUUU;NYSEAMERICAN:UUUU;STOCK;ENERGY FUELS INC.
UVV;NYSE:UVV;STOCK;UNIVERSAL CORP.
UWMC;NYSE:UWMC;STOCK;UWM HOLDINGS CORPORATION
UXIN;NASDAQ:UXIN;STOCK;UXIN LIMITED
V;NYSE:V;STOCK;VISA INC
VAC;NYSE:VAC;STOCK;MARRIOTT VACATIONS WORLDWIDE CORPORATION
VAL;NYSE:VAL;STOCK;VALARIS LIMITED
VALE;NYSE:VALE;STOCK;VALE SA (NYSE)
VALU;NASDAQ:VALU;STOCK;VALUE LINE INC.
VANI;NASDAQ:VANI;STOCK;VIVANI MEDICAL INC.
VATE;NYSE:VATE;STOCK;INNOVATE CORP.
VBTX;NASDAQ:VBTX;STOCK;VERITEX HOLDINGS INC.
VCNX;NASDAQ:VCNX;STOCK;VACCINEX INC.
VCSA;NASDAQ:VCSA;STOCK;VACASA INC.
VEEV;NYSE:VEEV;STOCK;VEEVA SYSTEMS INC. CL A
VERB;NASDAQ:VERB;STOCK;VERB TECHNOLOGY COMPANY INC.
VERI;NASDAQ:VERI;STOCK;VERITONE INC.
VERU;NASDAQ:VERU;STOCK;VERU INC.
VET;NYSE:VET;STOCK;VERMILION ENERGY INC.
VFC;NYSE:VFC;STOCK;VF CORP.
VFF;NASDAQ:VFF;STOCK;VILLAGE FARMS INTERNATIONAL INC.
VGR;NYSE:VGR;STOCK;VECTOR GROUP LTD.
VHI;NYSE:VHI;STOCK;VALHI INC.
VIA;NASDAQ:VIA;STOCK;VIA RENEWABLES INC.
VICR;NASDAQ:VICR;STOCK;VICOR CORPORATION
VIK;NYSE:VIK;STOCK;VIKING HOLDINGS LTD
VINP;NASDAQ:VINP;STOCK;VINCI PARTNERS INVESTMENTS LTD.
VIPS;NYSE:VIPS;STOCK;VIPSHOP HOLDINGS LIMITED
VIRT;NASDAQ:VIRT;STOCK;VIRTU FINANCIAL INC.
VIST;NYSE:VIST;STOCK;VISTA ENERGY S.A.B. DE C.V.
VIV;NYSE:VIV;STOCK;TELEFONICA BRASIL S.A.
VIZC;OTCMKTS:VIZC;STOCK;VIZCONNECT INC.
VKTX;NASDAQ:VKTX;STOCK;VIKING THERAPEUTICS INC.
VLD;NYSE:VLD;STOCK;VELO3D INC.
VLN;NYSE:VLN;STOCK;VALENS SEMICONDUCTOR LTD.
VLO;NYSE:VLO;STOCK;VALERO ENERGY CORP.
VLTO;NYSE:VLTO;STOCK;VERALTO CORPORATION
VLY;NASDAQ:VLY;STOCK;VALLEY NATIONAL BANCORP
VMEO;NASDAQ:VMEO;STOCK;VIMEO INC.
VMRSF;OTCMKTS:VMRSF;STOCK;VIMY RESOURCES LTD
VMW;NYSE:VMW;STOCK;VMWARE INC.
VNCE;NYSE:VNCE;STOCK;VINCE HOLDING CORP.
VNOM;NASDAQ:VNOM;STOCK;VIPER ENERGY INC
VNT;NYSE:VNT;STOCK;VONTIER CORPORATION
VNTH;OTCMKTS:VNTH;STOCK;NANO MOBILE HEALTHCARE INC.
VOC;NYSE:VOC;STOCK;VOC ENERGY TRUST
VOD;NASDAQ:VOD;STOCK;VODAFONE GROUP PLC
VORB;NASDAQ:VORB;STOCK;VIRGIN ORBIT HOLDINGS INC.
VRNT;NASDAQ:VRNT;STOCK;VERINT SYSTEMS INC
VRSK;NASDAQ:VRSK;STOCK;VERISK ANALYTICS INC
VRSN;NASDAQ:VRSN;STOCK;VERISIGN INC.
VRT;NYSE:VRT;STOCK;VERTIV HOLDINGS CO.
VRTS;NASDAQ:VRTS;STOCK;VIRTUS INVESTMENT PARTNERS INC.
VRTX;NASDAQ:VRTX;STOCK;VERTEX PHARMACEUTICALS INC
VSAT;NASDAQ:VSAT;STOCK;VIASAT INC.
VSCO;NYSE:VSCO;STOCK;VICTORIAS SECRET & CO.
VSH;NYSE:VSH;STOCK;VISHAY INTERTECHNOLOGY INC.
VST;NYSE:VST;STOCK;VISTRA CORP.
VSTA;NASDAQ:VSTA;STOCK;VASTA PLATFORM LTD. CL A
VSTM;NASDAQ:VSTM;STOCK;VERASTEM INC.
VTEX;NYSE:VTEX;STOCK;VTEX
VTNR;NASDAQ:VTNR;STOCK;VERTEX ENERGY INC.
VTRS;NASDAQ:VTRS;STOCK;VIATRIS INC.
VTS;NYSE:VTS;STOCK;VITESSE ENERGY INC.
VTSI;NASDAQ:VTSI;STOCK;VIRTRA INC.
VUZI;NASDAQ:VUZI;STOCK;VUZIX CORPORATION
VVI;NYSE:VVI;STOCK;VIAD CORP
VVPR;NASDAQ:VVPR;STOCK;VIVOPOWER INTERNATIONAL PLC
VVV;NYSE:VVV;STOCK;VALVOLINE INC.
VVX;NYSE:VVX;STOCK;V2X INC.
VWAPY;OTCMKTS:VWAPY;STOCK;VOLKSWAGEN AG
VWE;NASDAQ:VWE;STOCK;VINTAGE WINE ESTATES INC.
VXRT;NASDAQ:VXRT;STOCK;VAXART INC.
VYGR;NASDAQ:VYGR;STOCK;VOYAGER THERAPEUTICS INC.
VYGVF;OTCMKTS:VYGVF;STOCK;VOYAGER DIGITAL LTD.
VYNT;NASDAQ:VYNT;STOCK;VYANT BIO INC.
VZ;NYSE:VZ;STOCK;VERIZON COMMUNICATIONS INC
WABC;NASDAQ:WABC;STOCK;WESTAMERICA BANCORPORATION
WAFD;NASDAQ:WAFD;STOCK;WASHINGTON FEDERAL INC.
WAFU;NASDAQ:WAFU;STOCK;WAH FU EDUCATION GROUP LIMITED
WAL;NYSE:WAL;STOCK;WESTERN ALLIANCE BANCORPORATION
WALD;NASDAQ:WALD;STOCK;WALDENCAST ACQUISITION CORP.
WAT;NYSE:WAT;STOCK;WATERS CORPORATION
WAVD;NASDAQ:WAVD;STOCK;WAVEDANCER INC.
WB;NASDAQ:WB;STOCK;WEIBO CORP. ADR
WBA;NASDAQ:WBA;STOCK;WALGREENS BOOTS ALLIANCE INC
WBD;NASDAQ:WBD;STOCK;DISCOVERY INC
WBS;NYSE:WBS;STOCK;WEBSTER FINANCIAL CORP.
WBX;NYSE:WBX;STOCK;WALLBOX N.V.
WD;NYSE:WD;STOCK;WALKER & DUNLOP INC.
WDAY;NASDAQ:WDAY;STOCK;WORKDAY INC
WDC;NASDAQ:WDC;STOCK;WESTERN DIGITAL CORP
WDFC;NASDAQ:WDFC;STOCK;WD-40 COMPANY
WDS;NYSE:WDS;STOCK;WOODSIDE ENERGY GROUP LTD
WEAV;NYSE:WEAV;STOCK;WEAVE COMMUNICATIONS INC.
WEC;NYSE:WEC;STOCK;WEC ENERGY GROUP INC.
WEGZY;OTCMKTS:WEGZY;STOCK;WEG S.A.
WEJO;NASDAQ:WEJO;STOCK;WEJO GROUP LIMITED
WEN;NASDAQ:WEN;STOCK;THE WENDYS COMPANY
WERN;NASDAQ:WERN;STOCK;WERNER ENTERPRISES INC.
WES;NYSE:WES;STOCK;WESTERN MIDSTREAM PARTNERS L.P.
WEYS;NASDAQ:WEYS;STOCK;WEYCO GROUP INC.
WFC;NYSE:WFC;STOCK;WELLS FARGO & CO
WFC-Q;NYSE:WFC-Q;STOCK;WELLS FARGO & CO. DEP. PFD. (REP. 1/1000TH PERP. CL A PFD. SERIES Q)
WFG;NYSE:WFG;STOCK;WEST FRASER TIMBER CO. LTD.
WFRD;NASDAQ:WFRD;STOCK;WEATHERFORD INTERNATIONAL PLC
WGO;NYSE:WGO;STOCK;WINNEBAGO INDUSTRIES INC.
WGS;NASDAQ:WGS;STOCK;GENEDX HOLDINGS CORP
WHR;NYSE:WHR;STOCK;WHIRLPOOL CORPORATION
WILC;NASDAQ:WILC;STOCK;G. WILLI-FOOD INTERNATIONAL LTD.
WING;NASDAQ:WING;STOCK;WINGSTOP INC.
WIRE;NASDAQ:WIRE;STOCK;ENCORE WIRE CORP.
WISA;NASDAQ:WISA;STOCK;SUMMIT WIRELESS TECHNOLOGIES INC.
WISH;NASDAQ:WISH;STOCK;CONTEXTLOGIC INC.
WIX;NASDAQ:WIX;STOCK;WIX.COM LTD.
WK;NYSE:WK;STOCK;WORKIVA INC.
WKHS;NASDAQ:WKHS;STOCK;WORKHORSE GROUP INC.
WLDN;NASDAQ:WLDN;STOCK;WILLDAN GROUP INC.
WLKP;NYSE:WLKP;STOCK;WESTLAKE CHEMICAL PARTNERS LP
WLY;NYSE:WLY;STOCK;JOHN WILEY & SONS INC.
WLYB;NYSE:WLYB;STOCK;JOHN WILEY & SONS INC.
WM;NYSE:WM;STOCK;WASTE MANAGEMENT INC.
WMB;NYSE:WMB;STOCK;THE WILLIAMS COMPANIES INC.
WMT;NYSE:WMT;STOCK;WALMART INC
WNC;NYSE:WNC;STOCK;WABASH NATIONAL CORP.
WNS;NYSE:WNS;STOCK;WNS
WOLF;NASDAQ:WOLF;STOCK;WOLFSPEED INC.
WOOF;NASDAQ:WOOF;STOCK;PETCO HEALTH AND WELLNESS COMPANY INC.
WORX;NASDAQ:WORX;STOCK;SCWORX CORP.
WPM;NYSE:WPM;STOCK;WHEATON PRECIOUS METALS CORP.
WPP;NYSE:WPP;STOCK;WPP PLC
WPRT;NASDAQ:WPRT;STOCK;WESTPORT FUEL SYSTEMS INC.
WRK;NYSE:WRK;STOCK;WESTROCK CO.
WSM;NYSE:WSM;STOCK;WILLIAMS-SONOMA INC.
WSO;NYSE:WSO;STOCK;WATSCO INC.
WST;NYSE:WST;STOCK;WEST PHARMACEUTICAL SERVICES INC.
WTER;NASDAQ:WTER;STOCK;ALKALINE WATER COMPANY INC.
WTFC;NASDAQ:WTFC;STOCK;WINTRUST FINANCIAL CORP.
WTI;NYSE:WTI;STOCK;WT OFFSHORE INC.
WTRG;NYSE:WTRG;STOCK;ESSENTIAL UTILITIES INC.
WTRH;NASDAQ:WTRH;STOCK;WAITR HOLDINGS INC.
WTW;NASDAQ:WTW;STOCK;WILLIS TOWERS WATSON PUBLIC LIMITED COMPANY
WU;NYSE:WU;STOCK;THE WESTERN UNION COMPANY
WULF;NASDAQ:WULF;STOCK;TERAWULF INC.
WVE;NASDAQ:WVE;STOCK;WAVE LIFE SCIENCES LTD.
WW;NASDAQ:WW;STOCK;WW INTERNATIONAL INC.
WWR;NASDAQ:WWR;STOCK;WESTWATER RESOURCES INC.
WYNN;NASDAQ:WYNN;STOCK;WYNN RESORTS LTD
X;NYSE:X;STOCK;UNITED STATES STEEL CORP.
XBIO;NASDAQ:XBIO;STOCK;XENETIC BIOSCIENCES INC.
XBIT;NASDAQ:XBIT;STOCK;XBIOTECH INC.
XELA;NASDAQ:XELA;STOCK;EXELA TECHNOLOGIES INC.
XERS;NASDAQ:XERS;STOCK;XERIS PHARMACEUTICALS INC.
XFLT;NYSE:XFLT;STOCK;XAI OCTAGON FLOATING RATE & ALTERNATIVE INCOME TERM TRUST
XFOR;NASDAQ:XFOR;STOCK;X4 PHARMACEUTICALS INC.
XOM;NYSE:XOM;STOCK;EXXON MOBIL CORP
XOS;NASDAQ:XOS;STOCK;XOS INC.
XP;NASDAQ:XP;STOCK;XP INC.
XPEL;NASDAQ:XPEL;STOCK;XPEL INC.
XPER;NASDAQ:XPER;STOCK;XPERI CORP.
XPEV;NYSE:XPEV;STOCK;XPENG INC.
XPRO;NYSE:XPRO;STOCK;EXPRO GROUP HOLDINGS N.V.
XRAY;NASDAQ:XRAY;STOCK;DENTSPLY SIRONA INC
XRX;NYSE:XRX;STOCK;XEROX HOLDINGS CORP.
XYL;NYSE:XYL;STOCK;XYLEM INC.
XYZ;NYSE:XYZ;STOCK;BLOCK INC
YMM;NYSE:YMM;STOCK;FULL TRUCK ALLIANCE CO. LTD.
YPF;NYSE:YPF;STOCK;YACIMIENTOS PETROLIFEROS FISCALES
YRD;NYSE:YRD;STOCK;YIREN DIGITAL LTD.
YUM;NYSE:YUM;STOCK;YUM! BRANDS INC.
YUMC;NYSE:YUMC;STOCK;YUM CHINA HOLDINGS INC.
YY;NASDAQ:YY;STOCK;YY INC
Z;NASDAQ:Z;STOCK;ZILLOW GROUP INC.
ZBRA;NASDAQ:ZBRA;STOCK;ZEBRA TECHNOLOGIES CORPORATION
ZC;CBOT:ZC;STOCK;CORN FUTURES
ZD;NASDAQ:ZD;STOCK;ZIFF DAVIS INC.
ZENV;NASDAQ:ZENV;STOCK;ZENVIA INC.
ZEPP;NYSE:ZEPP;STOCK;ZEPP HEALTH CORP.
ZEV;NYSE:ZEV;STOCK;LIGHTNING EMOTORS INC
ZGN;NYSE:ZGN;STOCK;ERMENEGILDO ZEGNA N.V.
ZI;NASDAQ:ZI;STOCK;ZOOMINFO TECHNOLOGIES INC.
ZIM;NYSE:ZIM;STOCK;ZIM INTEGRATED SHIPPING SERVICES LTD.
ZION;NASDAQ:ZION;STOCK;ZIONS BANCORP N.A.
ZM;NASDAQ:ZM;STOCK;ZOOM VIDEO COMMUNICATIONS INC.
ZOM;NYSEAMERICAN:ZOM;STOCK;ZOMEDICA CORP.
ZS;NASDAQ:ZS;STOCK;ZSCALER INC.
ZS;CBOT:ZS;STOCK;SOYBEAN FUTURES
ZTO;NYSE:ZTO;STOCK;ZTO EXPRESS (CAYMAN) INC. ADR
ZTR;NYSE:ZTR;STOCK;VIRTUS TOTAL RETURN FUND INC.
ZTS;NYSE:ZTS;STOCK;ZOETIS INC
ZUMZ;NASDAQ:ZUMZ;STOCK;ZUMIEZ INC.
ZW;CBOT:ZW;STOCK;WHEAT FUTURES
ZWS;NYSE:ZWS;STOCK;ZURN ELKAY WATER SOLUTIONS CORPORATION
ZYME;NASDAQ:ZYME;STOCK;ZYMEWORKS INC
ZYNE;NASDAQ:ZYNE;STOCK;ZYNERBA PHARMACEUTICALS INC.