Date,Close
2003-01-06,1000.0
2003-01-07,977.82
2003-01-08,979.4
2003-01-09,991.45
2003-01-10,993.06
2003-01-13,983.66
2003-01-14,985.42
2003-01-15,982.62
2003-01-16,985.7
2003-01-17,977.75
2003-01-20,978.56
2003-01-21,971.48
2003-01-22,963.53
2003-01-23,962.04
2003-01-24,941.54
2003-01-27,929.43
2003-01-28,927.22
2003-01-29,947.03
2003-01-30,941.59
2003-01-31,957.11
2003-02-03,
2003-02-04,
2003-02-05,
2003-02-06,
2003-02-07,
2003-02-10,
2003-02-11,
2003-02-12,
2003-02-13,
2003-02-14,
2003-02-17,
2003-02-18,
2003-02-19,
2003-02-20,
2003-02-21,
2003-02-24,
2003-02-25,
2003-02-26,
2003-02-27,
2003-02-28,
2003-03-05,
2003-03-06,
2003-03-07,
2003-03-10,
2003-03-11,
2003-03-12,
2003-03-13,
2003-03-14,
2003-03-17,
2003-03-18,
2003-03-19,
2003-03-20,
2003-03-21,
2003-03-24,
2003-03-25,
2003-03-26,
2003-03-27,
2003-03-28,
2003-03-31,
2003-04-01,985.8
2003-04-02,994.7
2003-04-03,1003.85
2003-04-04,1000.24
2003-04-07,996.07
2003-04-08,987.88
2003-04-09,997.27
2003-04-10,997.58
2003-04-11,997.91
2003-04-14,998.68
2003-04-15,1008.75
2003-04-16,1010.13
2003-04-17,1017.68
2003-04-22,1016.5
2003-04-23,1011.68
2003-04-24,999.5
2003-04-25,999.28
2003-04-28,1006.04
2003-04-29,1013.27
2003-04-30,1020.55
2003-05-02,1037.14
2003-05-05,1046.33
2003-05-06,1042.77
2003-05-07,1060.6
2003-05-08,1056.63
2003-05-09,1073.39
2003-05-12,1067.78
2003-05-13,1061.41
2003-05-14,1059.04
2003-05-15,1048.3
2003-05-16,1053.49
2003-05-19,1034.91
2003-05-20,1030.62
2003-05-21,1043.46
2003-05-22,1046.32
2003-05-23,1046.07
2003-05-26,1032.71
2003-05-27,1054.33
2003-05-28,1063.72
2003-05-29,1065.91
2003-05-30,1068.68
2003-06-02,1063.23
2003-06-03,1068.98
2003-06-04,1082.44
2003-06-05,1080.62
2003-06-06,1088.69
2003-06-09,1083.48
2003-06-10,1073.75
2003-06-11,1070.42
2003-06-12,1080.94
2003-06-13,1078.0
2003-06-16,1085.84
2003-06-17,1085.0
2003-06-18,1067.96
2003-06-20,1047.88
2003-06-23,1047.78
2003-06-24,1056.65
2003-06-25,1055.84
2003-06-26,1072.19
2003-06-27,1073.25
2003-06-30,1061.93
2003-07-01,1077.71
2003-07-02,1075.95
2003-07-03,1073.93
2003-07-04,1088.08
2003-07-07,1102.09
2003-07-08,1112.0
2003-07-10,1106.91
2003-07-11,1097.67
2003-07-14,1111.22
2003-07-15,1107.48
2003-07-16,1099.15
2003-07-17,1103.9
2003-07-18,1109.85
2003-07-21,1110.83
2003-07-22,1121.55
2003-07-23,1129.33
2003-07-24,1132.53
2003-07-25,1148.28
2003-07-28,1154.29
2003-07-29,1153.91
2003-07-30,1142.45
2003-07-31,1150.83
2003-08-01,1136.62
2003-08-04,1122.89
2003-08-05,1125.77
2003-08-06,1113.13
2003-08-07,1136.73
2003-08-08,1151.85
2003-08-11,1149.43
2003-08-12,1163.99
2003-08-13,1175.78
2003-08-14,1192.01
2003-08-15,1194.34
2003-08-18,1209.0
2003-08-19,1212.34
2003-08-20,1229.51
2003-08-21,1243.89
2003-08-22,1241.1
2003-08-25,1236.58
2003-08-26,1261.69
2003-08-27,1279.36
2003-08-28,1277.76
2003-08-29,1287.84
2003-09-01,1308.2
2003-09-02,1314.85
2003-09-03,1330.17
2003-09-04,1332.82
2003-09-05,1345.69
2003-09-08,1344.54
2003-09-09,1310.69
2003-09-10,1317.46
2003-09-11,1330.55
2003-09-12,1326.47
2003-09-15,1316.3
2003-09-16,1321.14
2003-09-17,1328.31
2003-09-18,1348.55
2003-09-19,1341.89
2003-09-22,1323.63
2003-09-23,1311.95
2003-09-24,1286.86
2003-09-25,1264.69
2003-09-26,1258.19
2003-09-29,1278.94
2003-09-30,1271.78
2003-10-01,1320.75
2003-10-02,1344.93
2003-10-03,1366.03
2003-10-06,1371.85
2003-10-07,1374.56
2003-10-08,1388.55
2003-10-09,1379.32
2003-10-10,1373.8
2003-10-13,1397.57
2003-10-14,1389.55
2003-10-15,1373.57
2003-10-16,1375.64
2003-10-17,1370.91
2003-10-20,1392.4
2003-10-21,1393.11
2003-10-22,1379.36
2003-10-23,1347.81
2003-10-24,1359.38
2003-10-27,1361.68
2003-10-28,1371.25
2003-10-29,1357.86
2003-10-30,1366.45
2003-10-31,1364.85
2003-11-03,1392.31
2003-11-04,1394.27
2003-11-05,1382.27
2003-11-06,1377.18
2003-11-07,1383.34
2003-11-10,1364.69
2003-11-11,1361.37
2003-11-12,1383.27
2003-11-13,1380.76
2003-11-14,1395.23
2003-11-17,1372.23
2003-11-18,1379.06
2003-11-19,1376.76
2003-11-20,1392.3
2003-11-21,1398.55
2003-11-24,1416.93
2003-11-25,1424.64
2003-11-26,1428.68
2003-11-27,1448.59
2003-11-28,1467.65
2003-12-01,1491.57
2003-12-02,1493.72
2003-12-03,1501.03
2003-12-04,1501.71
2003-12-05,1525.23
2003-12-08,1535.08
2003-12-09,1554.9
2003-12-10,1535.73
2003-12-11,1553.9
2003-12-12,1551.26
2003-12-15,1543.7
2003-12-16,1535.24
2003-12-17,1562.22
2003-12-18,1603.36
2003-12-19,1613.45
2003-12-22,1655.09
2003-12-23,1655.74
2003-12-26,1654.11
2003-12-29,1676.34
2003-12-30,1697.4
2004-01-02,1728.17
2004-01-05,1797.77
2004-01-06,1798.13
2004-01-07,1788.73
2004-01-08,1807.04
2004-01-09,1809.78
2004-01-12,1825.86
2004-01-13,1810.81
2004-01-14,1768.81
2004-01-15,1741.86
2004-01-16,1755.09
2004-01-19,1771.04
2004-01-20,1791.57
2004-01-21,1759.47
2004-01-22,1747.91
2004-01-23,1781.49
2004-01-26,1831.93
2004-01-27,1837.53
2004-01-28,1805.23
2004-01-29,1713.25
2004-01-30,1691.81
2004-02-02,1697.68
2004-02-03,1716.15
2004-02-04,1683.91
2004-02-05,1646.98
2004-02-06,1687.54
2004-02-09,1689.88
2004-02-10,1704.07
2004-02-11,1765.6
2004-02-12,1761.61
2004-02-13,1730.39
2004-02-16,1703.96
2004-02-17,1735.07
2004-02-18,1730.32
2004-02-19,1661.28
2004-02-20,1674.15
2004-02-25,1693.38
2004-02-26,1674.54
2004-02-27,1707.16
2004-03-01,1759.48
2004-03-02,1748.34
2004-03-03,1740.95
2004-03-04,1731.68
2004-03-05,1746.21
2004-03-08,1730.82
2004-03-09,1696.23
2004-03-10,1634.81
2004-03-11,1581.72
2004-03-12,1634.85
2004-03-15,1594.35
2004-03-16,1612.61
2004-03-17,1646.38
2004-03-18,1667.13
2004-03-19,1658.39
2004-03-22,1619.55
2004-03-23,1605.74
2004-03-24,1585.7
2004-03-25,1583.79
2004-03-26,1617.47
2004-03-29,1615.43
2004-03-30,1649.99
2004-03-31,1651.98
2004-04-01,1680.14
2004-04-02,1696.37
2004-04-05,1704.53
2004-04-06,1703.88
2004-04-07,1664.97
2004-04-08,1668.15
2004-04-12,1673.52
2004-04-13,1659.72
2004-04-14,1638.37
2004-04-15,1609.8
2004-04-16,1606.42
2004-04-19,1596.6
2004-04-20,1563.41
2004-04-22,1567.41
2004-04-23,1579.66
2004-04-26,1556.3
2004-04-27,1558.26
2004-04-28,1507.56
2004-04-29,1469.4
2004-04-30,1446.27
2004-05-03,1457.56
2004-05-04,1475.94
2004-05-05,1470.25
2004-05-06,1423.91
2004-05-07,1410.44
2004-05-10,1362.5
2004-05-11,1418.68
2004-05-12,1411.9
2004-05-13,1431.77
2004-05-14,1438.04
2004-05-17,1401.65
2004-05-18,1429.62
2004-05-19,1444.89
2004-05-20,1427.3
2004-05-21,1439.38
2004-05-24,1453.04
2004-05-25,1472.6
2004-05-26,1495.25
2004-05-27,1526.2
2004-05-28,1528.38
2004-05-31,1519.34
2004-06-01,1527.63
2004-06-02,1538.57
2004-06-03,1520.03
2004-06-04,1541.43
2004-06-07,1587.71
2004-06-08,1577.57
2004-06-09,1540.51
2004-06-11,1545.94
2004-06-14,1518.63
2004-06-15,1550.38
2004-06-16,1562.16
2004-06-17,1554.13
2004-06-18,1558.81
2004-06-21,1552.83
2004-06-22,1538.33
2004-06-23,1564.85
2004-06-24,1556.18
2004-06-25,1565.26
2004-06-28,1552.19
2004-06-29,1579.07
2004-06-30,1605.55
2004-07-01,1632.95
2004-07-02,1641.55
2004-07-05,1645.24
2004-07-06,1615.26
2004-07-07,1608.04
2004-07-08,1597.6
2004-07-12,1641.46
2004-07-13,1647.39
2004-07-14,1650.1
2004-07-15,1676.46
2004-07-16,1695.07
2004-07-19,1671.18
2004-07-20,1670.3
2004-07-21,1637.42
2004-07-22,1600.02
2004-07-23,1597.07
2004-07-26,1590.85
2004-07-27,1620.35
2004-07-28,1647.52
2004-07-29,1649.66
2004-07-30,1648.94
2004-08-02,1654.46
2004-08-03,1654.39
2004-08-04,1638.35
2004-08-05,1598.12
2004-08-06,1609.66
2004-08-09,1593.5
2004-08-10,1634.04
2004-08-11,1624.61
2004-08-12,1632.74
2004-08-13,1627.28
2004-08-16,1654.99
2004-08-17,1671.53
2004-08-18,1715.56
2004-08-19,1725.0
2004-08-20,1734.45
2004-08-23,1707.26
2004-08-24,1706.57
2004-08-25,1718.39
2004-08-26,1689.64
2004-08-27,1687.55
2004-08-30,1695.93
2004-08-31,1689.2
2004-09-01,1685.94
2004-09-02,1702.15
2004-09-03,1686.44
2004-09-06,1690.05
2004-09-08,1700.12
2004-09-09,1694.1
2004-09-10,1675.1
2004-09-13,1675.44
2004-09-14,1705.02
2004-09-15,1700.27
2004-09-16,1731.69
2004-09-17,1740.42
2004-09-20,1740.06
2004-09-21,1739.4
2004-09-22,1720.07
2004-09-23,1724.95
2004-09-24,1724.74
2004-09-27,1710.17
2004-09-28,1734.07
2004-09-29,1737.95
2004-09-30,1746.19
2004-10-01,1793.59
2004-10-04,1808.7
2004-10-05,1807.58
2004-10-06,1798.28
2004-10-07,1794.73
2004-10-08,1795.49
2004-10-11,1801.31
2004-10-13,1773.64
2004-10-14,1760.65
2004-10-15,1789.5
2004-10-18,1791.49
2004-10-19,1765.43
2004-10-20,1767.93
2004-10-21,1795.55
2004-10-22,1792.5
2004-10-25,1792.14
2004-10-26,1799.95
2004-10-27,1809.02
2004-10-28,1807.24
2004-10-29,1820.04
2004-11-01,1824.09
2004-11-03,1838.7
2004-11-04,1855.24
2004-11-05,1843.89
2004-11-08,1822.71
2004-11-09,1830.12
2004-11-10,1855.48
2004-11-11,1843.07
2004-11-12,1864.07
2004-11-16,1845.97
2004-11-17,1868.58
2004-11-18,1849.88
2004-11-19,1841.31
2004-11-22,1859.67
2004-11-23,1853.06
2004-11-24,1867.14
2004-11-25,1887.59
2004-11-26,1899.4
2004-11-29,1899.43
2004-11-30,1909.35
2004-12-01,1928.38
2004-12-02,1935.76
2004-12-03,1956.3
2004-12-06,1993.23
2004-12-07,1971.27
2004-12-08,1982.0
2004-12-09,1956.13
2004-12-10,1992.07
2004-12-13,2017.89
2004-12-14,2040.04
2004-12-15,2014.66
2004-12-16,2033.09
2004-12-17,2016.16
2004-12-20,2006.67
2004-12-21,2036.62
2004-12-22,2025.74
2004-12-23,2049.57
2004-12-27,2047.83
2004-12-28,2066.74
2004-12-29,2065.45
2004-12-30,2056.03
2005-01-03,2055.01
2005-01-04,1999.04
2005-01-05,1977.03
2005-01-06,1957.27
2005-01-07,1979.06
2005-01-10,1946.86
2005-01-11,1947.48
2005-01-12,1939.16
2005-01-13,1955.47
2005-01-14,1963.92
2005-01-17,1929.18
2005-01-18,1909.88
2005-01-19,1923.94
2005-01-20,1878.54
2005-01-21,1886.24
2005-01-24,1907.67
2005-01-26,1925.81
2005-01-27,1895.74
2005-01-28,1887.75
2005-01-31,1914.61
2005-02-01,1905.71
2005-02-02,1942.98
2005-02-03,1965.7
2005-02-04,2032.09
2005-02-09,2073.84
2005-02-10,2076.26
2005-02-11,2093.84
2005-02-14,2092.13
2005-02-15,2101.2
2005-02-16,2059.63
2005-02-17,2092.05
2005-02-18,2066.21
2005-02-21,2071.03
2005-02-22,2070.95
2005-02-23,2098.96
2005-02-24,2190.38
2005-02-25,2174.01
2005-02-28,2136.34
2005-03-01,2128.39
2005-03-02,2150.73
2005-03-03,2191.51
2005-03-04,2222.62
2005-03-07,2246.78
2005-03-08,2229.24
2005-03-09,2195.89
2005-03-10,2205.38
2005-03-11,2176.58
2005-03-14,2169.45
2005-03-15,2128.05
2005-03-16,2137.73
2005-03-17,2159.35
2005-03-18,2125.87
2005-03-21,2101.98
2005-03-22,2056.22
2005-03-23,2016.78
2005-03-24,2056.85
2005-03-28,2026.85
2005-03-29,1987.32
2005-03-30,2023.19
2005-03-31,2036.0
2005-04-01,2036.49
2005-04-04,2012.36
2005-04-05,1990.49
2005-04-06,1969.12
2005-04-07,2005.59
2005-04-08,1982.55
2005-04-11,1983.74
2005-04-12,2002.67
2005-04-13,1992.02
2005-04-14,1919.26
2005-04-15,1897.71
2005-04-18,1906.46
2005-04-19,1936.7
2005-04-20,1904.24
2005-04-22,1885.79
2005-04-25,1918.57
2005-04-26,1934.24
2005-04-27,1926.75
2005-04-28,1884.98
2005-04-29,1891.16
2005-05-02,1907.21
2005-05-03,1908.79
2005-05-04,1966.54
2005-05-05,1951.94
2005-05-06,1972.39
2005-05-09,1972.85
2005-05-10,1935.27
2005-05-11,1917.9
2005-05-12,1872.22
2005-05-13,1868.45
2005-05-16,1905.87
2005-05-17,1903.28
2005-05-18,1936.02
2005-05-19,1931.32
2005-05-20,1909.98
2005-05-23,1889.74
2005-05-24,1905.33
2005-05-25,1900.19
2005-05-27,1946.95
2005-05-30,1951.29
2005-05-31,1932.62
2005-06-01,1984.06
2005-06-02,2034.89
2005-06-03,2040.03
2005-06-06,2002.88
2005-06-07,1976.34
2005-06-08,1963.01
2005-06-09,1957.14
2005-06-10,1977.52
2005-06-13,1974.61
2005-06-14,2032.01
2005-06-15,2016.29
2005-06-16,2029.08
2005-06-17,2046.45
2005-06-20,2047.02
2005-06-21,2021.89
2005-06-22,2017.7
2005-06-23,1978.15
2005-06-24,1983.01
2005-06-27,2000.51
2005-06-28,2008.76
2005-06-29,2002.18
2005-06-30,1999.64
2005-07-01,2012.82
2005-07-04,1987.96
2005-07-05,1973.65
2005-07-06,1967.07
2005-07-07,1958.79
2005-07-08,1955.22
2005-07-11,1982.25
2005-07-12,1998.82
2005-07-13,2026.19
2005-07-14,2027.39
2005-07-15,1989.31
2005-07-18,1992.59
2005-07-19,1992.29
2005-07-20,2008.02
2005-07-21,2021.29
2005-07-22,1997.46
2005-07-25,1952.5
2005-07-26,1968.06
2005-07-27,2007.29
2005-07-28,2052.28
2005-07-29,2033.34
2005-08-01,2048.52
2005-08-02,2081.18
2005-08-03,2065.62
2005-08-04,2043.33
2005-08-05,2034.41
2005-08-08,2050.97
2005-08-09,2097.97
2005-08-10,2098.31
2005-08-11,2080.46
2005-08-12,2106.48
2005-08-15,2140.31
2005-08-16,2127.17
2005-08-17,2154.82
2005-08-18,2124.76
2005-08-19,2109.52
2005-08-22,2145.29
2005-08-23,2111.3
2005-08-24,2115.2
2005-08-25,2152.09
2005-08-26,2130.81
2005-08-29,2144.99
2005-08-30,2147.16
2005-08-31,2179.87
2005-09-01,2186.25
2005-09-02,2210.89
2005-09-05,2220.42
2005-09-06,2262.81
2005-09-08,2257.49
2005-09-09,2290.07
2005-09-12,2282.12
2005-09-13,2267.79
2005-09-14,2271.81
2005-09-15,2265.82
2005-09-16,2275.56
2005-09-19,2292.63
2005-09-20,2316.01
2005-09-21,2342.88
2005-09-22,2328.26
2005-09-23,2362.74
2005-09-26,2354.21
2005-09-27,2328.01
2005-09-28,2372.68
2005-09-29,2367.16
2005-09-30,2406.24
2005-10-03,2435.61
2005-10-04,2429.35
2005-10-05,2351.5
2005-10-06,2273.77
2005-10-07,2310.51
2005-10-10,2313.27
2005-10-11,2331.94
2005-10-13,2259.65
2005-10-14,2272.46
2005-10-17,2328.95
2005-10-18,2253.45
2005-10-19,2239.16
2005-10-20,2205.91
2005-10-21,2265.8
2005-10-24,2312.41
2005-10-25,2279.3
2005-10-26,2309.11
2005-10-27,2270.59
2005-10-28,2283.53
2005-10-31,2354.8
2005-11-01,2391.45
2005-11-03,2376.25
2005-11-04,2371.85
2005-11-07,2387.96
2005-11-08,2393.35
2005-11-09,2381.23
2005-11-10,2383.94
2005-11-11,2370.89
2005-11-14,2363.3
2005-11-16,2394.89
2005-11-17,2426.7
2005-11-18,2420.83
2005-11-21,2425.01
2005-11-22,2468.79
2005-11-23,2510.01
2005-11-24,2504.31
2005-11-25,2501.23
2005-11-28,2470.06
2005-11-29,2478.89
2005-11-30,2493.16
2005-12-01,2552.75
2005-12-02,2569.64
2005-12-05,2564.53
2005-12-06,2588.7
2005-12-07,2545.3
2005-12-08,2518.99
2005-12-09,2545.54
2005-12-12,2553.41
2005-12-13,2578.33
2005-12-14,2601.24
2005-12-15,2585.79
2005-12-16,2596.04
2005-12-19,2586.8
2005-12-20,2573.2
2005-12-21,2609.38
2005-12-22,2605.72
2005-12-23,2599.31
2005-12-26,2584.53
2005-12-27,2602.37
2005-12-28,2593.74
2005-12-29,2604.28
2006-01-02,2590.59
2006-01-03,2655.5
2006-01-04,2682.77
2006-01-05,2668.84
2006-01-06,2713.28
2006-01-09,2685.55
2006-01-10,2680.77
2006-01-11,2729.1
2006-01-12,2728.9
2006-01-13,2747.95
2006-01-16,2783.7
2006-01-17,2745.08
2006-01-18,2728.67
2006-01-19,2808.12
2006-01-20,2780.78
2006-01-23,2769.03
2006-01-24,2814.53
2006-01-26,2847.12
2006-01-27,2826.31
2006-01-30,2836.7
2006-01-31,2855.87
2006-02-01,2854.55
2006-02-02,2784.49
2006-02-03,2767.74
2006-02-06,2787.42
2006-02-07,2755.28
2006-02-08,2747.53
2006-02-09,2784.77
2006-02-10,2817.81
2006-02-13,2777.8
2006-02-14,2794.75
2006-02-15,2823.96
2006-02-16,2899.99
2006-02-17,2900.3
2006-02-20,2909.71
2006-02-21,2904.51
2006-02-22,2893.8
2006-02-23,2885.21
2006-02-24,2912.91
2006-03-01,2955.62
2006-03-02,2941.97
2006-03-03,2948.54
2006-03-06,2904.34
2006-03-07,2853.35
2006-03-08,2834.82
2006-03-09,2767.34
2006-03-10,2796.96
2006-03-13,2786.78
2006-03-14,2838.12
2006-03-15,2879.21
2006-03-16,2894.21
2006-03-17,2884.27
2006-03-20,2891.41
2006-03-21,2838.99
2006-03-22,2878.14
2006-03-23,2850.01
2006-03-24,2847.15
2006-03-27,2882.54
2006-03-28,2829.2
2006-03-29,2871.7
2006-03-30,2873.95
2006-03-31,2876.4
2006-04-03,2954.16
2006-04-04,2955.1
2006-04-05,2955.49
2006-04-06,2952.37
2006-04-07,2932.63
2006-04-10,2906.42
2006-04-11,2853.83
2006-04-12,2873.86
2006-04-13,2849.3
2006-04-17,2885.63
2006-04-18,2961.21
2006-04-19,3009.03
2006-04-20,2992.51
2006-04-24,2962.0
2006-04-25,2959.37
2006-04-26,3010.49
2006-04-27,2965.11
2006-04-28,2980.35
2006-05-02,3014.9
2006-05-03,3013.07
2006-05-04,3035.82
2006-05-05,3094.67
2006-05-08,3120.0
2006-05-09,3137.08
2006-05-10,3110.01
2006-05-11,3056.12
2006-05-12,3001.97
2006-05-15,2927.78
2006-05-16,2937.98
2006-05-17,2860.19
2006-05-18,2820.84
2006-05-19,2839.16
2006-05-22,2764.29
2006-05-23,2756.66
2006-05-24,2743.87
2006-05-25,2839.6
2006-05-26,2886.42
2006-05-29,2863.38
2006-05-30,2773.55
2006-05-31,2776.89
2006-06-01,2865.53
2006-06-02,2895.59
2006-06-05,2801.33
2006-06-06,2758.91
2006-06-07,2672.63
2006-06-08,2675.58
2006-06-09,2649.25
2006-06-12,2548.18
2006-06-13,2476.39
2006-06-14,2495.96
2006-06-16,2604.85
2006-06-19,2575.86
2006-06-20,2573.28
2006-06-21,2640.4
2006-06-22,2623.75
2006-06-23,2643.57
2006-06-26,2643.37
2006-06-27,2620.21
2006-06-28,2618.45
2006-06-29,2746.87
2006-06-30,2761.49
2006-07-03,2828.66
2006-07-04,2839.56
2006-07-05,2772.74
2006-07-06,2778.71
2006-07-07,2747.56
2006-07-10,2752.98
2006-07-11,2778.14
2006-07-12,2747.62
2006-07-13,2687.1
2006-07-14,2668.68
2006-07-17,2634.8
2006-07-18,2653.24
2006-07-19,2776.08
2006-07-20,2707.65
2006-07-21,2699.41
2006-07-24,2766.45
2006-07-25,2788.11
2006-07-26,2784.68
2006-07-27,2791.74
2006-07-28,2820.09
2006-07-31,2807.74
2006-08-01,2792.34
2006-08-02,2831.54
2006-08-03,2846.21
2006-08-04,2880.87
2006-08-07,2864.65
2006-08-08,2855.4
2006-08-09,2840.14
2006-08-10,2842.89
2006-08-11,2821.76
2006-08-14,2794.7
2006-08-15,2858.69
2006-08-16,2908.45
2006-08-17,2918.52
2006-08-18,2926.14
2006-08-21,2902.58
2006-08-22,2869.46
2006-08-23,2791.15
2006-08-24,2800.18
2006-08-25,2804.64
2006-08-28,2857.25
2006-08-29,2855.13
2006-08-30,2854.32
2006-08-31,2829.3
2006-09-01,2908.64
2006-09-04,2934.95
2006-09-05,2907.16
2006-09-06,2873.83
2006-09-08,2872.19
2006-09-11,2830.64
2006-09-12,2847.25
2006-09-13,2870.9
2006-09-14,2854.06
2006-09-15,2846.33
2006-09-18,2861.02
2006-09-19,2848.7
2006-09-20,2840.6
2006-09-21,2800.07
2006-09-22,2804.6
2006-09-25,2815.64
2006-09-26,2856.5
2006-09-27,2862.24
2006-09-28,2881.83
2006-09-29,2879.78
2006-10-02,2929.11
2006-10-03,2901.35
2006-10-04,2993.15
2006-10-05,3014.14
2006-10-06,2992.21
2006-10-09,3016.49
2006-10-10,3029.54
2006-10-11,3009.28
2006-10-13,3049.18
2006-10-16,3057.32
2006-10-17,3038.78
2006-10-18,3030.91
2006-10-19,3042.13
2006-10-20,3007.85
2006-10-23,3045.21
2006-10-24,3051.46
2006-10-25,3051.81
2006-10-26,3045.35
2006-10-27,3026.01
2006-10-30,3028.61
2006-10-31,3044.68
2006-11-01,3063.3
2006-11-03,3069.9
2006-11-06,3122.12
2006-11-07,3155.77
2006-11-08,3178.34
2006-11-09,3126.67
2006-11-10,3135.54
2006-11-13,3142.54
2006-11-14,3196.59
2006-11-16,3210.11
2006-11-17,3218.33
2006-11-21,3240.58
2006-11-22,3263.55
2006-11-23,3297.06
2006-11-24,3274.72
2006-11-27,3231.22
2006-11-28,3223.63
2006-11-29,3271.29
2006-11-30,3273.16
2006-12-01,3218.21
2006-12-04,3308.02
2006-12-05,3331.67
2006-12-06,3328.78
2006-12-07,3309.72
2006-12-08,3300.48
2006-12-11,3325.97
2006-12-12,3326.18
2006-12-13,3382.52
2006-12-14,3406.28
2006-12-15,3421.14
2006-12-18,3415.77
2006-12-19,3428.33
2006-12-20,3429.83
2006-12-21,3429.32
2006-12-22,3419.87
2006-12-26,3433.52
2006-12-27,3494.91
2006-12-28,3492.07
2007-01-02,3548.36
2007-01-03,3503.08
2007-01-04,3488.25
2007-01-05,3356.62
2007-01-08,3417.32
2007-01-09,3356.8
2007-01-10,3375.06
2007-01-11,3401.23
2007-01-12,3419.94
2007-01-15,3421.51
2007-01-16,3397.28
2007-01-17,3392.29
2007-01-18,3373.14
2007-01-19,3432.05
2007-01-22,3447.11
2007-01-23,3480.79
2007-01-24,3516.35
2007-01-26,3506.26
2007-01-29,3441.06
2007-01-30,3457.96
2007-01-31,3491.66
2007-02-01,3499.88
2007-02-02,3519.09
2007-02-05,3524.87
2007-02-06,3538.02
2007-02-07,3517.64
2007-02-08,3527.34
2007-02-09,3481.93
2007-02-12,3458.2
2007-02-13,3535.01
2007-02-14,3604.66
2007-02-15,3608.76
2007-02-16,3603.15
2007-02-21,3630.11
2007-02-22,3654.25
2007-02-23,3626.8
2007-02-26,3635.51
2007-02-27,3439.59
2007-02-28,3491.7
2007-03-01,3460.02
2007-03-02,3384.67
2007-03-05,3329.33
2007-03-06,3463.92
2007-03-07,3444.44
2007-03-08,3494.4
2007-03-09,3541.86
2007-03-12,3542.92
2007-03-13,3443.7
2007-03-14,3477.7
2007-03-15,3465.96
2007-03-16,3436.16
2007-03-19,3502.71
2007-03-20,3539.82
2007-03-21,3614.95
2007-03-22,3599.37
2007-03-23,3615.79
2007-03-26,3628.82
2007-03-27,3600.43
2007-03-28,3552.79
2007-03-29,3598.02
2007-03-30,3640.08
2007-04-02,3614.89
2007-04-03,3676.09
2007-04-04,3686.59
2007-04-05,3687.53
2007-04-09,3704.9
2007-04-10,3735.32
2007-04-11,3736.94
2007-04-12,3754.33
2007-04-13,3799.56
2007-04-16,3876.31
2007-04-17,3874.75
2007-04-18,3882.16
2007-04-19,3882.53
2007-04-20,3918.81
2007-04-23,3911.6
2007-04-24,3895.75
2007-04-25,3931.94
2007-04-26,3898.59
2007-04-27,3921.46
2007-04-30,3907.29
2007-05-02,3952.32
2007-05-03,4028.58
2007-05-04,4049.41
2007-05-07,4021.46
2007-05-08,4024.85
2007-05-09,4089.68
2007-05-10,4032.02
2007-05-11,4060.04
2007-05-14,4023.39
2007-05-15,4008.1
2007-05-16,4091.78
2007-05-17,4116.63
2007-05-18,4147.6
2007-05-21,4178.26
2007-05-22,4143.99
2007-05-23,4100.27
2007-05-24,4004.68
2007-05-25,4078.33
2007-05-28,4126.03
2007-05-29,4084.76
2007-05-30,4119.8
2007-05-31,4114.63
2007-06-01,4204.04
2007-06-04,4191.31
2007-06-05,4177.94
2007-06-06,4118.47
2007-06-08,4144.76
2007-06-11,4204.76
2007-06-12,4153.44
2007-06-13,4254.08
2007-06-14,4294.04
2007-06-15,4366.19
2007-06-18,4370.5
2007-06-19,4368.77
2007-06-20,4328.12
2007-06-21,4377.74
2007-06-22,4324.49
2007-06-25,4301.73
2007-06-26,4281.92
2007-06-27,4293.05
2007-06-28,4290.76
2007-06-29,4320.32
2007-07-02,4362.5
2007-07-03,4382.73
2007-07-04,4373.24
2007-07-05,4385.82
2007-07-06,4405.84
2007-07-10,4376.83
2007-07-11,4422.14
2007-07-12,4508.35
2007-07-13,4518.06
2007-07-16,4504.57
2007-07-17,4551.01
2007-07-18,4535.79
2007-07-19,4582.71
2007-07-20,4508.26
2007-07-23,4521.25
2007-07-24,4340.02
2007-07-25,4347.64
2007-07-26,4184.92
2007-07-27,4113.71
2007-07-30,4220.57
2007-07-31,4194.34
2007-08-01,4205.71
2007-08-02,4208.44
2007-08-03,4104.36
2007-08-06,4131.73
2007-08-07,4183.87
2007-08-08,4311.61
2007-08-09,4178.15
2007-08-10,4119.64
2007-08-13,4107.34
2007-08-14,4029.78
2007-08-15,3907.41
2007-08-16,3812.29
2007-08-17,3830.97
2007-08-20,3918.81
2007-08-21,3982.87
2007-08-22,4107.02
2007-08-23,4105.28
2007-08-24,4168.87
2007-08-27,4161.17
2007-08-28,4076.88
2007-08-29,4147.79
2007-08-30,4138.48
2007-08-31,4285.75
2007-09-03,4251.87
2007-09-04,4262.04
2007-09-05,4210.42
2007-09-06,4210.36
2007-09-10,4061.39
2007-09-11,4100.25
2007-09-12,4088.46
2007-09-13,4146.47
2007-09-14,4149.44
2007-09-17,4118.94
2007-09-18,4236.75
2007-09-19,4267.82
2007-09-20,4241.84
2007-09-21,4303.93
2007-09-24,4328.65
2007-09-25,4341.23
2007-09-26,4390.89
2007-09-27,4450.72
2007-09-28,4435.07
2007-10-01,4523.75
2007-10-02,4536.46
2007-10-03,4477.26
2007-10-04,4483.9
2007-10-05,4603.79
2007-10-08,4662.41
2007-10-09,4703.95
2007-10-10,4638.48
2007-10-11,4574.25
2007-10-15,4563.67
2007-10-16,4487.45
2007-10-17,4567.35
2007-10-18,4602.25
2007-10-19,4480.0
2007-10-22,4498.69
2007-10-23,4617.46
2007-10-24,4627.2
2007-10-25,4609.88
2007-10-26,4718.83
2007-10-29,4718.97
2007-10-30,4693.23
2007-10-31,4721.96
2007-11-01,4642.0
2007-11-05,4626.45
2007-11-06,4676.83
2007-11-07,4593.56
2007-11-08,4519.71
2007-11-09,4537.6
2007-11-12,4416.63
2007-11-13,4517.91
2007-11-14,4609.83
2007-11-16,4611.57
2007-11-19,4446.51
2007-11-21,4331.51
2007-11-22,4322.06
2007-11-23,4350.44
2007-11-26,4226.9
2007-11-27,4302.02
2007-11-28,4467.06
2007-11-29,4492.88
2007-11-30,4574.6
2007-12-03,4605.65
2007-12-04,4669.33
2007-12-05,4721.92
2007-12-06,4781.47
2007-12-07,4767.94
2007-12-10,4767.84
2007-12-11,4696.5
2007-12-12,4685.96
2007-12-13,4576.96
2007-12-14,4570.88
2007-12-17,4407.15
2007-12-18,4486.74
2007-12-19,4517.68
2007-12-20,4500.5
2007-12-21,4564.09
2007-12-26,4617.78
2007-12-27,4584.97
2007-12-28,4575.15
2008-01-02,4504.75
2008-01-03,4495.71
2008-01-04,4402.28
2008-01-07,4425.9
2008-01-08,4514.03
2008-01-09,4559.54
2008-01-10,4679.2
2008-01-11,4584.87
2008-01-14,4571.0
2008-01-15,4444.24
2008-01-16,4424.45
2008-01-17,4320.15
2008-01-18,4325.82
2008-01-21,4143.57
2008-01-22,4265.12
2008-01-23,4174.13
2008-01-24,4344.65
2008-01-28,4440.78
2008-01-29,4457.42
2008-01-30,4480.33
2008-01-31,4429.35
2008-02-01,4522.44
2008-02-06,4384.81
2008-02-07,4379.46
2008-02-08,4350.61
2008-02-11,4460.34
2008-02-12,4535.07
2008-02-13,4578.27
2008-02-14,4557.79
2008-02-15,4522.37
2008-02-18,4571.18
2008-02-19,4505.72
2008-02-20,4615.71
2008-02-21,4605.93
2008-02-22,4657.08
2008-02-25,4723.86
2008-02-26,4777.34
2008-02-27,4802.48
2008-02-28,4785.54
2008-02-29,4688.69
2008-03-03,4760.36
2008-03-04,4728.47
2008-03-05,4797.33
2008-03-06,4680.61
2008-03-07,4598.47
2008-03-10,4533.42
2008-03-11,4659.42
2008-03-12,4616.64
2008-03-13,4614.66
2008-03-14,4590.92
2008-03-17,4481.62
2008-03-18,4616.62
2008-03-19,4472.57
2008-03-20,4541.48
2008-03-24,4592.63
2008-03-25,4651.18
2008-03-26,4611.79
2008-03-27,4576.85
2008-03-28,4574.87
2008-03-31,4621.56
2008-04-01,4740.57
2008-04-02,4796.01
2008-04-03,4855.57
2008-04-04,4869.24
2008-04-07,4833.05
2008-04-08,4847.27
2008-04-09,4775.0
2008-04-10,4784.2
2008-04-11,4714.4
2008-04-14,4656.77
2008-04-15,4642.04
2008-04-16,4736.15
2008-04-17,4743.32
2008-04-18,4818.76
2008-04-22,4829.85
2008-04-23,4801.93
2008-04-24,4855.64
2008-04-25,4878.06
2008-04-28,4851.08
2008-04-29,4738.96
2008-04-30,4982.89
2008-05-02,5032.43
2008-05-05,5110.19
2008-05-06,5094.47
2008-05-07,4994.88
2008-05-08,5034.59
2008-05-09,4993.14
2008-05-12,5059.8
2008-05-13,5039.25
2008-05-14,5022.2
2008-05-15,5076.03
2008-05-16,5083.33
2008-05-19,5057.08
2008-05-20,5029.72
2008-05-21,4960.64
2008-05-23,4923.92
2008-05-26,4909.03
2008-05-27,4908.22
2008-05-28,5025.11
2008-05-29,4994.08
2008-05-30,5065.03
2008-06-02,4984.29
2008-06-03,4920.85
2008-06-04,4948.41
2008-06-05,5053.17
2008-06-06,4938.42
2008-06-09,4958.91
2008-06-10,4901.88
2008-06-11,4890.57
2008-06-12,4886.03
2008-06-13,4849.7
2008-06-16,4839.48
2008-06-17,4867.65
2008-06-18,4757.82
2008-06-19,4783.22
2008-06-20,4692.89
2008-06-23,4663.94
2008-06-24,4619.63
2008-06-25,4692.01
2008-06-26,4615.59
2008-06-27,4642.89
2008-06-30,4668.08
2008-07-01,4585.66
2008-07-02,4513.03
2008-07-03,4428.25
2008-07-04,4404.06
2008-07-07,4383.81
2008-07-08,4469.93
2008-07-10,4546.54
2008-07-11,4537.04
2008-07-14,4571.02
2008-07-15,4630.09
2008-07-16,4789.69
2008-07-17,4726.45
2008-07-18,4690.59
2008-07-21,4748.25
2008-07-22,4715.41
2008-07-23,4739.83
2008-07-24,4633.73
2008-07-25,4580.44
2008-07-28,4542.53
2008-07-29,4604.94
2008-07-30,4623.93
2008-07-31,4638.98
2008-08-01,4578.1
2008-08-04,4528.21
2008-08-05,4615.88
2008-08-06,4684.27
2008-08-07,4630.26
2008-08-08,4615.37
2008-08-11,4462.2
2008-08-12,4442.29
2008-08-13,4421.05
2008-08-14,4514.28
2008-08-15,4495.08
2008-08-18,4449.99
2008-08-19,4448.17
2008-08-20,4491.7
2008-08-21,4449.84
2008-08-22,4459.47
2008-08-25,4397.47
2008-08-26,4398.41
2008-08-27,4385.22
2008-08-28,4470.68
2008-08-29,4400.36
2008-09-01,4379.82
2008-09-02,4369.09
2008-09-03,4298.47
2008-09-04,4182.79
2008-09-05,4227.03
2008-09-08,4172.78
2008-09-09,4094.88
2008-09-10,4130.41
2008-09-11,4176.36
2008-09-12,4174.65
2008-09-15,4021.4
2008-09-16,4024.74
2008-09-17,3780.38
2008-09-18,3914.87
2008-09-19,4221.47
2008-09-22,4170.8
2008-09-23,4134.81
2008-09-24,4124.98
2008-09-25,4277.09
2008-09-26,4197.27
2008-09-29,3947.6
2008-09-30,4184.7
2008-10-01,4263.49
2008-10-02,4148.16
2008-10-03,4007.06
2008-10-06,3828.58
2008-10-07,3701.61
2008-10-08,3485.86
2008-10-09,3365.13
2008-10-10,3241.55
2008-10-13,3666.03
2008-10-14,3792.75
2008-10-15,3548.94
2008-10-16,3591.19
2008-10-17,3554.51
2008-10-20,3698.96
2008-10-21,3658.08
2008-10-22,3376.34
2008-10-23,3311.77
2008-10-24,3182.53
2008-10-27,3064.98
2008-10-28,3373.51
2008-10-29,3455.57
2008-10-30,3583.82
2008-10-31,3594.86
2008-11-03,3673.66
2008-11-04,3762.03
2008-11-05,3630.32
2008-11-06,3610.46
2008-11-07,3692.99
2008-11-10,3654.82
2008-11-11,3727.02
2008-11-12,3585.3
2008-11-13,3774.94
2008-11-14,3735.58
2008-11-17,3775.37
2008-11-18,3707.32
2008-11-19,3722.57
2008-11-21,3631.92
2008-11-24,3739.85
2008-11-25,3711.18
2008-11-26,3782.97
2008-11-27,3771.88
2008-11-28,3778.36
2008-12-01,3669.0
2008-12-02,3763.52
2008-12-03,3816.7
2008-12-04,3841.46
2008-12-05,3865.73
2008-12-08,3965.23
2008-12-09,3905.67
2008-12-10,3872.32
2008-12-11,3788.58
2008-12-12,3907.35
2008-12-15,3778.77
2008-12-16,3892.51
2008-12-17,3824.25
2008-12-18,3874.44
2008-12-19,3824.65
2008-12-22,3734.74
2008-12-23,3662.59
2008-12-26,3641.35
2008-12-29,3629.16
2008-12-30,3639.88
2009-01-02,3824.47
2009-01-05,3812.66
2009-01-06,3775.61
2009-01-07,3735.29
2009-01-08,3782.28
2009-01-09,3753.59
2009-01-12,3685.21
2009-01-13,3763.37
2009-01-14,3689.25
2009-01-15,3740.2
2009-01-16,3735.35
2009-01-19,3656.14
2009-01-20,3601.16
2009-01-21,3654.53
2009-01-22,3633.59
2009-01-23,3679.82
2009-01-26,3671.0
2009-01-27,3669.33
2009-01-28,3672.98
2009-01-29,3657.54
2009-01-30,3652.2
2009-02-02,3594.55
2009-02-03,3647.7
2009-02-04,3630.08
2009-02-05,3667.32
2009-02-06,3709.29
2009-02-09,3694.21
2009-02-10,3660.63
2009-02-11,3659.39
2009-02-12,3655.15
2009-02-13,3693.94
2009-02-16,3688.54
2009-02-17,3612.58
2009-02-18,3642.65
2009-02-19,3647.0
2009-02-20,3626.77
2009-02-25,3603.39
2009-02-26,3590.49
2009-02-27,3632.37
2009-03-02,3495.62
2009-03-03,3483.3
2009-03-04,3533.06
2009-03-05,3467.48
2009-03-06,3486.13
2009-03-09,3478.42
2009-03-10,3585.11
2009-03-11,3570.14
2009-03-12,3591.35
2009-03-13,3596.51
2009-03-16,3549.72
2009-03-17,3624.83
2009-03-18,3681.03
2009-03-19,3671.55
2009-03-20,3647.75
2009-03-23,3764.26
2009-03-24,3702.73
2009-03-25,3710.57
2009-03-26,3772.38
2009-03-27,3730.02
2009-03-30,3686.15
2009-03-31,3712.56
2009-04-01,3778.15
2009-04-02,3832.02
2009-04-03,3889.27
2009-04-06,3896.96
2009-04-07,3869.23
2009-04-08,3895.81
2009-04-09,3964.27
2009-04-13,3954.08
2009-04-14,3896.79
2009-04-15,3914.54
2009-04-16,3955.31
2009-04-17,3947.56
2009-04-20,3886.91
2009-04-22,3937.39
2009-04-23,3978.86
2009-04-24,4009.32
2009-04-27,3975.68
2009-04-28,4046.37
2009-04-29,4132.06
2009-04-30,4095.29
2009-05-04,4193.47
2009-05-05,4173.68
2009-05-06,4195.36
2009-05-07,4152.78
2009-05-08,4228.45
2009-05-11,4198.23
2009-05-12,4192.09
2009-05-13,4138.82
2009-05-14,4190.95
2009-05-15,4174.65
2009-05-18,4267.69
2009-05-19,4199.46
2009-05-20,4185.61
2009-05-21,4160.26
2009-05-22,4173.09
2009-05-25,4197.38
2009-05-26,4221.79
2009-05-27,4213.37
2009-05-28,4263.58
2009-05-29,4288.56
2009-06-01,4298.2
2009-06-02,4258.34
2009-06-03,4220.72
2009-06-04,4265.03
2009-06-05,4254.69
2009-06-08,4280.44
2009-06-09,4250.41
2009-06-10,4278.48
2009-06-12,4317.48
2009-06-15,4251.62
2009-06-16,4216.74
2009-06-17,4242.55
2009-06-18,4238.1
2009-06-19,4296.7
2009-06-22,4271.93
2009-06-23,4247.38
2009-06-24,4255.77
2009-06-25,4326.45
2009-06-26,4320.39
2009-06-29,4329.04
2009-06-30,4312.23
2009-07-01,4343.96
2009-07-02,4331.46
2009-07-03,4343.95
2009-07-06,4366.66
2009-07-07,4329.9
2009-07-08,4335.84
2009-07-10,4333.36
2009-07-13,4340.04
2009-07-14,4272.22
2009-07-15,4347.46
2009-07-16,4396.57
2009-07-17,4386.14
2009-07-20,4406.89
2009-07-21,4389.96
2009-07-22,4334.87
2009-07-23,4363.9
2009-07-24,4366.15
2009-07-27,4380.67
2009-07-28,4377.63
2009-07-29,4382.8
2009-07-30,4416.45
2009-07-31,4407.39
2009-08-03,4464.31
2009-08-04,4488.54
2009-08-05,4498.76
2009-08-06,4510.84
2009-08-07,4522.7
2009-08-10,4532.59
2009-08-11,4481.06
2009-08-12,4503.72
2009-08-13,4458.41
2009-08-14,4449.65
2009-08-17,4390.5
2009-08-18,4400.23
2009-08-19,4412.79
2009-08-20,4434.33
2009-08-21,4505.85
2009-08-24,4520.24
2009-08-25,4492.54
2009-08-26,4519.27
2009-08-27,4542.58
2009-08-28,4548.79
2009-08-31,4526.65
2009-09-01,4492.28
2009-09-02,4462.47
2009-09-03,4469.13
2009-09-04,4473.26
2009-09-08,4524.6
2009-09-09,4549.3
2009-09-10,4597.59
2009-09-11,4572.66
2009-09-14,4608.71
2009-09-15,4620.21
2009-09-16,4654.1
2009-09-17,4680.42
2009-09-18,4676.0
2009-09-21,4685.89
2009-09-22,4682.92
2009-09-23,4629.96
2009-09-24,4607.22
2009-09-25,4617.66
2009-09-28,4635.68
2009-09-29,4621.52
2009-09-30,4653.04
2009-10-01,4635.73
2009-10-02,4685.74
2009-10-05,4767.68
2009-10-06,4791.07
2009-10-07,4761.02
2009-10-08,4809.81
2009-10-09,4835.68
2009-10-13,4854.27
2009-10-14,4901.74
2009-10-15,4937.46
2009-10-16,4938.34
2009-10-19,4983.27
2009-10-20,4853.54
2009-10-21,4846.42
2009-10-22,4854.71
2009-10-23,4804.04
2009-10-26,4800.59
2009-10-27,4750.77
2009-10-28,4642.2
2009-10-29,4771.69
2009-10-30,4677.18
2009-11-03,4684.57
2009-11-04,4757.8
2009-11-05,4808.34
2009-11-06,4810.59
2009-11-09,4914.87
2009-11-10,4929.06
2009-11-11,4913.07
2009-11-12,4798.04
2009-11-13,4879.31
2009-11-16,4947.24
2009-11-17,4970.32
2009-11-18,4956.95
2009-11-19,4908.18
2009-11-23,4933.42
2009-11-24,4952.38
2009-11-25,4942.23
2009-11-26,4891.31
2009-11-27,4937.24
2009-11-30,4897.83
2009-12-01,4998.88
2009-12-02,5074.02
2009-12-03,5089.26
2009-12-04,5045.6
2009-12-07,5128.87
2009-12-08,5114.33
2009-12-09,5181.39
2009-12-10,5246.67
2009-12-11,5283.27
2009-12-14,5260.95
2009-12-15,5232.85
2009-12-16,5124.87
2009-12-17,5096.69
2009-12-18,5057.31
2009-12-21,5031.71
2009-12-22,5112.65
2009-12-23,5081.35
2009-12-28,5088.6
2009-12-29,5102.49
2009-12-30,5119.12
2010-01-04,5215.01
2010-01-05,5200.45
2010-01-06,5219.39
2010-01-07,5182.21
2010-01-08,5173.79
2010-01-11,5190.55
2010-01-12,5202.37
2010-01-13,5193.43
2010-01-14,5174.74
2010-01-15,5104.59
2010-01-18,5080.48
2010-01-19,5125.54
2010-01-20,5052.63
2010-01-21,5013.39
2010-01-22,5062.3
2010-01-26,5039.74
2010-01-27,5047.48
2010-01-28,5044.65
2010-01-29,5042.24
2010-02-01,5082.14
2010-02-02,5073.27
2010-02-03,5072.23
2010-02-04,4918.39
2010-02-05,4849.09
2010-02-08,4902.35
2010-02-09,4971.1
2010-02-10,4981.66
2010-02-11,5025.48
2010-02-12,4999.92
2010-02-17,5082.65
2010-02-18,5070.16
2010-02-19,5039.29
2010-02-22,5011.36
2010-02-23,4953.84
2010-02-24,4943.6
2010-02-25,4965.98
2010-02-26,4939.78
2010-03-01,4986.95
2010-03-02,5014.57
2010-03-03,5012.36
2010-03-04,5010.9
2010-03-05,5034.12
2010-03-08,4995.03
2010-03-09,5068.21
2010-03-10,5118.28
2010-03-11,5117.07
2010-03-12,5069.68
2010-03-15,5079.21
2010-03-16,5100.2
2010-03-17,5123.77
2010-03-18,5118.19
2010-03-19,5072.28
2010-03-22,5071.3
2010-03-23,5060.66
2010-03-24,5006.19
2010-03-25,4987.43
2010-03-26,5016.28
2010-03-29,5059.13
2010-03-30,5045.36
2010-03-31,5016.09
2010-04-01,5041.52
2010-04-05,5073.65
2010-04-06,5079.6
2010-04-07,5074.79
2010-04-08,5080.63
2010-04-09,5049.59
2010-04-12,5003.26
2010-04-13,5006.58
2010-04-14,5024.08
2010-04-15,4992.35
2010-04-16,4955.54
2010-04-19,4951.83
2010-04-20,4977.3
2010-04-22,4997.57
2010-04-23,5029.34
2010-04-26,4990.29
2010-04-27,4893.99
2010-04-28,4918.89
2010-04-29,4945.69
2010-04-30,4973.1
2010-05-03,4987.19
2010-05-04,4892.79
2010-05-05,4876.06
2010-05-06,4838.56
2010-05-07,4842.59
2010-05-10,4932.91
2010-05-11,4912.0
2010-05-12,4950.87
2010-05-13,4947.04
2010-05-14,4923.3
2010-05-17,4947.54
2010-05-18,4900.71
2010-05-19,4860.38
2010-05-20,4757.12
2010-05-21,4831.03
2010-05-24,4815.51
2010-05-25,4753.65
2010-05-26,4780.78
2010-05-27,4836.38
2010-05-28,4830.33
2010-05-31,4904.07
2010-06-01,4812.21
2010-06-02,4889.64
2010-06-04,4891.04
2010-06-07,4939.1
2010-06-08,4930.72
2010-06-09,4921.35
2010-06-10,4977.18
2010-06-11,4997.94
2010-06-14,5006.32
2010-06-15,5043.05
2010-06-16,5040.69
2010-06-17,5045.11
2010-06-18,5051.15
2010-06-21,5067.85
2010-06-22,5095.33
2010-06-23,5105.32
2010-06-24,5040.75
2010-06-25,5097.98
2010-06-28,5112.63
2010-06-29,5038.84
2010-06-30,5011.52
2010-07-01,4997.27
2010-07-02,5025.51
2010-07-05,5016.83
2010-07-06,5094.87
2010-07-07,5116.21
2010-07-08,5096.68
2010-07-12,5060.0
2010-07-13,5121.94
2010-07-14,5087.64
2010-07-15,5085.05
2010-07-16,5035.29
2010-07-19,5091.58
2010-07-20,5132.01
2010-07-21,5105.74
2010-07-22,5175.94
2010-07-23,5188.88
2010-07-26,5221.3
2010-07-27,5270.34
2010-07-28,5249.84
2010-07-29,5269.21
2010-07-30,5308.38
2010-08-02,5339.4
2010-08-03,5301.36
2010-08-04,5329.39
2010-08-05,5338.06
2010-08-06,5306.11
2010-08-09,5262.73
2010-08-10,5243.17
2010-08-11,5202.92
2010-08-12,5214.52
2010-08-13,5201.86
2010-08-16,5259.0
2010-08-17,5287.91
2010-08-18,5352.26
2010-08-19,5341.55
2010-08-20,5351.58
2010-08-23,5325.29
2010-08-24,5302.29
2010-08-25,5279.16
2010-08-26,5246.0
2010-08-27,5355.05
2010-08-30,5297.51
2010-08-31,5315.57
2010-09-01,5421.88
2010-09-02,5382.57
2010-09-03,5377.61
2010-09-06,5386.47
2010-09-08,5311.6
2010-09-09,5309.64
2010-09-10,5351.62
2010-09-13,5408.37
2010-09-14,5447.15
2010-09-15,5492.98
2010-09-16,5458.78
2010-09-17,5424.75
2010-09-20,5485.32
2010-09-21,5444.63
2010-09-22,5478.54
2010-09-23,5483.63
2010-09-24,5417.82
2010-09-27,5453.06
2010-09-28,5452.63
2010-09-29,5474.51
2010-09-30,5516.35
2010-10-01,5574.6
2010-10-04,5624.78
2010-10-05,5724.29
2010-10-06,5700.18
2010-10-07,5682.82
2010-10-08,5746.51
2010-10-11,5769.25
2010-10-13,5842.86
2010-10-14,5810.7
2010-10-15,5806.92
2010-10-18,5796.19
2010-10-19,5711.4
2010-10-20,5737.22
2010-10-21,5717.69
2010-10-22,5691.14
2010-10-25,5718.9
2010-10-26,5792.05
2010-10-27,5752.21
2010-10-28,5749.49
2010-10-29,5765.25
2010-11-01,5820.21
2010-11-03,5808.61
2010-11-04,5893.06
2010-11-05,5863.35
2010-11-08,5878.93
2010-11-09,5856.36
2010-11-10,5868.47
2010-11-11,5772.98
2010-11-12,5747.57
2010-11-16,5694.49
2010-11-17,5750.0
2010-11-18,5812.18
2010-11-19,5842.54
2010-11-22,5789.4
2010-11-23,5711.06
2010-11-24,5822.27
2010-11-25,5812.59
2010-11-26,5753.13
2010-11-29,5718.04
2010-11-30,5714.41
2010-12-01,5822.5
2010-12-02,5836.41
2010-12-03,5899.17
2010-12-06,5845.56
2010-12-07,5818.89
2010-12-08,5776.44
2010-12-09,5731.28
2010-12-10,5766.75
2010-12-13,5797.78
2010-12-14,5778.89
2010-12-15,5761.8
2010-12-16,5794.47
2010-12-17,5834.02
2010-12-20,5819.75
2010-12-21,5868.04
2010-12-22,5873.76
2010-12-23,5887.13
2010-12-27,5841.36
2010-12-28,5873.26
2010-12-29,5931.52
2010-12-30,5945.63
2011-01-03,6013.98
2011-01-04,6027.44
2011-01-05,6079.63
2011-01-06,6010.99
2011-01-07,5976.36
2011-01-10,5971.31
2011-01-11,5998.2
2011-01-12,6066.58
2011-01-13,6053.82
2011-01-14,6094.2
2011-01-17,6074.84
2011-01-18,6059.13
2011-01-19,5988.45
2011-01-20,5940.1
2011-01-21,5898.55
2011-01-24,5943.59
2011-01-26,5904.45
2011-01-27,5865.0
2011-01-28,5763.79
2011-01-31,5729.09
2011-02-01,5765.84
2011-02-02,5692.98
2011-02-03,5660.06
2011-02-04,5561.54
2011-02-07,5623.48
2011-02-08,5644.83
2011-02-09,5518.9
2011-02-10,5534.82
2011-02-11,5624.7
2011-02-14,5638.6
2011-02-15,5663.38
2011-02-16,5799.16
2011-02-17,5839.65
2011-02-18,5878.96
2011-02-21,5850.73
2011-02-22,5805.87
2011-02-23,5789.3
2011-02-24,5770.68
2011-02-25,5761.89
2011-02-28,5834.46
2011-03-01,5767.37
2011-03-02,5823.58
2011-03-03,5887.63
2011-03-04,5909.51
2011-03-09,5904.41
2011-03-10,5843.85
2011-03-11,5921.11
2011-03-14,5961.71
2011-03-15,5965.12
2011-03-16,5840.48
2011-03-17,5868.62
2011-03-18,5921.36
2011-03-21,5951.38
2011-03-22,6013.37
2011-03-23,6023.16
2011-03-24,6032.69
2011-03-25,6040.85
2011-03-28,5961.17
2011-03-29,5990.88
2011-03-30,6070.29
2011-03-31,6132.47
2011-04-01,6211.15
2011-04-04,6224.39
2011-04-05,6247.88
2011-04-06,6186.22
2011-04-07,6169.5
2011-04-08,6100.24
2011-04-11,6070.38
2011-04-12,6037.29
2011-04-13,6044.02
2011-04-14,6039.01
2011-04-15,6046.31
2011-04-18,6084.33
2011-04-19,6101.71
2011-04-20,6145.48
2011-04-25,6139.4
2011-04-26,6156.95
2011-04-27,6139.56
2011-04-28,6110.99
2011-04-29,6105.82
2011-05-02,6094.22
2011-05-03,6038.2
2011-05-04,6014.26
2011-05-05,6038.9
2011-05-06,6137.22
2011-05-09,6151.83
2011-05-10,6146.37
2011-05-11,6067.08
2011-05-12,6117.59
2011-05-13,6039.48
2011-05-16,6040.19
2011-05-17,6067.12
2011-05-18,6014.52
2011-05-19,6006.4
2011-05-20,6013.93
2011-05-23,5981.79
2011-05-24,6069.9
2011-05-25,6051.95
2011-05-26,6075.5
2011-05-27,6071.31
2011-05-30,6023.34
2011-05-31,6058.04
2011-06-01,5983.11
2011-06-02,6033.27
2011-06-03,6037.42
2011-06-06,5958.68
2011-06-07,5964.29
2011-06-08,5952.89
2011-06-09,5904.75
2011-06-10,5859.51
2011-06-13,5792.92
2011-06-14,5794.85
2011-06-15,5805.45
2011-06-16,5784.13
2011-06-17,5835.91
2011-06-20,5851.85
2011-06-21,5908.23
2011-06-22,5858.35
2011-06-24,5889.72
2011-06-27,5923.24
2011-06-28,5958.63
2011-06-29,5958.88
2011-06-30,5963.59
2011-07-01,6022.2
2011-07-04,6045.82
2011-07-05,5983.69
2011-07-06,5951.24
2011-07-07,5886.31
2011-07-08,5824.11
2011-07-11,5802.09
2011-07-12,5755.37
2011-07-13,5837.65
2011-07-14,5815.99
2011-07-15,5767.74
2011-07-18,5753.53
2011-07-19,5787.05
2011-07-20,5772.61
2011-07-21,5810.15
2011-07-22,5787.09
2011-07-25,5772.47
2011-07-26,5789.06
2011-07-27,5751.81
2011-07-28,5804.14
2011-07-29,5833.5
2011-08-01,5811.02
2011-08-02,5713.13
2011-08-03,5659.59
2011-08-04,5474.27
2011-08-05,5499.03
2011-08-08,5115.2
2011-08-09,5289.23
2011-08-10,5302.86
2011-08-11,5414.94
2011-08-12,5389.98
2011-08-15,5564.7
2011-08-16,5546.7
2011-08-17,5616.89
2011-08-18,5550.65
2011-08-19,5460.57
2011-08-22,5462.01
2011-08-23,5570.8
2011-08-24,5584.42
2011-08-25,5521.17
2011-08-26,5556.86
2011-08-29,5702.59
2011-08-30,5735.17
2011-08-31,5861.58
2011-09-01,5912.52
2011-09-02,5827.21
2011-09-05,5756.93
2011-09-06,5880.01
2011-09-08,5934.94
2011-09-09,5811.15
2011-09-12,5820.62
2011-09-13,5808.3
2011-09-14,5868.04
2011-09-15,5860.65
2011-09-16,5952.45
2011-09-19,5950.06
2011-09-20,5948.38
2011-09-21,5958.86
2011-09-22,5743.83
2011-09-23,5674.48
2011-09-26,5685.2
2011-09-27,5711.5
2011-09-28,5668.41
2011-09-29,5690.71
2011-09-30,5664.56
2011-10-03,5588.04
2011-10-04,5551.99
2011-10-05,5566.91
2011-10-06,5614.63
2011-10-07,5528.88
2011-10-10,5706.49
2011-10-11,5710.66
2011-10-13,5754.06
2011-10-14,5755.29
2011-10-17,5704.87
2011-10-18,5819.27
2011-10-19,5810.45
2011-10-20,5756.01
2011-10-21,5845.87
2011-10-24,5935.65
2011-10-25,5882.87
2011-10-26,5958.04
2011-10-27,6008.53
2011-10-28,6029.76
2011-10-31,6009.88
2011-11-01,5979.7
2011-11-03,6058.75
2011-11-04,6104.36
2011-11-07,6174.42
2011-11-08,6125.76
2011-11-09,6053.09
2011-11-10,6054.44
2011-11-11,6145.05
2011-11-14,6124.23
2011-11-16,6190.08
2011-11-17,6042.46
2011-11-18,6036.93
2011-11-21,6030.71
2011-11-22,6010.9
2011-11-23,5968.95
2011-11-24,6014.73
2011-11-25,6015.28
2011-11-28,6083.44
2011-11-29,6039.2
2011-11-30,6178.86
2011-12-01,6236.21
2011-12-02,6163.19
2011-12-05,6228.81
2011-12-06,6334.37
2011-12-07,6266.77
2011-12-08,6255.28
2011-12-09,6303.99
2011-12-12,6309.22
2011-12-13,6339.72
2011-12-14,6314.26
2011-12-15,6321.68
2011-12-16,6318.36
2011-12-19,6322.13
2011-12-20,6435.12
2011-12-21,6425.63
2011-12-22,6475.4
2011-12-23,6541.54
2011-12-26,6544.84
2011-12-27,6568.41
2011-12-28,6487.91
2011-12-29,6515.25
2012-01-02,6493.54
2012-01-03,6532.04
2012-01-04,6576.26
2012-01-05,6532.31
2012-01-06,6536.52
2012-01-09,6571.69
2012-01-10,6541.38
2012-01-11,6537.36
2012-01-12,6530.95
2012-01-13,6513.77
2012-01-16,6538.78
2012-01-17,6545.47
2012-01-18,6610.88
2012-01-19,6603.01
2012-01-20,6616.84
2012-01-23,6574.67
2012-01-24,6611.61
2012-01-26,6635.79
2012-01-27,6610.36
2012-01-30,6635.38
2012-01-31,6682.23
2012-02-01,6751.38
2012-02-02,6748.11
2012-02-03,6757.46
2012-02-06,6749.15
2012-02-07,6869.32
2012-02-08,6872.58
2012-02-09,6887.05
2012-02-10,6865.64
2012-02-13,6934.75
2012-02-14,6898.33
2012-02-15,6971.38
2012-02-16,7046.5
2012-02-17,7092.22
2012-02-22,7083.26
2012-02-23,7049.22
2012-02-24,7114.44
2012-02-27,7103.38
2012-02-28,7151.66
2012-02-29,7193.96
2012-03-01,7275.48
2012-03-02,7329.44
2012-03-05,7306.41
2012-03-06,7219.52
2012-03-07,7273.98
2012-03-08,7309.12
2012-03-09,7345.12
2012-03-12,7343.06
2012-03-13,7469.18
2012-03-14,7482.29
2012-03-15,7438.71
2012-03-16,7402.63
2012-03-19,7426.72
2012-03-20,7405.65
2012-03-21,7390.9
2012-03-22,7384.39
2012-03-23,7375.4
2012-03-26,7505.95
2012-03-27,7500.21
2012-03-28,7402.52
2012-03-29,7391.71
2012-03-30,7399.56
2012-04-02,7539.88
2012-04-03,7468.67
2012-04-04,7422.1
2012-04-05,7448.6
2012-04-09,7377.5
2012-04-10,7353.68
2012-04-11,7318.1
2012-04-12,7384.1
2012-04-13,7315.95
2012-04-16,7295.18
2012-04-17,7363.48
2012-04-18,7378.91
2012-04-19,7384.33
2012-04-20,7383.75
2012-04-23,7350.82
2012-04-24,7439.49
2012-04-25,7455.66
2012-04-26,7487.52
2012-04-27,7510.88
2012-04-30,7544.4
2012-05-02,7570.67
2012-05-03,7530.4
2012-05-04,7461.96
2012-05-07,7500.84
2012-05-08,7433.07
2012-05-09,7393.56
2012-05-10,7444.88
2012-05-11,7440.02
2012-05-14,7246.7
2012-05-15,7188.88
2012-05-16,7190.19
2012-05-17,7045.26
2012-05-18,7030.45
2012-05-21,7113.95
2012-05-22,7095.55
2012-05-23,7027.05
2012-05-24,6959.37
2012-05-25,6941.68
2012-05-28,7027.37
2012-05-29,6968.27
2012-05-30,6922.11
2012-05-31,7058.29
2012-06-01,6975.21
2012-06-04,7007.21
2012-06-05,6934.43
2012-06-06,7145.82
2012-06-08,7136.01
2012-06-11,7115.98
2012-06-12,7251.92
2012-06-13,7263.15
2012-06-14,7281.34
2012-06-15,7261.07
2012-06-18,7334.75
2012-06-19,7425.63
2012-06-20,7386.97
2012-06-21,7247.16
2012-06-22,7195.02
2012-06-25,7149.1
2012-06-26,7212.49
2012-06-27,7253.74
2012-06-28,7280.82
2012-06-29,7358.32
2012-07-02,7341.46
2012-07-03,7319.19
2012-07-04,7343.52
2012-07-05,7353.04
2012-07-06,7294.19
2012-07-10,7149.76
2012-07-11,7122.66
2012-07-12,7121.27
2012-07-13,7151.76
2012-07-16,7121.68
2012-07-17,7194.47
2012-07-18,7221.05
2012-07-19,7262.07
2012-07-20,7210.08
2012-07-23,7153.5
2012-07-24,7118.34
2012-07-25,7131.15
2012-07-26,7233.61
2012-07-27,7421.52
2012-07-30,7480.97
2012-07-31,7345.37
2012-08-01,7349.82
2012-08-02,7266.95
2012-08-03,7365.85
2012-08-06,7440.44
2012-08-07,7420.27
2012-08-08,7488.79
2012-08-09,7478.63
2012-08-10,7527.66
2012-08-13,7509.51
2012-08-14,7469.0
2012-08-15,7453.6
2012-08-16,7538.36
2012-08-17,7468.62
2012-08-20,7447.03
2012-08-21,7412.48
2012-08-22,7429.22
2012-08-23,7387.69
2012-08-24,7397.04
2012-08-27,7359.49
2012-08-28,7372.15
2012-08-29,7232.77
2012-08-30,7167.19
2012-08-31,7056.59
2012-09-03,7089.62
2012-09-04,7012.36
2012-09-05,7089.78
2012-09-06,7191.36
2012-09-10,7106.32
2012-09-11,7043.46
2012-09-12,6793.54
2012-09-13,6909.16
2012-09-14,6950.79
2012-09-17,6990.65
2012-09-18,7024.42
2012-09-19,6999.94
2012-09-20,6974.69
2012-09-21,6990.37
2012-09-24,7028.94
2012-09-25,6914.41
2012-09-26,6936.54
2012-09-27,6944.82
2012-09-28,6879.49
2012-10-01,6916.55
2012-10-02,6919.05
2012-10-03,6845.44
2012-10-04,6837.55
2012-10-05,6901.82
2012-10-08,6950.78
2012-10-09,6898.02
2012-10-10,6856.93
2012-10-11,6880.82
2012-10-15,6890.27
2012-10-16,6918.89
2012-10-17,6947.78
2012-10-18,6919.4
2012-10-19,6883.94
2012-10-22,6866.97
2012-10-23,6764.48
2012-10-24,6755.57
2012-10-25,6806.13
2012-10-26,6802.43
2012-10-29,6831.39
2012-10-30,6863.32
2012-10-31,6815.91
2012-11-01,6925.59
2012-11-05,6900.52
2012-11-06,6920.09
2012-11-07,6854.24
2012-11-08,6772.38
2012-11-09,6739.76
2012-11-12,6669.69
2012-11-13,6765.98
2012-11-14,6713.54
2012-11-16,6745.43
2012-11-19,6799.11
2012-11-21,6790.94
2012-11-22,6799.62
2012-11-23,6926.84
2012-11-26,6891.38
2012-11-27,6839.44
2012-11-28,6884.85
2012-11-29,6948.76
2012-11-30,6989.15
2012-12-03,7048.04
2012-12-04,6994.37
2012-12-05,6952.83
2012-12-06,6998.01
2012-12-07,7020.04
2012-12-10,7049.54
2012-12-11,7131.62
2012-12-12,7129.21
2012-12-13,7121.1
2012-12-14,7137.31
2012-12-17,7168.42
2012-12-18,7198.49
2012-12-19,7201.48
2012-12-20,7190.7
2012-12-21,7226.99
2012-12-26,7232.29
2012-12-27,7242.8
2012-12-28,7298.86
2013-01-02,7436.81
2013-01-03,7443.42
2013-01-04,7390.72
2013-01-07,7296.97
2013-01-08,7249.93
2013-01-09,7314.6
2013-01-10,7326.27
2013-01-11,7298.9
2013-01-14,7342.29
2013-01-15,7304.34
2013-01-16,7362.65
2013-01-17,7419.98
2013-01-18,7410.87
2013-01-21,7428.85
2013-01-22,7434.09
2013-01-23,7478.86
2013-01-24,7439.59
2013-01-28,7310.2
2013-01-29,7345.21
2013-01-30,7308.78
2013-01-31,7407.14
2013-02-01,7431.41
2013-02-04,7392.93
2013-02-05,7395.39
2013-02-06,7348.17
2013-02-07,7307.18
2013-02-08,7303.69
2013-02-13,7293.82
2013-02-14,7267.53
2013-02-15,7262.26
2013-02-18,7264.91
2013-02-19,7262.24
2013-02-20,7175.52
2013-02-21,7116.74
2013-02-22,7200.73
2013-02-25,7248.93
2013-02-26,7272.88
2013-02-27,7280.62
2013-02-28,7328.9
2013-03-01,7322.84
2013-03-04,7320.27
2013-03-05,7326.1
2013-03-06,7461.67
2013-03-07,7474.96
2013-03-08,7476.26
2013-03-11,7513.08
2013-03-12,7479.09
2013-03-13,7420.64
2013-03-14,7413.25
2013-03-15,7375.11
2013-03-18,7375.65
2013-03-19,7325.38
2013-03-20,7290.15
2013-03-21,7243.6
2013-03-22,7207.75
2013-03-25,7162.95
2013-03-26,7281.78
2013-03-27,7343.98
2013-03-28,7420.58
2013-04-01,7382.58
2013-04-02,7322.63
2013-04-03,7403.82
2013-04-04,7318.48
2013-04-05,7373.65
2013-04-08,7399.67
2013-04-09,7464.41
2013-04-10,7504.81
2013-04-11,7445.63
2013-04-12,7380.6
2013-04-15,7197.63
2013-04-16,7345.29
2013-04-17,7264.34
2013-04-18,7314.97
2013-04-19,7381.62
2013-04-22,7373.12
2013-04-23,7493.01
2013-04-24,7460.81
2013-04-25,7455.07
2013-04-26,7331.58
2013-04-29,7377.39
2013-04-30,7567.31
2013-05-02,7503.4
2013-05-03,7570.08
2013-05-06,7536.61
2013-05-07,7618.83
2013-05-08,7625.52
2013-05-09,7627.47
2013-05-10,7635.91
2013-05-13,7585.01
2013-05-14,7635.47
2013-05-15,7687.37
2013-05-16,7669.64
2013-05-17,7713.6
2013-05-20,7779.54
2013-05-21,7821.67
2013-05-22,7873.35
2013-05-23,7831.99
2013-05-24,7826.54
2013-05-27,7826.91
2013-05-28,7833.12
2013-05-29,7698.43
2013-05-31,7586.04
2013-06-03,7527.95
2013-06-04,7544.17
2013-06-05,7437.7
2013-06-06,7425.38
2013-06-07,7353.56
2013-06-10,7303.81
2013-06-11,7130.07
2013-06-12,7061.46
2013-06-13,7111.87
2013-06-14,7031.18
2013-06-17,7058.92
2013-06-18,7040.46
2013-06-19,6887.65
2013-06-20,6823.66
2013-06-21,6763.12
2013-06-24,6646.65
2013-06-25,6741.38
2013-06-26,6812.57
2013-06-27,6936.09
2013-06-28,7003.66
2013-07-01,6999.68
2013-07-02,6785.06
2013-07-03,6731.36
2013-07-04,6764.49
2013-07-05,6729.95
2013-07-08,6733.63
2013-07-10,6771.21
2013-07-11,6907.45
2013-07-12,6826.74
2013-07-15,6934.03
2013-07-16,6933.87
2013-07-17,6943.32
2013-07-18,6953.74
2013-07-19,6916.45
2013-07-22,7028.14
2013-07-23,7056.91
2013-07-24,6995.05
2013-07-25,7016.21
2013-07-26,7058.7
2013-07-29,7044.29
2013-07-30,7020.25
2013-07-31,7023.37
2013-08-01,7091.34
2013-08-02,7011.91
2013-08-05,6980.91
2013-08-06,6856.34
2013-08-07,6834.76
2013-08-08,6957.07
2013-08-09,7026.03
2013-08-12,7052.12
2013-08-13,7125.07
2013-08-14,7090.34
2013-08-15,7004.6
2013-08-16,7025.37
2013-08-19,6937.94
2013-08-20,6846.43
2013-08-21,6824.08
2013-08-22,6873.05
2013-08-23,6973.42
2013-08-26,6888.38
2013-08-27,6787.84
2013-08-28,6786.96
2013-08-29,6855.64
2013-08-30,6922.61
2013-09-02,7032.7
2013-09-03,6921.1
2013-09-04,6970.35
2013-09-05,7039.6
2013-09-06,7122.39
2013-09-09,7279.1
2013-09-10,7299.02
2013-09-11,7282.75
2013-09-12,7239.07
2013-09-13,7312.96
2013-09-16,7331.18
2013-09-17,7380.26
2013-09-18,7530.89
2013-09-19,7505.64
2013-09-20,7373.11
2013-09-23,7422.58
2013-09-24,7470.98
2013-09-25,7445.47
2013-09-26,7434.64
2013-09-27,7499.09
2013-09-30,7371.59
2013-10-01,7478.19
2013-10-02,7461.15
2013-10-03,7410.2
2013-10-04,7418.71
2013-10-07,7437.34
2013-10-08,7424.99
2013-10-09,7533.26
2013-10-10,7595.79
2013-10-11,7637.79
2013-10-14,7684.81
2013-10-15,7652.54
2013-10-16,7677.08
2013-10-17,7712.15
2013-10-18,7740.85
2013-10-21,7751.6
2013-10-22,7786.39
2013-10-23,7695.72
2013-10-24,7673.46
2013-10-25,7664.34
2013-10-28,7688.85
2013-10-29,7684.15
2013-10-30,7709.33
2013-10-31,7714.01
2013-11-01,7668.65
2013-11-04,7677.95
2013-11-05,7609.62
2013-11-06,7537.82
2013-11-07,7465.37
2013-11-08,7387.09
2013-11-11,7404.02
2013-11-12,7345.48
2013-11-13,7383.28
2013-11-14,7530.72
2013-11-18,7602.13
2013-11-19,7455.28
2013-11-21,7411.59
2013-11-22,7402.02
2013-11-25,7380.76
2013-11-26,7381.41
2013-11-27,7430.52
2013-11-28,7412.0
2013-11-29,7476.55
2013-12-02,7362.92
2013-12-03,7214.81
2013-12-04,7164.79
2013-12-05,7207.13
2013-12-06,7228.89
2013-12-09,7238.72
2013-12-10,7203.54
2013-12-11,7097.44
2013-12-12,7094.97
2013-12-13,7082.53
2013-12-16,7083.96
2013-12-17,7088.59
2013-12-18,7094.74
2013-12-19,7215.92
2013-12-20,7229.11
2013-12-23,7236.0
2013-12-26,7206.78
2013-12-27,7211.15
2013-12-30,7257.89
2014-01-02,7149.75
2014-01-03,7211.13
2014-01-06,7165.53
2014-01-07,7155.36
2014-01-08,7151.08
2014-01-09,7018.86
2014-01-10,7038.71
2014-01-13,7001.71
2014-01-14,7060.99
2014-01-15,7089.13
2014-01-16,7043.03
2014-01-17,6956.58
2014-01-20,6924.26
2014-01-21,6936.5
2014-01-22,7022.09
2014-01-23,6930.37
2014-01-24,6845.26
2014-01-27,6839.44
2014-01-28,6846.66
2014-01-29,6764.81
2014-01-30,6717.82
2014-01-31,6774.68
2014-02-03,6622.3
2014-02-04,6716.21
2014-02-05,6654.37
2014-02-06,6758.99
2014-02-07,6838.94
2014-02-10,6787.69
2014-02-11,6863.35
2014-02-12,6848.19
2014-02-13,6776.65
2014-02-14,6836.46
2014-02-17,6737.3
2014-02-18,6634.28
2014-02-19,6700.59
2014-02-20,6743.12
2014-02-21,6751.42
2014-02-24,6763.95
2014-02-25,6742.47
2014-02-26,6779.52
2014-02-27,6896.3
2014-02-28,6827.57
2014-03-05,6809.0
2014-03-06,6920.79
2014-03-07,6830.55
2014-03-10,6780.83
2014-03-11,6862.58
2014-03-12,6836.85
2014-03-13,6834.97
2014-03-14,6759.02
2014-03-17,6803.12
2014-03-18,6941.07
2014-03-19,6959.38
2014-03-20,7046.19
2014-03-21,7034.13
2014-03-24,7120.36
2014-03-25,7151.7
2014-03-26,7130.74
2014-03-27,7321.95
2014-03-28,7334.55
2014-03-31,7405.64
2014-04-01,7367.02
2014-04-02,7510.35
2014-04-03,7481.61
2014-04-04,7435.95
2014-04-07,7523.27
2014-04-08,7498.26
2014-04-09,7465.81
2014-04-10,7507.43
2014-04-11,7615.49
2014-04-14,7591.5
2014-04-15,7512.71
2014-04-16,7607.74
2014-04-17,7669.61
2014-04-22,7696.72
2014-04-23,7622.15
2014-04-24,7613.02
2014-04-25,7567.95
2014-04-28,7565.03
2014-04-29,7645.29
2014-04-30,7661.26
2014-05-02,7756.89
2014-05-05,7823.61
2014-05-06,7844.5
2014-05-07,7836.87
2014-05-08,7814.63
2014-05-09,7802.14
2014-05-12,7925.54
2014-05-13,7932.72
2014-05-14,7997.64
2014-05-15,7934.83
2014-05-16,7968.79
2014-05-19,7896.54
2014-05-20,7779.96
2014-05-21,7794.27
2014-05-22,7859.09
2014-05-23,7853.2
2014-05-26,7910.59
2014-05-27,7801.91
2014-05-28,7858.56
2014-05-29,7851.31
2014-05-30,7751.23
2014-06-02,7772.44
2014-06-03,7832.83
2014-06-04,7842.45
2014-06-05,7833.42
2014-06-06,7966.4
2014-06-09,8120.62
2014-06-10,8168.86
2014-06-11,8188.31
2014-06-13,8152.06
2014-06-16,8177.72
2014-06-17,8167.7
2014-06-18,8234.28
2014-06-20,8186.09
2014-06-23,8127.84
2014-06-24,8205.02
2014-06-25,8129.39
2014-06-26,8130.54
2014-06-27,8098.56
2014-06-30,8086.05
2014-07-01,8068.78
2014-07-02,8030.28
2014-07-03,8138.48
2014-07-04,8181.96
2014-07-07,8145.0
2014-07-08,8118.72
2014-07-10,8180.87
2014-07-11,8202.81
2014-07-14,8293.62
2014-07-15,8271.87
2014-07-16,8204.52
2014-07-17,8160.47
2014-07-18,8276.6
2014-07-21,8363.36
2014-07-22,8442.19
2014-07-23,8389.59
2014-07-24,8426.49
2014-07-25,8394.94
2014-07-28,8387.96
2014-07-29,8325.59
2014-07-30,8244.03
2014-07-31,8097.47
2014-08-01,8131.47
2014-08-04,8224.07
2014-08-05,8130.74
2014-08-06,8127.29
2014-08-07,8109.69
2014-08-08,8034.65
2014-08-11,8138.32
2014-08-12,8167.25
2014-08-13,8123.56
2014-08-14,8144.35
2014-08-15,8228.51
2014-08-18,8289.35
2014-08-19,8380.07
2014-08-20,8423.39
2014-08-21,8443.05
2014-08-22,8378.98
2014-08-25,8507.56
2014-08-26,8546.27
2014-08-27,8658.9
2014-08-28,8589.2
2014-08-29,8744.65
2014-09-01,8683.99
2014-09-02,8723.8
2014-09-03,8738.32
2014-09-04,8662.51
2014-09-05,8620.5
2014-09-08,8459.69
2014-09-09,8381.59
2014-09-10,8374.68
2014-09-11,8383.66
2014-09-12,8199.85
2014-09-15,8277.57
2014-09-16,8406.76
2014-09-17,8375.02
2014-09-18,8261.0
2014-09-19,8259.47
2014-09-22,8112.83
2014-09-23,8101.84
2014-09-24,8173.92
2014-09-25,8044.83
2014-09-26,8178.17
2014-09-29,7979.03
2014-09-30,7976.87
2014-10-01,7814.24
2014-10-02,7867.32
2014-10-03,7993.28
2014-10-06,8290.64
2014-10-07,8267.72
2014-10-08,8239.04
2014-10-09,8271.36
2014-10-10,8027.05
2014-10-13,8231.94
2014-10-14,8241.06
2014-10-15,8041.2
2014-10-16,7852.07
2014-10-17,8054.5
2014-10-20,7947.64
2014-10-21,7711.45
2014-10-22,7714.28
2014-10-23,7471.02
2014-10-24,7627.61
2014-10-27,7589.63
2014-10-28,7822.33
2014-10-29,7731.73
2014-10-30,7883.92
2014-10-31,8169.91
2014-11-03,8102.25
2014-11-04,8132.26
2014-11-05,8063.53
2014-11-06,7908.71
2014-11-07,7979.04
2014-11-10,7929.26
2014-11-11,7927.01
2014-11-12,8011.46
2014-11-13,7887.76
2014-11-14,7880.89
2014-11-17,7886.41
2014-11-18,8033.07
2014-11-19,8218.32
2014-11-21,8508.7
2014-11-24,8393.53
2014-11-25,8384.82
2014-11-26,8390.41
2014-11-27,8398.07
2014-11-28,8449.74
2014-12-01,8127.77
2014-12-02,8068.71
2014-12-03,8143.23
2014-12-04,8041.01
2014-12-05,8127.64
2014-12-08,7933.51
2014-12-09,7942.7
2014-12-10,7885.34
2014-12-11,7915.69
2014-12-12,7678.58
2014-12-15,7591.48
2014-12-16,7572.15
2014-12-17,7816.28
2014-12-18,7797.9
2014-12-19,7949.32
2014-12-22,8019.77
2014-12-23,8091.49
2014-12-26,8053.13
2014-12-29,8121.0
2014-12-30,8081.93
2015-01-02,7886.67
2015-01-05,7772.72
2015-01-06,7862.49
2015-01-07,8018.59
2015-01-08,8023.06
2015-01-09,7848.35
2015-01-12,7834.93
2015-01-13,7806.69
2015-01-14,7796.1
2015-01-15,7847.82
2015-01-16,7994.15
2015-01-19,7817.43
2015-01-20,7800.62
2015-01-21,8012.44
2015-01-22,8029.14
2015-01-23,8001.02
2015-01-26,7960.18
2015-01-27,7924.92
2015-01-28,7949.93
2015-01-29,8021.63
2015-01-30,7945.12
2015-02-02,7995.81
2015-02-03,8030.5
2015-02-04,7975.93
2015-02-05,8021.8
2015-02-06,7971.13
2015-02-09,8008.29
2015-02-10,7958.48
2015-02-11,7922.15
2015-02-12,8028.71
2015-02-13,8143.65
2015-02-18,8268.53
2015-02-19,8335.13
2015-02-20,8305.54
2015-02-23,8349.84
2015-02-24,8372.71
2015-02-25,8426.91
2015-02-26,8503.48
2015-02-27,8475.68
2015-03-02,8449.38
2015-03-03,8463.82
2015-03-04,8366.53
2015-03-05,8388.29
2015-03-06,8356.82
2015-03-09,8246.71
2015-03-10,8178.58
2015-03-11,8193.06
2015-03-12,8217.04
2015-03-13,8180.41
2015-03-16,8210.34
2015-03-17,8374.37
2015-03-18,8520.57
2015-03-19,8515.09
2015-03-20,8627.43
2015-03-23,8593.57
2015-03-24,8548.79
2015-03-25,8606.57
2015-03-26,8456.97
2015-03-27,8446.97
2015-03-30,8606.59
2015-03-31,8583.46
2015-04-01,8699.46
2015-04-02,8787.67
2015-04-06,8891.05
2015-04-07,8830.69
2015-04-08,8843.43
2015-04-09,8837.25
2015-04-10,8900.65
2015-04-13,8890.56
2015-04-14,8819.86
2015-04-15,8876.88
2015-04-16,8842.99
2015-04-17,8746.97
2015-04-20,8710.03
2015-04-22,8780.65
2015-04-23,8861.87
2015-04-24,8837.28
2015-04-27,8751.01
2015-04-28,8767.11
2015-04-29,8780.99
2015-04-30,8962.09
2015-05-04,9005.57
2015-05-05,9003.27
2015-05-06,8986.5
2015-05-07,8986.5
2015-05-08,9092.33
2015-05-11,9033.51
2015-05-12,8997.48
2015-05-13,9029.55
2015-05-14,9060.18
2015-05-15,9113.73
2015-05-18,9005.02
2015-05-19,8963.82
2015-05-20,8904.87
2015-05-21,8923.54
2015-05-22,8846.02
2015-05-25,8886.94
2015-05-26,8718.33
2015-05-27,8751.64
2015-05-28,8753.95
2015-05-29,8581.06
2015-06-01,8639.71
2015-06-02,8735.53
2015-06-03,8671.92
2015-06-05,8630.81
2015-06-08,8652.07
2015-06-09,8610.48
2015-06-10,8724.14
2015-06-11,8645.52
2015-06-12,8608.03
2015-06-15,8599.58
2015-06-16,8605.99
2015-06-17,8572.11
2015-06-18,8662.63
2015-06-19,8643.2
2015-06-22,8625.88
2015-06-23,8645.64
2015-06-24,8611.18
2015-06-25,8604.61
2015-06-26,8666.4
2015-06-29,8575.87
2015-06-30,8620.72
2015-07-01,8686.52
2015-07-02,8703.74
2015-07-03,8676.03
2015-07-06,8676.26
2015-07-07,8680.58
2015-07-08,8622.68
2015-07-10,8714.86
2015-07-13,8733.96
2015-07-14,8777.2
2015-07-15,8817.69
2015-07-16,8872.29
2015-07-17,8791.88
2015-07-20,8735.28
2015-07-21,8773.47
2015-07-22,8731.73
2015-07-23,8568.3
2015-07-24,8495.92
2015-07-27,8416.87
2015-07-28,8477.79
2015-07-29,8556.3
2015-07-30,8580.39
2015-07-31,8733.71
2015-08-03,8646.96
2015-08-04,8640.25
2015-08-05,8650.5
2015-08-06,8510.7
2015-08-07,8343.32
2015-08-10,8461.95
2015-08-11,8426.43
2015-08-12,8249.21
2015-08-13,8268.58
2015-08-14,8212.13
2015-08-17,8230.99
2015-08-18,8256.91
2015-08-19,8162.94
2015-08-20,8159.35
2015-08-21,7986.73
2015-08-24,7771.86
2015-08-25,7824.72
2015-08-26,8011.2
2015-08-27,8154.62
2015-08-28,8107.13
2015-08-31,7990.56
2015-09-01,7791.66
2015-09-02,7863.54
2015-09-03,7991.02
2015-09-04,7891.31
2015-09-08,7872.85
2015-09-09,7834.6
2015-09-10,7803.36
2015-09-11,7857.0
2015-09-14,8053.36
2015-09-15,8053.3
2015-09-16,8230.89
2015-09-17,8243.27
2015-09-18,8040.86
2015-09-21,7987.94
2015-09-22,8004.94
2015-09-23,7876.2
2015-09-24,7852.57
2015-09-25,7834.55
2015-09-28,7766.82
2015-09-29,7814.54
2015-09-30,7936.56
2015-10-01,7947.01
2015-10-02,8156.02
2015-10-05,8217.13
2015-10-06,8208.92
2015-10-07,8309.88
2015-10-08,8341.47
2015-10-09,8405.42
2015-10-13,8231.39
2015-10-14,8089.11
2015-10-15,8151.78
2015-10-16,8208.93
2015-10-19,8285.99
2015-10-20,8231.98
2015-10-21,8208.45
2015-10-22,8332.95
2015-10-23,8319.15
2015-10-26,8306.47
2015-10-27,8332.81
2015-10-28,8281.34
2015-10-29,8128.41
2015-10-30,8125.01
2015-11-03,8527.07
2015-11-04,8550.39
2015-11-05,8608.94
2015-11-06,8484.98
2015-11-09,8367.11
2015-11-10,8348.08
2015-11-11,8490.66
2015-11-12,8498.59
2015-11-13,8498.91
2015-11-16,8491.98
2015-11-17,8551.47
2015-11-18,8561.86
2015-11-19,8651.25
2015-11-23,8654.7
2015-11-24,8631.17
2015-11-25,8476.89
2015-11-26,8553.93
2015-11-27,8356.56
2015-11-30,8180.16
2015-12-01,8192.22
2015-12-02,8197.91
2015-12-03,8388.01
2015-12-04,8237.32
2015-12-07,8313.6
2015-12-08,8198.36
2015-12-09,8425.74
2015-12-10,8338.06
2015-12-11,8307.58
2015-12-14,8184.42
2015-12-15,8127.71
2015-12-16,8155.32
2015-12-17,8206.54
2015-12-18,7959.51
2015-12-21,7897.74
2015-12-22,7924.37
2015-12-23,8016.6
2015-12-28,7994.51
2015-12-29,7948.65
2015-12-30,7911.98
2016-01-04,7662.65
2016-01-05,7861.47
2016-01-06,7805.72
2016-01-07,7615.69
2016-01-08,7637.28
2016-01-11,7540.0
2016-01-12,7589.46
2016-01-13,7542.6
2016-01-14,7549.27
2016-01-15,7442.92
2016-01-18,7348.89
2016-01-19,7415.73
2016-01-20,7351.21
2016-01-21,7430.37
2016-01-22,7538.08
2016-01-26,7396.49
2016-01-27,7579.37
2016-01-28,7609.01
2016-01-29,7895.88
2016-02-01,7890.46
2016-02-02,7655.01
2016-02-03,7780.81
2016-02-04,7894.43
2016-02-05,7855.51
2016-02-10,7819.82
2016-02-11,7662.91
2016-02-12,7716.79
2016-02-15,7755.21
2016-02-16,7882.31
2016-02-17,7953.75
2016-02-18,8021.63
2016-02-19,8024.76
2016-02-22,8196.91
2016-02-23,8122.05
2016-02-24,8027.7
2016-02-25,8050.31
2016-02-26,8002.61
2016-02-29,8173.76
2016-03-01,8323.23
2016-03-02,8319.65
2016-03-03,8398.45
2016-03-04,8598.42
2016-03-07,8604.03
2016-03-08,8640.77
2016-03-09,8632.25
2016-03-10,8732.3
2016-03-11,8684.86
2016-03-14,8600.9
2016-03-15,8497.58
2016-03-16,8611.99
2016-03-17,8952.87
2016-03-18,8952.04
2016-03-21,9030.93
2016-03-22,9027.18
2016-03-23,8896.3
2016-03-24,8875.72
2016-03-28,9037.14
2016-03-29,9083.95
2016-03-30,9071.33
2016-03-31,8864.32
2016-04-01,8928.9
2016-04-04,8730.41
2016-04-05,8715.91
2016-04-06,8568.36
2016-04-07,8657.02
2016-04-08,8827.39
2016-04-11,8663.51
2016-04-12,8792.92
2016-04-13,8927.21
2016-04-14,8924.02
2016-04-15,9056.42
2016-04-18,9020.57
2016-04-19,9107.36
2016-04-20,9028.29
2016-04-22,8985.02
2016-04-25,8926.17
2016-04-26,9023.43
2016-04-27,9248.11
2016-04-28,9242.23
2016-04-29,9142.12
2016-05-02,9142.3
2016-05-03,9082.01
2016-05-04,9128.18
2016-05-05,9063.71
2016-05-06,9052.99
2016-05-09,9021.64
2016-05-10,9260.92
2016-05-11,9224.18
2016-05-12,9359.26
2016-05-13,9263.89
2016-05-16,9269.17
2016-05-17,9163.39
2016-05-18,9066.05
2016-05-19,9039.39
2016-05-20,9065.71
2016-05-23,8997.03
2016-05-24,9004.15
2016-05-25,8957.69
2016-05-27,8944.37
2016-05-30,8937.74
2016-05-31,8939.41
2016-06-01,9013.01
2016-06-02,9095.88
2016-06-03,9187.67
2016-06-06,9170.8
2016-06-07,9137.34
2016-06-08,9251.65
2016-06-09,9211.43
2016-06-10,9052.8
2016-06-13,9129.46
2016-06-14,8968.19
2016-06-15,9010.91
2016-06-16,9091.83
2016-06-17,9074.86
2016-06-20,9188.42
2016-06-21,9272.48
2016-06-22,9138.39
2016-06-23,9266.17
2016-06-24,9099.19
2016-06-27,9067.82
2016-06-28,9114.04
2016-06-29,9215.72
2016-06-30,9290.4
2016-07-01,9339.26
2016-07-04,9432.67
2016-07-05,9442.05
2016-07-06,9419.35
2016-07-07,9450.95
2016-07-08,9555.07
2016-07-11,9662.54
2016-07-12,9655.19
2016-07-13,9666.91
2016-07-14,9726.55
2016-07-15,9681.29
2016-07-18,9767.73
2016-07-19,9829.87
2016-07-20,9827.69
2016-07-21,9854.78
2016-07-22,9975.66
2016-07-25,9944.53
2016-07-26,9944.39
2016-07-27,9963.51
2016-07-28,10083.54
2016-07-29,10147.13
2016-08-01,10072.9
2016-08-02,9920.14
2016-08-03,9927.83
2016-08-04,9981.53
2016-08-05,10041.15
2016-08-08,9989.77
2016-08-09,9994.25
2016-08-10,9910.56
2016-08-11,10041.41
2016-08-12,10015.79
2016-08-15,10083.42
2016-08-16,10058.9
2016-08-17,10095.16
2016-08-18,10056.28
2016-08-19,10024.19
2016-08-22,9902.51
2016-08-23,9874.23
2016-08-24,9877.78
2016-08-25,9904.68
2016-08-26,9838.95
2016-08-29,9961.63
2016-08-30,9971.65
2016-08-31,9925.02
2016-09-01,9955.33
2016-09-02,10116.92
2016-09-05,10093.51
2016-09-06,10175.2
2016-09-08,10139.93
2016-09-09,9856.48
2016-09-12,9914.74
2016-09-13,9779.72
2016-09-14,9825.36
2016-09-15,9935.35
2016-09-16,9857.31
2016-09-19,9935.62
2016-09-20,10019.83
2016-09-21,10057.54
2016-09-22,10104.62
2016-09-23,10079.6
2016-09-26,9982.69
2016-09-27,10044.39
2016-09-28,10145.64
2016-09-29,10049.02
2016-09-30,10015.2
2016-10-03,10127.77
2016-10-04,10075.07
2016-10-05,10174.58
2016-10-06,10185.35
2016-10-07,10195.02
2016-10-10,10204.27
2016-10-11,10120.95
2016-10-13,10180.83
2016-10-14,10151.39
2016-10-17,10240.67
2016-10-18,10348.76
2016-10-19,10274.52
2016-10-20,10314.69
2016-10-21,10329.12
2016-10-24,10311.57
2016-10-25,10279.06
2016-10-26,10271.13
2016-10-27,10307.03
2016-10-28,10297.07
2016-10-31,10364.92
2016-11-01,10155.1
2016-11-03,9982.39
2016-11-04,9947.35
2016-11-07,10150.94
2016-11-08,10180.13
2016-11-09,10040.09
2016-11-10,9766.48
2016-11-11,9477.96
2016-11-14,9525.44
2016-11-16,9684.92
2016-11-17,9569.74
2016-11-18,9581.34
2016-11-21,9626.87
2016-11-22,9652.87
2016-11-23,9650.76
2016-11-24,9617.24
2016-11-25,9629.19
2016-11-28,9755.0
2016-11-29,9611.56
2016-11-30,9683.6
2016-12-01,9324.19
2016-12-02,9334.67
2016-12-05,9240.82
2016-12-06,9383.44
2016-12-07,9447.27
2016-12-08,9411.07
2016-12-09,9390.82
2016-12-12,9269.2
2016-12-13,9327.88
2016-12-14,9229.5
2016-12-15,9245.24
2016-12-16,9338.45
2016-12-19,9238.31
2016-12-20,9202.62
2016-12-21,9235.29
2016-12-22,9246.04
2016-12-23,9268.35
2016-12-26,9318.88
2016-12-27,9335.7
2016-12-28,9472.66
2016-12-29,9570.87
2017-01-02,9526.56
2017-01-03,9760.33
2017-01-04,9738.12
2017-01-05,9722.12
2017-01-06,9662.29
2017-01-09,9661.78
2017-01-10,9636.05
2017-01-11,9626.49
2017-01-12,9829.81
2017-01-13,9789.9
2017-01-16,9755.9
2017-01-17,9834.86
2017-01-18,9788.71
2017-01-19,9811.64
2017-01-20,9874.65
2017-01-23,9985.17
2017-01-24,9981.9
2017-01-26,10091.64
2017-01-27,10090.22
2017-01-30,9935.08
2017-01-31,10019.56
2017-02-01,9983.15
2017-02-02,10040.16
2017-02-03,10180.56
2017-02-06,10081.53
2017-02-07,10095.29
2017-02-08,10174.27
2017-02-09,10189.42
2017-02-10,10238.18
2017-02-13,10232.59
2017-02-14,10210.24
2017-02-15,10431.08
2017-02-16,10392.82
2017-02-17,10355.88
2017-02-20,10375.48
2017-02-21,10463.56
2017-02-22,10431.96
2017-02-23,10337.84
2017-02-24,10223.2
2017-03-01,10228.84
2017-03-02,10143.38
2017-03-03,10245.77
2017-03-06,10279.78
2017-03-07,10192.16
2017-03-08,10133.51
2017-03-09,10137.33
2017-03-10,10196.35
2017-03-13,10273.49
2017-03-14,10176.92
2017-03-15,10327.03
2017-03-16,10300.32
2017-03-17,10221.33
2017-03-20,10270.76
2017-03-21,10141.89
2017-03-22,10140.65
2017-03-23,10186.53
2017-03-24,10281.48
2017-03-27,10309.06
2017-03-28,10355.32
2017-03-29,10465.01
2017-03-30,10453.4
2017-03-31,10404.09
2017-04-03,10451.53
2017-04-04,10513.71
2017-04-05,10456.99
2017-04-06,10399.19
2017-04-07,10439.13
2017-04-10,10452.4
2017-04-11,10427.79
2017-04-12,10421.43
2017-04-13,10337.37
2017-04-17,10548.3
2017-04-18,10570.86
2017-04-19,10444.54
2017-04-20,10479.23
2017-04-24,10535.27
2017-04-25,10636.35
2017-04-26,10599.98
2017-04-27,10573.68
2017-04-28,10651.01
2017-05-02,10829.93
2017-05-03,10764.32
2017-05-04,10665.03
2017-05-05,10723.54
2017-05-08,10718.57
2017-05-09,10801.02
2017-05-10,10941.73
2017-05-11,10925.0
2017-05-12,11001.42
2017-05-15,11020.41
2017-05-16,11002.03
2017-05-17,10843.67
2017-05-18,10231.26
2017-05-19,10349.89
2017-05-22,10232.36
2017-05-23,10397.12
2017-05-24,10480.01
2017-05-25,10530.02
2017-05-26,10650.76
2017-05-29,10562.96
2017-05-30,10629.09
2017-05-31,10501.96
2017-06-01,10490.42
2017-06-02,10544.09
2017-06-05,10545.03
2017-06-06,10597.46
2017-06-07,10649.45
2017-06-08,10568.98
2017-06-09,10464.13
2017-06-12,10422.44
2017-06-13,10472.98
2017-06-14,10460.48
2017-06-16,10509.11
2017-06-19,10557.37
2017-06-20,10458.16
2017-06-21,10423.18
2017-06-22,10469.39
2017-06-23,10453.61
2017-06-26,10557.21
2017-06-27,10454.29
2017-06-28,10465.24
2017-06-29,10464.57
2017-06-30,10557.44
2017-07-03,10603.37
2017-07-04,10594.09
2017-07-05,10626.0
2017-07-06,10473.1
2017-07-07,10508.06
2017-07-10,10595.97
2017-07-11,10660.09
2017-07-12,10772.44
2017-07-13,10858.35
2017-07-14,10860.33
2017-07-17,10827.22
2017-07-18,10814.1
2017-07-19,10752.11
2017-07-20,10770.06
2017-07-21,10800.35
2017-07-24,10864.17
2017-07-25,10847.38
2017-07-26,10775.69
2017-07-27,10852.33
2017-07-28,10865.48
2017-07-31,10870.5
2017-08-01,10969.93
2017-08-02,11018.35
2017-08-03,10990.77
2017-08-04,10957.89
2017-08-07,11075.29
2017-08-08,11048.25
2017-08-09,11057.38
2017-08-10,10974.04
2017-08-11,11052.95
2017-08-14,11136.09
2017-08-15,11163.87
2017-08-16,11142.76
2017-08-17,11048.64
2017-08-18,11099.48
2017-08-21,11098.43
2017-08-22,11219.91
2017-08-23,11237.52
2017-08-24,11286.19
2017-08-25,11306.39
2017-08-28,11305.47
2017-08-29,11340.43
2017-08-30,11310.5
2017-08-31,11293.05
2017-09-01,11361.25
2017-09-04,11366.59
2017-09-05,11418.97
2017-09-06,11514.66
2017-09-08,11564.8
2017-09-11,11717.91
2017-09-12,11768.0
2017-09-13,11805.11
2017-09-14,11827.27
2017-09-15,11989.61
2017-09-18,11990.27
2017-09-19,12020.16
2017-09-20,11954.23
2017-09-21,11896.02
2017-09-22,11843.65
2017-09-25,11726.59
2017-09-26,11712.7
2017-09-27,11618.81
2017-09-28,11569.09
2017-09-29,11665.06
2017-10-02,11637.58
2017-10-03,11892.48
2017-10-04,11900.37
2017-10-05,11960.13
2017-10-06,11891.4
2017-10-09,11837.98
2017-10-10,11964.39
2017-10-11,11984.37
2017-10-13,12041.59
2017-10-16,12004.7
2017-10-17,11939.7
2017-10-18,12038.36
2017-10-19,11943.65
2017-10-20,11943.94
2017-10-23,11768.76
2017-10-24,11849.34
2017-10-25,11872.95
2017-10-26,11763.64
2017-10-27,11848.44
2017-10-30,11654.45
2017-10-31,11637.59
2017-11-01,11656.4
2017-11-03,11659.73
2017-11-06,11665.92
2017-11-07,11469.39
2017-11-08,11692.85
2017-11-09,11586.35
2017-11-10,11470.44
2017-11-13,11495.35
2017-11-14,11390.25
2017-11-16,11644.35
2017-11-17,11752.98
2017-11-21,11913.19
2017-11-22,11889.86
2017-11-23,11886.92
2017-11-24,11853.3
2017-11-27,11873.68
2017-11-28,11852.22
2017-11-29,11631.49
2017-11-30,11330.37
2017-12-01,11328.21
2017-12-04,11395.27
2017-12-05,11409.17
2017-12-06,11467.46
2017-12-07,11374.12
2017-12-08,11379.21
2017-12-11,11373.51
2017-12-12,11550.12
2017-12-13,11483.33
2017-12-14,11428.89
2017-12-15,11499.56
2017-12-18,11516.3
2017-12-19,11411.91
2017-12-20,11480.37
2017-12-21,11642.23
2017-12-22,11643.27
2017-12-26,11711.7
2017-12-27,11773.15
2017-12-28,11810.88
2018-01-02,11981.17
2018-01-03,11933.09
2018-01-04,11973.19
2018-01-05,12068.29
2018-01-08,12089.74
2018-01-09,12053.77
2018-01-10,11921.35
2018-01-11,12014.75
2018-01-12,12044.77
2018-01-15,12108.84
2018-01-16,12106.38
2018-01-17,12222.88
2018-01-18,12224.04
2018-01-19,12247.11
2018-01-22,12294.16
2018-01-23,12163.06
2018-01-24,12494.67
2018-01-26,12686.49
2018-01-29,12536.48
2018-01-30,12533.96
2018-01-31,12564.26
2018-02-01,12631.78
2018-02-02,12462.2
2018-02-05,12193.87
2018-02-06,12356.43
2018-02-07,12281.21
2018-02-08,12062.32
2018-02-09,11944.86
2018-02-14,12261.47
2018-02-15,12309.22
2018-02-16,12336.06
2018-02-19,12267.79
2018-02-20,12432.14
2018-02-21,12486.11
2018-02-22,12476.14
2018-02-23,12566.62
2018-02-26,12535.42
2018-02-27,12416.95
2018-02-28,12260.59
2018-03-01,12319.3
2018-03-02,12398.22
2018-03-05,12372.61
2018-03-06,12289.38
2018-03-07,12365.61
2018-03-08,12348.45
2018-03-09,12462.6
2018-03-12,12510.35
2018-03-13,12429.67
2018-03-14,12363.16
2018-03-15,12212.84
2018-03-16,12177.42
2018-03-19,12148.06
2018-03-20,12131.68
2018-03-21,12123.36
2018-03-22,12152.33
2018-03-23,12105.85
2018-03-26,12163.89
2018-03-27,12100.98
2018-03-28,12074.17
2018-03-29,12233.6
2018-04-02,12122.78
2018-04-03,12116.63
2018-04-04,12095.48
2018-04-05,12098.07
2018-04-06,11984.79
2018-04-09,11845.24
2018-04-10,11964.58
2018-04-11,11973.45
2018-04-12,11951.24
2018-04-13,11843.81
2018-04-16,11712.97
2018-04-17,11864.95
2018-04-18,11981.92
2018-04-19,11936.84
2018-04-20,11879.39
2018-04-23,11830.02
2018-04-24,11805.83
2018-04-25,11812.17
2018-04-26,12000.26
2018-04-27,12033.72
2018-04-30,11948.4
2018-05-02,11729.6
2018-05-03,11492.56
2018-05-04,11369.08
2018-05-07,11297.71
2018-05-08,11285.5
2018-05-09,11239.99
2018-05-10,11492.47
2018-05-11,11425.21
2018-05-14,11247.6
2018-05-15,11176.38
2018-05-16,11369.37
2018-05-17,11050.7
2018-05-18,10971.92
2018-05-21,10889.36
2018-05-22,11123.09
2018-05-23,10897.36
2018-05-24,10984.01
2018-05-25,10892.93
2018-05-28,10548.16
2018-05-29,10570.62
2018-05-30,10721.36
2018-06-01,10935.48
2018-06-04,11020.98
2018-06-05,10728.64
2018-06-06,10593.99
2018-06-07,10312.69
2018-06-08,10374.22
2018-06-11,10268.75
2018-06-12,10260.77
2018-06-13,10211.4
2018-06-14,10123.47
2018-06-15,10134.55
2018-06-18,10061.93
2018-06-19,10221.5
2018-06-20,10257.17
2018-06-21,10057.4
2018-06-22,10122.49
2018-06-25,10224.49
2018-06-26,10246.5
2018-06-27,10075.99
2018-06-28,10155.77
2018-06-29,10251.56
2018-07-02,10252.88
2018-07-03,10345.99
2018-07-04,10451.27
2018-07-05,10400.76
2018-07-06,10415.26
2018-07-10,10415.74
2018-07-11,10399.32
2018-07-12,10502.34
2018-07-13,10644.07
2018-07-16,10688.72
2018-07-17,10863.22
2018-07-18,10749.01
2018-07-19,10795.44
2018-07-20,10870.58
2018-07-23,10736.83
2018-07-24,10871.62
2018-07-25,10984.65
2018-07-26,10845.16
2018-07-27,10863.75
2018-07-30,10863.69
2018-07-31,10753.14
2018-08-01,10823.38
2018-08-02,10838.82
2018-08-03,10995.88
2018-08-06,10921.43
2018-08-07,10807.42
2018-08-08,10705.28
2018-08-09,10656.87
2018-08-10,10411.99
2018-08-13,10530.44
2018-08-14,10697.59
2018-08-15,10653.81
2018-08-16,10659.76
2018-08-17,10560.59
2018-08-20,10593.21
2018-08-21,10455.41
2018-08-22,10615.02
2018-08-23,10484.03
2018-08-24,10543.77
2018-08-27,10715.03
2018-08-28,10650.52
2018-08-29,10760.69
2018-08-30,10541.69
2018-08-31,10578.32
2018-09-03,10541.19
2018-09-04,10424.55
2018-09-05,10412.65
2018-09-06,10584.13
2018-09-10,10572.96
2018-09-11,10373.25
2018-09-12,10408.51
2018-09-13,10330.8
2018-09-14,10382.5
2018-09-17,10514.59
2018-09-18,10576.74
2018-09-19,10490.51
2018-09-20,10506.9
2018-09-21,10636.96
2018-09-24,10447.97
2018-09-25,10420.54
2018-09-26,10489.45
2018-09-27,10648.6
2018-09-28,10565.23
2018-10-01,10477.65
2018-10-02,10797.65
2018-10-03,11008.21
2018-10-04,10968.08
2018-10-05,10862.65
2018-10-08,11244.35
2018-10-09,11203.9
2018-10-10,10991.94
2018-10-11,10872.97
2018-10-15,10883.77
2018-10-16,11142.88
2018-10-17,11149.82
2018-10-18,11025.6
2018-10-19,11036.37
2018-10-22,11130.71
2018-10-23,11147.31
2018-10-24,10960.58
2018-10-25,11022.14
2018-10-26,11107.7
2018-10-29,10979.94
2018-10-30,11459.11
2018-10-31,11438.3
2018-11-01,11595.93
2018-11-05,11724.23
2018-11-06,11661.62
2018-11-07,11566.32
2018-11-08,11357.88
2018-11-09,11444.95
2018-11-12,11387.59
2018-11-13,11367.02
2018-11-14,11557.86
2018-11-16,11816.24
2018-11-19,11693.14
2018-11-21,11662.82
2018-11-22,11681.03
2018-11-23,11659.52
2018-11-26,11593.04
2018-11-27,11902.99
2018-11-28,11994.41
2018-11-29,12014.93
2018-11-30,11921.52
2018-12-03,11904.32
2018-12-04,11813.66
2018-12-05,11880.4
2018-12-06,11899.87
2018-12-07,11822.59
2018-12-10,11672.87
2018-12-11,11780.22
2018-12-12,11855.06
2018-12-13,11952.67
2018-12-14,11940.64
2018-12-17,11723.83
2018-12-18,11798.16
2018-12-19,11711.17
2018-12-20,11725.99
2018-12-21,11834.48
2018-12-26,11738.66
2018-12-27,11822.82
2018-12-28,12075.46
2019-01-02,12404.1
2019-01-03,12524.48
2019-01-04,12493.01
2019-01-07,12441.36
2019-01-08,12482.62
2019-01-09,12618.55
2019-01-10,12668.01
2019-01-11,12742.6
2019-01-14,12876.61
2019-01-15,12904.18
2019-01-16,12892.71
2019-01-17,12921.63
2019-01-18,13023.11
2019-01-21,12994.74
2019-01-22,12917.27
2019-01-23,13121.16
2019-01-24,13257.89
2019-01-28,13432.57
2019-01-29,13385.39
2019-01-30,13465.3
2019-01-31,13475.96
2019-02-01,13584.67
2019-02-04,13723.57
2019-02-05,13720.83
2019-02-06,13279.97
2019-02-07,13310.45
2019-02-08,13369.92
2019-02-11,13255.79
2019-02-12,13258.12
2019-02-13,13172.56
2019-02-14,13350.97
2019-02-15,13312.77
2019-02-18,13210.92
2019-02-19,13402.67
2019-02-20,13195.06
2019-02-21,13161.16
2019-02-22,13177.85
2019-02-25,13143.32
2019-02-26,13135.8
2019-02-27,13170.94
2019-02-28,12896.6
2019-03-01,12759.02
2019-03-06,12618.45
2019-03-07,12610.54
2019-03-08,12844.52
2019-03-11,13043.33
2019-03-12,13054.54
2019-03-13,13256.72
2019-03-14,13155.31
2019-03-15,13253.9
2019-03-18,13278.98
2019-03-19,13161.93
2019-03-20,12966.07
2019-03-21,12847.08
2019-03-22,12607.06
2019-03-25,12581.76
2019-03-26,12690.75
2019-03-27,12312.39
2019-03-28,12630.63
2019-03-29,12668.44
2019-04-01,12724.2
2019-04-02,12730.06
2019-04-03,12729.89
2019-04-04,12939.82
2019-04-05,13090.7
2019-04-08,13046.67
2019-04-09,12875.24
2019-04-10,12796.61
2019-04-11,12645.72
2019-04-12,12517.39
2019-04-15,12589.23
2019-04-16,12680.27
2019-04-17,12575.84
2019-04-18,12680.19
2019-04-22,12781.61
2019-04-23,12912.69
2019-04-24,12857.81
2019-04-25,13056.49
2019-04-26,13041.33
2019-04-29,13053.28
2019-04-30,13035.34
2019-05-02,12945.95
2019-05-03,12952.29
2019-05-06,12847.35
2019-05-07,12768.0
2019-05-08,12797.79
2019-05-09,12714.36
2019-05-10,12693.32
2019-05-13,12413.59
2019-05-14,12459.82
2019-05-15,12375.11
2019-05-16,12227.76
2019-05-17,12166.53
2019-05-20,12543.5
2019-05-21,12839.15
2019-05-22,12808.26
2019-05-23,12772.97
2019-05-24,12605.33
2019-05-27,12703.07
2019-05-28,12939.16
2019-05-29,13009.61
2019-05-30,13138.83
2019-05-31,13273.78
2019-06-03,13270.14
2019-06-04,13251.35
2019-06-05,13128.02
2019-06-06,13187.0
2019-06-07,13294.62
2019-06-10,13262.5
2019-06-11,13281.15
2019-06-12,13270.7
2019-06-13,13400.94
2019-06-14,13323.58
2019-06-17,13274.08
2019-06-18,13470.54
2019-06-19,13574.78
2019-06-21,13725.88
2019-06-24,13769.86
2019-06-25,13539.46
2019-06-26,13626.02
2019-06-27,13731.15
2019-06-28,13797.26
2019-07-01,13746.93
2019-07-02,13727.74
2019-07-03,13923.63
2019-07-04,14116.59
2019-07-05,14216.42
2019-07-08,14251.41
2019-07-10,14511.98
2019-07-11,14402.79
2019-07-12,14228.41
2019-07-15,14172.14
2019-07-16,14112.59
2019-07-17,14164.14
2019-07-18,14202.83
2019-07-19,14055.84
2019-07-22,14102.14
2019-07-23,14077.9
2019-07-24,14100.36
2019-07-25,14020.57
2019-07-26,14107.98
2019-07-29,14267.85
2019-07-30,14278.39
2019-07-31,14171.8
2019-08-01,14175.41
2019-08-02,14254.15
2019-08-05,13991.01
2019-08-06,14293.47
2019-08-07,14490.89
2019-08-08,14498.54
2019-08-09,14534.72
2019-08-12,14274.95
2019-08-13,14442.88
2019-08-14,14090.81
2019-08-15,13926.89
2019-08-16,14098.42
2019-08-19,14017.48
2019-08-20,13937.46
2019-08-21,14091.01
2019-08-22,13926.81
2019-08-23,13731.11
2019-08-26,13552.41
2019-08-27,13660.67
2019-08-28,13785.19
2019-08-29,13991.29
2019-08-30,14113.02
2019-09-02,14126.72
2019-09-03,13989.24
2019-09-04,14152.63
2019-09-05,14260.02
2019-09-06,14261.01
2019-09-09,14138.54
2019-09-10,14173.86
2019-09-11,14378.2
2019-09-12,14467.36
2019-09-13,14346.17
2019-09-16,14300.81
2019-09-17,14458.27
2019-09-18,14521.84
2019-09-19,14614.05
2019-09-20,14698.07
2019-09-23,14625.89
2019-09-24,14530.18
2019-09-25,14558.6
2019-09-26,14644.4
2019-09-27,14634.69
2019-09-30,14674.91
2019-10-01,14524.4
2019-10-02,14173.05
2019-10-03,14233.73
2019-10-04,14338.02
2019-10-07,14018.02
2019-10-08,13975.95
2019-10-09,14113.72
2019-10-10,14113.25
2019-10-11,14391.55
2019-10-14,14486.79
2019-10-15,14462.25
2019-10-16,14648.7
2019-10-17,14618.13
2019-10-18,14588.49
2019-10-21,14699.25
2019-10-22,14749.0
2019-10-23,14762.31
2019-10-24,14755.44
2019-10-25,14661.41
2019-10-28,14751.63
2019-10-29,14687.9
2019-10-30,14812.58
2019-10-31,14727.59
2019-11-01,14820.83
2019-11-04,14924.1
2019-11-05,14958.04
2019-11-06,15030.89
2019-11-07,15166.27
2019-11-08,14944.22
2019-11-11,15041.01
2019-11-12,14852.81
2019-11-13,14840.77
2019-11-14,15042.31
2019-11-18,15028.41
2019-11-19,14958.13
2019-11-21,15128.62
2019-11-22,15223.67
2019-11-25,15176.75
2019-11-26,14999.8
2019-11-27,15050.73
2019-11-28,15130.62
2019-11-29,15209.31
2019-12-02,15349.81
2019-12-03,15410.11
2019-12-04,15606.63
2019-12-05,15702.9
2019-12-06,15742.91
2019-12-09,15732.06
2019-12-10,15727.57
2019-12-11,15823.99
2019-12-12,15921.33
2019-12-13,16065.2
2019-12-16,15977.67
2019-12-17,16039.13
2019-12-18,16277.05
2019-12-19,16370.54
2019-12-20,16405.68
2019-12-23,16525.89
2019-12-26,16758.03
2019-12-27,16724.26
2019-12-30,16692.01
2020-01-02,16979.41
2020-01-03,16960.29
2020-01-06,16848.22
2020-01-07,16833.33
2020-01-08,16712.65
2020-01-09,16723.9
2020-01-10,16760.3
2020-01-13,16985.31
2020-01-14,17081.24
2020-01-15,16886.9
2020-01-16,16925.56
2020-01-17,17054.59
2020-01-20,17132.8
2020-01-21,16925.14
2020-01-22,17102.11
2020-01-23,17219.57
2020-01-24,17108.35
2020-01-27,16794.49
2020-01-28,16983.8
2020-01-29,16900.79
2020-01-30,16828.55
2020-01-31,16588.83
2020-02-03,16782.32
2020-02-04,16904.46
2020-02-05,16944.45
2020-02-06,16748.59
2020-02-07,16608.9
2020-02-10,16516.7
2020-02-11,16849.96
2020-02-12,17085.41
2020-02-13,16945.65
2020-02-14,16716.06
2020-02-17,16752.06
2020-02-18,16677.95
2020-02-19,16917.97
2020-02-20,16722.8
2020-02-21,16815.77
2020-02-26,15921.54
2020-02-27,15491.96
2020-02-28,15659.92
2020-03-02,16174.98
2020-03-03,16090.34
2020-03-04,16531.1
2020-03-05,15960.5
2020-03-06,15562.0
2020-03-09,14373.85
2020-03-10,14845.99
2020-03-11,14066.11
2020-03-12,12392.98
2020-03-13,13363.64
2020-03-16,11646.1
2020-03-17,12430.25
2020-03-18,11502.02
2020-03-19,11984.27
2020-03-20,11665.26
2020-03-23,11027.39
2020-03-24,11576.5
2020-03-25,12133.65
2020-03-26,12658.24
2020-03-27,12029.45
2020-03-30,12250.24
2020-03-31,11918.52
2020-04-01,11585.64
2020-04-02,11806.91
2020-04-03,11483.57
2020-04-06,11994.79
2020-04-07,12173.17
2020-04-08,12486.67
2020-04-09,12324.45
2020-04-13,12483.8
2020-04-14,12593.29
2020-04-15,12362.57
2020-04-16,12250.35
2020-04-17,12412.63
2020-04-20,12492.85
2020-04-22,12810.27
2020-04-23,12651.58
2020-04-24,11996.13
2020-04-27,12319.23
2020-04-28,12590.1
2020-04-29,12687.99
2020-04-30,12358.81
2020-05-04,12260.4
2020-05-05,12370.18
2020-05-06,12243.43
2020-05-07,11962.12
2020-05-08,12283.7
2020-05-11,12174.14
2020-05-12,12011.65
2020-05-13,11975.2
2020-05-14,12202.95
2020-05-15,11944.92
2020-05-18,12293.93
2020-05-19,12091.89
2020-05-20,12106.36
2020-05-21,12370.32
2020-05-22,12319.72
2020-05-25,12737.77
2020-05-26,12748.91
2020-05-27,13056.32
2020-05-28,12918.81
2020-05-29,12992.07
2020-06-01,13098.82
2020-06-02,13402.38
2020-06-03,13539.32
2020-06-04,13612.49
2020-06-05,13714.73
2020-06-08,14011.38
2020-06-09,13956.13
2020-06-10,13729.32
2020-06-12,13538.8
2020-06-15,13431.55
2020-06-16,13531.13
2020-06-17,13869.87
2020-06-18,13888.44
2020-06-19,14002.66
2020-06-22,13870.45
2020-06-23,13767.94
2020-06-24,13590.13
2020-06-25,13807.87
2020-06-26,13549.05
2020-06-29,13721.12
2020-06-30,13635.09
2020-07-01,13867.85
2020-07-02,13839.57
2020-07-03,13976.33
2020-07-06,14106.11
2020-07-07,13945.27
2020-07-08,14144.13
2020-07-09,14011.19
2020-07-10,14023.5
2020-07-13,13871.99
2020-07-14,13922.97
2020-07-15,14117.37
2020-07-16,14047.12
2020-07-17,14310.02
2020-07-20,14539.63
2020-07-21,14532.39
2020-07-22,14629.71
2020-07-23,14404.45
2020-07-24,14491.99
2020-07-27,14829.72
2020-07-28,14816.55
2020-07-29,14919.17
2020-07-30,14979.33
2020-07-31,14903.48
2020-08-03,14801.23
2020-08-04,14573.12
2020-08-05,14665.42
2020-08-06,14864.29
2020-08-07,14736.73
2020-08-10,14832.07
2020-08-11,14646.27
2020-08-12,14533.11
2020-08-13,14344.06
2020-08-14,14502.15
2020-08-17,14248.31
2020-08-18,14480.75
2020-08-19,14289.92
2020-08-20,14363.87
2020-08-21,14376.63
2020-08-24,14455.08
2020-08-25,14480.38
2020-08-26,14276.69
2020-08-27,14290.32
2020-08-28,14509.63
2020-08-31,14177.18
2020-09-01,14507.78
2020-09-02,14493.48
2020-09-03,14416.06
2020-09-04,14450.18
2020-09-08,14381.32
2020-09-09,14543.09
2020-09-10,14250.37
2020-09-11,14062.8
2020-09-14,14257.94
2020-09-15,14318.98
2020-09-16,14259.71
2020-09-17,14338.28
2020-09-18,14090.12
2020-09-21,14000.68
2020-09-22,14010.81
2020-09-23,13729.73
2020-09-24,13914.56
2020-09-25,13896.27
2020-09-28,13577.57
2020-09-29,13492.35
2020-09-30,13571.98
2020-10-01,13716.51
2020-10-02,13595.8
2020-10-05,13777.19
2020-10-06,13805.13
2020-10-07,13790.54
2020-10-08,14060.36
2020-10-09,13961.68
2020-10-13,14038.84
2020-10-14,14141.94
2020-10-15,14103.29
2020-10-16,14059.92
2020-10-19,14083.03
2020-10-20,14292.84
2020-10-21,14333.74
2020-10-22,14471.71
2020-10-23,14414.89
2020-10-26,14478.92
2020-10-27,14342.04
2020-10-28,13819.13
2020-10-29,13882.22
2020-10-30,13629.53
2020-11-03,13809.95
2020-11-04,14040.93
2020-11-05,14491.78
2020-11-06,14559.04
2020-11-09,14801.13
2020-11-10,14999.45
2020-11-11,14866.7
2020-11-12,14679.08
2020-11-13,15085.15
2020-11-16,15350.47
2020-11-17,15515.55
2020-11-18,15329.97
2020-11-19,15340.07
2020-11-20,15265.85
2020-11-23,15300.61
2020-11-24,15481.05
2020-11-25,15516.75
2020-11-26,15607.27
2020-11-27,15710.37
2020-11-30,15579.6
2020-12-01,15769.79
2020-12-02,15703.07
2020-12-03,15726.59
2020-12-04,15772.19
2020-12-07,15808.8
2020-12-08,15778.73
2020-12-09,15740.4
2020-12-10,15976.28
2020-12-11,16149.51
2020-12-14,16017.43
2020-12-15,16257.67
2020-12-16,16468.87
2020-12-17,16545.91
2020-12-18,16453.81
2020-12-21,16142.72
2020-12-22,16298.28
2020-12-23,16340.48
2020-12-28,16585.75
2020-12-29,16619.13
2020-12-30,16530.81
2021-01-04,16369.75
2021-01-05,16328.78
2021-01-06,16198.08
2021-01-07,16297.72
2021-01-08,16873.94
2021-01-11,16611.56
2021-01-12,16812.89
2021-01-13,16784.52
2021-01-14,16999.81
2021-01-15,16816.96
2021-01-18,16792.83
2021-01-19,16725.15
2021-01-20,16527.41
2021-01-21,16384.83
2021-01-22,16240.56
2021-01-26,16201.24
2021-01-27,16147.05
2021-01-28,16442.92
2021-01-29,16026.8
2021-02-01,16391.24
2021-02-02,16498.63
2021-02-03,16678.97
2021-02-04,16591.43
2021-02-05,16655.6
2021-02-08,16592.16
2021-02-09,16545.11
2021-02-10,16429.85
2021-02-11,16580.46
2021-02-12,16516.88
2021-02-17,16403.08
2021-02-18,16254.58
2021-02-19,16266.65
2021-02-22,15770.66
2021-02-23,15892.93
2021-02-24,15843.89
2021-02-25,15492.49
2021-02-26,15242.24
2021-03-01,15114.0
2021-03-02,15252.8
2021-03-03,15273.71
2021-03-04,15510.53
2021-03-05,15679.25
2021-03-08,15122.12
2021-03-09,15219.66
2021-03-10,15395.02
2021-03-11,15572.58
2021-03-12,15552.85
2021-03-15,15723.87
2021-03-16,15729.78
2021-03-17,16047.53
2021-03-18,15892.85
2021-03-19,16126.83
2021-03-22,16026.76
2021-03-23,15922.57
2021-03-24,15697.36
2021-03-25,15941.51
2021-03-26,16037.4
2021-03-29,16141.48
2021-03-30,16363.85
2021-03-31,16334.47
2021-04-01,16114.49
2021-04-05,16360.94
2021-04-06,16417.18
2021-04-07,16413.85
2021-04-08,16476.59
2021-04-09,16333.03
2021-04-12,16497.86
2021-04-13,16478.58
2021-04-14,16443.62
2021-04-15,16514.8
2021-04-16,16654.23
2021-04-19,16565.56
2021-04-20,16607.09
2021-04-22,16484.49
2021-04-23,16598.95
2021-04-26,16475.72
2021-04-27,16317.57
2021-04-28,16480.99
2021-04-29,16501.95
2021-04-30,16303.36
2021-05-03,16292.91
2021-05-04,16160.4
2021-05-05,16324.63
2021-05-06,16327.62
2021-05-07,16519.44
2021-05-10,16477.64
2021-05-11,16594.8
2021-05-12,16166.47
2021-05-13,16328.18
2021-05-14,16527.46
2021-05-17,16604.91
2021-05-18,16558.78
2021-05-19,16675.98
2021-05-20,16718.16
2021-05-21,16734.5
2021-05-24,16874.42
2021-05-25,16792.86
2021-05-26,16822.24
2021-05-27,16885.14
2021-05-28,16926.35
2021-05-31,16939.36
2021-06-01,17174.74
2021-06-02,17222.52
2021-06-04,17232.48
2021-06-07,17412.74
2021-06-08,17211.56
2021-06-09,17223.89
2021-06-10,17377.06
2021-06-11,17150.8
2021-06-14,17282.13
2021-06-15,17271.61
2021-06-16,17150.48
2021-06-17,17092.38
2021-06-18,17094.25
2021-06-21,17082.43
2021-06-22,16980.87
2021-06-23,16829.74
2021-06-24,16928.16
2021-06-25,16614.07
2021-06-28,16695.02
2021-06-29,16571.13
2021-06-30,16422.94
2021-07-01,16299.42
2021-07-02,16444.96
2021-07-05,16399.13
2021-07-06,16237.42
2021-07-07,16463.09
2021-07-08,16234.46
2021-07-12,16451.46
2021-07-13,16502.99
2021-07-14,16555.16
2021-07-15,16419.79
2021-07-16,16317.75
2021-07-19,16188.37
2021-07-20,16282.08
2021-07-21,16291.39
2021-07-22,16344.82
2021-07-23,16223.16
2021-07-26,16254.41
2021-07-27,16170.34
2021-07-28,16366.02
2021-07-29,16230.05
2021-07-30,15887.67
2021-08-02,16069.65
2021-08-03,16159.13
2021-08-04,16021.79
2021-08-05,15848.27
2021-08-06,16000.45
2021-08-09,16130.26
2021-08-10,15938.73
2021-08-11,15864.11
2021-08-12,15710.93
2021-08-13,15891.41
2021-08-16,15837.61
2021-08-17,15721.33
2021-08-18,15616.68
2021-08-19,15868.02
2021-08-20,16104.82
2021-08-23,16009.06
2021-08-24,16245.71
2021-08-25,16332.73
2021-08-26,16056.75
2021-08-27,16170.73
2021-08-30,16108.98
2021-08-31,16146.87
2021-09-01,16287.89
2021-09-02,15964.97
2021-09-03,16013.25
2021-09-06,16175.31
2021-09-08,15638.79
2021-09-09,15937.22
2021-09-10,15812.04
2021-09-13,16031.57
2021-09-14,16040.77
2021-09-15,15840.67
2021-09-16,15753.96
2021-09-17,15577.66
2021-09-20,15374.4
2021-09-21,15477.49
2021-09-22,15657.65
2021-09-23,15819.42
2021-09-24,15716.7
2021-09-27,15758.69
2021-09-28,15485.31
2021-09-29,15612.53
2021-09-30,15534.06
2021-10-01,15630.54
2021-10-04,15363.14
2021-10-05,15390.45
2021-10-06,15374.54
2021-10-07,15320.49
2021-10-08,15601.37
2021-10-11,15609.9
2021-10-13,15777.94
2021-10-14,15735.7
2021-10-15,15919.27
2021-10-18,15981.46
2021-10-19,15577.69
2021-10-20,15638.16
2021-10-21,15329.63
2021-10-22,15194.43
2021-10-25,15422.21
2021-10-26,15237.7
2021-10-27,15306.72
2021-10-28,15171.68
2021-10-29,15126.13
2021-11-01,15317.03
2021-11-03,15598.02
2021-11-04,15403.63
2021-11-05,15521.36
2021-11-08,15498.14
2021-11-09,15583.76
2021-11-10,15747.18
2021-11-11,15857.35
2021-11-12,15799.65
2021-11-16,15638.7
2021-11-17,15446.86
2021-11-18,15435.61
2021-11-19,15594.0
2021-11-22,15453.57
2021-11-23,15593.18
2021-11-24,15653.97
2021-11-25,15823.49
2021-11-26,15470.55
2021-11-29,15500.91
2021-11-30,15424.85
2021-12-01,15303.7
2021-12-02,15688.32
2021-12-03,15739.13
2021-12-06,15802.67
2021-12-07,15751.58
2021-12-08,15832.67
2021-12-09,15637.15
2021-12-10,15795.7
2021-12-13,15775.85
2021-12-14,15794.71
2021-12-15,15880.21
2021-12-16,15881.32
2021-12-17,15831.59
2021-12-20,15635.4
2021-12-21,15612.7
2021-12-22,15605.23
2021-12-23,15590.63
2021-12-27,15661.41
2021-12-28,15622.64
2021-12-29,15524.03
2021-12-30,15652.89
2022-01-03,15404.4
2022-01-04,15408.08
2022-01-05,15107.86
2022-01-06,15041.42
2022-01-07,14971.82
2022-01-10,14974.4
2022-01-11,15107.78
2022-01-12,15296.84
2022-01-13,15304.94
2022-01-14,15448.82
2022-01-17,15431.63
2022-01-18,15480.99
2022-01-19,15676.91
2022-01-20,15711.79
2022-01-21,15715.22
2022-01-24,15622.58
2022-01-25,15893.27
2022-01-26,15889.82
2022-01-27,16179.56
2022-01-28,16195.41
2022-01-31,16394.37
2022-02-01,16347.81
2022-02-02,16187.18
2022-02-03,16281.52
2022-02-04,16214.48
2022-02-07,16171.51
2022-02-08,16184.13
2022-02-09,16244.58
2022-02-10,16248.3
2022-02-11,16263.57
2022-02-14,16339.47
2022-02-15,16499.69
2022-02-16,16506.08
2022-02-17,16499.93
2022-02-18,16454.26
2022-02-21,16296.23
2022-02-22,16490.78
2022-02-23,16407.5
2022-02-24,16362.59
2022-02-25,16448.69
2022-03-02,16488.29
2022-03-03,16494.13
2022-03-04,16387.55
2022-03-07,16063.8
2022-03-08,16089.18
2022-03-09,16642.29
2022-03-10,16509.12
2022-03-11,16366.06
2022-03-14,16413.65
2022-03-15,16402.43
2022-03-16,16657.85
2022-03-17,16999.71
2022-03-18,17284.43
2022-03-21,17377.67
2022-03-22,17644.68
2022-03-23,17582.85
2022-03-24,17856.54
2022-03-25,17881.79
2022-03-28,17838.52
2022-03-29,17894.22
2022-03-30,17913.51
2022-03-31,17968.75
2022-04-01,18210.81
2022-04-04,18127.15
2022-04-05,17952.26
2022-04-06,17926.05
2022-04-07,17887.91
2022-04-08,17918.03
2022-04-11,17839.6
2022-04-12,17766.17
2022-04-13,17796.89
2022-04-14,17843.66
2022-04-18,17866.99
2022-04-19,17578.8
2022-04-20,17623.52
2022-04-22,17442.17
2022-04-25,17552.38
2022-04-26,17311.42
2022-04-27,17399.67
2022-04-28,17316.03
2022-04-29,16965.39
2022-05-02,16832.67
2022-05-03,16811.04
2022-05-04,17069.94
2022-05-05,16684.16
2022-05-06,16626.18
2022-05-09,16625.74
2022-05-10,16515.59
2022-05-11,16500.14
2022-05-12,16734.03
2022-05-13,16911.35
2022-05-16,16976.72
2022-05-17,17225.94
2022-05-18,16909.61
2022-05-19,16969.4
2022-05-20,17166.35
2022-05-23,17387.16
2022-05-24,17606.17
2022-05-25,17563.33
2022-05-26,17562.32
2022-05-27,17500.88
2022-05-30,17366.41
2022-05-31,17480.34
2022-06-01,17443.29
2022-06-02,17618.61
2022-06-03,17409.01
2022-06-06,17290.17
2022-06-07,17176.3
2022-06-08,17004.22
2022-06-09,16833.47
2022-06-10,16619.45
2022-06-13,16320.0
2022-06-14,16205.44
2022-06-15,16382.5
2022-06-17,16176.86
2022-06-20,16216.68
2022-06-21,16165.79
2022-06-22,16133.36
2022-06-23,15951.92
2022-06-24,15969.17
2022-06-27,16139.22
2022-06-28,16125.48
2022-06-29,15969.0
2022-06-30,15991.23
2022-07-01,16072.16
2022-07-04,15861.7
2022-07-05,15804.17
2022-07-06,15908.41
2022-07-07,16139.68
2022-07-08,16124.93
2022-07-11,15929.63
2022-07-12,15931.8
2022-07-13,15843.65
2022-07-14,15894.71
2022-07-15,15980.7
2022-07-18,15915.62
2022-07-19,16048.11
2022-07-20,16036.66
2022-07-21,16103.04
2022-07-22,16145.31
2022-07-25,16274.96
2022-07-26,16216.74
2022-07-27,16472.52
2022-07-28,16576.83
2022-07-29,16682.4
2022-08-01,16611.4
2022-08-02,16698.49
2022-08-03,16697.65
2022-08-04,16972.63
2022-08-05,17037.34
2022-08-08,17192.65
2022-08-09,17271.79
2022-08-10,17451.06
2022-08-11,17330.18
2022-08-12,17570.69
2022-08-15,17564.78
2022-08-16,17594.79
2022-08-17,17792.31
2022-08-18,17718.62
2022-08-19,17576.71
2022-08-22,17462.79
2022-08-23,17523.64
2022-08-24,17468.65
2022-08-25,17441.98
2022-08-26,17242.66
2022-08-29,17275.2
2022-08-30,17159.74
2022-08-31,17049.65
2022-09-01,17187.31
2022-09-02,17264.17
2022-09-05,17376.35
2022-09-06,17212.13
2022-09-08,17154.27
2022-09-09,17326.62
2022-09-12,17404.29
2022-09-13,17099.24
2022-09-14,17097.79
2022-09-15,16963.4
2022-09-16,16878.84
2022-09-19,17142.64
2022-09-20,17298.1
2022-09-21,17230.14
2022-09-22,17519.68
2022-09-23,17396.96
2022-09-26,16972.54
2022-09-27,16740.54
2022-09-28,16684.58
2022-09-29,16556.96
2022-09-30,16750.12
2022-10-03,17676.12
2022-10-04,17459.05
2022-10-05,17413.85
2022-10-06,17342.1
2022-10-07,17184.51
2022-10-10,17234.09
2022-10-11,17098.98
2022-10-13,16986.93
2022-10-14,16802.78
2022-10-17,17077.43
2022-10-18,17379.29
2022-10-19,17470.12
2022-10-20,17558.05
2022-10-21,17849.42
2022-10-24,17676.59
2022-10-25,17419.47
2022-10-26,17096.26
2022-10-27,17566.38
2022-10-28,17753.39
2022-10-31,18102.11
2022-11-01,18156.23
2022-11-03,18242.41
2022-11-04,18324.53
2022-11-07,18010.99
2022-11-08,18074.43
2022-11-09,17817.15
2022-11-10,17200.6
2022-11-11,17469.22
2022-11-14,17493.41
2022-11-16,17012.02
2022-11-17,16854.75
2022-11-18,16843.93
2022-11-21,17196.71
2022-11-22,17053.03
2022-11-23,16972.31
2022-11-24,17392.6
2022-11-25,16972.97
2022-11-28,16932.95
2022-11-29,16956.03
2022-11-30,17011.65
2022-12-01,16916.43
2022-12-02,16991.13
2022-12-05,16608.54
2022-12-06,16716.4
2022-12-07,16764.71
2022-12-08,16416.49
2022-12-09,16399.52
2022-12-12,16184.27
2022-12-13,15793.33
2022-12-14,15891.1
2022-12-15,15888.19
2022-12-16,15849.96
2022-12-19,16102.78
2022-12-20,16373.65
2022-12-21,16378.32
2022-12-22,16524.84
2022-12-23,16718.19
2022-12-26,16471.82
2022-12-27,16387.74
2022-12-28,16677.64
2022-12-29,16687.27
2023-01-02,16336.53
2023-01-03,16041.36
2023-01-04,16191.11
2023-01-05,16386.52
2023-01-06,16572.37
2023-01-09,16665.11
2023-01-10,16824.15
2023-01-11,17068.05
2023-01-12,17035.87
2023-01-13,16865.22
2023-01-16,16670.34
2023-01-17,16941.75
2023-01-18,17090.97
2023-01-19,17138.66
2023-01-20,16947.85
2023-01-23,16851.01
2023-01-24,16983.51
2023-01-25,17133.6
2023-01-26,17142.79
2023-01-27,16998.57
2023-01-30,17043.32
2023-01-31,17166.14
2023-02-01,16948.99
2023-02-02,16784.36
2023-02-03,16604.89
2023-02-06,16619.55
2023-02-07,16420.54
2023-02-08,16722.42
2023-02-09,16387.97
2023-02-10,16520.59
2023-02-13,16658.39
2023-02-14,16569.5
2023-02-15,16766.58
2023-02-16,16810.25
2023-02-17,16818.56
2023-02-22,16548.82
2023-02-23,16574.49
2023-02-24,16403.08
2023-02-27,16346.99
2023-02-28,16365.58
2023-03-01,16299.18
2023-03-02,16270.7
2023-03-03,16261.71
2023-03-06,16437.69
2023-03-07,16490.22
2023-03-08,16705.38
2023-03-09,16557.7
2023-03-10,16370.37
2023-03-13,16373.48
2023-03-14,16455.34
2023-03-15,16543.35
2023-03-16,16500.69
2023-03-17,16194.73
2023-03-20,16081.98
2023-03-21,16030.08
2023-03-22,16004.35
2023-03-23,15848.43
2023-03-24,16060.21
2023-03-27,16132.91
2023-03-28,16351.25
2023-03-29,16381.4
2023-03-30,16588.2
2023-03-31,16409.74
2023-04-03,16254.21
2023-04-04,16476.95
2023-04-05,16349.13
2023-04-06,16427.67
2023-04-10,16482.81
2023-04-11,16822.32
2023-04-12,17008.14
2023-04-13,17025.61
2023-04-14,17026.71
2023-04-17,17041.36
2023-04-18,17002.7
2023-04-19,16828.99
2023-04-20,16918.92
2023-04-24,16866.99
2023-04-25,16809.5
2023-04-26,16726.0
2023-04-27,16827.43
2023-04-28,17024.12
2023-05-02,16898.13
2023-05-03,16884.91
2023-05-04,16891.35
2023-05-05,17158.47
2023-05-08,17170.67
2023-05-09,17284.39
2023-05-10,17371.82
2023-05-11,17461.21
2023-05-12,17483.84
2023-05-15,17588.58
2023-05-16,17436.75
2023-05-17,17455.23
2023-05-18,17529.01
2023-05-19,17643.09
2023-05-22,17610.71
2023-05-23,17585.0
2023-05-24,17468.7
2023-05-25,17616.65
2023-05-26,17718.27
2023-05-29,17653.04
2023-05-30,17500.61
2023-05-31,17320.12
2023-06-01,17398.94
2023-06-02,17674.73
2023-06-05,17650.79
2023-06-06,17968.59
2023-06-07,17965.25
2023-06-09,18193.56
2023-06-12,18276.9
2023-06-13,18203.22
2023-06-14,18418.35
2023-06-15,18500.51
2023-06-16,18382.81
2023-06-19,18461.25
2023-06-20,18503.77
2023-06-21,18516.27
2023-06-22,18285.87
2023-06-23,18532.12
2023-06-26,18398.47
2023-06-27,18310.2
2023-06-28,18200.67
2023-06-29,18352.48
2023-06-30,18545.27
2023-07-03,18638.4
2023-07-04,18569.75
2023-07-05,18611.44
2023-07-06,18386.32
2023-07-07,18539.93
2023-07-10,18439.31
2023-07-11,18313.95
2023-07-12,18310.07
2023-07-13,18471.78
2023-07-14,18318.63
2023-07-17,18379.87
2023-07-18,18304.04
2023-07-19,18246.75
2023-07-20,18350.84
2023-07-21,18591.22
2023-07-24,18740.19
2023-07-25,18747.08
2023-07-26,18898.36
2023-07-27,18671.39
2023-07-28,18737.38
2023-07-31,18752.82
2023-08-01,18709.23
2023-08-02,18702.3
2023-08-03,18632.34
2023-08-04,18594.89
2023-08-07,18549.71
2023-08-08,18459.1
2023-08-09,18320.81
2023-08-10,18346.59
2023-08-11,18382.83
2023-08-14,18322.33
2023-08-15,18125.33
2023-08-16,18045.83
2023-08-17,17979.98
2023-08-18,18043.88
2023-08-21,17902.81
2023-08-22,18101.07
2023-08-23,18204.76
2023-08-24,18109.39
2023-08-25,18029.83
2023-08-28,18190.57
2023-08-29,18426.31
2023-08-30,18286.8
2023-08-31,18013.54
2023-09-01,18253.64
2023-09-04,18285.76
2023-09-05,18087.56
2023-09-06,17858.3
2023-09-08,17826.34
2023-09-11,18084.05
2023-09-12,18278.36
2023-09-13,18341.89
2023-09-14,18414.74
2023-09-15,18443.38
2023-09-18,18396.09
2023-09-19,18388.9
2023-09-20,18571.06
2023-09-21,18339.37
2023-09-22,18295.64
2023-09-25,18338.54
2023-09-26,18078.2
2023-09-27,17948.26
2023-09-28,18121.86
2023-09-29,18150.47
2023-10-02,18068.02
2023-10-03,17858.09
2023-10-04,17957.67
2023-10-05,17922.28
2023-10-06,17986.33
2023-10-09,18084.69
2023-10-10,18279.37
2023-10-11,18325.92
2023-10-13,18014.79
2023-10-16,18114.16
2023-10-17,17890.62
2023-10-18,17599.56
2023-10-19,17723.52
2023-10-20,17614.05
2023-10-23,17756.2
2023-10-24,17823.24
2023-10-25,17643.09
2023-10-26,17980.82
2023-10-27,17616.89
2023-10-30,17458.15
2023-10-31,17606.64
2023-11-01,17906.58
2023-11-03,18245.58
2023-11-06,18342.32
2023-11-07,18542.49
2023-11-08,18663.81
2023-11-09,18575.89
2023-11-10,18832.17
2023-11-13,18765.05
2023-11-14,19122.43
2023-11-16,19371.63
2023-11-17,19232.93
2023-11-20,19281.78
2023-11-21,19222.77
2023-11-22,19256.22
2023-11-23,19322.72
2023-11-24,19164.54
2023-11-27,19223.81
2023-11-28,19280.47
2023-11-29,19239.99
2023-11-30,19377.2
2023-12-01,19392.09
2023-12-04,19372.79
2023-12-05,19493.53
2023-12-06,19433.87
2023-12-07,19403.17
2023-12-08,19479.55
2023-12-11,19448.51
2023-12-12,19436.31
2023-12-13,19834.56
2023-12-14,19956.09
2023-12-15,19896.28
2023-12-18,19904.79
2023-12-19,20063.56
2023-12-20,19907.64
2023-12-21,20017.46
2023-12-22,20127.47
2023-12-26,20216.95
2023-12-27,20288.96
2023-12-28,20328.05
2024-01-02,20082.03
2024-01-03,20073.28
2024-01-04,19918.77
2024-01-05,19975.09
2024-01-08,19995.13
2024-01-09,19916.89
2024-01-10,19871.31
2024-01-11,19759.13
2024-01-12,19756.58
2024-01-15,19832.72
2024-01-16,19558.05
2024-01-17,19549.58
2024-01-18,19353.04
2024-01-19,19380.54
2024-01-22,19252.19
2024-01-23,19434.97
2024-01-24,19344.45
2024-01-25,19334.99
2024-01-26,19441.39
2024-01-29,19333.89
2024-01-30,19196.22
2024-01-31,19265.51
2024-02-01,19332.39
2024-02-02,19206.03
2024-02-05,19307.14
2024-02-06,19693.47
2024-02-07,19647.11
2024-02-08,19373.04
2024-02-09,19333.82
2024-02-14,19248.53
2024-02-15,19291.78
2024-02-16,19263.56
2024-02-19,19284.36
2024-02-20,19491.22
2024-02-21,19423.78
2024-02-22,19523.33
2024-02-23,19435.57
2024-02-26,19442.32
2024-02-27,19743.36
2024-02-28,19704.88
2024-02-29,19533.16
2024-03-01,19469.26
2024-03-04,19307.56
2024-03-05,19298.84
2024-03-06,19304.96
2024-03-07,19351.02
2024-03-08,19390.79
2024-03-11,19322.65
2024-03-12,19389.93
2024-03-13,19363.71
2024-03-14,19373.04
2024-03-15,19311.21
2024-03-18,19358.5
2024-03-19,19433.09
2024-03-20,19587.49
2024-03-21,19572.85
2024-03-22,19435.81
2024-03-25,19269.23
2024-03-26,19359.03
2024-03-27,19482.92
2024-03-28,19460.56
2024-04-01,19330.76
2024-04-02,19393.89
2024-04-03,19423.83
2024-04-04,19491.33
2024-04-05,19361.24
2024-04-08,19558.8
2024-04-09,19776.74
2024-04-10,19438.55
2024-04-11,19355.4
2024-04-12,19151.09
2024-04-15,19063.71
2024-04-16,18891.67
2024-04-17,18853.38
2024-04-18,18827.49
2024-04-19,18947.24
2024-04-22,18939.1
2024-04-23,18862.23
2024-04-24,18780.24
2024-04-25,18672.16
2024-04-26,18864.27
2024-04-29,18935.24
2024-04-30,18799.22
2024-05-02,19078.11
2024-05-03,19404.68
2024-05-06,19413.47
2024-05-07,19314.52
2024-05-08,19276.27
2024-05-09,19051.6
2024-05-10,18995.32
2024-05-13,19107.76
2024-05-14,19248.75
2024-05-15,19319.76
2024-05-16,19398.15
2024-05-17,19315.64
2024-05-20,19289.92
2024-05-21,19295.47
2024-05-22,19053.33
2024-05-23,18948.39
2024-05-24,18922.99
2024-05-27,18921.55
2024-05-28,18827.07
2024-05-29,18651.2
2024-05-31,18453.57
2024-06-03,18497.21
2024-06-04,18578.77
2024-06-05,18495.37
2024-06-06,18661.7
2024-06-07,18393.37
2024-06-10,18312.1
2024-06-11,18432.3
2024-06-12,18259.87
2024-06-13,18234.63
2024-06-14,18345.87
2024-06-17,18223.64
2024-06-18,18206.33
2024-06-19,18305.46
2024-06-20,18349.04
2024-06-21,18494.28
2024-06-24,18677.29
2024-06-25,18651.82
2024-06-26,18673.23
2024-06-27,18916.84
2024-06-28,18845.03
2024-07-01,18993.41
2024-07-02,18973.16
2024-07-03,19133.76
2024-07-04,19242.45
2024-07-05,19182.57
2024-07-08,19218.49
2024-07-09,19337.75
2024-07-10,19431.52
2024-07-11,19636.3
2024-07-12,19687.17
2024-07-15,19683.67
2024-07-16,19757.08
2024-07-17,19834.89
2024-07-18,19607.04
2024-07-19,19572.47
2024-07-22,19727.26
2024-07-23,19511.95
2024-07-24,19414.89
2024-07-25,19278.32
2024-07-26,19442.68
2024-07-29,19461.24
2024-07-30,19379.35
2024-07-31,19535.13
2024-08-01,19667.44
2024-08-02,19594.74
2024-08-05,19433.34
2024-08-06,19554.32
2024-08-07,19663.2
2024-08-08,19800.38
2024-08-09,20079.25
2024-08-12,20081.74
2024-08-13,20293.3
2024-08-14,20494.29
2024-08-15,20468.93
2024-08-16,20503.03
2024-08-19,20679.84
2024-08-20,20773.28
2024-08-21,20823.08
2024-08-22,20663.35
2024-08-23,20789.63
2024-08-26,20688.53
2024-08-27,20627.16
2024-08-28,20661.65
2024-08-29,20502.34
2024-08-30,20538.33
2024-09-02,20452.22
2024-09-03,20520.19
2024-09-04,20851.42
2024-09-05,20848.11
2024-09-06,20696.33
2024-09-09,20632.85
2024-09-10,20585.5
2024-09-11,20555.21
2024-09-12,20446.8
2024-09-13,20552.8
2024-09-16,20608.77
2024-09-17,20540.51
2024-09-18,20458.84
2024-09-19,20334.03
2024-09-20,20076.31
2024-09-23,19973.0
2024-09-24,20086.67
2024-09-25,20014.75
2024-09-26,20230.18
2024-09-27,20219.06
2024-09-30,20137.64
2024-10-01,20151.53
2024-10-02,20283.0
2024-10-03,19962.89
2024-10-04,19989.08
2024-10-07,19955.85
2024-10-08,19904.86
2024-10-09,19653.39
2024-10-10,19673.88
2024-10-11,19564.04
2024-10-14,19698.16
2024-10-15,19752.64
2024-10-16,19873.15
2024-10-17,19743.41
2024-10-18,19765.2
2024-10-21,19759.51
2024-10-22,19655.47
2024-10-23,19581.14
2024-10-24,19664.43
2024-10-25,19608.66
2024-10-28,19724.3
2024-10-29,19569.6
2024-10-30,19676.26
2024-10-31,19578.41
2024-11-01,19377.81
2024-11-04,19738.97
2024-11-05,19751.65
2024-11-06,19680.69
2024-11-07,19632.81
2024-11-08,19334.69
2024-11-11,19367.04
2024-11-12,19180.14
2024-11-13,19183.8
2024-11-14,19152.65
2024-11-18,19062.57
2024-11-19,19222.68
2024-11-21,18956.53
2024-11-22,19254.72
2024-11-25,19349.37
2024-11-26,19540.39
2024-11-27,19162.88
2024-11-28,18802.66
2024-11-29,18901.42
2024-12-02,18818.84
2024-12-03,19046.67
2024-12-04,19009.27
2024-12-05,19259.39
2024-12-06,19041.87
2024-12-09,19135.68
2024-12-10,19287.33
2024-12-11,19490.36
2024-12-12,18972.38
2024-12-13,18780.74
2024-12-16,18615.02
2024-12-17,18859.29
2024-12-18,18298.21
2024-12-19,18408.99
2024-12-20,18566.98
2024-12-23,18174.22
2024-12-26,18146.93
2024-12-27,18056.18
2024-12-30,17995.49
2025-01-02,17855.99
2025-01-03,17603.3
2025-01-06,17886.9
2025-01-07,18052.33
2025-01-08,17808.24
2025-01-09,17847.02
2025-01-10,17682.26
2025-01-13,17682.47
2025-01-14,17755.32
2025-01-15,18157.32
2025-01-16,17986.75
2025-01-17,18162.4
2025-01-20,18233.06
2025-01-21,18327.74
2025-01-22,18358.7
2025-01-23,18263.22
2025-01-24,18226.99
2025-01-27,18706.85
2025-01-28,18619.72
2025-01-29,18522.54
2025-01-30,18980.7
2025-01-31,18897.45
2025-02-03,18960.48
2025-02-04,18910.1
2025-02-05,18982.91
2025-02-06,18996.72
2025-02-07,18852.29
2025-02-10,18926.86
2025-02-11,19174.64
2025-02-12,18920.83
2025-02-13,18998.25
2025-02-14,19416.58
2025-02-17,19454.37
2025-02-18,19419.92
2025-02-19,19301.26
2025-02-20,19314.68
2025-02-21,19336.77
2025-02-24,19170.39
2025-02-25,19285.72
2025-02-26,19091.58
2025-02-27,19094.56
2025-02-28,18816.03
2025-03-05,18958.37
2025-03-06,19087.03
2025-03-07,19319.11
2025-03-10,19274.5
2025-03-11,19103.52
2025-03-12,19092.19
2025-03-13,19340.73
2025-03-14,19705.59
2025-03-17,19939.48
2025-03-18,20013.61
2025-03-19,20126.66
2025-03-20,20023.02
2025-03-21,20048.07
2025-03-24,19884.87
2025-03-25,19972.1
2025-03-26,20006.67
2025-03-27,20055.73
2025-03-28,19918.81
2025-03-31,19755.88
2025-04-01,19907.77
2025-04-02,19918.68
2025-04-03,20173.77
2025-04-04,19777.51
2025-04-07,19499.18
2025-04-08,19518.6
2025-04-09,19886.64
2025-04-10,19746.02
2025-04-11,19912.13
2025-04-14,20172.36
2025-04-15,20147.4
2025-04-16,20074.51
2025-04-17,20227.76
2025-04-22,20367.12
2025-04-23,20644.2
2025-04-24,21030.89
2025-04-25,21070.66
2025-04-28,21182.95
2025-04-29,21169.86
2025-04-30,21447.97
2025-05-02,21364.68
2025-05-05,21194.67
2025-05-06,21153.18
2025-05-07,21184.02
2025-05-08,21462.34
2025-05-09,21554.0
2025-05-12,21366.03
2025-05-13,21701.18
2025-05-14,21752.61
2025-05-15,21892.55
2025-05-16,21795.34
2025-05-19,21859.62
2025-05-20,21998.89
2025-05-21,21706.7
2025-05-22,21565.22
2025-05-23,21694.39
2025-05-26,21780.58
2025-05-27,21988.49
2025-05-28,21848.96
2025-05-29,21856.02
2025-05-30,21692.45
2025-06-02,21569.31
2025-06-03,21706.34
2025-06-04,21580.84
2025-06-05,21498.91
2025-06-06,21480.67
2025-06-09,21365.53
2025-06-10,21391.08
2025-06-11,21473.97
2025-06-12,21566.02
2025-06-13,21517.17
2025-06-16,21756.95
2025-06-17,21734.06
2025-06-18,21647.95
2025-06-20,21472.08
2025-06-23,21458.63
2025-06-24,21646.13
2025-06-25,21401.7
2025-06-26,21626.49
2025-06-27,21590.29
2025-06-30,21966.17
2025-07-01,22052.6
2025-07-02,21931.84
2025-07-03,22305.01
2025-07-04,22275.88
2025-07-07,21929.35
2025-07-08,21818.81
2025-07-09,21507.99
2025-07-10,21418.12
2025-07-11,21318.05
2025-07-14,21235.23
2025-07-15,21261.15
2025-07-16,21268.66
2025-07-17,21259.07
2025-07-18,21033.95
2025-07-21,21103.99
2025-07-22,20903.88
2025-07-23,21170.21
2025-07-24,21020.06
2025-07-25,20996.89
2025-07-28,20793.6
2025-07-29,20864.99
2025-07-30,21021.02
2025-07-31,20875.41
2025-08-01,20823.62
2025-08-04,20874.97
2025-08-05,20840.41
2025-08-06,21073.8
2025-08-07,21391.45
2025-08-08,21496.39
2025-08-11,21452.05
2025-08-12,21786.84
2025-08-13,21584.57
2025-08-14,21564.44
2025-08-15,21540.72
2025-08-18,21686.65
2025-08-19,21301.3
2025-08-20,21404.12
2025-08-21,21325.17
2025-08-22,21740.56
2025-08-25,21755.46
2025-08-26,21722.01
2025-08-27,21909.96
2025-08-28,22154.75
2025-08-29,22169.08
2025-09-01,22102.65
2025-09-02,21936.58
2025-09-03,21829.29
2025-09-04,21991.04
2025-09-05,22192.64
2025-09-08,22082.47
2025-09-09,22115.47
2025-09-10,22134.97
2025-09-11,22240.46
2025-09-12,22134.55
2025-09-15,22284.17
2025-09-16,22349.43
2025-09-17,22582.11
2025-09-18,22526.1
2025-09-19,22644.41
2025-09-22,22500.81
2025-09-23,22732.31
2025-09-24,22661.57
2025-09-25,22511.74
2025-09-26,22547.61
2025-09-29,22737.39
2025-09-30,22774.25
2025-10-01,22702.98
2025-10-02,22510.49
2025-10-03,22508.27
2025-10-06,22373.42
2025-10-07,22072.82
2025-10-08,22061.69
2025-10-09,22009.08
2025-10-10,21960.66
2025-10-13,22081.41
2025-10-14,22030.84
2025-10-15,22137.64
2025-10-16,22158.48
2025-10-17,22311.23
2025-10-20,22494.91
2025-10-21,22407.62
2025-10-22,22509.59
2025-10-23,22593.83
2025-10-24,22683.49
2025-10-27,22840.92
2025-10-28,22853.38
2025-10-29,22973.19
2025-10-30,23134.26
2025-10-31,23140.71
2025-11-03,23384.53
2025-11-04,23604.05
2025-11-05,23920.22
2025-11-06,23895.45
2025-11-07,23938.3
2025-11-10,24106.96
2025-11-11,24396.88
2025-11-12,24523.39
2025-11-13,24531.28
2025-11-14,24597.38
2025-11-17,24606.35
2025-11-18,24588.49
2025-11-19,24311.64
2025-11-21,24258.6
2025-11-24,24443.45
2025-11-25,24557.71
2025-11-26,24921.33
2025-11-27,24914.23
2025-11-28,24943.52
2025-12-01,24783.32
2025-12-02,25108.3
2025-12-03,25137.13
2025-12-04,25506.5
2025-12-05,24561.49
2025-12-08,24727.09
2025-12-09,24738.03
2025-12-10,24886.33
2025-12-11,24824.42
2025-12-12,25063.52
2025-12-15,25424.91
2025-12-16,24863.71
2025-12-17,24655.11
2025-12-18,24778.66
2025-12-19,24845.42
2025-12-22,24707.31
2025-12-23,25102.38
2025-12-26,25292.42
2025-12-29,25197.17
2025-12-30,25353.03
2026-01-02,25297.02
2026-01-05,25351.07
2026-01-06,25530.71
2026-01-07,25222.62
2026-01-08,25317.9
2026-01-09,25480.38
2026-01-12,25499.3
2026-01-13,25177.4
2026-01-14,25526.8
2026-01-15,25544.02
2026-01-16,25378.09
2026-01-19,25409.54
2026-01-20,25698.42
2026-01-21,26350.58
2026-01-22,26988.97
2026-01-23,27360.12
2026-01-26,27330.17
2026-01-27,27694.21
2026-01-28,27942.65
2026-01-29,27598.97
2026-01-30,27443.83
2026-02-02,27692.42
2026-02-03,28083.06
2026-02-04,27649.31
2026-02-05,27736.79
2026-02-06,27767.35
2026-02-09,28265.67
2026-02-10,28380.04
2026-02-11,29096.83
2026-02-12,28808.88
2026-02-13,28449.79
2026-02-18,28282.97
2026-02-19,28611.0
2026-02-20,28826.05
2026-02-23,28752.24
2026-02-24,29267.39
2026-02-25,29206.08
2026-02-26,29395.25
2026-02-27,28971.89
2026-03-02,28840.48
2026-03-03,28030.7
2026-03-04,28437.65
2026-03-05,27774.48
2026-03-06,27674.23
2026-03-09,27938.7
2026-03-10,28214.82
2026-03-11,28124.32
2026-03-12,27636.89
2026-03-13,27566.44
2026-03-16,27816.44
2026-03-17,27846.86
2026-03-18,27626.06
2026-03-19,27788.98
2026-03-20,27130.02
2026-03-23,27880.96
2026-03-24,27875.16
2026-03-25,28263.1
2026-03-26,27796.34
2026-03-27,27634.82
2026-03-30,27805.17
2026-03-31,28608.93
2026-04-01,28693.17
2026-04-02,28696.0
2026-04-06,28640.62
2026-04-07,28600.93
2026-04-08,29344.89
2026-04-09,29796.18
2026-04-10,30144.64
