Date,Close
2000-01-03,1585.68
2000-01-04,1497.64
2000-01-05,1524.64
2000-01-06,1515.53
2000-01-07,1535.26
2000-01-10,1598.16
2000-01-11,1559.36
2000-01-12,1563.21
2000-01-13,1617.95
2000-01-14,1655.94
2000-01-17,1686.42
2000-01-18,1674.67
2000-01-19,1634.12
2000-01-20,1606.73
2000-01-21,1592.27
2000-01-24,1588.83
2000-01-26,1600.25
2000-01-27,1598.19
2000-01-28,1569.09
2000-01-31,1501.83
2000-02-01,1510.36
2000-02-02,1531.37
2000-02-03,1580.89
2000-02-04,1621.66
2000-02-07,1643.39
2000-02-08,1689.66
2000-02-09,1658.77
2000-02-10,1665.98
2000-02-11,1614.4
2000-02-14,1588.04
2000-02-15,1603.35
2000-02-16,1629.35
2000-02-17,1616.1
2000-02-18,1587.73
2000-02-21,1591.64
2000-02-22,1573.96
2000-02-23,1599.83
2000-02-24,1599.95
2000-02-25,1601.14
2000-02-28,1581.63
2000-02-29,1587.31
2000-03-01,1615.64
2000-03-02,1620.71
2000-03-03,1669.11
2000-03-08,1646.64
2000-03-09,1665.43
2000-03-10,1638.29
2000-03-13,1578.95
2000-03-14,1549.72
2000-03-15,1560.33
2000-03-16,1585.3
2000-03-17,1577.87
2000-03-20,1572.16
2000-03-21,1633.43
2000-03-22,1634.05
2000-03-23,1638.42
2000-03-24,1678.13
2000-03-27,1708.61
2000-03-28,1652.3
2000-03-29,1631.5
2000-03-30,1604.15
2000-03-31,1625.82
2000-04-03,1584.41
2000-04-04,1540.04
2000-04-05,1543.66
2000-04-06,1579.49
2000-04-07,1607.28
2000-04-10,1546.95
2000-04-11,1528.88
2000-04-12,1514.33
2000-04-13,1444.92
2000-04-14,1375.01
2000-04-17,1366.58
2000-04-18,1412.52
2000-04-19,1366.36
2000-04-20,1393.65
2000-04-24,1357.98
2000-04-25,1409.75
2000-04-26,1418.56
2000-04-27,1418.2
2000-04-28,1433.7
2000-05-02,1438.1
2000-05-03,1401.18
2000-05-04,1386.87
2000-05-05,1399.54
2000-05-08,1369.99
2000-05-09,1344.91
2000-05-10,1326.97
2000-05-11,1328.86
2000-05-12,1327.98
2000-05-15,1379.23
2000-05-16,1410.86
2000-05-17,1369.29
2000-05-18,1350.17
2000-05-19,1324.41
2000-05-22,1286.24
2000-05-23,1262.08
2000-05-24,1309.81
2000-05-25,1315.35
2000-05-26,1346.39
2000-05-29,1366.26
2000-05-30,1412.48
2000-05-31,1392.72
2000-06-01,1439.83
2000-06-02,1518.77
2000-06-05,1498.3
2000-06-06,1496.84
2000-06-07,1527.16
2000-06-08,1538.4
2000-06-09,1530.2
2000-06-12,1507.27
2000-06-13,1526.84
2000-06-14,1523.05
2000-06-15,1534.0
2000-06-16,1526.02
2000-06-19,1557.81
2000-06-20,1563.71
2000-06-21,1606.01
2000-06-23,1577.79
2000-06-26,1561.0
2000-06-27,1548.43
2000-06-28,1583.32
2000-06-29,1544.88
2000-06-30,1574.37
2000-07-03,1579.9
2000-07-04,1595.38
2000-07-05,1576.98
2000-07-06,1592.96
2000-07-07,1614.9
2000-07-10,1604.59
2000-07-11,1552.66
2000-07-12,1562.91
2000-07-13,1513.43
2000-07-14,1551.7
2000-07-17,1591.7
2000-07-18,1585.75
2000-07-19,1551.46
2000-07-20,1575.04
2000-07-21,1580.69
2000-07-24,1574.44
2000-07-25,1542.32
2000-07-26,1552.34
2000-07-27,1535.3
2000-07-28,1498.92
2000-07-31,1505.59
2000-08-01,1490.46
2000-08-02,1497.53
2000-08-03,1526.84
2000-08-04,1530.89
2000-08-07,1551.69
2000-08-08,1532.48
2000-08-09,1505.68
2000-08-10,1541.08
2000-08-11,1580.77
2000-08-14,1616.08
2000-08-15,1618.21
2000-08-16,1596.7
2000-08-17,1631.97
2000-08-18,1594.56
2000-08-21,1574.88
2000-08-22,1584.23
2000-08-23,1602.95
2000-08-24,1589.27
2000-08-25,1621.22
2000-08-28,1610.12
2000-08-29,1604.29
2000-08-30,1613.33
2000-08-31,1613.69
2000-09-01,1637.76
2000-09-04,1638.49
2000-09-05,1624.76
2000-09-06,1649.12
2000-09-08,1635.0
2000-09-11,1628.37
2000-09-12,1594.91
2000-09-13,1596.65
2000-09-14,1575.89
2000-09-15,1593.03
2000-09-18,1540.39
2000-09-19,1557.13
2000-09-20,1551.97
2000-09-21,1550.48
2000-09-22,1562.25
2000-09-25,1567.51
2000-09-26,1570.23
2000-09-27,1540.98
2000-09-28,1554.19
2000-09-29,1545.31
2000-10-02,1515.9
2000-10-03,1527.91
2000-10-04,1546.77
2000-10-05,1585.04
2000-10-06,1546.32
2000-10-09,1537.92
2000-10-10,1542.04
2000-10-11,1525.48
2000-10-13,1514.95
2000-10-16,1498.31
2000-10-17,1461.2
2000-10-18,1429.71
2000-10-19,1463.06
2000-10-20,1436.62
2000-10-23,1386.16
2000-10-24,1360.23
2000-10-25,1345.26
2000-10-26,1399.16
2000-10-27,1436.93
2000-10-30,1462.17
2000-10-31,1463.66
2000-11-01,1462.25
2000-11-03,1442.69
2000-11-06,1469.04
2000-11-07,1489.34
2000-11-08,1463.86
2000-11-09,1440.7
2000-11-10,1446.75
2000-11-13,1424.37
2000-11-14,1443.14
2000-11-16,1444.33
2000-11-17,1436.11
2000-11-20,1447.61
2000-11-21,1473.02
2000-11-22,1454.97
2000-11-23,1427.31
2000-11-24,1428.13
2000-11-27,1400.87
2000-11-28,1391.47
2000-11-29,1382.42
2000-11-30,1338.66
2000-12-01,1348.5
2000-12-04,1358.04
2000-12-05,1413.84
2000-12-06,1387.3
2000-12-07,1428.55
2000-12-08,1468.6
2000-12-11,1486.69
2000-12-12,1465.29
2000-12-13,1501.48
2000-12-14,1500.07
2000-12-15,1486.21
2000-12-18,1492.48
2000-12-19,1515.4
2000-12-20,1454.61
2000-12-21,1447.06
2000-12-22,1460.55
2000-12-26,1464.57
2000-12-27,1505.09
2000-12-28,1518.49
2001-01-02,1527.24
2001-01-03,1628.98
2001-01-04,1630.89
2001-01-05,1610.95
2001-01-08,1618.77
2001-01-09,1657.49
2001-01-10,1651.74
2001-01-11,1656.62
2001-01-12,1645.77
2001-01-15,1655.29
2001-01-16,1646.71
2001-01-17,1684.05
2001-01-18,1721.6
2001-01-19,1726.64
2001-01-22,1711.92
2001-01-23,1748.6
2001-01-24,1739.11
2001-01-26,1744.92
2001-01-29,1752.94
2001-01-30,1743.09
2001-01-31,1744.32
2001-02-01,1694.44
2001-02-02,1676.87
2001-02-05,1662.04
2001-02-06,1687.05
2001-02-07,1673.25
2001-02-08,1709.35
2001-02-09,1698.39
2001-02-12,1680.91
2001-02-13,1695.76
2001-02-14,1703.69
2001-02-15,1689.21
2001-02-16,1629.83
2001-02-19,1611.92
2001-02-20,1609.33
2001-02-21,1582.15
2001-02-22,1607.67
2001-02-23,1624.35
2001-02-28,1607.33
2001-03-01,1649.36
2001-03-02,1667.86
2001-03-05,1661.6
2001-03-06,1648.26
2001-03-07,1662.83
2001-03-08,1657.66
2001-03-09,1648.59
2001-03-12,1589.85
2001-03-13,1590.75
2001-03-14,1562.45
2001-03-15,1539.45
2001-03-16,1553.58
2001-03-19,1517.24
2001-03-20,1519.31
2001-03-21,1523.63
2001-03-22,1448.57
2001-03-23,1482.27
2001-03-26,1515.27
2001-03-27,1535.18
2001-03-28,1514.87
2001-03-29,1484.86
2001-03-30,1497.62
2001-04-02,1450.27
2001-04-03,1428.98
2001-04-04,1445.1
2001-04-05,1504.35
2001-04-06,1511.8
2001-04-09,1531.29
2001-04-10,1563.77
2001-04-11,1542.76
2001-04-12,1552.97
2001-04-16,1510.56
2001-04-17,1504.19
2001-04-18,1561.43
2001-04-19,1510.76
2001-04-20,1442.26
2001-04-23,1475.12
2001-04-24,1499.1
2001-04-25,1522.37
2001-04-26,1578.89
2001-04-27,1594.62
2001-04-30,1591.78
2001-05-02,1594.11
2001-05-03,1609.03
2001-05-04,1606.13
2001-05-07,1582.96
2001-05-08,1575.59
2001-05-09,1592.71
2001-05-10,1624.74
2001-05-11,1589.0
2001-05-14,1558.25
2001-05-15,1565.5
2001-05-16,1605.15
2001-05-17,1618.97
2001-05-18,1626.36
2001-05-21,1649.1
2001-05-22,1635.04
2001-05-23,1634.12
2001-05-24,1614.5
2001-05-25,1592.55
2001-05-28,1584.85
2001-05-29,1596.59
2001-05-30,1603.96
2001-05-31,1628.67
2001-06-01,1638.65
2001-06-04,1675.38
2001-06-05,1682.36
2001-06-06,1667.94
2001-06-07,1673.71
2001-06-08,1654.25
2001-06-11,1645.19
2001-06-12,1638.73
2001-06-13,1664.49
2001-06-15,1628.41
2001-06-18,1577.69
2001-06-19,1585.72
2001-06-20,1611.56
2001-06-21,1617.66
2001-06-22,1597.4
2001-06-25,1585.65
2001-06-26,1574.28
2001-06-27,1554.08
2001-06-28,1562.14
2001-06-29,1584.14
2001-07-02,1582.41
2001-07-03,1549.6
2001-07-04,1526.69
2001-07-05,1530.5
2001-07-06,1524.13
2001-07-10,1501.37
2001-07-11,1518.78
2001-07-12,1538.97
2001-07-13,1550.36
2001-07-16,1516.39
2001-07-17,1539.24
2001-07-18,1503.68
2001-07-19,1508.81
2001-07-20,1539.2
2001-07-23,1543.8
2001-07-24,1520.54
2001-07-25,1540.5
2001-07-26,1531.52
2001-07-27,1541.01
2001-07-30,1526.46
2001-07-31,1537.98
2001-08-01,1530.18
2001-08-02,1529.1
2001-08-03,1539.66
2001-08-06,1559.03
2001-08-07,1558.14
2001-08-08,1550.89
2001-08-09,1544.86
2001-08-10,1553.0
2001-08-13,1535.92
2001-08-14,1546.84
2001-08-15,1532.52
2001-08-16,1521.75
2001-08-17,1472.42
2001-08-20,1473.5
2001-08-21,1466.1
2001-08-22,1476.3
2001-08-23,1460.05
2001-08-24,1491.27
2001-08-27,1488.66
2001-08-28,1491.21
2001-08-29,1495.02
2001-08-30,1475.35
2001-08-31,1469.8
2001-09-03,1456.72
2001-09-04,1469.71
2001-09-05,1473.54
2001-09-06,1436.39
2001-09-10,1403.3
2001-09-11,1302.2
2001-09-12,1336.73
2001-09-13,1236.68
2001-09-14,1212.62
2001-09-17,1291.28
2001-09-18,1304.82
2001-09-19,1310.77
2001-09-20,1269.23
2001-09-21,1256.8
2001-09-24,1251.85
2001-09-25,1227.23
2001-09-26,1203.44
2001-09-27,1238.36
2001-09-28,1269.83
2001-10-01,1247.75
2001-10-02,1229.0
2001-10-03,1220.37
2001-10-04,1219.1
2001-10-05,1226.61
2001-10-08,1216.62
2001-10-09,1237.52
2001-10-10,1264.92
2001-10-11,1302.42
2001-10-15,1349.81
2001-10-16,1336.68
2001-10-17,1341.82
2001-10-18,1315.19
2001-10-19,1337.3
2001-10-22,1371.57
2001-10-23,1369.64
2001-10-24,1356.52
2001-10-25,1369.5
2001-10-26,1376.62
2001-10-29,1338.72
2001-10-30,1304.29
2001-10-31,1337.78
2001-11-01,1336.8
2001-11-05,1391.03
2001-11-06,1406.01
2001-11-07,1418.6
2001-11-08,1409.39
2001-11-09,1434.8
2001-11-12,1409.23
2001-11-13,1437.03
2001-11-14,1419.73
2001-11-16,1407.29
2001-11-19,1425.25
2001-11-20,1409.9
2001-11-21,1426.51
2001-11-22,1453.48
2001-11-23,1476.45
2001-11-26,1494.95
2001-11-27,1480.93
2001-11-28,1425.25
2001-11-29,1403.03
2001-11-30,1417.48
2001-12-03,1461.68
2001-12-04,1444.1
2001-12-05,1474.21
2001-12-06,1481.32
2001-12-07,1460.83
2001-12-10,1461.01
2001-12-11,1452.84
2001-12-12,1462.33
2001-12-13,1423.87
2001-12-14,1412.81
2001-12-17,1409.79
2001-12-18,1448.16
2001-12-19,1440.8
2001-12-20,1412.13
2001-12-21,1449.91
2001-12-26,1451.81
2001-12-27,1489.06
2001-12-28,1483.67
2002-01-02,1511.2
2002-01-03,1545.96
2002-01-04,1547.01
2002-01-07,1555.3
2002-01-08,1544.89
2002-01-09,1529.1
2002-01-10,1490.87
2002-01-11,1488.9
2002-01-14,1441.01
2002-01-15,1425.32
2002-01-16,1433.48
2002-01-17,1460.0
2002-01-18,1461.66
2002-01-21,1441.87
2002-01-22,1435.2
2002-01-23,1453.07
2002-01-24,1443.06
2002-01-28,1447.88
2002-01-29,1404.17
2002-01-30,1404.69
2002-01-31,1426.0
2002-02-01,1421.73
2002-02-04,1416.92
2002-02-05,1435.5
2002-02-06,1441.28
2002-02-07,1437.94
2002-02-08,1427.1
2002-02-13,1460.42
2002-02-14,1490.29
2002-02-15,1499.5
2002-02-18,1485.21
2002-02-19,1477.26
2002-02-20,1500.38
2002-02-21,1528.71
2002-02-22,1538.81
2002-02-25,1572.52
2002-02-26,1577.63
2002-02-27,1605.82
2002-02-28,1599.31
2002-03-01,1634.79
2002-03-04,1642.03
2002-03-05,1592.46
2002-03-06,1581.59
2002-03-07,1573.33
2002-03-08,1587.03
2002-03-11,1571.86
2002-03-12,1617.06
2002-03-13,1629.22
2002-03-14,1621.56
2002-03-15,1650.49
2002-03-18,1645.41
2002-03-19,1643.02
2002-03-20,1637.03
2002-03-21,1602.4
2002-03-22,1568.76
2002-03-25,1572.43
2002-03-26,1601.05
2002-03-27,1593.08
2002-03-28,1581.43
2002-04-01,1610.42
2002-04-02,1586.17
2002-04-03,1568.26
2002-04-04,1593.76
2002-04-05,1583.69
2002-04-08,1581.02
2002-04-09,1581.25
2002-04-10,1605.59
2002-04-11,1603.83
2002-04-12,1629.9
2002-04-15,1614.14
2002-04-16,1628.31
2002-04-17,1640.8
2002-04-18,1624.77
2002-04-19,1611.41
2002-04-22,1597.41
2002-04-23,1602.85
2002-04-24,1619.88
2002-04-25,1602.14
2002-04-26,1583.48
2002-04-29,1587.73
2002-04-30,1586.65
2002-05-02,1546.31
2002-05-03,1552.97
2002-05-06,1537.19
2002-05-07,1534.11
2002-05-08,1565.32
2002-05-09,1521.33
2002-05-10,1516.83
2002-05-13,1503.95
2002-05-14,1525.69
2002-05-15,1536.63
2002-05-16,1565.93
2002-05-17,1568.06
2002-05-20,1566.32
2002-05-21,1571.62
2002-05-22,1555.78
2002-05-23,1575.02
2002-05-24,1579.54
2002-05-27,1583.35
2002-05-28,1584.7
2002-05-29,1603.52
2002-05-31,1585.37
2002-06-03,1580.42
2002-06-04,1586.07
2002-06-05,1583.22
2002-06-06,1535.02
2002-06-07,1538.51
2002-06-10,1570.19
2002-06-11,1542.5
2002-06-12,1529.1
2002-06-13,1504.61
2002-06-14,1469.49
2002-06-17,1487.98
2002-06-18,1483.74
2002-06-19,1452.16
2002-06-20,1384.46
2002-06-21,1329.27
2002-06-24,1356.38
2002-06-25,1389.78
2002-06-26,1406.81
2002-06-27,1445.58
2002-06-28,1460.21
2002-07-01,1441.27
2002-07-02,1433.67
2002-07-03,1414.33
2002-07-04,1418.42
2002-07-05,1401.35
2002-07-08,1413.24
2002-07-10,1394.75
2002-07-11,1401.27
2002-07-12,1419.05
2002-07-15,1391.12
2002-07-16,1397.41
2002-07-17,1422.97
2002-07-18,1420.91
2002-07-19,1398.51
2002-07-22,1321.25
2002-07-23,1295.39
2002-07-24,1317.94
2002-07-25,1281.53
2002-07-26,1225.16
2002-07-29,1222.26
2002-07-30,1240.64
2002-07-31,1308.66
2002-08-01,1298.93
2002-08-02,1315.11
2002-08-05,1284.06
2002-08-06,1301.78
2002-08-07,1312.12
2002-08-08,1372.03
2002-08-09,1359.29
2002-08-12,1325.82
2002-08-13,1282.82
2002-08-14,1273.2
2002-08-15,1254.83
2002-08-16,1287.98
2002-08-19,1274.47
2002-08-20,1255.91
2002-08-21,1276.41
2002-08-22,1304.9
2002-08-23,1301.69
2002-08-26,1341.97
2002-08-27,1379.37
2002-08-28,1367.73
2002-08-29,1364.0
2002-08-30,1362.1
2002-09-02,1362.23
2002-09-03,1356.28
2002-09-04,1358.27
2002-09-05,1335.99
2002-09-06,1339.39
2002-09-09,1358.46
2002-09-10,1366.47
2002-09-11,1390.96
2002-09-12,1386.08
2002-09-13,1391.41
2002-09-16,1362.76
2002-09-17,1334.84
2002-09-18,1321.25
2002-09-19,1301.76
2002-09-20,1326.19
2002-09-23,1302.39
2002-09-24,1296.43
2002-09-25,1287.6
2002-09-26,1289.42
2002-09-27,1237.62
2002-09-30,1225.03
2002-10-01,1271.78
2002-10-02,1262.06
2002-10-03,1306.41
2002-10-04,1305.9
2002-10-07,1267.33
2002-10-08,1267.32
2002-10-09,1254.46
2002-10-10,1267.14
2002-10-11,1255.89
2002-10-14,1207.71
2002-10-15,1211.08
2002-10-16,1202.55
2002-10-17,1273.52
2002-10-18,1284.2
2002-10-21,1298.27
2002-10-22,1319.49
2002-10-23,1389.8
2002-10-24,1403.49
2002-10-25,1432.03
2002-10-28,1397.88
2002-10-29,1391.7
2002-10-30,1441.06
2002-10-31,1459.75
2002-11-01,1447.0
2002-11-04,1412.24
2002-11-05,1392.12
2002-11-06,1385.35
2002-11-07,1401.18
2002-11-08,1405.67
2002-11-11,1409.51
2002-11-12,1392.66
2002-11-13,1397.83
2002-11-14,1417.01
2002-11-18,1439.21
2002-11-19,1420.35
2002-11-20,1428.1
2002-11-21,1461.53
2002-11-22,1457.04
2002-11-25,1443.69
2002-11-26,1430.94
2002-11-27,1436.67
2002-11-28,1433.51
2002-11-29,1478.28
2002-12-02,1493.42
2002-12-03,1490.23
2002-12-04,1486.72
2002-12-05,1471.74
2002-12-06,1485.09
2002-12-09,1462.44
2002-12-10,1470.64
2002-12-11,1503.85
2002-12-12,1507.97
2002-12-13,1495.96
2002-12-16,1506.33
2002-12-17,1515.72
2002-12-18,1518.77
2002-12-19,1546.01
2002-12-20,1578.65
2002-12-23,1568.99
2002-12-26,1563.21
2002-12-27,1548.99
2002-12-30,1565.28
2003-01-02,1581.87
2003-01-03,1571.85
2003-01-06,1604.69
2003-01-07,1577.7
2003-01-08,1575.04
2003-01-09,1601.54
2003-01-10,1626.33
2003-01-13,1613.51
2003-01-14,1617.0
2003-01-15,1610.77
2003-01-16,1606.98
2003-01-17,1572.53
2003-01-20,1567.8
2003-01-21,1555.71
2003-01-22,1513.84
2003-01-23,1508.16
2003-01-24,1473.96
2003-01-27,1458.74
2003-01-28,1454.84
2003-01-29,1496.69
2003-01-30,1487.93
2003-01-31,1509.27
2003-02-03,1518.58
2003-02-04,1498.37
2003-02-05,1506.65
2003-02-06,1496.16
2003-02-07,1476.61
2003-02-10,1494.15
2003-02-11,1497.19
2003-02-12,1499.26
2003-02-13,1461.72
2003-02-14,1451.82
2003-02-17,1463.96
2003-02-18,1486.68
2003-02-19,1467.76
2003-02-20,1459.35
2003-02-21,1475.71
2003-02-24,1457.27
2003-02-25,1445.29
2003-02-26,1428.21
2003-02-27,1432.81
2003-02-28,1460.61
2003-03-05,1450.24
2003-03-06,1479.69
2003-03-07,1487.73
2003-03-10,1451.4
2003-03-11,1461.82
2003-03-12,1484.75
2003-03-13,1500.73
2003-03-14,1512.89
2003-03-17,1516.42
2003-03-18,1548.39
2003-03-19,1537.62
2003-03-20,1557.97
2003-03-21,1571.55
2003-03-24,1534.96
2003-03-25,1551.44
2003-03-26,1547.73
2003-03-27,1552.43
2003-03-28,1564.56
2003-03-31,1554.04
2003-04-01,1582.01
2003-04-02,1603.94
2003-04-03,1612.22
2003-04-04,1618.4
2003-04-07,1614.54
2003-04-08,1576.6
2003-04-09,1580.43
2003-04-10,1572.8
2003-04-11,1574.14
2003-04-14,1580.17
2003-04-15,1595.65
2003-04-16,1585.14
2003-04-17,1612.74
2003-04-22,1619.93
2003-04-23,1620.58
2003-04-24,1594.51
2003-04-25,1592.07
2003-04-28,1618.87
2003-04-29,1637.61
2003-04-30,1634.53
2003-05-02,1662.67
2003-05-05,1684.89
2003-05-06,1668.28
2003-05-07,1689.66
2003-05-08,1674.77
2003-05-09,1707.57
2003-05-12,1721.89
2003-05-13,1738.14
2003-05-14,1732.54
2003-05-15,1719.07
2003-05-16,1720.75
2003-05-19,1678.2
2003-05-20,1680.6
2003-05-21,1706.01
2003-05-22,1709.26
2003-05-23,1705.6
2003-05-26,1680.18
2003-05-27,1720.36
2003-05-28,1732.3
2003-05-29,1725.19
2003-05-30,1724.23
2003-06-02,1706.16
2003-06-03,1710.09
2003-06-04,1749.7
2003-06-05,1748.23
2003-06-06,1766.78
2003-06-09,1748.63
2003-06-10,1744.61
2003-06-11,1742.83
2003-06-12,1759.69
2003-06-13,1744.28
2003-06-16,1755.75
2003-06-17,1756.75
2003-06-18,1732.62
2003-06-20,1690.45
2003-06-23,1672.38
2003-06-24,1682.53
2003-06-25,1675.89
2003-06-26,1684.4
2003-06-27,1679.06
2003-06-30,1669.73
2003-07-01,1701.06
2003-07-02,1704.26
2003-07-03,1695.0
2003-07-04,1716.15
2003-07-07,1738.6
2003-07-08,1758.91
2003-07-10,1755.49
2003-07-11,1737.64
2003-07-14,1761.68
2003-07-15,1770.66
2003-07-16,1756.65
2003-07-17,1764.63
2003-07-18,1783.69
2003-07-21,1779.36
2003-07-22,1793.42
2003-07-23,1796.23
2003-07-24,1795.76
2003-07-25,1802.39
2003-07-28,1802.86
2003-07-29,1802.23
2003-07-30,1793.56
2003-07-31,1811.17
2003-08-01,1765.56
2003-08-04,1740.15
2003-08-05,1755.23
2003-08-06,1742.51
2003-08-07,1783.91
2003-08-08,1815.04
2003-08-11,1819.31
2003-08-12,1830.68
2003-08-13,1831.39
2003-08-14,1861.62
2003-08-15,1863.78
2003-08-18,1888.29
2003-08-19,1882.46
2003-08-20,1911.2
2003-08-21,1931.37
2003-08-22,1920.7
2003-08-25,1900.23
2003-08-26,1928.55
2003-08-27,1970.47
2003-08-28,1976.62
2003-08-29,2001.05
2003-09-01,2019.04
2003-09-02,2022.79
2003-09-03,2055.89
2003-09-04,2080.35
2003-09-05,2100.5
2003-09-08,2099.71
2003-09-09,2043.99
2003-09-10,2064.87
2003-09-11,2092.04
2003-09-12,2093.64
2003-09-15,2059.95
2003-09-16,2063.62
2003-09-17,2076.0
2003-09-18,2106.85
2003-09-19,2101.59
2003-09-22,2069.62
2003-09-23,2052.57
2003-09-24,2026.79
2003-09-25,1993.81
2003-09-26,1992.28
2003-09-29,2027.6
2003-09-30,2015.14
2003-10-01,2087.71
2003-10-02,2134.0
2003-10-03,2163.2
2003-10-06,2182.6
2003-10-07,2192.57
2003-10-08,2209.06
2003-10-09,2200.6
2003-10-10,2186.72
2003-10-13,2239.11
2003-10-14,2235.61
2003-10-15,2211.29
2003-10-16,2213.9
2003-10-17,2200.23
2003-10-20,2236.07
2003-10-21,2236.6
2003-10-22,2207.56
2003-10-23,2160.81
2003-10-24,2176.13
2003-10-27,2177.17
2003-10-28,2208.61
2003-10-29,2182.05
2003-10-30,2198.7
2003-10-31,2189.73
2003-11-03,2235.91
2003-11-04,2239.92
2003-11-05,2202.91
2003-11-06,2219.91
2003-11-07,2227.8
2003-11-10,2204.74
2003-11-11,2206.68
2003-11-12,2250.49
2003-11-13,2254.22
2003-11-14,2279.93
2003-11-17,2240.59
2003-11-18,2254.41
2003-11-19,2253.3
2003-11-20,2279.61
2003-11-21,2286.73
2003-11-24,2319.76
2003-11-25,2343.93
2003-11-26,2338.25
2003-11-27,2360.33
2003-11-28,2390.16
2003-12-01,2430.86
2003-12-02,2433.46
2003-12-03,2442.99
2003-12-04,2442.21
2003-12-05,2484.79
2003-12-08,2500.06
2003-12-09,2564.46
2003-12-10,2539.06
2003-12-11,2567.47
2003-12-12,2559.01
2003-12-15,2534.66
2003-12-16,2537.86
2003-12-17,2583.96
2003-12-18,2636.66
2003-12-19,2654.63
2003-12-22,2713.38
2003-12-23,2705.88
2003-12-26,2708.28
2003-12-29,2740.82
2003-12-30,2757.58
2004-01-02,2801.28
2004-01-05,2938.92
2004-01-06,2967.16
2004-01-07,2919.83
2004-01-08,2936.44
2004-01-09,2936.05
2004-01-12,2952.75
2004-01-13,2937.77
2004-01-14,2869.3
2004-01-15,2812.8
2004-01-16,2830.77
2004-01-19,2858.98
2004-01-20,2900.06
2004-01-21,2849.42
2004-01-22,2821.03
2004-01-23,2866.36
2004-01-26,2933.02
2004-01-27,2931.93
2004-01-28,2893.82
2004-01-29,2740.27
2004-01-30,2686.84
2004-02-02,2690.36
2004-02-03,2750.99
2004-02-04,2709.81
2004-02-05,2646.78
2004-02-06,2719.52
2004-02-09,2733.2
2004-02-10,2770.26
2004-02-11,2873.12
2004-02-12,2870.86
2004-02-13,2819.27
2004-02-16,2776.62
2004-02-17,2821.22
2004-02-18,2795.23
2004-02-19,2687.67
2004-02-20,2713.81
2004-02-25,2747.52
2004-02-26,2724.46
2004-02-27,2777.03
2004-03-01,2874.38
2004-03-02,2852.64
2004-03-03,2839.23
2004-03-04,2814.51
2004-03-05,2835.57
2004-03-08,2827.29
2004-03-09,2793.8
2004-03-10,2675.03
2004-03-11,2590.23
2004-03-12,2683.48
2004-03-15,2620.68
2004-03-16,2644.31
2004-03-17,2704.09
2004-03-18,2751.36
2004-03-19,2727.69
2004-03-22,2671.63
2004-03-23,2640.31
2004-03-24,2616.24
2004-03-25,2611.9
2004-03-26,2673.81
2004-03-29,2687.95
2004-03-30,2747.43
2004-03-31,2771.59
2004-04-01,2801.97
2004-04-02,2841.16
2004-04-05,2838.06
2004-04-06,2840.59
2004-04-07,2781.47
2004-04-08,2800.44
2004-04-12,2817.47
2004-04-13,2784.68
2004-04-14,2742.84
2004-04-15,2698.4
2004-04-16,2698.24
2004-04-19,2681.73
2004-04-20,2615.2
2004-04-22,2598.79
2004-04-23,2633.2
2004-04-26,2595.67
2004-04-27,2608.45
2004-04-28,2513.24
2004-04-29,2432.98
2004-04-30,2396.61
2004-05-03,2421.77
2004-05-04,2471.85
2004-05-05,2487.84
2004-05-06,2384.55
2004-05-07,2326.03
2004-05-10,2222.91
2004-05-11,2344.64
2004-05-12,2333.8
2004-05-13,2371.73
2004-05-14,2352.4
2004-05-17,2291.52
2004-05-18,2350.78
2004-05-19,2378.91
2004-05-20,2344.56
2004-05-21,2336.11
2004-05-24,2398.37
2004-05-25,2416.23
2004-05-26,2445.18
2004-05-27,2511.7
2004-05-28,2489.44
2004-05-31,2487.72
2004-06-01,2513.61
2004-06-02,2517.93
2004-06-03,2480.32
2004-06-04,2515.44
2004-06-07,2589.74
2004-06-08,2569.4
2004-06-09,2511.75
2004-06-11,2514.12
2004-06-14,2474.04
2004-06-15,2519.02
2004-06-16,2536.8
2004-06-17,2532.9
2004-06-18,2535.84
2004-06-21,2520.74
2004-06-22,2511.41
2004-06-23,2588.48
2004-06-24,2582.83
2004-06-25,2589.48
2004-06-28,2544.48
2004-06-29,2588.77
2004-06-30,2623.34
2004-07-01,2642.55
2004-07-02,2647.48
2004-07-05,2655.33
2004-07-06,2604.98
2004-07-07,2613.11
2004-07-08,2591.13
2004-07-12,2650.5
2004-07-13,2666.74
2004-07-14,2673.01
2004-07-15,2730.99
2004-07-16,2770.71
2004-07-19,2731.82
2004-07-20,2749.27
2004-07-21,2699.53
2004-07-22,2655.71
2004-07-23,2653.1
2004-07-26,2631.25
2004-07-27,2688.56
2004-07-28,2735.51
2004-07-29,2749.02
2004-07-30,2758.38
2004-08-02,2764.97
2004-08-03,2764.68
2004-08-04,2755.41
2004-08-05,2678.6
2004-08-06,2716.48
2004-08-09,2691.21
2004-08-10,2748.19
2004-08-11,2737.94
2004-08-12,2755.34
2004-08-13,2740.6
2004-08-16,2780.47
2004-08-17,2808.65
2004-08-18,2874.13
2004-08-19,2900.03
2004-08-20,2925.87
2004-08-23,2878.41
2004-08-24,2869.73
2004-08-25,2891.36
2004-08-26,2838.2
2004-08-27,2847.42
2004-08-30,2859.9
2004-08-31,2853.02
2004-09-01,2837.91
2004-09-02,2869.82
2004-09-03,2842.34
2004-09-06,2858.4
2004-09-08,2863.73
2004-09-09,2853.0
2004-09-10,2825.9
2004-09-13,2826.58
2004-09-14,2879.72
2004-09-15,2873.39
2004-09-16,2924.85
2004-09-17,2955.84
2004-09-20,2960.08
2004-09-21,2969.48
2004-09-22,2934.73
2004-09-23,2955.07
2004-09-24,2963.88
2004-09-27,2946.79
2004-09-28,3012.29
2004-09-29,3026.15
2004-09-30,3031.78
2004-10-01,3111.87
2004-10-04,3146.78
2004-10-05,3171.52
2004-10-06,3156.66
2004-10-07,3156.24
2004-10-08,3135.61
2004-10-11,3133.77
2004-10-13,3035.79
2004-10-14,3006.9
2004-10-15,3068.31
2004-10-18,3075.04
2004-10-19,3014.14
2004-10-20,3009.49
2004-10-21,3059.63
2004-10-22,3043.24
2004-10-25,3036.45
2004-10-26,3064.09
2004-10-27,3085.48
2004-10-28,3059.85
2004-10-29,3084.82
2004-11-01,3094.57
2004-11-03,3119.95
2004-11-04,3139.89
2004-11-05,3136.94
2004-11-08,3094.88
2004-11-09,3114.55
2004-11-10,3150.03
2004-11-11,3143.56
2004-11-12,3195.64
2004-11-16,3129.02
2004-11-17,3178.31
2004-11-18,3147.0
2004-11-19,3143.66
2004-11-22,3163.37
2004-11-23,3137.8
2004-11-24,3158.09
2004-11-25,3220.13
2004-11-26,3236.98
2004-11-29,3229.63
2004-11-30,3257.07
2004-12-01,3292.69
2004-12-02,3283.88
2004-12-03,3307.6
2004-12-06,3336.27
2004-12-07,3273.69
2004-12-08,3274.5
2004-12-09,3241.25
2004-12-10,3304.29
2004-12-13,3347.69
2004-12-14,3384.75
2004-12-15,3373.11
2004-12-16,3417.1
2004-12-17,3382.41
2004-12-20,3368.96
2004-12-21,3436.86
2004-12-22,3422.09
2004-12-23,3455.03
2004-12-27,3459.56
2004-12-28,3494.03
2004-12-29,3497.53
2004-12-30,3493.49
2005-01-03,3447.89
2005-01-04,3361.42
2005-01-05,3329.04
2005-01-06,3302.16
2005-01-07,3339.47
2005-01-10,3304.39
2005-01-11,3305.91
2005-01-12,3298.9
2005-01-13,3357.6
2005-01-14,3391.56
2005-01-17,3351.52
2005-01-18,3326.06
2005-01-19,3342.59
2005-01-20,3266.58
2005-01-21,3298.26
2005-01-24,3349.25
2005-01-26,3370.41
2005-01-27,3327.87
2005-01-28,3309.89
2005-01-31,3357.36
2005-02-01,3355.73
2005-02-02,3400.55
2005-02-03,3438.77
2005-02-04,3531.31
2005-02-09,3604.37
2005-02-10,3591.85
2005-02-11,3612.66
2005-02-14,3626.46
2005-02-15,3643.65
2005-02-16,3612.48
2005-02-17,3673.54
2005-02-18,3650.44
2005-02-21,3666.88
2005-02-22,3713.9
2005-02-23,3774.09
2005-02-24,3945.15
2005-02-25,3937.13
2005-02-28,3881.73
2005-03-01,3823.3
2005-03-02,3882.93
2005-03-03,3973.23
2005-03-04,4049.22
2005-03-07,4081.42
2005-03-08,4031.98
2005-03-09,3969.42
2005-03-10,3926.52
2005-03-11,3881.61
2005-03-14,3859.68
2005-03-15,3799.49
2005-03-16,3829.02
2005-03-17,3881.54
2005-03-18,3816.85
2005-03-21,3770.52
2005-03-22,3693.3
2005-03-23,3607.62
2005-03-24,3686.55
2005-03-28,3617.26
2005-03-29,3530.01
2005-03-30,3607.59
2005-03-31,3655.81
2005-04-01,3676.25
2005-04-04,3622.64
2005-04-05,3576.37
2005-04-06,3546.2
2005-04-07,3604.73
2005-04-08,3563.35
2005-04-11,3562.43
2005-04-12,3557.3
2005-04-13,3513.21
2005-04-14,3383.75
2005-04-15,3348.3
2005-04-18,3366.24
2005-04-19,3451.3
2005-04-20,3389.14
2005-04-22,3355.34
2005-04-25,3432.95
2005-04-26,3458.46
2005-04-27,3426.02
2005-04-28,3309.44
2005-04-29,3357.59
2005-05-02,3353.02
2005-05-03,3338.63
2005-05-04,3430.61
2005-05-05,3423.57
2005-05-06,3449.03
2005-05-09,3454.51
2005-05-10,3373.62
2005-05-11,3355.51
2005-05-12,3268.79
2005-05-13,3234.11
2005-05-16,3300.27
2005-05-17,3318.86
2005-05-18,3386.76
2005-05-19,3385.91
2005-05-20,3353.41
2005-05-23,3312.66
2005-05-24,3350.45
2005-05-25,3348.86
2005-05-27,3418.65
2005-05-30,3438.39
2005-05-31,3407.59
2005-06-01,3503.29
2005-06-02,3584.75
2005-06-03,3582.37
2005-06-06,3522.26
2005-06-07,3455.1
2005-06-08,3433.62
2005-06-09,3421.09
2005-06-10,3454.58
2005-06-13,3450.22
2005-06-14,3528.12
2005-06-15,3514.98
2005-06-16,3552.76
2005-06-17,3597.48
2005-06-20,3594.43
2005-06-21,3546.98
2005-06-22,3550.72
2005-06-23,3467.04
2005-06-24,3447.64
2005-06-27,3515.05
2005-06-28,3529.99
2005-06-29,3511.07
2005-06-30,3493.27
2005-07-01,3541.16
2005-07-04,3515.84
2005-07-05,3502.74
2005-07-06,3491.96
2005-07-07,3477.59
2005-07-08,3503.27
2005-07-11,3540.89
2005-07-12,3589.88
2005-07-13,3622.01
2005-07-14,3610.72
2005-07-15,3531.72
2005-07-18,3540.46
2005-07-19,3549.64
2005-07-20,3597.64
2005-07-21,3635.24
2005-07-22,3612.67
2005-07-25,3527.75
2005-07-26,3559.76
2005-07-27,3625.23
2005-07-28,3695.52
2005-07-29,3668.69
2005-08-01,3716.53
2005-08-02,3794.38
2005-08-03,3780.22
2005-08-04,3740.81
2005-08-05,3743.49
2005-08-08,3796.27
2005-08-09,3874.05
2005-08-10,3889.95
2005-08-11,3863.64
2005-08-12,3902.68
2005-08-15,3951.73
2005-08-16,3901.01
2005-08-17,3909.61
2005-08-18,3864.39
2005-08-19,3853.26
2005-08-22,3930.11
2005-08-23,3867.74
2005-08-24,3890.39
2005-08-25,3953.26
2005-08-26,3909.23
2005-08-29,3955.01
2005-08-30,3982.83
2005-08-31,4045.91
2005-09-01,4046.42
2005-09-02,4077.01
2005-09-05,4110.32
2005-09-06,4167.03
2005-09-08,4161.74
2005-09-09,4241.58
2005-09-12,4227.09
2005-09-13,4176.58
2005-09-14,4201.12
2005-09-15,4242.1
2005-09-16,4307.32
2005-09-19,4351.41
2005-09-20,4372.77
2005-09-21,4489.71
2005-09-22,4452.16
2005-09-23,4498.47
2005-09-26,4481.81
2005-09-27,4467.12
2005-09-28,4522.58
2005-09-29,4493.59
2005-09-30,4537.9
2005-10-03,4579.62
2005-10-04,4505.45
2005-10-05,4325.15
2005-10-06,4180.23
2005-10-07,4266.9
2005-10-10,4285.82
2005-10-11,4346.35
2005-10-13,4217.5
2005-10-14,4204.28
2005-10-17,4301.15
2005-10-18,4138.16
2005-10-19,4127.9
2005-10-20,4014.58
2005-10-21,4136.42
2005-10-24,4271.8
2005-10-25,4215.02
2005-10-26,4254.95
2005-10-27,4165.61
2005-10-28,4196.34
2005-10-31,4335.0
2005-11-01,4428.31
2005-11-03,4464.01
2005-11-04,4401.69
2005-11-07,4415.82
2005-11-08,4438.12
2005-11-09,4411.4
2005-11-10,4376.09
2005-11-11,4340.72
2005-11-14,4337.67
2005-11-16,4398.51
2005-11-17,4483.31
2005-11-18,4482.64
2005-11-21,4493.95
2005-11-22,4566.25
2005-11-23,4642.16
2005-11-24,4624.3
2005-11-25,4635.83
2005-11-28,4545.0
2005-11-29,4578.7
2005-11-30,4606.01
2005-12-01,4715.49
2005-12-02,4758.91
2005-12-05,4749.07
2005-12-06,4801.4
2005-12-07,4713.37
2005-12-08,4671.82
2005-12-09,4721.5
2005-12-12,4740.76
2005-12-13,4782.06
2005-12-14,4801.8
2005-12-15,4753.39
2005-12-16,4778.43
2005-12-19,4747.84
2005-12-20,4745.96
2005-12-21,4819.23
2005-12-22,4837.1
2005-12-23,4812.1
2005-12-26,4787.39
2005-12-27,4802.71
2005-12-28,4794.96
2005-12-29,4823.41
2006-01-02,4869.75
2006-01-03,5020.18
2006-01-04,5096.95
2006-01-05,5087.31
2006-01-06,5190.06
2006-01-09,5170.57
2006-01-10,5150.48
2006-01-11,5289.78
2006-01-12,5289.9
2006-01-13,5306.35
2006-01-16,5404.79
2006-01-17,5339.21
2006-01-18,5283.48
2006-01-19,5456.89
2006-01-20,5425.86
2006-01-23,5413.85
2006-01-24,5539.08
2006-01-26,5620.52
2006-01-27,5595.03
2006-01-30,5676.52
2006-01-31,5727.07
2006-02-01,5732.3
2006-02-02,5546.76
2006-02-03,5495.6
2006-02-06,5535.99
2006-02-07,5389.08
2006-02-08,5357.89
2006-02-09,5408.04
2006-02-10,5398.25
2006-02-13,5286.7
2006-02-14,5317.95
2006-02-15,5394.38
2006-02-16,5566.34
2006-02-17,5589.77
2006-02-20,5618.43
2006-02-21,5593.89
2006-02-22,5575.03
2006-02-23,5591.94
2006-02-24,5637.74
2006-03-01,5711.69
2006-03-02,5689.11
2006-03-03,5707.53
2006-03-06,5580.94
2006-03-07,5415.95
2006-03-08,5380.6
2006-03-09,5237.48
2006-03-10,5301.88
2006-03-13,5334.62
2006-03-14,5451.46
2006-03-15,5549.25
2006-03-16,5551.39
2006-03-17,5534.3
2006-03-20,5561.75
2006-03-21,5451.8
2006-03-22,5495.84
2006-03-23,5456.15
2006-03-24,5471.64
2006-03-27,5473.92
2006-03-28,5362.25
2006-03-29,5470.59
2006-03-30,5495.93
2006-03-31,5478.12
2006-04-03,5603.7
2006-04-04,5615.38
2006-04-05,5660.41
2006-04-06,5687.92
2006-04-07,5642.39
2006-04-10,5579.16
2006-04-11,5488.43
2006-04-12,5513.9
2006-04-13,5489.56
2006-04-17,5552.63
2006-04-18,5727.91
2006-04-19,5793.47
2006-04-20,5785.56
2006-04-24,5771.25
2006-04-25,5777.43
2006-04-26,5846.41
2006-04-27,5732.43
2006-04-28,5790.66
2006-05-02,5921.87
2006-05-03,5907.75
2006-05-04,5921.69
2006-05-05,6021.5
2006-05-08,6056.56
2006-05-09,6115.27
2006-05-10,6068.26
2006-05-11,5965.04
2006-05-12,5887.8
2006-05-15,5719.31
2006-05-16,5717.94
2006-05-17,5579.15
2006-05-18,5471.15
2006-05-19,5464.27
2006-05-22,5334.39
2006-05-23,5295.78
2006-05-24,5271.59
2006-05-25,5468.55
2006-05-26,5613.51
2006-05-29,5555.07
2006-05-30,5347.1
2006-05-31,5338.35
2006-06-01,5478.47
2006-06-02,5512.98
2006-06-05,5343.33
2006-06-06,5257.64
2006-06-07,5046.14
2006-06-08,5048.81
2006-06-09,5006.76
2006-06-12,4801.09
2006-06-13,4643.97
2006-06-14,4710.16
2006-06-16,4945.3
2006-06-19,4868.02
2006-06-20,4858.69
2006-06-21,5017.01
2006-06-22,4986.44
2006-06-23,5041.78
2006-06-26,5040.24
2006-06-27,4978.89
2006-06-28,5039.21
2006-06-29,5274.93
2006-06-30,5319.12
2006-07-03,5450.15
2006-07-04,5439.11
2006-07-05,5316.25
2006-07-06,5330.66
2006-07-07,5282.06
2006-07-10,5267.64
2006-07-11,5338.87
2006-07-12,5286.85
2006-07-13,5174.72
2006-07-14,5179.3
2006-07-17,5057.92
2006-07-18,5070.93
2006-07-19,5324.21
2006-07-20,5190.07
2006-07-21,5146.75
2006-07-24,5288.62
2006-07-25,5363.67
2006-07-26,5357.7
2006-07-27,5392.75
2006-07-28,5460.84
2006-07-31,5421.4
2006-08-01,5390.0
2006-08-02,5467.02
2006-08-03,5486.16
2006-08-04,5542.27
2006-08-07,5524.82
2006-08-08,5497.44
2006-08-09,5442.36
2006-08-10,5447.6
2006-08-11,5383.52
2006-08-14,5314.77
2006-08-15,5420.42
2006-08-16,5472.15
2006-08-17,5457.66
2006-08-18,5453.85
2006-08-21,5381.85
2006-08-22,5341.55
2006-08-23,5188.02
2006-08-24,5219.74
2006-08-25,5235.89
2006-08-28,5299.96
2006-08-29,5284.1
2006-08-30,5293.38
2006-08-31,5272.83
2006-09-01,5423.73
2006-09-04,5474.17
2006-09-05,5418.17
2006-09-06,5306.75
2006-09-08,5268.94
2006-09-11,5144.46
2006-09-12,5192.95
2006-09-13,5276.9
2006-09-14,5205.39
2006-09-15,5204.04
2006-09-18,5262.96
2006-09-19,5185.85
2006-09-20,5094.33
2006-09-21,5044.75
2006-09-22,5025.41
2006-09-25,5051.17
2006-09-26,5158.33
2006-09-27,5217.01
2006-09-28,5264.54
2006-09-29,5258.34
2006-10-02,5316.3
2006-10-03,5202.05
2006-10-04,5378.07
2006-10-05,5427.0
2006-10-06,5424.96
2006-10-09,5484.35
2006-10-10,5526.94
2006-10-11,5489.9
2006-10-13,5582.04
2006-10-16,5630.53
2006-10-17,5559.6
2006-10-18,5552.16
2006-10-19,5598.15
2006-10-20,5549.91
2006-10-23,5618.19
2006-10-24,5681.12
2006-10-25,5724.04
2006-10-26,5712.36
2006-10-27,5668.37
2006-10-30,5606.85
2006-10-31,5647.59
2006-11-01,5722.23
2006-11-03,5783.04
2006-11-06,5901.92
2006-11-07,5875.52
2006-11-08,5923.19
2006-11-09,5873.61
2006-11-10,5870.39
2006-11-13,5835.67
2006-11-14,5926.16
2006-11-16,5905.2
2006-11-17,5898.8
2006-11-21,5965.9
2006-11-22,6018.8
2006-11-23,6034.99
2006-11-24,5998.83
2006-11-27,5903.24
2006-11-28,5913.8
2006-11-29,6055.12
2006-11-30,6052.39
2006-12-01,5970.35
2006-12-04,6145.0
2006-12-05,6223.82
2006-12-06,6223.3
2006-12-07,6190.59
2006-12-08,6201.66
2006-12-11,6238.65
2006-12-12,6197.41
2006-12-13,6229.04
2006-12-14,6297.8
2006-12-15,6298.97
2006-12-18,6272.58
2006-12-19,6278.42
2006-12-20,6294.98
2006-12-21,6281.59
2006-12-22,6263.32
2006-12-26,6303.18
2006-12-27,6439.33
2006-12-28,6450.76
2007-01-02,6589.96
2007-01-03,6447.31
2007-01-04,6376.87
2007-01-05,6143.89
2007-01-08,6244.17
2007-01-09,6125.03
2007-01-10,6153.63
2007-01-11,6205.05
2007-01-12,6266.72
2007-01-15,6252.43
2007-01-16,6204.67
2007-01-17,6218.53
2007-01-18,6166.61
2007-01-19,6322.94
2007-01-22,6350.25
2007-01-23,6463.16
2007-01-24,6543.23
2007-01-26,6499.56
2007-01-29,6367.48
2007-01-30,6428.26
2007-01-31,6502.04
2007-02-01,6512.35
2007-02-02,6547.06
2007-02-05,6559.92
2007-02-06,6569.48
2007-02-07,6481.75
2007-02-08,6520.34
2007-02-09,6426.47
2007-02-12,6366.92
2007-02-13,6525.08
2007-02-14,6632.83
2007-02-15,6619.13
2007-02-16,6594.52
2007-02-21,6612.41
2007-02-22,6675.24
2007-02-23,6620.55
2007-02-26,6647.13
2007-02-27,6238.99
2007-02-28,6321.34
2007-03-01,6272.64
2007-03-02,6099.33
2007-03-05,5946.2
2007-03-06,6236.23
2007-03-07,6168.06
2007-03-08,6283.46
2007-03-09,6362.0
2007-03-12,6362.71
2007-03-13,6162.06
2007-03-14,6229.82
2007-03-15,6229.43
2007-03-16,6145.65
2007-03-19,6292.93
2007-03-20,6366.95
2007-03-21,6540.96
2007-03-22,6523.91
2007-03-23,6547.29
2007-03-26,6573.54
2007-03-27,6504.2
2007-03-28,6397.67
2007-03-29,6534.13
2007-03-30,6601.67
2007-04-02,6554.76
2007-04-03,6660.96
2007-04-04,6715.77
2007-04-05,6738.93
2007-04-09,6761.51
2007-04-10,6812.3
2007-04-11,6759.87
2007-04-12,6823.83
2007-04-13,6892.46
2007-04-16,7052.56
2007-04-17,7039.9
2007-04-18,7014.3
2007-04-19,7006.74
2007-04-20,7098.65
2007-04-23,7073.41
2007-04-24,7039.68
2007-04-25,7128.83
2007-04-26,7043.03
2007-04-27,7049.03
2007-04-30,6978.43
2007-05-02,7062.05
2007-05-03,7188.97
2007-05-04,7244.74
2007-05-07,7186.67
2007-05-08,7195.96
2007-05-09,7368.88
2007-05-10,7209.92
2007-05-11,7300.03
2007-05-14,7221.24
2007-05-15,7218.02
2007-05-16,7386.25
2007-05-17,7383.64
2007-05-18,7469.19
2007-05-21,7496.42
2007-05-22,7446.86
2007-05-23,7406.19
2007-05-24,7219.28
2007-05-25,7348.98
2007-05-28,7413.81
2007-05-29,7347.2
2007-05-30,7449.29
2007-05-31,7409.34
2007-06-01,7597.08
2007-06-04,7591.11
2007-06-05,7587.29
2007-06-06,7426.33
2007-06-08,7426.01
2007-06-11,7509.38
2007-06-12,7375.69
2007-06-13,7539.29
2007-06-14,7646.67
2007-06-15,7767.72
2007-06-18,7801.44
2007-06-19,7767.72
2007-06-20,7683.98
2007-06-21,7754.87
2007-06-22,7712.85
2007-06-25,7680.5
2007-06-26,7623.98
2007-06-27,7669.09
2007-06-28,7642.24
2007-06-29,7710.14
2007-07-02,7842.34
2007-07-03,7906.74
2007-07-04,7915.63
2007-07-05,7953.61
2007-07-06,8016.34
2007-07-10,7944.63
2007-07-11,8039.91
2007-07-12,8270.08
2007-07-13,8262.37
2007-07-16,8233.44
2007-07-17,8277.54
2007-07-18,8272.52
2007-07-19,8371.78
2007-07-20,8272.02
2007-07-23,8391.83
2007-07-24,8058.63
2007-07-25,8066.24
2007-07-26,7782.15
2007-07-27,7612.14
2007-07-30,7849.17
2007-07-31,7802.26
2007-08-01,7782.19
2007-08-02,7849.86
2007-08-03,7594.53
2007-08-06,7612.43
2007-08-07,7712.98
2007-08-08,7914.91
2007-08-09,7667.32
2007-08-10,7553.09
2007-08-13,7536.78
2007-08-14,7345.8
2007-08-15,7080.04
2007-08-16,6930.41
2007-08-17,6987.39
2007-08-20,7099.32
2007-08-21,7179.5
2007-08-22,7465.84
2007-08-23,7490.03
2007-08-24,7645.69
2007-08-27,7666.97
2007-08-28,7452.79
2007-08-29,7604.11
2007-08-30,7627.95
2007-08-31,7899.96
2007-09-03,7930.45
2007-09-04,7992.76
2007-09-05,7876.38
2007-09-06,7932.56
2007-09-10,7659.93
2007-09-11,7822.39
2007-09-12,7832.14
2007-09-13,7988.37
2007-09-14,7921.05
2007-09-17,7895.96
2007-09-18,8256.85
2007-09-19,8333.45
2007-09-20,8308.5
2007-09-21,8437.2
2007-09-24,8616.74
2007-09-25,8616.27
2007-09-26,8758.61
2007-09-27,8982.55
2007-09-28,8873.23
2007-10-01,9173.9
2007-10-02,9165.26
2007-10-03,8818.14
2007-10-04,8820.88
2007-10-05,9146.35
2007-10-08,9209.3
2007-10-09,9351.2
2007-10-10,9307.15
2007-10-11,9197.6
2007-10-15,9318.33
2007-10-16,9119.05
2007-10-17,9329.57
2007-10-18,9339.09
2007-10-19,8952.46
2007-10-22,8963.16
2007-10-23,9202.24
2007-10-24,9194.97
2007-10-25,9193.63
2007-10-26,9527.75
2007-10-29,9695.91
2007-10-30,9523.81
2007-10-31,9692.67
2007-11-01,9515.22
2007-11-05,9283.2
2007-11-06,9533.27
2007-11-07,9395.78
2007-11-08,9540.59
2007-11-09,9664.96
2007-11-12,9226.74
2007-11-13,9429.85
2007-11-14,9658.19
2007-11-16,9633.72
2007-11-19,9297.85
2007-11-21,9031.25
2007-11-22,9053.34
2007-11-23,9106.93
2007-11-26,8887.97
2007-11-27,8944.2
2007-11-28,9280.09
2007-11-29,9343.18
2007-11-30,9462.09
2007-12-03,9500.94
2007-12-04,9557.22
2007-12-05,9798.52
2007-12-06,9959.81
2007-12-07,9926.59
2007-12-10,9897.1
2007-12-11,9784.26
2007-12-12,9833.07
2007-12-13,9533.45
2007-12-14,9485.35
2007-12-17,9080.72
2007-12-18,9277.3
2007-12-19,9427.96
2007-12-20,9469.86
2007-12-21,9638.72
2007-12-26,9834.9
2007-12-27,9738.73
2007-12-28,9754.98
2008-01-02,9554.39
2008-01-03,9530.53
2008-01-04,9225.18
2008-01-07,9119.65
2008-01-08,9364.05
2008-01-09,9435.09
2008-01-10,9533.06
2008-01-11,9307.27
2008-01-14,9332.91
2008-01-15,8973.12
2008-01-16,8722.31
2008-01-17,8452.16
2008-01-18,8524.57
2008-01-21,7937.43
2008-01-22,8340.0
2008-01-23,8084.11
2008-01-24,8647.25
2008-01-28,8856.17
2008-01-29,8928.13
2008-01-30,9057.91
2008-01-31,8892.41
2008-02-01,9103.41
2008-02-06,8782.42
2008-02-07,8827.7
2008-02-08,8854.41
2008-02-11,9086.83
2008-02-12,9239.95
2008-02-13,9389.91
2008-02-14,9275.22
2008-02-15,9199.81
2008-02-18,9453.99
2008-02-19,9408.44
2008-02-20,9607.93
2008-02-21,9575.23
2008-02-22,9674.63
2008-02-25,9743.3
2008-02-26,9787.89
2008-02-27,9866.34
2008-02-28,9917.62
2008-02-29,9507.9
2008-03-03,9593.09
2008-03-04,9402.24
2008-03-05,9591.74
2008-03-06,9363.67
2008-03-07,9199.54
2008-03-10,8972.53
2008-03-11,9330.22
2008-03-12,9288.28
2008-03-13,9300.22
2008-03-14,9265.78
2008-03-17,8908.84
2008-03-18,9150.82
2008-03-19,8626.23
2008-03-20,8634.84
2008-03-24,8773.09
2008-03-25,9054.12
2008-03-26,9133.79
2008-03-27,9009.35
2008-03-28,8965.48
2008-03-31,9074.04
2008-04-01,9320.2
2008-04-02,9410.1
2008-04-03,9519.54
2008-04-04,9551.19
2008-04-07,9545.52
2008-04-08,9629.53
2008-04-09,9495.67
2008-04-10,9506.89
2008-04-11,9357.66
2008-04-14,9406.14
2008-04-15,9510.4
2008-04-16,9697.05
2008-04-17,9798.43
2008-04-18,9865.73
2008-04-22,9947.26
2008-04-23,9860.73
2008-04-24,9745.25
2008-04-25,9841.7
2008-04-28,9935.74
2008-04-29,9635.86
2008-04-30,10161.79
2008-05-02,10345.9
2008-05-05,10477.73
2008-05-06,10537.93
2008-05-07,10384.55
2008-05-08,10480.64
2008-05-09,10494.65
2008-05-12,10595.04
2008-05-13,10642.02
2008-05-14,10554.33
2008-05-15,10784.64
2008-05-16,11011.33
2008-05-19,11162.42
2008-05-20,11219.31
2008-05-21,11073.73
2008-05-23,10873.72
2008-05-26,10942.61
2008-05-27,10806.08
2008-05-28,11095.83
2008-05-29,10802.6
2008-05-30,10914.64
2008-06-02,10850.43
2008-06-03,10509.16
2008-06-04,10255.17
2008-06-05,10665.05
2008-06-06,10498.09
2008-06-09,10390.07
2008-06-10,10123.19
2008-06-11,9968.99
2008-06-12,10056.81
2008-06-13,10069.45
2008-06-16,10076.27
2008-06-17,10248.57
2008-06-18,10059.84
2008-06-19,9943.83
2008-06-20,9643.86
2008-06-23,9683.96
2008-06-24,9628.76
2008-06-25,9876.85
2008-06-26,9626.36
2008-06-27,9652.82
2008-06-30,9795.0
2008-07-01,9592.88
2008-07-02,9232.66
2008-07-03,8943.81
2008-07-04,8986.22
2008-07-07,8930.23
2008-07-08,8930.62
2008-07-10,8954.78
2008-07-11,8937.59
2008-07-14,9007.44
2008-07-15,8957.63
2008-07-16,9076.18
2008-07-17,8771.7
2008-07-18,8791.28
2008-07-21,8920.82
2008-07-22,8733.52
2008-07-23,8647.18
2008-07-24,8304.72
2008-07-25,8243.43
2008-07-28,8231.18
2008-07-29,8402.35
2008-07-30,8755.1
2008-07-31,8662.31
2008-08-01,8350.81
2008-08-04,7978.02
2008-08-05,8073.75
2008-08-06,8242.37
2008-08-07,8209.5
2008-08-08,8127.89
2008-08-11,7867.87
2008-08-12,7839.94
2008-08-13,7911.85
2008-08-14,7988.24
2008-08-15,7843.05
2008-08-18,7680.24
2008-08-19,7754.31
2008-08-20,8072.75
2008-08-21,8200.62
2008-08-22,8181.06
2008-08-25,7944.58
2008-08-26,7939.41
2008-08-27,8135.05
2008-08-28,8252.85
2008-08-29,8143.95
2008-09-01,8047.41
2008-09-02,7936.27
2008-09-03,7832.34
2008-09-04,7527.23
2008-09-05,7608.74
2008-09-08,7420.33
2008-09-09,7061.8
2008-09-10,7242.71
2008-09-11,7539.06
2008-09-12,7715.18
2008-09-15,7093.6
2008-09-16,7254.44
2008-09-17,6815.19
2008-09-18,7239.8
2008-09-19,7900.89
2008-09-22,7704.42
2008-09-23,7395.74
2008-09-24,7476.8
2008-09-25,7773.37
2008-09-26,7598.42
2008-09-29,6909.77
2008-09-30,7447.88
2008-10-01,7447.76
2008-10-02,6901.86
2008-10-03,6662.21
2008-10-06,6328.41
2008-10-07,6046.45
2008-10-08,5833.65
2008-10-09,5582.13
2008-10-10,5372.3
2008-10-13,6169.78
2008-10-14,6273.18
2008-10-15,5514.74
2008-10-16,5345.24
2008-10-17,5350.57
2008-10-20,5836.02
2008-10-21,5773.28
2008-10-22,5216.32
2008-10-23,5004.34
2008-10-24,4631.14
2008-10-27,4313.17
2008-10-28,4860.01
2008-10-29,5118.63
2008-10-30,5527.02
2008-10-31,5522.07
2008-11-03,5673.84
2008-11-04,6018.8
2008-11-05,5643.85
2008-11-06,5386.56
2008-11-07,5431.24
2008-11-10,5507.42
2008-11-11,5547.58
2008-11-12,5071.0
2008-11-13,5321.39
2008-11-14,5281.54
2008-11-17,5254.49
2008-11-18,4979.03
2008-11-19,4837.9
2008-11-21,4485.63
2008-11-24,4967.22
2008-11-25,5076.52
2008-11-26,5319.59
2008-11-27,5274.7
2008-11-28,5328.11
2008-12-01,5031.77
2008-12-02,5057.52
2008-12-03,5131.69
2008-12-04,5069.53
2008-12-05,5076.82
2008-12-08,5553.2
2008-12-09,5526.28
2008-12-10,5736.87
2008-12-11,5658.16
2008-12-12,5784.14
2008-12-15,5655.03
2008-12-16,5915.55
2008-12-17,5959.99
2008-12-18,5847.5
2008-12-19,5761.48
2008-12-22,5500.62
2008-12-23,5335.13
2008-12-26,5416.37
2008-12-29,5468.68
2008-12-30,5546.45
2009-01-02,5989.65
2009-01-05,6141.83
2009-01-06,6259.62
2009-01-07,6008.07
2009-01-08,6182.01
2009-01-09,6133.91
2009-01-12,5806.43
2009-01-13,5811.89
2009-01-14,5577.42
2009-01-15,5738.36
2009-01-16,5751.0
2009-01-19,5685.78
2009-01-20,5450.78
2009-01-21,5650.3
2009-01-22,5556.08
2009-01-23,5596.75
2009-01-26,5648.23
2009-01-27,5669.23
2009-01-28,5923.43
2009-01-29,5825.81
2009-01-30,5784.91
2009-02-02,5689.11
2009-02-03,5854.42
2009-02-04,5941.5
2009-02-05,6091.96
2009-02-06,6368.16
2009-02-09,6294.4
2009-02-10,6172.08
2009-02-11,6118.9
2009-02-12,6053.22
2009-02-13,6241.04
2009-02-16,6273.73
2009-02-17,5952.53
2009-02-18,5931.51
2009-02-19,5949.47
2009-02-20,5766.08
2009-02-25,5721.58
2009-02-26,5724.34
2009-02-27,5722.29
2009-03-02,5418.69
2009-03-03,5435.37
2009-03-04,5758.62
2009-03-05,5620.76
2009-03-06,5583.21
2009-03-09,5523.73
2009-03-10,5841.76
2009-03-11,5852.35
2009-03-12,5920.84
2009-03-13,5900.4
2009-03-16,5838.6
2009-03-17,5980.15
2009-03-18,6068.91
2009-03-19,6125.12
2009-03-20,6070.54
2009-03-23,6455.59
2009-03-24,6306.19
2009-03-25,6351.9
2009-03-26,6462.78
2009-03-27,6353.13
2009-03-30,6150.25
2009-03-31,6175.71
2009-04-01,6324.02
2009-04-02,6593.79
2009-04-03,6688.41
2009-04-06,6654.18
2009-04-07,6584.48
2009-04-08,6610.31
2009-04-09,6845.91
2009-04-13,6896.96
2009-04-14,6801.4
2009-04-15,6762.78
2009-04-16,6870.12
2009-04-17,6824.65
2009-04-20,6619.77
2009-04-22,6643.7
2009-04-23,6796.22
2009-04-24,6897.53
2009-04-27,6734.25
2009-04-28,6747.87
2009-04-29,6967.96
2009-04-30,6985.66
2009-05-04,7453.3
2009-05-05,7489.24
2009-05-06,7576.15
2009-05-07,7344.67
2009-05-08,7531.09
2009-05-11,7469.46
2009-05-12,7364.4
2009-05-13,7134.02
2009-05-14,7222.35
2009-05-15,7151.83
2009-05-18,7505.46
2009-05-19,7498.51
2009-05-20,7515.75
2009-05-21,7360.27
2009-05-22,7435.76
2009-05-25,7473.49
2009-05-26,7627.26
2009-05-27,7612.01
2009-05-28,7784.87
2009-05-29,7788.53
2009-06-01,7995.61
2009-06-02,7894.0
2009-06-03,7614.38
2009-06-04,7799.74
2009-06-05,7781.29
2009-06-08,7816.05
2009-06-09,7751.43
2009-06-10,7796.65
2009-06-12,7821.07
2009-06-15,7617.87
2009-06-16,7501.23
2009-06-17,7453.41
2009-06-18,7432.11
2009-06-19,7496.61
2009-06-22,7231.37
2009-06-23,7248.17
2009-06-24,7205.52
2009-06-25,7452.98
2009-06-26,7463.17
2009-06-29,7555.77
2009-06-30,7459.46
2009-07-01,7438.26
2009-07-02,7359.0
2009-07-03,7325.03
2009-07-06,7264.35
2009-07-07,7104.95
2009-07-08,7063.94
2009-07-10,7083.12
2009-07-13,7100.09
2009-07-14,7048.01
2009-07-15,7377.74
2009-07-16,7451.39
2009-07-17,7484.98
2009-07-20,7649.67
2009-07-21,7652.44
2009-07-22,7612.08
2009-07-23,7783.83
2009-07-24,7811.53
2009-07-27,7817.07
2009-07-28,7785.81
2009-07-29,7670.49
2009-07-30,7769.06
2009-07-31,7808.74
2009-08-03,7983.22
2009-08-04,7964.59
2009-08-05,8027.97
2009-08-06,7943.38
2009-08-07,8017.23
2009-08-10,8076.0
2009-08-11,7892.18
2009-08-12,7985.9
2009-08-13,8036.82
2009-08-14,7987.27
2009-08-17,7791.96
2009-08-18,7855.19
2009-08-19,7932.78
2009-08-20,8021.45
2009-08-21,8130.46
2009-08-24,8126.85
2009-08-25,8095.26
2009-08-26,8132.23
2009-08-27,8108.59
2009-08-28,8109.81
2009-08-31,7927.73
2009-09-01,7834.88
2009-09-02,7803.26
2009-09-03,7836.43
2009-09-04,7970.18
2009-09-08,8126.6
2009-09-09,8156.01
2009-09-10,8239.21
2009-09-11,8216.32
2009-09-14,8273.41
2009-09-15,8345.47
2009-09-16,8503.01
2009-09-17,8490.54
2009-09-18,8551.78
2009-09-21,8572.77
2009-09-22,8643.97
2009-09-23,8510.79
2009-09-24,8431.18
2009-09-25,8465.7
2009-09-28,8618.27
2009-09-29,8636.81
2009-09-30,8690.2
2009-10-01,8561.36
2009-10-02,8642.01
2009-10-05,8793.09
2009-10-06,8818.43
2009-10-07,8789.15
2009-10-08,8956.63
2009-10-09,9003.47
2009-10-13,9063.28
2009-10-14,9283.49
2009-10-15,9349.94
2009-10-16,9283.14
2009-10-19,9445.86
2009-10-20,9202.29
2009-10-21,9213.38
2009-10-22,9324.82
2009-10-23,9180.81
2009-10-26,9189.17
2009-10-27,8936.37
2009-10-28,8523.64
2009-10-29,9016.77
2009-10-30,8709.56
2009-11-03,8893.11
2009-11-04,9048.98
2009-11-05,9169.96
2009-11-06,9107.41
2009-11-09,9348.88
2009-11-10,9382.87
2009-11-11,9403.39
2009-11-12,9125.74
2009-11-13,9248.89
2009-11-16,9412.39
2009-11-17,9536.88
2009-11-18,9420.67
2009-11-19,9370.51
2009-11-23,9444.17
2009-11-24,9507.31
2009-11-25,9598.85
2009-11-26,9373.75
2009-11-27,9475.88
2009-11-30,9463.52
2009-12-01,9672.77
2009-12-02,9684.23
2009-12-03,9630.87
2009-12-04,9526.98
2009-12-07,9643.55
2009-12-08,9525.36
2009-12-09,9560.65
2009-12-10,9641.61
2009-12-11,9697.25
2009-12-14,9697.44
2009-12-15,9707.86
2009-12-16,9617.55
2009-12-17,9402.02
2009-12-18,9361.74
2009-12-21,9231.21
2009-12-22,9412.9
2009-12-23,9428.54
2009-12-28,9467.4
2009-12-29,9536.22
2009-12-30,9562.81
2010-01-04,9783.58
2010-01-05,9801.38
2010-01-06,9860.49
2010-01-07,9825.61
2010-01-08,9796.49
2010-01-11,9806.88
2010-01-12,9759.74
2010-01-13,9801.29
2010-01-14,9712.7
2010-01-15,9610.61
2010-01-18,9706.88
2010-01-19,9766.57
2010-01-20,9522.33
2010-01-21,9259.23
2010-01-22,9264.2
2010-01-26,9159.31
2010-01-27,9088.54
2010-01-28,9193.5
2010-01-29,9135.62
2010-02-01,9286.41
2010-02-02,9353.54
2010-02-03,9349.82
2010-02-04,8917.01
2010-02-05,8746.21
2010-02-08,8779.68
2010-02-09,8995.14
2010-02-10,9052.75
2010-02-11,9204.8
2010-02-12,9180.24
2010-02-17,9374.96
2010-02-18,9451.83
2010-02-19,9399.78
2010-02-22,9337.4
2010-02-23,9184.76
2010-02-24,9150.48
2010-02-25,9190.31
2010-02-26,9253.32
2010-03-01,9345.92
2010-03-02,9429.82
2010-03-03,9428.81
2010-03-04,9441.21
2010-03-05,9589.35
2010-03-08,9559.85
2010-03-09,9692.53
2010-03-10,9740.15
2010-03-11,9730.77
2010-03-12,9663.23
2010-03-15,9631.29
2010-03-16,9758.37
2010-03-17,9724.62
2010-03-18,9696.39
2010-03-19,9573.61
2010-03-22,9620.61
2010-03-23,9648.92
2010-03-24,9600.01
2010-03-25,9537.82
2010-03-26,9572.22
2010-03-29,9726.23
2010-03-30,9743.56
2010-03-31,9805.65
2010-04-01,9906.07
2010-04-05,9932.27
2010-04-06,9908.61
2010-04-07,9876.13
2010-04-08,10021.52
2010-04-09,9979.55
2010-04-12,9848.92
2010-04-13,9858.92
2010-04-14,9902.0
2010-04-15,9831.26
2010-04-16,9662.32
2010-04-19,9632.25
2010-04-20,9681.28
2010-04-22,9662.05
2010-04-23,9681.9
2010-04-26,9577.23
2010-04-27,9248.95
2010-04-28,9275.22
2010-04-29,9466.84
2010-04-30,9402.58
2010-05-03,9277.61
2010-05-04,8965.8
2010-05-05,8984.67
2010-05-06,8836.35
2010-05-07,8782.58
2010-05-10,9104.13
2010-05-11,8968.85
2010-05-12,9045.94
2010-05-13,8986.85
2010-05-14,8830.84
2010-05-17,8775.13
2010-05-18,8522.73
2010-05-19,8323.8
2010-05-20,8095.17
2010-05-21,8372.86
2010-05-24,8313.43
2010-05-25,8208.49
2010-05-26,8330.94
2010-05-27,8597.24
2010-05-28,8585.97
2010-05-31,8795.55
2010-06-01,8609.27
2010-06-02,8761.07
2010-06-04,8600.85
2010-06-07,8511.45
2010-06-08,8598.05
2010-06-09,8563.33
2010-06-10,8754.56
2010-06-11,8814.26
2010-06-14,8761.68
2010-06-15,8880.71
2010-06-16,8938.13
2010-06-17,8887.47
2010-06-18,8872.0
2010-06-21,8946.71
2010-06-22,8902.92
2010-06-23,8926.21
2010-06-24,8723.61
2010-06-25,8838.69
2010-06-28,8741.48
2010-06-29,8440.13
2010-06-30,8293.4
2010-07-01,8363.05
2010-07-02,8390.19
2010-07-05,8293.42
2010-07-06,8468.01
2010-07-07,8668.91
2010-07-08,8721.05
2010-07-12,8652.2
2010-07-13,8724.35
2010-07-14,8700.06
2010-07-15,8680.3
2010-07-16,8525.95
2010-07-19,8663.17
2010-07-20,8862.13
2010-07-21,8852.36
2010-07-22,9026.54
2010-07-23,9089.81
2010-07-26,9098.15
2010-07-27,9103.8
2010-07-28,9178.53
2010-07-29,9182.01
2010-07-30,9252.5
2010-08-02,9402.4
2010-08-03,9346.1
2010-08-04,9357.83
2010-08-05,9380.92
2010-08-06,9353.2
2010-08-09,9335.78
2010-08-10,9246.15
2010-08-11,9027.99
2010-08-12,9062.34
2010-08-13,9082.16
2010-08-16,9140.8
2010-08-17,9252.01
2010-08-18,9232.02
2010-08-19,9105.22
2010-08-20,9076.16
2010-08-23,8978.37
2010-08-24,8841.65
2010-08-25,8795.62
2010-08-26,8664.38
2010-08-27,8912.94
2010-08-30,8728.24
2010-08-31,8883.22
2010-09-01,9157.81
2010-09-02,9102.8
2010-09-03,9124.59
2010-09-06,9125.49
2010-09-08,9055.64
2010-09-09,9050.85
2010-09-10,9051.68
2010-09-13,9251.76
2010-09-14,9182.5
2010-09-15,9227.92
2010-09-16,9175.67
2010-09-17,9103.52
2010-09-20,9256.54
2010-09-21,9169.04
2010-09-22,9234.22
2010-09-23,9311.76
2010-09-24,9253.9
2010-09-27,9352.32
2010-09-28,9409.77
2010-09-29,9496.86
2010-09-30,9520.77
2010-10-01,9618.2
2010-10-04,9636.18
2010-10-05,9739.55
2010-10-06,9616.1
2010-10-07,9536.3
2010-10-08,9673.92
2010-10-11,9672.49
2010-10-13,9759.06
2010-10-14,9777.82
2010-10-15,9787.87
2010-10-18,9806.3
2010-10-19,9559.04
2010-10-20,9628.53
2010-10-21,9492.11
2010-10-22,9492.87
2010-10-25,9546.87
2010-10-26,9710.92
2010-10-27,9655.3
2010-10-28,9610.71
2010-10-29,9643.46
2010-11-01,9787.47
2010-11-03,9839.32
2010-11-04,10023.46
2010-11-05,9983.99
2010-11-08,10019.4
2010-11-09,9870.43
2010-11-10,9886.34
2010-11-11,9791.69
2010-11-12,9669.74
2010-11-16,9510.7
2010-11-17,9545.9
2010-11-18,9699.77
2010-11-19,9722.41
2010-11-22,9565.1
2010-11-23,9352.03
2010-11-24,9555.52
2010-11-25,9501.59
2010-11-26,9374.17
2010-11-29,9348.78
2010-11-30,9287.99
2010-12-01,9514.36
2010-12-02,9553.83
2010-12-03,9570.64
2010-12-06,9545.12
2010-12-07,9494.66
2010-12-08,9364.91
2010-12-09,9354.12
2010-12-10,9409.42
2010-12-13,9522.65
2010-12-14,9491.72
2010-12-15,9383.1
2010-12-16,9329.15
2010-12-17,9425.95
2010-12-20,9322.67
2010-12-21,9446.83
2010-12-22,9506.73
2010-12-23,9503.82
2010-12-27,9409.62
2010-12-28,9450.88
2010-12-29,9568.99
2010-12-30,9634.08
2011-01-03,9722.14
2011-01-04,9777.54
2011-01-05,9896.68
2011-01-06,9802.58
2011-01-07,9695.58
2011-01-10,9724.9
2011-01-11,9779.59
2011-01-12,9957.72
2011-01-13,9806.07
2011-01-14,9846.5
2011-01-17,9810.17
2011-01-18,9838.63
2011-01-19,9699.45
2011-01-20,9608.13
2011-01-21,9562.31
2011-01-24,9620.8
2011-01-26,9546.67
2011-01-27,9489.85
2011-01-28,9303.84
2011-01-31,9283.84
2011-02-01,9439.67
2011-02-02,9333.24
2011-02-03,9339.36
2011-02-04,9141.56
2011-02-07,9149.32
2011-02-08,9190.8
2011-02-09,8965.26
2011-02-10,9007.32
2011-02-11,9182.56
2011-02-14,9294.88
2011-02-15,9318.59
2011-02-16,9482.4
2011-02-17,9496.17
2011-02-18,9525.48
2011-02-21,9420.01
2011-02-22,9317.7
2011-02-23,9430.64
2011-02-24,9391.63
2011-02-25,9407.28
2011-02-28,9482.61
2011-03-01,9342.06
2011-03-02,9488.87
2011-03-03,9578.86
2011-03-04,9569.99
2011-03-09,9412.74
2011-03-10,9206.05
2011-03-11,9295.64
2011-03-14,9350.72
2011-03-15,9321.2
2011-03-16,9160.09
2011-03-17,9221.64
2011-03-18,9303.9
2011-03-21,9312.07
2011-03-22,9437.28
2011-03-23,9480.99
2011-03-24,9442.53
2011-03-25,9467.18
2011-03-28,9387.27
2011-03-29,9423.04
2011-03-30,9511.2
2011-03-31,9618.8
2011-04-01,9693.93
2011-04-04,9716.85
2011-04-05,9715.71
2011-04-06,9623.64
2011-04-07,9609.62
2011-04-08,9530.45
2011-04-11,9452.38
2011-04-12,9275.0
2011-04-13,9204.51
2011-04-14,9178.87
2011-04-15,9239.91
2011-04-18,9081.59
2011-04-19,9179.85
2011-04-20,9324.87
2011-04-25,9325.42
2011-04-26,9357.5
2011-04-27,9250.97
2011-04-28,9151.66
2011-04-29,9223.25
2011-05-02,9144.78
2011-05-03,8978.5
2011-05-04,8904.13
2011-05-05,8887.84
2011-05-06,8986.01
2011-05-09,9025.16
2011-05-10,9054.03
2011-05-11,8896.32
2011-05-12,8904.37
2011-05-13,8773.76
2011-05-16,8750.16
2011-05-17,8851.98
2011-05-18,8738.95
2011-05-19,8695.16
2011-05-20,8730.47
2011-05-23,8692.43
2011-05-24,8808.12
2011-05-25,8803.61
2011-05-26,8925.59
2011-05-27,8948.06
2011-05-30,8892.48
2011-05-31,8945.91
2011-06-01,8822.93
2011-06-02,8886.02
2011-06-03,8888.25
2011-06-06,8733.4
2011-06-07,8757.45
2011-06-08,8748.19
2011-06-09,8792.91
2011-06-10,8710.18
2011-06-13,8616.21
2011-06-14,8675.42
2011-06-15,8620.91
2011-06-16,8547.28
2011-06-17,8541.3
2011-06-20,8569.24
2011-06-21,8603.96
2011-06-22,8600.8
2011-06-24,8562.47
2011-06-27,8586.27
2011-06-28,8742.2
2011-06-29,8762.63
2011-06-30,8804.21
2011-07-01,8930.99
2011-07-04,8989.13
2011-07-05,8894.6
2011-07-06,8829.43
2011-07-07,8782.48
2011-07-08,8677.88
2011-07-11,8508.99
2011-07-12,8436.35
2011-07-13,8564.59
2011-07-14,8428.27
2011-07-15,8395.31
2011-07-18,8321.37
2011-07-19,8361.67
2011-07-20,8356.68
2011-07-21,8491.64
2011-07-22,8494.53
2011-07-25,8469.33
2011-07-26,8417.5
2011-07-27,8299.59
2011-07-28,8350.27
2011-07-29,8350.55
2011-08-01,8337.34
2011-08-02,8142.31
2011-08-03,7968.71
2011-08-04,7544.04
2011-08-05,7536.1
2011-08-08,6922.17
2011-08-09,7253.66
2011-08-10,7278.02
2011-08-11,7529.47
2011-08-12,7566.35
2011-08-15,7739.02
2011-08-16,7703.14
2011-08-17,7808.2
2011-08-18,7538.04
2011-08-19,7414.85
2011-08-22,7388.79
2011-08-23,7563.09
2011-08-24,7577.29
2011-08-25,7493.71
2011-08-26,7548.68
2011-08-29,7744.11
2011-08-30,7806.2
2011-08-31,7964.11
2011-09-01,8182.0
2011-09-02,7979.12
2011-09-05,7776.91
2011-09-06,7967.64
2011-09-08,8097.27
2011-09-09,7877.72
2011-09-12,7867.87
2011-09-13,7851.77
2011-09-14,7950.8
2011-09-15,7984.06
2011-09-16,8077.24
2011-09-19,8096.29
2011-09-20,8047.65
2011-09-21,7996.93
2011-09-22,7631.21
2011-09-23,7579.77
2011-09-26,7658.79
2011-09-27,7702.92
2011-09-28,7646.81
2011-09-29,7665.94
2011-09-30,7558.42
2011-10-03,7364.46
2011-10-04,7334.89
2011-10-05,7369.29
2011-10-06,7526.07
2011-10-07,7373.67
2011-10-10,7633.52
2011-10-11,7702.85
2011-10-13,7808.2
2011-10-14,7861.77
2011-10-17,7738.08
2011-10-18,7848.42
2011-10-19,7824.59
2011-10-20,7706.56
2011-10-21,7864.03
2011-10-24,8086.51
2011-10-25,8010.66
2011-10-26,8121.73
2011-10-27,8362.61
2011-10-28,8406.33
2011-10-31,8288.59
2011-11-01,8179.29
2011-11-03,8330.85
2011-11-04,8388.29
2011-11-07,8467.56
2011-11-08,8436.52
2011-11-09,8248.42
2011-11-10,8208.99
2011-11-11,8353.34
2011-11-14,8350.33
2011-11-16,8409.18
2011-11-17,8186.21
2011-11-18,8144.69
2011-11-21,8089.48
2011-11-22,8041.49
2011-11-23,7924.84
2011-11-24,7966.6
2011-11-25,7885.65
2011-11-28,8037.16
2011-11-29,7952.76
2011-11-30,8198.25
2011-12-01,8378.96
2011-12-02,8362.66
2011-12-05,8494.92
2011-12-06,8570.36
2011-12-07,8462.91
2011-12-08,8312.71
2011-12-09,8421.24
2011-12-12,8303.78
2011-12-13,8333.04
2011-12-14,8208.8
2011-12-15,8151.81
2011-12-16,8130.05
2011-12-19,8062.89
2011-12-20,8298.87
2011-12-21,8272.68
2011-12-22,8372.64
2011-12-23,8424.55
2011-12-26,8406.19
2011-12-27,8447.89
2011-12-28,8239.48
2011-12-29,8279.42
2012-01-02,8372.73
2012-01-03,8583.1
2012-01-04,8593.46
2012-01-05,8494.24
2012-01-06,8498.04
2012-01-09,8548.03
2012-01-10,8622.51
2012-01-11,8639.37
2012-01-12,8639.1
2012-01-13,8578.04
2012-01-16,8687.3
2012-01-17,8785.28
2012-01-18,8942.22
2012-01-19,8954.54
2012-01-20,8980.23
2012-01-23,9010.69
2012-01-24,9040.39
2012-01-26,9052.82
2012-01-27,9028.31
2012-01-30,9008.86
2012-01-31,9034.82
2012-02-01,9197.85
2012-02-02,9178.44
2012-02-03,9244.88
2012-02-06,9261.0
2012-02-07,9357.42
2012-02-08,9351.86
2012-02-09,9320.62
2012-02-10,9067.52
2012-02-13,9281.92
2012-02-14,9148.12
2012-02-15,9124.91
2012-02-16,9245.58
2012-02-17,9258.46
2012-02-22,9243.4
2012-02-23,9218.3
2012-02-24,9279.28
2012-02-27,9205.27
2012-02-28,9297.19
2012-02-29,9309.84
2012-03-01,9458.68
2012-03-02,9574.4
2012-03-05,9436.31
2012-03-06,9173.69
2012-03-07,9286.64
2012-03-08,9404.88
2012-03-09,9425.84
2012-03-12,9363.9
2012-03-13,9618.59
2012-03-14,9619.73
2012-03-15,9552.82
2012-03-16,9577.83
2012-03-19,9598.39
2012-03-20,9518.86
2012-03-21,9474.25
2012-03-22,9332.61
2012-03-23,9331.22
2012-03-26,9499.43
2012-03-27,9453.35
2012-03-28,9270.43
2012-03-29,9254.54
2012-03-30,9215.43
2012-04-02,9335.35
2012-04-03,9198.35
2012-04-04,9015.41
2012-04-05,9014.07
2012-04-09,8914.41
2012-04-10,8796.59
2012-04-11,8794.23
2012-04-12,9061.7
2012-04-13,8916.82
2012-04-16,8870.85
2012-04-17,8951.66
2012-04-18,9013.12
2012-04-19,8973.64
2012-04-20,8990.62
2012-04-23,8886.67
2012-04-24,8907.73
2012-04-25,8822.81
2012-04-26,8889.17
2012-04-27,8849.1
2012-04-30,8886.93
2012-05-02,8951.33
2012-05-03,8865.17
2012-05-04,8676.01
2012-05-07,8727.53
2012-05-08,8600.58
2012-05-09,8531.76
2012-05-10,8533.8
2012-05-11,8476.56
2012-05-14,8282.05
2012-05-15,8164.58
2012-05-16,8118.75
2012-05-17,7877.65
2012-05-18,7965.8
2012-05-21,8294.29
2012-05-22,8157.99
2012-05-23,8061.73
2012-05-24,7961.71
2012-05-25,7984.21
2012-05-28,8063.34
2012-05-29,8043.24
2012-05-30,7958.5
2012-05-31,8098.05
2012-06-01,7954.5
2012-06-04,7954.26
2012-06-05,7849.91
2012-06-06,8093.69
2012-06-08,8090.19
2012-06-11,8033.75
2012-06-12,8179.98
2012-06-13,8224.77
2012-06-14,8179.13
2012-06-15,8265.53
2012-06-18,8315.58
2012-06-19,8494.61
2012-06-20,8485.17
2012-06-21,8229.85
2012-06-22,8216.58
2012-06-25,7970.21
2012-06-26,8010.21
2012-06-27,7961.35
2012-06-28,7925.92
2012-06-29,8143.25
2012-07-02,8165.57
2012-07-03,8340.46
2012-07-04,8375.97
2012-07-05,8440.24
2012-07-06,8320.05
2012-07-10,8079.49
2012-07-11,8072.38
2012-07-12,8045.37
2012-07-13,8197.5
2012-07-16,8108.7
2012-07-17,8134.3
2012-07-18,8220.1
2012-07-19,8307.15
2012-07-20,8170.52
2012-07-23,8016.31
2012-07-24,7954.43
2012-07-25,7965.55
2012-07-26,8140.47
2012-07-27,8486.65
2012-07-30,8567.85
2012-07-31,8393.76
2012-08-01,8425.84
2012-08-02,8326.76
2012-08-03,8527.96
2012-08-06,8648.07
2012-08-07,8625.51
2012-08-08,8792.97
2012-08-09,8755.71
2012-08-10,8810.22
2012-08-13,8781.76
2012-08-14,8668.61
2012-08-15,8679.36
2012-08-16,8817.36
2012-08-17,8767.46
2012-08-20,8774.4
2012-08-21,8692.14
2012-08-22,8750.04
2012-08-23,8652.39
2012-08-24,8624.92
2012-08-27,8594.27
2012-08-28,8609.52
2012-08-29,8465.48
2012-08-30,8436.08
2012-08-31,8403.5
2012-09-03,8448.4
2012-09-04,8304.45
2012-09-05,8394.34
2012-09-06,8606.27
2012-09-10,8625.63
2012-09-11,8747.67
2012-09-12,8809.96
2012-09-13,9045.72
2012-09-14,9137.27
2012-09-17,9136.07
2012-09-18,9097.63
2012-09-19,9045.02
2012-09-20,9047.02
2012-09-21,9011.4
2012-09-24,9066.46
2012-09-25,8827.04
2012-09-26,8832.03
2012-09-27,8804.97
2012-09-28,8667.57
2012-10-01,8737.61
2012-10-02,8737.31
2012-10-03,8633.13
2012-10-04,8666.62
2012-10-05,8696.67
2012-10-08,8790.08
2012-10-09,8702.3
2012-10-10,8630.96
2012-10-11,8741.11
2012-10-15,8788.41
2012-10-16,8847.02
2012-10-17,8863.36
2012-10-18,8845.41
2012-10-19,8733.35
2012-10-22,8691.54
2012-10-23,8533.85
2012-10-24,8517.99
2012-10-25,8648.06
2012-10-26,8613.77
2012-10-29,8588.14
2012-10-30,8649.07
2012-10-31,8547.22
2012-11-01,8736.57
2012-11-05,8740.64
2012-11-06,8872.93
2012-11-07,8734.91
2012-11-08,8581.29
2012-11-09,8574.07
2012-11-12,8529.84
2012-11-13,8612.53
2012-11-14,8460.33
2012-11-16,8363.41
2012-11-19,8491.58
2012-11-21,8505.49
2012-11-22,8525.13
2012-11-23,8676.55
2012-11-26,8571.23
2012-11-27,8488.69
2012-11-28,8524.03
2012-11-29,8681.86
2012-11-30,8659.74
2012-12-03,8753.99
2012-12-04,8651.24
2012-12-05,8680.73
2012-12-06,8663.55
2012-12-07,8747.63
2012-12-10,8847.95
2012-12-11,8936.59
2012-12-12,8919.19
2012-12-13,8909.33
2012-12-14,8990.34
2012-12-17,8992.87
2012-12-18,9094.91
2012-12-19,9210.84
2012-12-20,9212.94
2012-12-21,9184.32
2012-12-26,9117.61
2012-12-27,9035.81
2012-12-28,9096.2
2013-01-02,9304.38
2013-01-03,9458.45
2013-01-04,9382.89
2013-01-07,9282.51
2013-01-08,9215.27
2013-01-09,9297.3
2013-01-10,9299.14
2013-01-11,9252.31
2013-01-14,9312.92
2013-01-15,9249.9
2013-01-16,9294.14
2013-01-17,9367.62
2013-01-18,9338.88
2013-01-21,9312.72
2013-01-22,9338.65
2013-01-23,9333.66
2013-01-24,9258.71
2013-01-28,9082.59
2013-01-29,9125.9
2013-01-30,8971.05
2013-01-31,9061.7
2013-02-01,9115.4
2013-02-04,9012.87
2013-02-05,8977.75
2013-02-06,8906.12
2013-02-07,8809.69
2013-02-08,8846.65
2013-02-13,8833.38
2013-02-14,8773.65
2013-02-15,8815.95
2013-02-18,8825.69
2013-02-19,8786.61
2013-02-20,8618.8
2013-02-21,8556.55
2013-02-22,8624.92
2013-02-25,8602.83
2013-02-26,8614.72
2013-02-27,8640.04
2013-02-28,8696.18
2013-03-01,8672.88
2013-03-04,8599.14
2013-03-05,8578.4
2013-03-06,8896.06
2013-03-07,8974.96
2013-03-08,8962.6
2013-03-11,8996.25
2013-03-12,8908.09
2013-03-13,8806.39
2013-03-14,8839.18
2013-03-15,8808.58
2013-03-18,8812.23
2013-03-19,8720.26
2013-03-20,8713.16
2013-03-21,8646.97
2013-03-22,8627.05
2013-03-25,8552.61
2013-03-26,8652.41
2013-03-27,8703.65
2013-03-28,8762.24
2013-04-01,8680.98
2013-04-02,8552.16
2013-04-03,8664.09
2013-04-04,8521.95
2013-04-05,8553.56
2013-04-08,8536.8
2013-04-09,8709.63
2013-04-10,8754.6
2013-04-11,8660.7
2013-04-12,8592.48
2013-04-15,8306.76
2013-04-16,8478.86
2013-04-17,8342.52
2013-04-18,8358.73
2013-04-19,8481.44
2013-04-22,8526.66
2013-04-23,8650.89
2013-04-24,8662.47
2013-04-25,8651.48
2013-04-26,8521.9
2013-04-29,8630.05
2013-04-30,8853.07
2013-05-02,8779.93
2013-05-03,8809.39
2013-05-06,8815.54
2013-05-07,8956.48
2013-05-08,8935.71
2013-05-09,8950.54
2013-05-10,8904.6
2013-05-13,8781.08
2013-05-14,8817.15
2013-05-15,8842.5
2013-05-16,8804.41
2013-05-17,8888.69
2013-05-20,8995.34
2013-05-21,9042.87
2013-05-22,9018.19
2013-05-23,8958.04
2013-05-24,8945.54
2013-05-27,8936.47
2013-05-28,8949.17
2013-05-29,8794.63
2013-05-31,8742.51
2013-06-03,8759.22
2013-06-04,8749.08
2013-06-05,8550.87
2013-06-06,8572.98
2013-06-07,8439.78
2013-06-10,8404.36
2013-06-11,8181.95
2013-06-12,8100.5
2013-06-13,8224.04
2013-06-14,8083.02
2013-06-17,8130.02
2013-06-18,8149.29
2013-06-19,7969.28
2013-06-20,7966.87
2013-06-21,7830.88
2013-06-24,7637.68
2013-06-25,7715.91
2013-06-26,7756.43
2013-06-27,7863.54
2013-06-28,7929.2
2013-07-01,7960.38
2013-07-02,7664.79
2013-07-03,7655.78
2013-07-04,7725.9
2013-07-05,7607.74
2013-07-08,7583.35
2013-07-10,7645.94
2013-07-11,7854.65
2013-07-12,7748.65
2013-07-15,7870.17
2013-07-16,7913.06
2013-07-17,7979.07
2013-07-18,7992.77
2013-07-19,7929.91
2013-07-22,8093.1
2013-07-23,8151.12
2013-07-24,8095.14
2013-07-25,8165.8
2013-07-26,8178.29
2013-07-29,8131.26
2013-07-30,8066.09
2013-07-31,8056.75
2013-08-01,8230.69
2013-08-02,8172.56
2013-08-05,8125.05
2013-08-06,7970.67
2013-08-07,7982.55
2013-08-08,8176.18
2013-08-09,8289.1
2013-08-12,8329.49
2013-08-13,8384.12
2013-08-14,8400.81
2013-08-15,8432.84
2013-08-16,8478.06
2013-08-19,8451.52
2013-08-20,8277.23
2013-08-21,8262.21
2013-08-22,8404.56
2013-08-23,8503.22
2013-08-26,8395.44
2013-08-27,8205.48
2013-08-28,8167.57
2013-08-29,8201.24
2013-08-30,8273.58
2013-09-02,8406.17
2013-09-03,8307.69
2013-09-04,8354.44
2013-09-05,8462.55
2013-09-06,8544.77
2013-09-09,8745.25
2013-09-10,8816.74
2013-09-11,8782.96
2013-09-12,8678.59
2013-09-13,8745.38
2013-09-16,8776.25
2013-09-17,8817.69
2013-09-18,8983.84
2013-09-19,8977.23
2013-09-20,8826.63
2013-09-23,8891.88
2013-09-24,8856.52
2013-09-25,8846.51
2013-09-26,8845.65
2013-09-27,8883.34
2013-09-30,8695.84
2013-10-01,8825.32
2013-10-02,8818.69
2013-10-03,8743.96
2013-10-04,8809.56
2013-10-07,8788.95
2013-10-08,8727.4
2013-10-09,8752.75
2013-10-10,8827.26
2013-10-11,8860.61
2013-10-14,8981.23
2013-10-15,8986.53
2013-10-16,8999.77
2013-10-17,9021.29
2013-10-18,9046.36
2013-10-21,9123.73
2013-10-22,9181.89
2013-10-23,9056.68
2013-10-24,9029.71
2013-10-25,9009.3
2013-10-28,9148.16
2013-10-29,9143.71
2013-10-30,9167.02
2013-10-31,9231.99
2013-11-01,9205.7
2013-11-04,9290.56
2013-11-05,9215.06
2013-11-06,9201.31
2013-11-07,9091.63
2013-11-08,8986.66
2013-11-11,9056.97
2013-11-12,8921.04
2013-11-13,8988.36
2013-11-14,9156.44
2013-11-18,9287.15
2013-11-19,9113.68
2013-11-21,9056.7
2013-11-22,9036.23
2013-11-25,8936.73
2013-11-26,8815.22
2013-11-27,8899.17
2013-11-28,8894.37
2013-11-29,9006.01
2013-12-02,8775.12
2013-12-03,8640.3
2013-12-04,8565.29
2013-12-05,8627.23
2013-12-06,8622.88
2013-12-09,8667.01
2013-12-10,8617.48
2013-12-11,8467.25
2013-12-12,8466.24
2013-12-13,8456.44
2013-12-16,8506.03
2013-12-17,8472.15
2013-12-18,8508.64
2013-12-19,8664.64
2013-12-20,8596.51
2013-12-23,8620.59
2013-12-26,8606.82
2013-12-27,8642.33
2013-12-30,8695.34
2014-01-02,8581.59
2014-01-03,8512.29
2014-01-06,8523.73
2014-01-07,8457.84
2014-01-08,8487.52
2014-01-09,8268.32
2014-01-10,8322.18
2014-01-13,8269.39
2014-01-14,8320.08
2014-01-15,8380.24
2014-01-16,8301.48
2014-01-17,8209.14
2014-01-20,8136.43
2014-01-21,8124.35
2014-01-22,8246.92
2014-01-23,8071.42
2014-01-24,7986.81
2014-01-27,7969.03
2014-01-28,7995.64
2014-01-29,7953.56
2014-01-30,7905.07
2014-01-31,7982.45
2014-02-03,7729.28
2014-02-04,7877.8
2014-02-05,7817.94
2014-02-06,8011.81
2014-02-07,8067.96
2014-02-10,8011.14
2014-02-11,8140.61
2014-02-12,8092.0
2014-02-13,8036.16
2014-02-14,8104.18
2014-02-17,8011.62
2014-02-18,7877.28
2014-02-19,7967.28
2014-02-20,7974.39
2014-02-21,7996.11
2014-02-24,8003.63
2014-02-25,7893.34
2014-02-26,7878.79
2014-02-27,8035.28
2014-02-28,7971.02
2014-03-05,7892.66
2014-03-06,7981.51
2014-03-07,7854.06
2014-03-10,7747.3
2014-03-11,7771.42
2014-03-12,7789.29
2014-03-13,7698.4
2014-03-14,7615.14
2014-03-17,7667.7
2014-03-18,7832.08
2014-03-19,7888.19
2014-03-20,8001.75
2014-03-21,8016.1
2014-03-24,8124.83
2014-03-25,8153.0
2014-03-26,8136.08
2014-03-27,8414.11
2014-03-28,8417.0
2014-03-31,8515.96
2014-04-01,8510.53
2014-04-02,8743.96
2014-04-03,8696.3
2014-04-04,8631.45
2014-04-07,8825.75
2014-04-08,8727.41
2014-04-09,8667.52
2014-04-10,8663.3
2014-04-11,8808.15
2014-04-14,8750.95
2014-04-15,8567.69
2014-04-16,8693.78
2014-04-17,8843.79
2014-04-22,8822.79
2014-04-23,8756.27
2014-04-24,8796.55
2014-04-25,8742.15
2014-04-28,8737.0
2014-04-29,8813.65
2014-04-30,8760.22
2014-05-02,8939.83
2014-05-05,9030.06
2014-05-06,9085.31
2014-05-07,9126.16
2014-05-08,9019.8
2014-05-09,8972.49
2014-05-12,9127.85
2014-05-13,9101.73
2014-05-14,9187.48
2014-05-15,9095.05
2014-05-16,9109.79
2014-05-19,9001.58
2014-05-20,8837.43
2014-05-21,8811.75
2014-05-22,8912.19
2014-05-23,8875.19
2014-05-26,8921.71
2014-05-27,8792.99
2014-05-28,8872.84
2014-05-29,8799.77
2014-05-30,8632.36
2014-06-02,8702.91
2014-06-03,8775.61
2014-06-04,8736.1
2014-06-05,8687.93
2014-06-06,8956.65
2014-06-09,9143.67
2014-06-10,9196.06
2014-06-11,9276.48
2014-06-13,9225.43
2014-06-16,9195.19
2014-06-17,9136.49
2014-06-18,9286.87
2014-06-20,9199.77
2014-06-23,9128.43
2014-06-24,9136.19
2014-06-25,8988.25
2014-06-26,9000.09
2014-06-27,8945.21
2014-06-30,8948.95
2014-07-01,8957.98
2014-07-02,8935.89
2014-07-03,9078.41
2014-07-04,9105.73
2014-07-07,9059.34
2014-07-08,9033.57
2014-07-10,9192.33
2014-07-11,9222.33
2014-07-14,9379.32
2014-07-15,9419.38
2014-07-16,9383.47
2014-07-17,9373.34
2014-07-18,9607.88
2014-07-21,9716.18
2014-07-22,9770.54
2014-07-23,9670.53
2014-07-24,9767.64
2014-07-25,9745.14
2014-07-28,9721.91
2014-07-29,9632.45
2014-07-30,9598.06
2014-07-31,9417.27
2014-08-01,9429.09
2014-08-04,9547.77
2014-08-05,9480.66
2014-08-06,9528.51
2014-08-07,9483.05
2014-08-08,9376.64
2014-08-11,9557.3
2014-08-12,9532.55
2014-08-13,9389.43
2014-08-14,9428.57
2014-08-15,9621.13
2014-08-18,9725.06
2014-08-19,9876.24
2014-08-20,9940.46
2014-08-21,9954.49
2014-08-22,9856.75
2014-08-25,10086.42
2014-08-26,10098.15
2014-08-27,10283.72
2014-08-28,10173.15
2014-08-29,10342.97
2014-09-01,10311.26
2014-09-02,10443.1
2014-09-03,10433.18
2014-09-04,10257.45
2014-09-05,10242.84
2014-09-08,9996.44
2014-09-09,9917.21
2014-09-10,9837.01
2014-09-11,9858.45
2014-09-12,9618.43
2014-09-15,9794.65
2014-09-16,9992.5
2014-09-17,9992.85
2014-09-18,9870.53
2014-09-19,9766.29
2014-09-22,9607.42
2014-09-23,9558.54
2014-09-24,9604.88
2014-09-25,9454.56
2014-09-26,9674.35
2014-09-29,9236.1
2014-09-30,9149.89
2014-10-01,8939.53
2014-10-02,9052.88
2014-10-03,9224.48
2014-10-06,9660.97
2014-10-07,9713.15
2014-10-08,9648.45
2014-10-09,9693.04
2014-10-10,9363.75
2014-10-13,9814.24
2014-10-14,9825.31
2014-10-15,9507.15
2014-10-16,9191.54
2014-10-17,9434.87
2014-10-20,9189.44
2014-10-21,8872.48
2014-10-22,8876.71
2014-10-23,8589.25
2014-10-24,8790.19
2014-10-27,8554.73
2014-10-28,8864.92
2014-10-29,8639.73
2014-10-30,8866.81
2014-10-31,9263.15
2014-11-03,9147.53
2014-11-04,9220.75
2014-11-05,9101.62
2014-11-06,8921.08
2014-11-07,9020.18
2014-11-10,8933.68
2014-11-11,8888.65
2014-11-12,8975.46
2014-11-13,8780.44
2014-11-14,8776.45
2014-11-17,8691.8
2014-11-18,8832.74
2014-11-19,9058.84
2014-11-21,9510.59
2014-11-24,9391.03
2014-11-25,9426.26
2014-11-26,9344.96
2014-11-27,9272.26
2014-11-28,9272.68
2014-12-01,8858.62
2014-12-02,8741.86
2014-12-03,8863.59
2014-12-04,8710.57
2014-12-05,8807.07
2014-12-08,8517.42
2014-12-09,8504.22
2014-12-10,8390.29
2014-12-11,8444.13
2014-12-12,8121.05
2014-12-15,7953.75
2014-12-16,7963.7
2014-12-17,8254.1
2014-12-18,8219.41
2014-12-19,8417.45
2014-12-22,8494.71
2014-12-23,8624.46
2014-12-26,8490.34
2014-12-29,8567.25
2014-12-30,8465.97
2015-01-02,8218.98
2015-01-05,8048.14
2015-01-06,8127.42
2015-01-07,8373.84
2015-01-08,8448.8
2015-01-09,8276.95
2015-01-12,8169.08
2015-01-13,8144.4
2015-01-14,8074.19
2015-01-15,8138.21
2015-01-16,8303.15
2015-01-19,8109.69
2015-01-20,8125.06
2015-01-21,8355.31
2015-01-22,8397.76
2015-01-23,8291.17
2015-01-26,8262.06
2015-01-27,8263.13
2015-01-28,8111.6
2015-01-29,8123.66
2015-01-30,8004.04
2015-02-02,8119.89
2015-02-03,8343.36
2015-02-04,8407.12
2015-02-05,8400.24
2015-02-06,8334.06
2015-02-09,8431.59
2015-02-10,8295.05
2015-02-11,8243.07
2015-02-12,8458.26
2015-02-13,8631.6
2015-02-18,8740.04
2015-02-19,8743.36
2015-02-20,8738.96
2015-02-23,8755.27
2015-02-24,8853.38
2015-02-25,8837.27
2015-02-26,8821.98
2015-02-27,8789.39
2015-03-02,8698.5
2015-03-03,8752.08
2015-03-04,8605.9
2015-03-05,8590.17
2015-03-06,8526.45
2015-03-09,8400.66
2015-03-10,8240.4
2015-03-11,8345.35
2015-03-12,8335.89
2015-03-13,8289.77
2015-03-16,8329.96
2015-03-17,8570.73
2015-03-18,8780.57
2015-03-19,8686.38
2015-03-20,8843.5
2015-03-23,8832.86
2015-03-24,8762.15
2015-03-25,8828.01
2015-03-26,8615.09
2015-03-27,8540.36
2015-03-30,8725.13
2015-03-31,8712.7
2015-04-01,8905.77
2015-04-02,9040.0
2015-04-06,9141.98
2015-04-07,9148.57
2015-04-08,9139.3
2015-04-09,9162.68
2015-04-10,9224.38
2015-04-13,9228.16
2015-04-14,9181.19
2015-04-15,9334.2
2015-04-16,9292.2
2015-04-17,9170.17
2015-04-20,9137.76
2015-04-22,9275.74
2015-04-23,9449.26
2015-04-24,9596.44
2015-04-27,9421.32
2015-04-28,9457.46
2015-04-29,9402.39
2015-04-30,9554.97
2015-05-04,9737.7
2015-05-05,9842.57
2015-05-06,9684.77
2015-05-07,9661.32
2015-05-08,9701.99
2015-05-11,9712.93
2015-05-12,9641.83
2015-05-13,9578.98
2015-05-14,9627.66
2015-05-15,9728.21
2015-05-18,9553.24
2015-05-19,9437.54
2015-05-20,9332.96
2015-05-21,9373.94
2015-05-22,9247.73
2015-05-25,9283.85
2015-05-26,9118.53
2015-05-27,9217.27
2015-05-28,9175.5
2015-05-29,8976.63
2015-06-01,9019.49
2015-06-02,9223.49
2015-06-03,9099.95
2015-06-05,9015.98
2015-06-08,8987.59
2015-06-09,8993.35
2015-06-10,9177.07
2015-06-11,9143.74
2015-06-12,9085.53
2015-06-15,9048.62
2015-06-16,9147.93
2015-06-17,9073.06
2015-06-18,9235.35
2015-06-19,9153.76
2015-06-22,9173.25
2015-06-23,9155.39
2015-06-24,9169.43
2015-06-25,9060.39
2015-06-26,9195.78
2015-06-29,9025.04
2015-06-30,9033.74
2015-07-01,8978.46
2015-07-02,9042.74
2015-07-03,8946.23
2015-07-06,8883.88
2015-07-07,8924.5
2015-07-08,8828.3
2015-07-10,8965.76
2015-07-13,9050.56
2015-07-14,9069.2
2015-07-15,9012.19
2015-07-16,9038.3
2015-07-17,8919.88
2015-07-20,8795.8
2015-07-21,8774.69
2015-07-22,8683.88
2015-07-23,8501.55
2015-07-24,8410.53
2015-07-27,8319.41
2015-07-28,8466.52
2015-07-29,8582.83
2015-07-30,8521.52
2015-07-31,8694.11
2015-08-03,8569.9
2015-08-04,8560.47
2015-08-05,8607.88
2015-08-06,8559.62
2015-08-07,8316.0
2015-08-10,8447.24
2015-08-11,8400.33
2015-08-12,8280.07
2015-08-13,8218.62
2015-08-14,8136.23
2015-08-17,8085.89
2015-08-18,8123.46
2015-08-19,7976.1
2015-08-20,7984.75
2015-08-21,7823.33
2015-08-24,7595.44
2015-08-25,7635.91
2015-08-26,7889.81
2015-08-27,8175.41
2015-08-28,8086.1
2015-08-31,8000.03
2015-09-01,7809.5
2015-09-02,7980.32
2015-09-03,8132.7
2015-09-04,7992.36
2015-09-08,8030.66
2015-09-09,8002.47
2015-09-10,7971.44
2015-09-11,7950.42
2015-09-14,8090.49
2015-09-15,8111.07
2015-09-16,8304.57
2015-09-17,8306.3
2015-09-18,8098.98
2015-09-21,7986.13
2015-09-22,7939.54
2015-09-23,7783.47
2015-09-24,7774.44
2015-09-25,7699.92
2015-09-28,7558.82
2015-09-29,7586.23
2015-09-30,7740.54
2015-10-01,7793.12
2015-10-02,8077.07
2015-10-05,8172.59
2015-10-06,8182.12
2015-10-07,8366.74
2015-10-08,8386.4
2015-10-09,8430.37
2015-10-13,8085.05
2015-10-14,7969.64
2015-10-15,8054.77
2015-10-16,8079.05
2015-10-19,8111.14
2015-10-20,8052.12
2015-10-21,8055.3
2015-10-22,8177.06
2015-10-23,8148.81
2015-10-26,8086.13
2015-10-27,8059.67
2015-10-28,8006.44
2015-10-29,7808.44
2015-10-30,7822.09
2015-11-03,8166.96
2015-11-04,8096.96
2015-11-05,8153.26
2015-11-06,7960.11
2015-11-09,7841.52
2015-11-10,7834.74
2015-11-11,7981.53
2015-11-12,7948.92
2015-11-13,7895.27
2015-11-16,7950.6
2015-11-17,8020.69
2015-11-18,8047.98
2015-11-19,8163.72
2015-11-23,8159.71
2015-11-24,8181.13
2015-11-25,7954.65
2015-11-26,8003.86
2015-11-27,7792.48
2015-11-30,7667.3
2015-12-01,7665.11
2015-12-02,7635.65
2015-12-03,7882.67
2015-12-04,7716.97
2015-12-07,7694.45
2015-12-08,7561.88
2015-12-09,7833.46
2015-12-10,7754.07
2015-12-11,7688.92
2015-12-14,7601.33
2015-12-15,7614.55
2015-12-16,7644.49
2015-12-17,7681.36
2015-12-18,7464.7
2015-12-21,7357.61
2015-12-22,7405.15
2015-12-23,7492.38
2015-12-28,7449.82
2015-12-29,7426.26
2015-12-30,7357.53
2016-01-04,7153.22
2016-01-05,7208.58
2016-01-06,7099.94
2016-01-07,6918.55
2016-01-08,6912.33
2016-01-11,6792.93
2016-01-12,6721.43
2016-01-13,6624.12
2016-01-14,6724.36
2016-01-15,6566.59
2016-01-18,6448.85
2016-01-19,6478.84
2016-01-20,6410.53
2016-01-21,6422.25
2016-01-22,6480.99
2016-01-26,6386.62
2016-01-27,6542.98
2016-01-28,6579.34
2016-01-29,6881.87
2016-02-01,6904.71
2016-02-02,6575.32
2016-02-03,6743.98
2016-02-04,6947.02
2016-02-05,6901.61
2016-02-10,6863.26
2016-02-11,6688.6
2016-02-12,6776.92
2016-02-15,6821.89
2016-02-16,6961.86
2016-02-17,7077.01
2016-02-18,7061.87
2016-02-19,7069.45
2016-02-22,7349.92
2016-02-23,7232.21
2016-02-24,7165.7
2016-02-25,7125.12
2016-02-26,7070.91
2016-02-29,7270.18
2016-03-01,7494.06
2016-03-02,7617.5
2016-03-03,7982.38
2016-03-04,8301.73
2016-03-07,8332.47
2016-03-08,8301.17
2016-03-09,8225.95
2016-03-10,8373.84
2016-03-11,8380.79
2016-03-14,8254.41
2016-03-15,7981.43
2016-03-16,8078.84
2016-03-17,8599.75
2016-03-18,8581.39
2016-03-21,8640.43
2016-03-22,8617.05
2016-03-23,8404.87
2016-03-24,8399.93
2016-03-28,8595.19
2016-03-29,8649.95
2016-03-30,8661.52
2016-03-31,8463.9
2016-04-01,8541.88
2016-04-04,8248.76
2016-04-05,8298.86
2016-04-06,8144.14
2016-04-07,8214.95
2016-04-08,8502.73
2016-04-11,8472.62
2016-04-12,8771.41
2016-04-13,8958.27
2016-04-14,8839.17
2016-04-15,8980.46
2016-04-18,8926.13
2016-04-19,9054.91
2016-04-20,9040.51
2016-04-22,8925.22
2016-04-25,8746.81
2016-04-26,8947.55
2016-04-27,9175.09
2016-04-28,9146.59
2016-04-29,9076.49
2016-05-02,9015.77
2016-05-03,8798.08
2016-05-04,8844.9
2016-05-05,8695.27
2016-05-06,8699.36
2016-05-09,8578.71
2016-05-10,8926.91
2016-05-11,8874.09
2016-05-12,8953.01
2016-05-13,8708.9
2016-05-16,8714.38
2016-05-17,8557.29
2016-05-18,8510.06
2016-05-19,8439.04
2016-05-20,8370.22
2016-05-23,8304.84
2016-05-24,8307.81
2016-05-25,8329.79
2016-05-27,8259.19
2016-05-30,8244.67
2016-05-31,8152.73
2016-06-01,8244.73
2016-06-02,8389.84
2016-06-03,8511.94
2016-06-06,8480.41
2016-06-07,8490.18
2016-06-08,8676.65
2016-06-09,8589.95
2016-06-10,8306.1
2016-06-13,8352.5
2016-06-14,8184.43
2016-06-15,8230.7
2016-06-16,8313.52
2016-06-17,8334.76
2016-06-20,8464.97
2016-06-21,8547.06
2016-06-22,8431.18
2016-06-23,8665.77
2016-06-24,8426.67
2016-06-27,8281.69
2016-06-28,8406.42
2016-06-29,8573.14
2016-06-30,8663.13
2016-07-01,8781.9
2016-07-04,8829.95
2016-07-05,8712.84
2016-07-06,8722.35
2016-07-07,8740.74
2016-07-08,8928.57
2016-07-11,9062.46
2016-07-12,9116.52
2016-07-13,9171.23
2016-07-14,9320.31
2016-07-15,9331.69
2016-07-18,9482.32
2016-07-19,9515.84
2016-07-20,9497.8
2016-07-21,9506.65
2016-07-22,9562.99
2016-07-25,9541.8
2016-07-26,9525.07
2016-07-27,9541.72
2016-07-28,9510.42
2016-07-29,9612.2
2016-08-01,9517.96
2016-08-02,9419.79
2016-08-03,9566.52
2016-08-04,9651.48
2016-08-05,9664.3
2016-08-08,9667.54
2016-08-09,9673.49
2016-08-10,9542.82
2016-08-11,9772.53
2016-08-12,9778.25
2016-08-15,9922.42
2016-08-16,9876.91
2016-08-17,9953.21
2016-08-18,9924.31
2016-08-19,9906.58
2016-08-22,9685.78
2016-08-23,9725.66
2016-08-24,9670.79
2016-08-25,9671.21
2016-08-26,9671.91
2016-08-29,9819.33
2016-08-30,9815.42
2016-08-31,9701.94
2016-09-01,9756.07
2016-09-02,9985.79
2016-09-05,9976.44
2016-09-06,10070.91
2016-09-08,10092.33
2016-09-09,9720.57
2016-09-12,9818.63
2016-09-13,9524.24
2016-09-14,9563.58
2016-09-15,9706.67
2016-09-16,9565.38
2016-09-19,9611.9
2016-09-20,9676.98
2016-09-21,9786.37
2016-09-22,9887.43
2016-09-23,9839.97
2016-09-26,9731.89
2016-09-27,9787.2
2016-09-28,9948.64
2016-09-29,9780.04
2016-09-30,9784.38
2016-10-03,9966.32
2016-10-04,9947.13
2016-10-05,10099.05
2016-10-06,10167.17
2016-10-07,10242.16
2016-10-10,10336.71
2016-10-11,10225.69
2016-10-13,10238.02
2016-10-14,10346.39
2016-10-17,10506.09
2016-10-18,10682.49
2016-10-19,10635.46
2016-10-20,10690.14
2016-10-21,10738.16
2016-10-24,10730.64
2016-10-25,10694.0
2016-10-26,10687.15
2016-10-27,10759.9
2016-10-28,10767.03
2016-10-31,10870.21
2016-11-01,10602.48
2016-11-03,10335.98
2016-11-04,10308.42
2016-11-07,10714.67
2016-11-08,10732.7
2016-11-09,10580.52
2016-11-10,10241.09
2016-11-11,9905.37
2016-11-14,9983.73
2016-11-16,10168.17
2016-11-17,10005.27
2016-11-18,10034.48
2016-11-21,10214.83
2016-11-22,10362.4
2016-11-23,10369.54
2016-11-24,10272.58
2016-11-25,10297.31
2016-11-28,10514.28
2016-11-29,10205.74
2016-11-30,10356.98
2016-12-01,9963.29
2016-12-02,10095.6
2016-12-05,10015.36
2016-12-06,10220.04
2016-12-07,10269.01
2016-12-08,10142.68
2016-12-09,10116.01
2016-12-12,9896.32
2016-12-13,9916.76
2016-12-14,9737.42
2016-12-15,9766.66
2016-12-16,9764.26
2016-12-19,9549.59
2016-12-20,9627.15
2016-12-21,9635.47
2016-12-22,9571.3
2016-12-23,9685.18
2016-12-26,9799.52
2016-12-27,9812.28
2016-12-28,9991.52
2016-12-29,10066.38
2017-01-02,9959.47
2017-01-03,10329.42
2017-01-04,10286.12
2017-01-05,10368.73
2017-01-06,10303.37
2017-01-09,10307.08
2017-01-10,10379.22
2017-01-11,10429.97
2017-01-12,10672.7
2017-01-13,10617.55
2017-01-16,10644.15
2017-01-17,10729.54
2017-01-18,10698.4
2017-01-19,10671.14
2017-01-20,10763.42
2017-01-23,10962.96
2017-01-24,10979.03
2017-01-26,11038.38
2017-01-27,11013.47
2017-01-30,10726.66
2017-01-31,10783.82
2017-02-01,10806.11
2017-02-02,10758.73
2017-02-03,10821.29
2017-02-06,10658.69
2017-02-07,10692.5
2017-02-08,10797.33
2017-02-09,10816.96
2017-02-10,10999.38
2017-02-13,11133.84
2017-02-14,11098.37
2017-02-15,11308.29
2017-02-16,11283.31
2017-02-17,11272.53
2017-02-20,11397.36
2017-02-21,11488.43
2017-02-22,11416.15
2017-02-23,11227.47
2017-02-24,11089.74
2017-03-01,11138.38
2017-03-02,10954.65
2017-03-03,11108.92
2017-03-06,11035.11
2017-03-07,10935.22
2017-03-08,10769.26
2017-03-09,10751.9
2017-03-10,10771.96
2017-03-13,10912.95
2017-03-14,10774.58
2017-03-15,11030.57
2017-03-16,10955.87
2017-03-17,10695.28
2017-03-20,10808.46
2017-03-21,10493.11
2017-03-22,10584.13
2017-03-23,10586.32
2017-03-24,10641.7
2017-03-27,10721.46
2017-03-28,10789.73
2017-03-29,10944.62
2017-03-30,10897.6
2017-03-31,10849.13
2017-04-03,10890.59
2017-04-04,10982.88
2017-04-05,10822.7
2017-04-06,10734.82
2017-04-07,10799.53
2017-04-10,10812.93
2017-04-11,10760.6
2017-04-12,10684.02
2017-04-13,10504.32
2017-04-17,10759.18
2017-04-18,10724.88
2017-04-19,10596.81
2017-04-20,10648.7
2017-04-24,10757.45
2017-04-25,10877.91
2017-04-26,10829.07
2017-04-27,10800.32
2017-04-28,10914.23
2017-05-02,11132.2
2017-05-03,11031.46
2017-05-04,10830.88
2017-05-05,10974.74
2017-05-08,10947.02
2017-05-09,11067.68
2017-05-10,11244.67
2017-05-11,11276.61
2017-05-12,11390.71
2017-05-15,11435.46
2017-05-16,11472.61
2017-05-17,11284.68
2017-05-18,10296.71
2017-05-19,10471.13
2017-05-22,10313.85
2017-05-23,10479.81
2017-05-24,10572.27
2017-05-25,10569.21
2017-05-26,10711.84
2017-05-29,10657.23
2017-05-30,10690.45
2017-05-31,10478.65
2017-06-01,10412.11
2017-06-02,10449.59
2017-06-05,10438.97
2017-06-06,10523.42
2017-06-07,10562.47
2017-06-08,10496.99
2017-06-09,10408.86
2017-06-12,10321.03
2017-06-13,10344.33
2017-06-14,10362.18
2017-06-16,10304.44
2017-06-19,10372.07
2017-06-20,10163.41
2017-06-21,10163.32
2017-06-22,10247.61
2017-06-23,10216.06
2017-06-26,10403.79
2017-06-27,10321.24
2017-06-28,10375.34
2017-06-29,10416.73
2017-06-30,10530.14
2017-07-03,10593.79
2017-07-04,10586.65
2017-07-05,10568.97
2017-07-06,10447.16
2017-07-07,10421.17
2017-07-10,10538.92
2017-07-11,10679.24
2017-07-12,10850.29
2017-07-13,10909.51
2017-07-14,10958.07
2017-07-17,10918.52
2017-07-18,10936.08
2017-07-19,10910.3
2017-07-20,10868.97
2017-07-21,10823.77
2017-07-24,10891.43
2017-07-25,10990.91
2017-07-26,10877.16
2017-07-27,10919.65
2017-07-28,10957.06
2017-07-31,11031.1
2017-08-01,11133.15
2017-08-02,11229.38
2017-08-03,11165.91
2017-08-04,11183.74
2017-08-07,11356.86
2017-08-08,11352.89
2017-08-09,11314.63
2017-08-10,11200.89
2017-08-11,11261.56
2017-08-14,11413.36
2017-08-15,11424.45
2017-08-16,11465.16
2017-08-17,11361.16
2017-08-18,11485.78
2017-08-21,11471.41
2017-08-22,11691.15
2017-08-23,11776.39
2017-08-24,11884.29
2017-08-25,11878.04
2017-08-28,11867.53
2017-08-29,11919.36
2017-08-30,11840.68
2017-08-31,11834.09
2017-09-01,12018.78
2017-09-04,12051.41
2017-09-05,12048.97
2017-09-06,12267.4
2017-09-08,12206.59
2017-09-11,12412.5
2017-09-12,12452.1
2017-09-13,12497.95
2017-09-14,12476.66
2017-09-15,12665.01
2017-09-18,12701.0
2017-09-19,12699.68
2017-09-20,12702.89
2017-09-21,12637.11
2017-09-22,12603.79
2017-09-25,12446.21
2017-09-26,12421.61
2017-09-27,12337.57
2017-09-28,12297.55
2017-09-29,12420.22
2017-10-02,12429.52
2017-10-03,12838.39
2017-10-04,12808.82
2017-10-05,12809.79
2017-10-06,12717.34
2017-10-09,12661.01
2017-10-10,12858.06
2017-10-11,12817.5
2017-10-13,12873.27
2017-10-16,12857.56
2017-10-17,12743.5
2017-10-18,12804.86
2017-10-19,12754.65
2017-10-20,12766.17
2017-10-23,12603.02
2017-10-24,12761.61
2017-10-25,12813.1
2017-10-26,12684.86
2017-10-27,12694.89
2017-10-30,12502.68
2017-10-31,12418.74
2017-11-01,12338.1
2017-11-03,12359.18
2017-11-06,12424.61
2017-11-07,12102.76
2017-11-08,12423.9
2017-11-09,12179.9
2017-11-10,12049.7
2017-11-13,12102.51
2017-11-14,11826.51
2017-11-16,12107.6
2017-11-17,12266.89
2017-11-21,12461.43
2017-11-22,12444.81
2017-11-23,12432.88
2017-11-24,12375.46
2017-11-27,12364.72
2017-11-28,12377.47
2017-11-29,12144.67
2017-11-30,12020.2
2017-12-01,12070.26
2017-12-04,12207.17
2017-12-05,12117.51
2017-12-06,12238.39
2017-12-07,12109.9
2017-12-08,12150.68
2017-12-11,12164.55
2017-12-12,12337.71
2017-12-13,12183.4
2017-12-14,12103.7
2017-12-15,12130.46
2017-12-18,12214.09
2017-12-19,12145.89
2017-12-20,12261.91
2017-12-21,12559.66
2017-12-22,12566.11
2017-12-26,12653.12
2017-12-27,12714.38
2017-12-28,12765.46
2018-01-02,13022.09
2018-01-03,13048.15
2018-01-04,13167.37
2018-01-05,13239.31
2018-01-08,13294.42
2018-01-09,13208.28
2018-01-10,13098.04
2018-01-11,13298.43
2018-01-12,13295.49
2018-01-15,13357.16
2018-01-16,13378.09
2018-01-17,13615.8
2018-01-18,13582.62
2018-01-19,13621.85
2018-01-22,13704.0
2018-01-23,13547.9
2018-01-24,14051.03
2018-01-26,14360.17
2018-01-29,14217.68
2018-01-30,14184.36
2018-01-31,14260.57
2018-02-01,14359.5
2018-02-02,14114.9
2018-02-05,13747.32
2018-02-06,14086.93
2018-02-07,13889.8
2018-02-08,13679.64
2018-02-09,13577.78
2018-02-14,14020.3
2018-02-15,14150.99
2018-02-16,14193.3
2018-02-19,14242.72
2018-02-20,14413.98
2018-02-21,14453.3
2018-02-22,14562.85
2018-02-23,14650.79
2018-02-26,14710.79
2018-02-27,14592.45
2018-02-28,14321.89
2018-03-01,14326.67
2018-03-02,14388.05
2018-03-05,14432.93
2018-03-06,14377.94
2018-03-07,14344.69
2018-03-08,14260.03
2018-03-09,14494.97
2018-03-12,14582.28
2018-03-13,14496.95
2018-03-14,14447.21
2018-03-15,14248.73
2018-03-16,14238.95
2018-03-19,14073.83
2018-03-20,14117.33
2018-03-21,14260.29
2018-03-22,14221.79
2018-03-23,14160.04
2018-03-26,14273.74
2018-03-27,14056.82
2018-03-28,14077.21
2018-03-29,14329.95
2018-04-02,14216.5
2018-04-03,14204.25
2018-04-04,14163.4
2018-04-05,14301.12
2018-04-06,14239.51
2018-04-09,13979.18
2018-04-10,14172.51
2018-04-11,14299.25
2018-04-12,14321.5
2018-04-13,14131.57
2018-04-16,13878.78
2018-04-17,14083.47
2018-04-18,14378.63
2018-04-19,14381.88
2018-04-20,14331.05
2018-04-23,14343.83
2018-04-24,14318.89
2018-04-25,14250.71
2018-04-26,14467.45
2018-04-27,14475.36
2018-04-30,14420.63
2018-05-02,14152.64
2018-05-03,13937.66
2018-05-04,13905.08
2018-05-07,13851.75
2018-05-08,13898.01
2018-05-09,14140.07
2018-05-10,14405.58
2018-05-11,14299.33
2018-05-14,14327.45
2018-05-15,14315.87
2018-05-16,14550.31
2018-05-17,14056.13
2018-05-18,13964.08
2018-05-21,13742.45
2018-05-22,13880.49
2018-05-23,13563.62
2018-05-24,13410.77
2018-05-25,13200.32
2018-05-28,12600.67
2018-05-29,12737.96
2018-05-30,12851.91
2018-06-01,12905.64
2018-06-04,13137.54
2018-06-05,12820.9
2018-06-06,12744.96
2018-06-07,12367.41
2018-06-08,12192.38
2018-06-11,12089.89
2018-06-12,12171.59
2018-06-13,12059.6
2018-06-14,11948.55
2018-06-15,11831.97
2018-06-18,11673.57
2018-06-19,11937.49
2018-06-20,12063.01
2018-06-21,11714.59
2018-06-22,11807.17
2018-06-25,11860.09
2018-06-26,11936.22
2018-06-27,11811.62
2018-06-28,12002.89
2018-06-29,12170.73
2018-07-02,12193.04
2018-07-03,12324.79
2018-07-04,12501.35
2018-07-05,12472.55
2018-07-06,12551.51
2018-07-10,12524.82
2018-07-11,12446.69
2018-07-12,12695.55
2018-07-13,12817.41
2018-07-16,12819.36
2018-07-17,13067.62
2018-07-18,12931.35
2018-07-19,12952.64
2018-07-20,13131.99
2018-07-23,13036.5
2018-07-24,13230.78
2018-07-25,13407.46
2018-07-26,13282.06
2018-07-27,13369.04
2018-07-30,13438.85
2018-07-31,13255.74
2018-08-01,13265.43
2018-08-02,13328.56
2018-08-03,13631.89
2018-08-06,13568.56
2018-08-07,13456.63
2018-08-08,13254.28
2018-08-09,13194.55
2018-08-10,12821.96
2018-08-13,12984.07
2018-08-14,13165.18
2018-08-15,12899.63
2018-08-16,12850.99
2018-08-17,12726.14
2018-08-20,12776.57
2018-08-21,12595.63
2018-08-22,12886.44
2018-08-23,12677.7
2018-08-24,12789.93
2018-08-27,13068.17
2018-08-28,12988.84
2018-08-29,13144.84
2018-08-30,12807.05
2018-08-31,12848.01
2018-09-03,12768.77
2018-09-04,12517.0
2018-09-05,12584.31
2018-09-06,12806.6
2018-09-10,12813.65
2018-09-11,12515.6
2018-09-12,12596.07
2018-09-13,12527.49
2018-09-14,12659.94
2018-09-17,12885.62
2018-09-18,13146.19
2018-09-19,13131.69
2018-09-20,13122.23
2018-09-21,13340.98
2018-09-24,13095.71
2018-09-25,13211.77
2018-09-26,13214.7
2018-09-27,13438.85
2018-09-28,13326.62
2018-10-01,13210.33
2018-10-02,13706.05
2018-10-03,13978.76
2018-10-04,13919.7
2018-10-05,13803.47
2018-10-08,14420.34
2018-10-09,14414.71
2018-10-10,14014.89
2018-10-11,13887.87
2018-10-15,13970.46
2018-10-16,14360.51
2018-10-17,14365.12
2018-10-18,14034.83
2018-10-19,14091.16
2018-10-22,14322.45
2018-10-23,14269.16
2018-10-24,13890.53
2018-10-25,14060.3
2018-10-26,14332.51
2018-10-29,14004.29
2018-10-30,14525.58
2018-10-31,14620.02
2018-11-01,14791.4
2018-11-05,14990.37
2018-11-06,14830.65
2018-11-07,14669.93
2018-11-08,14315.19
2018-11-09,14309.17
2018-11-12,14288.01
2018-11-13,14180.39
2018-11-14,14359.3
2018-11-16,14787.59
2018-11-19,14683.41
2018-11-21,14571.33
2018-11-22,14602.38
2018-11-23,14386.38
2018-11-26,14271.68
2018-11-27,14661.45
2018-11-28,14891.68
2018-11-29,14969.51
2018-11-30,14934.85
2018-12-03,14987.12
2018-12-04,14786.27
2018-12-05,14847.58
2018-12-06,14813.53
2018-12-07,14688.23
2018-12-10,14312.55
2018-12-11,14386.1
2018-12-12,14475.15
2018-12-13,14618.73
2018-12-14,14551.52
2018-12-17,14377.55
2018-12-18,14410.59
2018-12-19,14255.8
2018-12-20,14179.67
2018-12-21,14259.09
2018-12-26,14159.74
2018-12-27,14210.77
2018-12-28,14619.96
2019-01-02,15137.54
2019-01-03,15213.56
2019-01-04,15260.77
2019-01-07,15243.11
2019-01-08,15304.35
2019-01-09,15572.82
2019-01-10,15599.31
2019-01-11,15564.95
2019-01-14,15688.59
2019-01-15,15613.55
2019-01-16,15678.14
2019-01-17,15836.56
2019-01-18,15965.25
2019-01-21,15943.41
2019-01-22,15792.01
2019-01-23,16025.36
2019-01-24,16206.4
2019-01-28,15816.6
2019-01-29,15836.66
2019-01-30,16067.85
2019-01-31,16145.97
2019-02-01,16217.72
2019-02-04,16346.19
2019-02-05,16293.86
2019-02-06,15677.16
2019-02-07,15647.72
2019-02-08,15800.1
2019-02-11,15653.65
2019-02-12,15963.06
2019-02-13,15902.35
2019-02-14,16269.77
2019-02-15,16188.08
2019-02-18,16011.84
2019-02-19,16208.22
2019-02-20,16027.98
2019-02-21,16098.95
2019-02-22,16261.26
2019-02-25,16149.08
2019-02-26,16219.8
2019-02-27,16161.06
2019-02-28,15873.61
2019-03-01,15703.3
2019-03-06,15648.36
2019-03-07,15677.64
2019-03-08,15840.33
2019-03-11,16299.75
2019-03-12,16257.7
2019-03-13,16438.28
2019-03-14,16383.1
2019-03-15,16475.16
2019-03-18,16618.14
2019-03-19,16544.9
2019-03-20,16281.6
2019-03-21,16062.88
2019-03-22,15563.09
2019-03-25,15548.04
2019-03-26,15819.27
2019-03-27,15254.85
2019-03-28,15670.46
2019-03-29,15845.04
2019-04-01,15952.69
2019-04-02,15840.89
2019-04-03,15684.54
2019-04-04,15987.22
2019-04-05,16120.96
2019-04-08,16168.74
2019-04-09,15996.12
2019-04-10,15934.82
2019-04-11,15734.0
2019-04-12,15419.8
2019-04-15,15443.24
2019-04-16,15654.83
2019-04-17,15476.94
2019-04-18,15686.5
2019-04-22,15679.4
2019-04-23,15902.14
2019-04-24,15756.53
2019-04-25,16002.46
2019-04-26,15942.01
2019-04-29,15926.13
2019-04-30,15951.72
2019-05-02,15822.05
2019-05-03,15905.95
2019-05-06,15735.28
2019-05-07,15621.53
2019-05-08,15821.4
2019-05-09,15675.32
2019-05-10,15580.44
2019-05-13,15161.1
2019-05-14,15224.6
2019-05-15,15147.17
2019-05-16,14879.64
2019-05-17,14885.86
2019-05-20,15195.6
2019-05-21,15620.29
2019-05-22,15600.03
2019-05-23,15525.07
2019-05-24,15485.35
2019-05-27,15692.3
2019-05-28,15942.28
2019-05-29,15973.13
2019-05-30,16110.12
2019-05-31,16025.54
2019-06-03,16025.51
2019-06-04,16087.55
2019-06-05,15850.64
2019-06-06,16056.9
2019-06-07,16153.44
2019-06-10,16091.65
2019-06-11,16355.68
2019-06-12,16251.01
2019-06-13,16315.82
2019-06-14,16191.63
2019-06-17,16113.7
2019-06-18,16418.78
2019-06-19,16574.21
2019-06-21,16870.61
2019-06-24,16876.09
2019-06-25,16555.32
2019-06-26,16656.81
2019-06-27,16654.88
2019-06-28,16685.01
2019-07-01,16763.18
2019-07-02,16633.83
2019-07-03,16874.39
2019-07-04,17138.06
2019-07-05,17204.91
2019-07-08,17272.74
2019-07-10,17466.41
2019-07-11,17354.7
2019-07-12,17150.09
2019-07-15,17143.17
2019-07-16,17141.0
2019-07-17,17156.47
2019-07-18,17307.76
2019-07-19,17097.39
2019-07-22,17181.85
2019-07-23,17138.86
2019-07-24,17212.45
2019-07-25,16945.41
2019-07-26,16955.97
2019-07-29,17057.2
2019-07-30,16950.66
2019-07-31,16755.28
2019-08-01,16794.88
2019-08-02,16893.4
2019-08-05,16458.72
2019-08-06,16785.89
2019-08-07,16895.61
2019-08-08,17124.04
2019-08-09,17060.93
2019-08-12,16715.69
2019-08-13,16955.33
2019-08-14,16447.87
2019-08-15,16257.19
2019-08-16,16364.65
2019-08-19,16315.21
2019-08-20,16275.97
2019-08-21,16591.82
2019-08-22,16390.72
2019-08-23,15999.55
2019-08-26,15809.21
2019-08-27,15952.65
2019-08-28,16111.77
2019-08-29,16485.61
2019-08-30,16582.46
2019-09-02,16481.39
2019-09-03,16321.74
2019-09-04,16596.58
2019-09-05,16790.79
2019-09-06,16937.27
2019-09-09,17012.1
2019-09-10,16968.83
2019-09-11,17007.69
2019-09-12,17164.86
2019-09-13,17021.39
2019-09-16,17047.54
2019-09-17,17201.11
2019-09-18,17183.16
2019-09-19,17133.2
2019-09-20,17212.28
2019-09-23,17189.75
2019-09-24,17060.54
2019-09-25,17171.07
2019-09-26,17317.86
2019-09-27,17268.89
2019-09-30,17194.95
2019-10-01,17078.12
2019-10-02,16560.4
2019-10-03,16635.77
2019-10-04,16798.41
2019-10-07,16468.75
2019-10-08,16368.94
2019-10-09,16587.55
2019-10-10,16686.68
2019-10-11,17018.53
2019-10-14,17093.63
2019-10-15,17133.5
2019-10-16,17275.14
2019-10-17,17205.97
2019-10-18,17146.81
2019-10-21,17365.06
2019-10-22,17618.8
2019-10-23,17660.58
2019-10-24,17544.08
2019-10-25,17616.07
2019-10-28,17761.41
2019-10-29,17642.67
2019-10-30,17784.08
2019-10-31,17570.5
2019-11-01,17720.58
2019-11-04,17821.33
2019-11-05,17816.48
2019-11-06,17748.17
2019-11-07,17958.37
2019-11-08,17632.79
2019-11-11,17759.91
2019-11-12,17500.13
2019-11-13,17374.85
2019-11-14,17444.36
2019-11-18,17400.05
2019-11-19,17322.35
2019-11-21,17587.15
2019-11-22,17787.4
2019-11-25,17738.12
2019-11-26,17512.09
2019-11-27,17633.95
2019-11-28,17729.31
2019-11-29,17719.08
2019-12-02,17840.88
2019-12-03,17837.81
2019-12-04,18078.37
2019-12-05,18135.95
2019-12-06,18205.12
2019-12-09,18181.54
2019-12-10,18129.73
2019-12-11,18181.4
2019-12-12,18386.83
2019-12-13,18426.65
2019-12-16,18309.41
2019-12-17,18433.63
2019-12-18,18707.96
2019-12-19,18840.04
2019-12-20,18834.07
2019-12-23,18961.28
2019-12-26,19171.35
2019-12-27,19046.11
2019-12-30,18882.0
2020-01-02,19361.83
2020-01-03,19197.54
2020-01-06,19068.59
2020-01-07,19034.38
2020-01-08,18972.15
2020-01-09,18905.37
2020-01-10,18820.07
2020-01-13,19123.95
2020-01-14,19148.74
2020-01-15,18954.84
2020-01-16,18996.43
2020-01-17,19303.49
2020-01-20,19357.61
2020-01-21,19048.42
2020-01-22,19273.5
2020-01-23,19475.81
2020-01-24,19286.74
2020-01-27,18640.1
2020-01-28,18969.17
2020-01-29,18792.43
2020-01-30,18831.96
2020-01-31,18526.92
2020-02-03,18641.66
2020-02-04,18788.91
2020-02-05,18873.47
2020-02-06,18746.97
2020-02-07,18523.73
2020-02-10,18339.7
2020-02-11,18793.51
2020-02-12,18993.88
2020-02-13,18824.08
2020-02-14,18621.0
2020-02-17,18761.83
2020-02-18,18718.85
2020-02-19,18977.57
2020-02-20,18656.52
2020-02-21,18485.33
2020-02-26,17164.42
2020-02-27,16728.21
2020-02-28,16922.44
2020-03-02,17302.67
2020-03-03,17105.46
2020-03-04,17367.96
2020-03-05,16551.64
2020-03-06,15824.46
2020-03-09,13834.66
2020-03-10,14868.56
2020-03-11,13694.3
2020-03-12,11640.95
2020-03-13,13351.68
2020-03-16,11475.39
2020-03-17,12020.74
2020-03-18,10763.81
2020-03-19,10973.72
2020-03-20,10762.62
2020-03-23,10190.79
2020-03-24,11241.94
2020-03-25,12101.48
2020-03-26,12530.39
2020-03-27,11845.5
2020-03-30,12029.69
2020-03-31,11782.95
2020-04-01,11460.84
2020-04-02,11670.09
2020-04-03,11230.13
2020-04-06,11968.91
2020-04-07,12358.15
2020-04-08,12729.46
2020-04-09,12567.5
2020-04-13,12753.51
2020-04-14,12916.22
2020-04-15,12739.63
2020-04-16,12551.24
2020-04-17,12755.39
2020-04-20,12729.2
2020-04-22,12997.88
2020-04-23,12849.46
2020-04-24,12131.48
2020-04-27,12618.84
2020-04-28,13143.1
2020-04-29,13463.52
2020-04-30,13018.29
2020-05-04,12732.82
2020-05-05,12832.36
2020-05-06,12774.7
2020-05-07,12638.02
2020-05-08,12989.02
2020-05-11,12796.91
2020-05-12,12595.12
2020-05-13,12588.62
2020-05-14,12791.67
2020-05-15,12549.66
2020-05-18,13166.59
2020-05-19,13110.17
2020-05-20,13207.44
2020-05-21,13480.69
2020-05-22,13342.51
2020-05-25,13930.23
2020-05-26,13890.29
2020-05-27,14299.74
2020-05-28,14137.14
2020-05-29,14203.13
2020-06-01,14411.54
2020-06-02,14812.36
2020-06-03,15151.92
2020-06-04,15297.1
2020-06-05,15442.54
2020-06-08,15953.24
2020-06-09,15791.52
2020-06-10,15439.87
2020-06-12,15119.83
2020-06-15,15060.48
2020-06-16,15257.32
2020-06-17,15583.07
2020-06-18,15689.66
2020-06-19,15754.82
2020-06-22,15550.9
2020-06-23,15679.33
2020-06-24,15412.26
2020-06-25,15681.8
2020-06-26,15329.53
2020-06-29,15658.36
2020-06-30,15528.84
2020-07-01,15707.11
2020-07-02,15721.38
2020-07-03,15796.12
2020-07-06,16176.15
2020-07-07,15983.92
2020-07-08,16334.96
2020-07-09,16230.58
2020-07-10,16397.59
2020-07-13,16169.9
2020-07-14,16483.33
2020-07-15,16693.93
2020-07-16,16471.99
2020-07-17,16853.06
2020-07-20,17093.13
2020-07-21,17086.22
2020-07-22,17097.0
2020-07-23,16767.63
2020-07-24,16784.55
2020-07-27,17134.15
2020-07-28,17054.56
2020-07-29,17315.34
2020-07-30,17182.27
2020-07-31,16793.81
2020-08-03,16809.04
2020-08-04,16531.57
2020-08-05,16808.1
2020-08-06,17016.31
2020-08-07,16780.1
2020-08-10,16902.13
2020-08-11,16684.61
2020-08-12,16701.96
2020-08-13,16425.79
2020-08-14,16566.58
2020-08-17,16283.6
2020-08-18,16697.03
2020-08-19,16505.34
2020-08-20,16609.31
2020-08-21,16606.72
2020-08-24,16728.24
2020-08-25,16692.21
2020-08-26,16444.59
2020-08-27,16448.44
2020-08-28,16689.27
2020-08-31,16220.21
2020-09-01,16691.31
2020-09-02,16636.63
2020-09-03,16440.99
2020-09-04,16526.43
2020-09-08,16309.93
2020-09-09,16518.61
2020-09-10,16096.59
2020-09-11,16044.84
2020-09-14,16369.95
2020-09-15,16370.57
2020-09-16,16257.95
2020-09-17,16334.64
2020-09-18,16045.19
2020-09-21,15824.93
2020-09-22,15880.4
2020-09-23,15653.69
2020-09-24,15861.41
2020-09-25,15866.54
2020-09-28,15486.05
2020-09-29,15299.12
2020-09-30,15471.32
2020-10-01,15615.96
2020-10-02,15368.68
2020-10-05,15734.2
2020-10-06,15636.71
2020-10-07,15631.8
2020-10-08,16035.78
2020-10-09,15971.91
2020-10-13,16153.17
2020-10-14,16290.2
2020-10-15,16238.12
2020-10-16,16112.13
2020-10-19,16178.07
2020-10-20,16499.14
2020-10-21,16480.75
2020-10-22,16706.4
2020-10-23,16591.94
2020-10-26,16544.81
2020-10-27,16306.78
2020-10-28,15611.98
2020-10-29,15831.42
2020-10-30,15388.1
2020-11-03,15747.84
2020-11-04,16070.22
2020-11-05,16532.06
2020-11-06,16539.75
2020-11-09,16953.05
2020-11-10,17216.24
2020-11-11,17202.85
2020-11-12,16816.06
2020-11-13,17162.23
2020-11-16,17438.85
2020-11-17,17557.74
2020-11-18,17369.96
2020-11-19,17458.51
2020-11-20,17362.99
2020-11-23,17610.77
2020-11-24,18033.67
2020-11-25,18096.26
2020-11-26,18104.39
2020-11-27,18160.21
2020-11-30,17881.9
2020-12-01,18313.15
2020-12-02,18411.34
2020-12-03,18460.58
2020-12-04,18714.78
2020-12-07,18689.86
2020-12-08,18717.44
2020-12-09,18571.0
2020-12-10,18936.77
2020-12-11,18912.42
2020-12-14,18829.46
2020-12-15,19086.02
2020-12-16,19376.3
2020-12-17,19461.07
2020-12-18,19410.71
2020-12-21,19045.1
2020-12-22,19186.85
2020-12-23,19372.3
2020-12-28,19584.11
2020-12-29,19629.89
2020-12-30,19566.37
2021-01-04,19651.95
2021-01-05,19793.89
2021-01-06,19833.64
2021-01-07,20527.3
2021-01-08,20884.9
2021-01-11,20610.49
2021-01-12,20641.66
2021-01-13,20224.74
2021-01-14,20475.34
2021-01-15,19896.85
2021-01-18,20067.01
2021-01-19,19975.51
2021-01-20,19797.85
2021-01-21,19626.74
2021-01-22,19486.75
2021-01-26,19321.28
2021-01-27,19168.3
2021-01-28,19667.29
2021-01-29,19021.64
2021-02-01,19438.92
2021-02-02,19444.84
2021-02-03,19726.24
2021-02-04,19621.23
2021-02-05,19863.83
2021-02-08,19787.49
2021-02-09,19762.59
2021-02-10,19619.45
2021-02-11,19691.85
2021-02-12,19735.46
2021-02-17,19959.14
2021-02-18,19814.78
2021-02-19,19668.45
2021-02-22,18695.38
2021-02-23,19145.73
2021-02-24,19237.58
2021-02-25,18663.78
2021-02-26,18298.13
2021-03-01,18439.71
2021-03-02,18695.66
2021-03-03,18612.82
2021-03-04,18799.94
2021-03-05,19304.4
2021-03-08,18601.57
2021-03-09,18700.54
2021-03-10,18880.04
2021-03-11,19267.57
2021-03-12,19067.57
2021-03-15,19137.32
2021-03-16,19009.38
2021-03-17,19410.68
2021-03-18,19112.36
2021-03-19,19291.02
2021-03-22,19067.32
2021-03-23,18738.41
2021-03-24,18626.98
2021-03-25,18843.21
2021-03-26,19075.43
2021-03-29,19234.33
2021-03-30,19401.32
2021-03-31,19409.95
2021-04-01,19196.17
2021-04-05,19660.82
2021-04-06,19630.78
2021-04-07,19695.36
2021-04-08,19786.12
2021-04-09,19658.85
2021-04-12,19826.59
2021-04-13,19915.7
2021-04-14,20160.78
2021-04-15,20237.48
2021-04-16,20290.4
2021-04-19,20264.0
2021-04-20,20081.05
2021-04-22,19994.54
2021-04-23,20205.05
2021-04-26,20227.29
2021-04-27,20079.7
2021-04-28,20372.72
2021-04-29,20208.18
2021-04-30,19973.79
2021-05-03,20008.87
2021-05-04,19849.01
2021-05-05,20138.93
2021-05-06,20325.49
2021-05-07,20644.33
2021-05-10,20622.26
2021-05-11,20880.32
2021-05-12,20309.38
2021-05-13,20398.08
2021-05-14,20510.02
2021-05-17,20745.91
2021-05-18,20784.84
2021-05-19,20657.83
2021-05-20,20625.93
2021-05-21,20572.72
2021-05-24,20762.48
2021-05-25,20526.48
2021-05-26,20758.48
2021-05-27,20823.28
2021-05-28,21030.92
2021-05-31,21208.94
2021-06-01,21484.23
2021-06-02,21743.46
2021-06-04,21757.99
2021-06-07,21819.44
2021-06-08,21644.18
2021-06-09,21725.65
2021-06-10,21698.92
2021-06-11,21716.7
2021-06-14,21801.6
2021-06-15,21730.43
2021-06-16,21506.51
2021-06-17,21253.97
2021-06-18,21396.72
2021-06-21,21547.45
2021-06-22,21513.36
2021-06-23,21507.72
2021-06-24,21688.91
2021-06-25,21398.94
2021-06-28,21368.37
2021-06-29,21404.95
2021-06-30,21349.31
2021-07-01,21136.21
2021-07-02,21493.26
2021-07-05,21375.85
2021-07-06,21124.28
2021-07-07,21418.25
2021-07-08,21183.6
2021-07-12,21528.51
2021-07-13,21623.25
2021-07-14,21613.48
2021-07-15,21480.82
2021-07-16,21193.95
2021-07-19,20915.41
2021-07-20,21104.46
2021-07-21,21220.54
2021-07-22,21259.34
2021-07-23,21095.86
2021-07-26,21322.37
2021-07-27,21062.49
2021-07-28,21396.35
2021-07-29,21276.59
2021-07-30,20526.62
2021-08-02,20620.07
2021-08-03,20894.53
2021-08-04,20624.8
2021-08-05,20548.72
2021-08-06,20732.93
2021-08-09,20734.54
2021-08-10,20662.84
2021-08-11,20637.25
2021-08-12,20446.74
2021-08-13,20488.74
2021-08-16,20196.38
2021-08-17,19969.5
2021-08-18,19672.95
2021-08-19,19550.12
2021-08-20,19651.4
2021-08-23,19541.74
2021-08-24,20047.27
2021-08-25,20138.03
2021-08-26,19795.12
2021-08-27,20147.27
2021-08-30,19996.27
2021-08-31,19807.75
2021-09-01,19906.33
2021-09-02,19496.8
2021-09-03,19545.24
2021-09-06,19653.07
2021-09-08,18928.71
2021-09-09,19197.36
2021-09-10,19037.31
2021-09-13,19347.17
2021-09-14,19277.28
2021-09-15,19070.15
2021-09-16,18776.86
2021-09-17,18349.54
2021-09-20,17891.27
2021-09-21,18113.4
2021-09-22,18511.49
2021-09-23,18816.28
2021-09-24,18670.37
2021-09-27,18759.58
2021-09-28,18139.59
2021-09-29,18317.0
2021-09-30,18327.72
2021-10-01,18634.33
2021-10-04,18275.86
2021-10-05,18290.69
2021-10-06,18364.16
2021-10-07,18409.58
2021-10-08,18754.12
2021-10-11,18709.29
2021-10-13,18818.76
2021-10-14,18776.9
2021-10-15,19035.34
2021-10-18,18979.07
2021-10-19,18385.43
2021-10-20,18358.42
2021-10-21,17887.67
2021-10-22,17712.13
2021-10-25,18113.01
2021-10-26,17753.93
2021-10-27,17673.03
2021-10-28,17590.28
2021-10-29,17179.42
2021-11-01,17530.05
2021-11-03,17334.72
2021-11-04,16985.97
2021-11-05,17160.77
2021-11-08,17235.95
2021-11-09,17307.51
2021-11-10,17364.1
2021-11-11,17676.99
2021-11-12,17477.73
2021-11-16,17152.23
2021-11-17,16902.75
2021-11-18,16742.38
2021-11-19,16837.74
2021-11-22,16798.14
2021-11-23,17093.19
2021-11-24,17284.81
2021-11-25,17469.97
2021-11-26,16868.32
2021-11-29,16992.03
2021-11-30,16868.95
2021-12-01,16707.53
2021-12-02,17360.59
2021-12-03,17363.99
2021-12-06,17746.35
2021-12-07,17874.87
2021-12-08,17931.5
2021-12-09,17659.19
2021-12-10,17875.62
2021-12-13,17867.93
2021-12-14,17792.06
2021-12-15,17874.47
2021-12-16,18113.58
2021-12-17,17903.56
2021-12-20,17535.35
2021-12-21,17663.22
2021-12-22,17612.42
2021-12-23,17551.83
2021-12-27,17652.84
2021-12-28,17488.59
2021-12-29,17393.67
2021-12-30,17503.96
2022-01-03,17423.15
2022-01-04,17378.93
2022-01-05,16998.89
2022-01-06,17143.78
2022-01-07,17431.01
2022-01-10,17303.58
2022-01-11,17640.03
2022-01-12,17970.38
2022-01-13,17947.44
2022-01-14,18203.91
2022-01-17,18107.65
2022-01-18,18198.51
2022-01-19,18414.2
2022-01-20,18560.56
2022-01-21,18486.62
2022-01-24,18326.0
2022-01-25,18679.28
2022-01-26,18860.7
2022-01-27,19048.4
2022-01-28,18892.93
2022-01-31,18843.84
2022-02-01,19131.46
2022-02-02,18913.64
2022-02-03,18850.57
2022-02-04,19030.69
2022-02-07,19014.04
2022-02-08,19068.7
2022-02-09,19088.35
2022-02-10,19294.55
2022-02-11,19345.15
2022-02-14,19365.39
2022-02-15,19444.44
2022-02-16,19497.43
2022-02-17,19150.58
2022-02-18,19039.02
2022-02-21,18884.07
2022-02-22,19050.64
2022-02-23,18866.72
2022-02-24,18808.65
2022-02-25,19172.01
2022-03-02,19644.54
2022-03-03,19634.78
2022-03-04,19577.65
2022-03-07,19142.34
2022-03-08,19002.78
2022-03-09,19343.24
2022-03-10,19399.75
2022-03-11,19074.63
2022-03-14,18677.5
2022-03-15,18428.39
2022-03-16,18818.88
2022-03-17,19161.68
2022-03-18,19523.69
2022-03-21,19722.13
2022-03-22,19826.69
2022-03-23,19850.49
2022-03-24,20089.92
2022-03-25,20033.46
2022-03-28,19987.19
2022-03-29,20197.52
2022-03-30,20281.59
2022-03-31,20212.49
2022-04-01,20437.27
2022-04-04,20410.14
2022-04-05,19977.1
2022-04-06,19895.71
2022-04-07,20054.71
2022-04-08,19941.25
2022-04-11,19697.25
2022-04-12,19545.81
2022-04-13,19658.11
2022-04-14,19550.03
2022-04-18,19430.42
2022-04-19,19322.73
2022-04-20,19171.05
2022-04-22,18544.44
2022-04-25,18418.18
2022-04-26,18000.32
2022-04-27,18261.66
2022-04-28,18399.99
2022-04-29,18087.4
2022-05-02,17885.4
2022-05-03,17863.37
2022-05-04,18136.82
2022-05-05,17659.2
2022-05-06,17656.21
2022-05-09,17276.92
2022-05-10,17230.91
2022-05-11,17543.24
2022-05-12,17733.68
2022-05-13,17919.98
2022-05-16,18157.59
2022-05-17,18207.19
2022-05-18,17773.37
2022-05-19,17912.88
2022-05-20,18167.05
2022-05-23,18512.3
2022-05-24,18523.82
2022-05-25,18524.5
2022-05-26,18747.3
2022-05-27,18772.22
2022-05-30,18639.55
2022-05-31,18683.82
2022-06-01,18727.75
2022-06-02,18905.69
2022-06-03,18702.25
2022-06-06,18581.47
2022-06-07,18619.25
2022-06-08,18289.21
2022-06-09,18032.12
2022-06-10,17776.47
2022-06-13,17284.75
2022-06-14,17203.91
2022-06-15,17271.23
2022-06-17,16677.07
2022-06-20,16670.98
2022-06-21,16638.59
2022-06-22,16605.56
2022-06-23,16329.83
2022-06-24,16469.51
2022-06-27,16874.28
2022-06-28,16871.96
2022-06-29,16720.57
2022-06-30,16503.89
2022-07-01,16545.19
2022-07-04,16527.75
2022-07-05,16455.75
2022-07-06,16506.62
2022-07-07,16863.5
2022-07-08,16756.75
2022-07-11,16391.33
2022-07-12,16399.81
2022-07-13,16349.25
2022-07-14,15967.66
2022-07-15,16048.74
2022-07-18,16142.66
2022-07-19,16372.53
2022-07-20,16352.82
2022-07-21,16497.97
2022-07-22,16493.84
2022-07-25,16759.03
2022-07-26,16700.8
2022-07-27,16947.45
2022-07-28,17145.19
2022-07-29,17253.54
2022-08-01,17072.5
2022-08-02,17296.28
2022-08-03,17298.32
2022-08-04,17611.75
2022-08-05,17733.22
2022-08-08,18088.64
2022-08-09,18162.11
2022-08-10,18400.14
2022-08-11,18361.67
2022-08-12,18926.18
2022-08-15,18955.99
2022-08-16,19080.75
2022-08-17,19075.39
2022-08-18,19105.85
2022-08-19,18687.81
2022-08-22,18522.97
2022-08-23,19001.86
2022-08-24,18962.03
2022-08-25,19089.64
2022-08-26,18879.14
2022-08-29,18861.36
2022-08-30,18491.97
2022-08-31,18345.64
2022-09-01,18484.11
2022-09-02,18540.68
2022-09-05,18770.22
2022-09-06,18340.55
2022-09-08,18349.48
2022-09-09,18758.3
2022-09-12,18957.04
2022-09-13,18517.94
2022-09-14,18487.04
2022-09-15,18403.85
2022-09-16,18295.01
2022-09-19,18719.6
2022-09-20,18832.54
2022-09-21,18726.71
2022-09-22,19075.87
2022-09-23,18642.89
2022-09-26,18231.02
2022-09-27,18142.11
2022-09-28,18138.84
2022-09-29,18016.0
2022-09-30,18434.04
2022-10-03,19466.73
2022-10-04,19507.21
2022-10-05,19715.2
2022-10-06,19799.17
2022-10-07,19611.47
2022-10-10,19507.59
2022-10-11,19316.14
2022-10-13,19263.72
2022-10-14,18873.42
2022-10-17,19143.6
2022-10-18,19506.0
2022-10-19,19619.82
2022-10-20,19800.52
2022-10-21,20294.75
2022-10-24,19537.53
2022-10-25,19315.81
2022-10-26,19025.93
2022-10-27,19290.2
2022-10-28,19240.69
2022-10-31,19414.82
2022-11-01,19562.57
2022-11-03,19568.43
2022-11-04,19786.08
2022-11-07,19314.14
2022-11-08,19462.97
2022-11-09,19029.47
2022-11-10,18418.29
2022-11-11,18849.75
2022-11-14,19024.0
2022-11-16,18557.15
2022-11-17,18488.97
2022-11-18,18333.0
2022-11-21,18420.27
2022-11-22,18308.57
2022-11-23,18299.51
2022-11-24,18796.03
2022-11-25,18317.59
2022-11-28,18307.23
2022-11-29,18695.11
2022-11-30,18988.86
2022-12-01,18716.0
2022-12-02,18877.55
2022-12-05,18481.36
2022-12-06,18627.94
2022-12-07,18399.63
2022-12-08,18110.68
2022-12-09,18170.04
2022-12-12,17793.02
2022-12-13,17504.45
2022-12-14,17478.65
2022-12-15,17486.34
2022-12-16,17341.84
2022-12-19,17656.29
2022-12-20,18002.17
2022-12-21,18112.53
2022-12-22,18123.2
2022-12-23,18503.94
2022-12-26,18366.41
2022-12-27,18347.44
2022-12-28,18597.86
2022-12-29,18504.38
2023-01-02,17978.29
2023-01-03,17627.7
2023-01-04,17800.98
2023-01-05,18209.4
2023-01-06,18425.59
2023-01-09,18460.69
2023-01-10,18726.38
2023-01-11,18982.68
2023-01-12,18877.86
2023-01-13,18745.68
2023-01-16,18442.41
2023-01-17,18815.21
2023-01-18,18939.52
2023-01-19,19066.54
2023-01-20,18942.23
2023-01-23,18902.88
2023-01-24,19112.33
2023-01-25,19329.19
2023-01-26,19327.62
2023-01-27,18986.05
2023-01-30,18970.75
2023-01-31,19130.38
2023-02-01,18893.89
2023-02-02,18513.11
2023-02-03,18278.92
2023-02-06,18300.25
2023-02-07,18170.7
2023-02-08,18522.77
2023-02-09,18236.6
2023-02-10,18232.6
2023-02-13,18353.64
2023-02-14,18206.34
2023-02-15,18504.49
2023-02-16,18562.46
2023-02-17,18403.54
2023-02-22,18067.5
2023-02-23,18148.7
2023-02-24,17828.41
2023-02-27,17815.26
2023-02-28,17687.56
2023-03-01,17649.66
2023-03-02,17461.56
2023-03-03,17563.37
2023-03-06,17647.37
2023-03-07,17539.85
2023-03-08,17909.91
2023-03-09,17644.67
2023-03-10,17410.62
2023-03-13,17321.1
2023-03-14,17293.64
2023-03-15,17199.02
2023-03-16,17342.24
2023-03-17,17130.79
2023-03-20,16976.8
2023-03-21,16987.11
2023-03-22,16842.32
2023-03-23,16444.16
2023-03-24,16561.36
2023-03-27,16704.74
2023-03-28,16957.48
2023-03-29,17081.55
2023-03-30,17395.52
2023-03-31,17067.78
2023-04-03,17031.0
2023-04-04,17048.15
2023-04-05,16890.57
2023-04-06,16843.95
2023-04-10,17036.11
2023-04-11,17799.41
2023-04-12,17884.24
2023-04-13,17775.89
2023-04-14,17742.41
2023-04-17,17691.81
2023-04-18,17745.63
2023-04-19,17348.21
2023-04-20,17396.22
2023-04-24,17296.19
2023-04-25,17153.32
2023-04-26,17005.23
2023-04-27,17109.89
2023-04-28,17348.12
2023-05-02,16898.94
2023-05-03,16869.59
2023-05-04,16896.79
2023-05-05,17386.6
2023-05-08,17536.1
2023-05-09,17718.56
2023-05-10,17745.0
2023-05-11,17868.59
2023-05-12,17920.91
2023-05-15,18015.56
2023-05-16,17886.8
2023-05-17,18097.43
2023-05-18,18194.59
2023-05-19,18288.55
2023-05-22,18182.62
2023-05-23,18141.16
2023-05-24,17952.19
2023-05-25,18146.19
2023-05-26,18304.31
2023-05-29,18192.76
2023-05-30,17955.42
2023-05-31,17854.77
2023-06-01,18228.63
2023-06-02,18574.04
2023-06-05,18595.9
2023-06-06,18889.36
2023-06-07,19053.95
2023-06-09,19310.68
2023-06-12,19361.12
2023-06-13,19290.75
2023-06-14,19671.92
2023-06-15,19684.1
2023-06-16,19620.37
2023-06-19,19800.27
2023-06-20,19731.21
2023-06-21,19870.03
2023-06-22,19639.23
2023-06-23,19601.94
2023-06-26,19505.1
2023-06-27,19402.63
2023-06-28,19247.46
2023-06-29,19507.95
2023-06-30,19421.51
2023-07-03,19711.35
2023-07-04,19600.36
2023-07-05,19673.02
2023-07-06,19323.6
2023-07-07,19552.11
2023-07-10,19386.75
2023-07-11,19342.34
2023-07-12,19376.76
2023-07-13,19661.51
2023-07-14,19403.49
2023-07-17,19480.18
2023-07-18,19412.24
2023-07-19,19385.96
2023-07-20,19486.33
2023-07-21,19836.63
2023-07-24,20046.3
2023-07-25,20170.96
2023-07-26,20243.45
2023-07-27,19807.76
2023-07-28,19821.09
2023-07-31,20139.82
2023-08-01,20000.6
2023-08-02,19924.46
2023-08-03,19898.12
2023-08-04,19710.53
2023-08-07,19700.81
2023-08-08,19645.77
2023-08-09,19548.77
2023-08-10,19529.73
2023-08-11,19472.93
2023-08-14,19272.7
2023-08-15,19165.55
2023-08-16,19077.32
2023-08-17,18986.64
2023-08-18,19043.72
2023-08-21,18895.94
2023-08-22,19185.37
2023-08-23,19536.65
2023-08-24,19350.56
2023-08-25,19155.09
2023-08-28,19384.49
2023-08-29,19597.74
2023-08-30,19458.6
2023-08-31,19182.16
2023-09-01,19562.99
2023-09-04,19531.6
2023-09-05,19500.45
2023-09-06,19283.18
2023-09-08,19156.38
2023-09-11,19409.19
2023-09-12,19582.91
2023-09-13,19615.81
2023-09-14,19836.35
2023-09-15,19727.83
2023-09-18,19644.99
2023-09-19,19586.37
2023-09-20,19728.34
2023-09-21,19309.2
2023-09-22,19300.21
2023-09-25,19286.52
2023-09-26,18999.09
2023-09-27,19050.73
2023-09-28,19273.27
2023-09-29,19415.09
2023-10-02,19162.65
2023-10-03,18892.69
2023-10-04,18885.54
2023-10-05,18831.74
2023-10-06,19012.24
2023-10-09,19178.71
2023-10-10,19422.35
2023-10-11,19470.81
2023-10-13,19292.15
2023-10-16,19419.19
2023-10-17,19351.74
2023-10-18,19065.02
2023-10-19,19043.23
2023-10-20,18893.48
2023-10-23,18772.49
2023-10-24,18940.65
2023-10-25,18788.74
2023-10-26,19086.59
2023-10-27,18864.41
2023-10-30,18745.12
2023-10-31,18834.53
2023-11-01,19126.53
2023-11-03,19627.43
2023-11-06,19687.08
2023-11-07,19780.19
2023-11-08,19726.43
2023-11-09,19714.74
2023-11-10,19962.91
2023-11-13,19940.79
2023-11-14,20390.86
2023-11-16,20612.23
2023-11-17,20679.53
2023-11-20,20879.22
2023-11-21,20829.35
2023-11-22,20893.9
2023-11-23,20981.05
2023-11-24,20808.91
2023-11-27,20826.78
2023-11-28,20963.39
2023-11-29,20899.31
2023-11-30,21096.05
2023-12-01,21226.93
2023-12-04,20984.6
2023-12-05,20990.66
2023-12-06,20749.09
2023-12-07,20811.46
2023-12-08,21013.16
2023-12-11,21000.89
2023-12-12,20898.7
2023-12-13,21395.85
2023-12-14,21637.96
2023-12-15,21545.47
2023-12-18,21694.59
2023-12-19,21813.56
2023-12-20,21645.97
2023-12-21,21873.3
2023-12-22,21973.1
2023-12-26,22108.58
2023-12-27,22214.23
2023-12-28,22217.05
2024-01-02,22009.52
2024-01-03,22052.91
2024-01-04,21784.09
2024-01-05,21918.33
2024-01-08,21970.05
2024-01-09,21806.02
2024-01-10,21709.43
2024-01-11,21699.12
2024-01-12,21753.47
2024-01-15,21849.58
2024-01-16,21488.18
2024-01-17,21352.06
2024-01-18,21162.43
2024-01-19,21202.52
2024-01-22,21038.93
2024-01-23,21319.8
2024-01-24,21249.41
2024-01-25,21332.83
2024-01-26,21487.83
2024-01-29,21428.78
2024-01-30,21253.12
2024-01-31,21295.5
2024-02-01,21424.58
2024-02-02,21209.92
2024-02-05,21284.29
2024-02-06,21746.74
2024-02-07,21688.71
2024-02-08,21406.33
2024-02-09,21370.6
2024-02-14,21212.11
2024-02-15,21367.9
2024-02-16,21534.08
2024-02-19,21592.71
2024-02-20,21699.89
2024-02-21,21730.79
2024-02-22,21747.42
2024-02-23,21625.61
2024-02-26,21661.88
2024-02-27,21982.78
2024-02-28,21691.41
2024-02-29,21489.69
2024-03-01,21523.38
2024-03-04,21409.55
2024-03-05,21356.49
2024-03-06,21519.68
2024-03-07,21416.47
2024-03-08,21115.07
2024-03-11,20939.1
2024-03-12,21213.51
2024-03-13,21270.23
2024-03-14,21205.04
2024-03-15,21066.06
2024-03-18,21110.21
2024-03-19,21193.28
2024-03-20,21444.58
2024-03-21,21272.84
2024-03-22,21095.49
2024-03-25,21106.06
2024-03-26,21085.13
2024-03-27,21225.98
2024-03-28,21314.71
2024-04-01,21138.79
2024-04-02,21262.63
2024-04-03,21208.45
2024-04-04,21211.05
2024-04-05,21110.28
2024-04-08,21471.87
2024-04-09,21631.69
2024-04-10,21372.21
2024-04-11,21275.27
2024-04-12,21050.1
2024-04-15,20972.66
2024-04-16,20834.19
2024-04-17,20807.95
2024-04-18,20818.64
2024-04-19,20990.92
2024-04-22,21074.58
2024-04-23,21007.51
2024-04-24,20944.38
2024-04-25,20949.15
2024-04-26,21259.62
2024-04-29,21412.2
2024-04-30,21181.65
2024-05-02,21351.19
2024-05-03,21541.94
2024-05-06,21558.51
2024-05-07,21703.51
2024-05-08,21774.22
2024-05-09,21584.26
2024-05-10,21495.42
2024-05-13,21599.18
2024-05-14,21636.65
2024-05-15,21487.31
2024-05-16,21517.4
2024-05-17,21486.08
2024-05-20,21409.48
2024-05-21,21334.76
2024-05-22,21060.32
2024-05-23,20901.36
2024-05-24,20816.5
2024-05-27,20859.48
2024-05-28,20751.95
2024-05-29,20588.5
2024-05-31,20522.83
2024-06-03,20487.03
2024-06-04,20446.52
2024-06-05,20393.68
2024-06-06,20638.39
2024-06-07,20258.27
2024-06-10,20284.76
2024-06-11,20414.84
2024-06-12,20137.86
2024-06-13,20064.65
2024-06-14,20060.43
2024-06-17,19993.37
2024-06-18,20105.45
2024-06-19,20198.55
2024-06-20,20235.43
2024-06-21,20381.63
2024-06-24,20607.86
2024-06-25,20561.21
2024-06-26,20617.9
2024-06-27,20893.39
2024-06-28,20856.37
2024-07-01,20995.81
2024-07-02,21017.01
2024-07-03,21129.3
2024-07-04,21183.34
2024-07-05,21198.41
2024-07-08,21271.18
2024-07-09,21343.0
2024-07-10,21346.87
2024-07-11,21521.98
2024-07-12,21621.65
2024-07-15,21711.31
2024-07-16,21665.83
2024-07-17,21734.81
2024-07-18,21465.04
2024-07-19,21483.32
2024-07-22,21489.22
2024-07-23,21298.24
2024-07-24,21291.1
2024-07-25,21215.59
2024-07-26,21474.22
2024-07-29,21371.09
2024-07-30,21237.51
2024-07-31,21513.71
2024-08-01,21442.25
2024-08-02,21144.35
2024-08-05,21046.57
2024-08-06,21231.54
2024-08-07,21428.52
2024-08-08,21616.07
2024-08-09,21929.69
2024-08-12,22042.39
2024-08-13,22252.26
2024-08-14,22409.59
2024-08-15,22559.77
2024-08-16,22527.45
2024-08-19,22783.41
2024-08-20,22844.27
2024-08-21,22901.63
2024-08-22,22701.63
2024-08-23,22728.78
2024-08-26,23030.85
2024-08-27,23012.33
2024-08-28,23136.74
2024-08-29,22920.77
2024-08-30,22915.04
2024-09-02,22717.16
2024-09-03,22605.05
2024-09-04,22883.35
2024-09-05,22951.36
2024-09-06,22610.27
2024-09-09,22668.17
2024-09-10,22592.57
2024-09-11,22659.39
2024-09-12,22543.82
2024-09-13,22667.98
2024-09-16,22708.6
2024-09-17,22679.9
2024-09-18,22476.48
2024-09-19,22380.76
2024-09-20,22042.69
2024-09-23,21963.42
2024-09-24,22237.74
2024-09-25,22146.13
2024-09-26,22374.96
2024-09-27,22321.81
2024-09-30,22167.19
2024-10-01,22300.93
2024-10-02,22460.88
2024-10-03,22165.15
2024-10-04,22181.9
2024-10-07,22234.3
2024-10-08,22137.33
2024-10-09,21892.45
2024-10-10,21961.44
2024-10-11,21903.49
2024-10-14,22070.13
2024-10-15,22071.23
2024-10-16,22190.11
2024-10-17,22030.82
2024-10-18,21968.85
2024-10-21,21931.93
2024-10-22,21876.04
2024-10-23,21740.88
2024-10-24,21888.24
2024-10-25,21878.48
2024-10-28,22097.26
2024-10-29,22029.45
2024-10-30,21986.77
2024-10-31,21837.95
2024-11-01,21576.23
2024-11-04,21964.28
2024-11-05,21998.95
2024-11-06,21942.66
2024-11-07,21857.22
2024-11-08,21561.4
2024-11-11,21560.73
2024-11-12,21554.19
2024-11-13,21578.41
2024-11-14,21594.91
2024-11-18,21614.04
2024-11-19,21673.73
2024-11-21,21462.75
2024-11-22,21844.8
2024-11-25,21803.72
2024-11-26,21947.35
2024-11-27,21583.74
2024-11-28,21077.85
2024-11-29,21265.47
2024-12-02,21205.11
2024-12-03,21360.71
2024-12-04,21352.47
2024-12-05,21657.39
2024-12-06,21333.23
2024-12-09,21562.67
2024-12-10,21723.71
2024-12-11,21939.26
2024-12-12,21353.48
2024-12-13,21117.97
2024-12-16,20936.8
2024-12-17,21129.85
2024-12-18,20487.41
2024-12-19,20538.61
2024-12-20,20674.77
2024-12-23,20485.83
2024-12-26,20548.78
2024-12-27,20407.52
2024-12-30,20411.03
2025-01-02,20415.81
2025-01-03,20137.44
2025-01-06,20362.97
2025-01-07,20573.11
2025-01-08,20319.66
2025-01-09,20344.49
2025-01-10,20191.24
2025-01-13,20225.95
2025-01-14,20270.05
2025-01-15,20822.8
2025-01-16,20602.28
2025-01-17,20786.11
2025-01-20,20872.47
2025-01-21,20949.57
2025-01-22,20870.45
2025-01-23,20793.37
2025-01-24,20792.72
2025-01-27,21171.02
2025-01-28,21038.39
2025-01-29,20932.74
2025-01-30,21515.4
2025-01-31,21395.0
2025-02-03,21356.37
2025-02-04,21218.79
2025-02-05,21282.16
2025-02-06,21389.75
2025-02-07,21121.36
2025-02-10,21276.88
2025-02-11,21420.89
2025-02-12,21064.45
2025-02-13,21135.78
2025-02-14,21712.53
2025-02-17,21760.12
2025-02-18,21782.28
2025-02-19,21590.61
2025-02-20,21646.37
2025-02-21,21564.0
2025-02-24,21272.51
2025-02-25,21363.4
2025-02-26,21156.69
2025-02-27,21127.4
2025-02-28,20799.14
2025-03-05,20800.51
2025-03-06,20843.52
2025-03-07,21123.53
2025-03-10,21044.02
2025-03-11,20867.49
2025-03-12,20934.26
2025-03-13,21232.68
2025-03-14,21797.75
2025-03-17,22127.74
2025-03-18,22238.41
2025-03-19,22402.41
2025-03-20,22314.18
2025-03-21,22386.37
2025-03-24,22211.79
2025-03-25,22336.32
2025-03-26,22410.39
2025-03-27,22525.92
2025-03-28,22311.3
2025-03-31,22039.56
2025-04-01,22191.35
2025-04-02,22188.31
2025-04-03,22135.73
2025-04-04,21463.54
2025-04-07,21155.52
2025-04-08,20851.02
2025-04-09,21507.23
2025-04-10,21226.29
2025-04-11,21461.35
2025-04-14,21750.64
2025-04-15,21701.84
2025-04-16,21536.83
2025-04-17,21765.45
2025-04-22,21894.59
2025-04-23,22179.57
2025-04-24,22556.21
2025-04-25,22586.22
2025-04-28,22635.88
2025-04-29,22647.71
2025-04-30,22600.69
2025-05-02,22619.49
2025-05-05,22322.46
2025-05-06,22343.91
2025-05-07,22340.76
2025-05-08,22789.05
2025-05-09,22874.79
2025-05-12,22893.31
2025-05-13,23294.43
2025-05-14,23194.88
2025-05-15,23339.36
2025-05-16,23303.29
2025-05-19,23379.87
2025-05-20,23460.55
2025-05-21,23099.44
2025-05-22,22987.63
2025-05-23,23071.2
2025-05-26,23118.14
2025-05-27,23341.68
2025-05-28,23221.84
2025-05-29,23157.34
2025-05-30,22886.26
2025-06-02,22846.68
2025-06-03,22956.41
2025-06-04,22858.01
2025-06-05,22731.31
2025-06-06,22723.16
2025-06-09,22652.94
2025-06-10,22779.7
2025-06-11,22914.15
2025-06-12,23039.76
2025-06-13,22962.88
2025-06-16,23297.04
2025-06-17,23236.48
2025-06-18,23220.78
2025-06-20,22963.57
2025-06-23,22860.49
2025-06-24,22950.0
2025-06-25,22715.8
2025-06-26,22935.7
2025-06-27,22890.42
2025-06-30,23220.88
2025-07-01,23342.62
2025-07-02,23278.15
2025-07-03,23584.19
2025-07-04,23647.48
2025-07-07,23357.18
2025-07-08,23338.59
2025-07-09,23036.99
2025-07-10,22904.42
2025-07-11,22824.25
2025-07-14,22662.89
2025-07-15,22642.64
2025-07-16,22693.41
2025-07-17,22703.51
2025-07-18,22339.27
2025-07-21,22467.96
2025-07-22,22455.68
2025-07-23,22670.32
2025-07-24,22407.93
2025-07-25,22366.86
2025-07-28,22131.32
2025-07-29,22239.96
2025-07-30,22449.36
2025-07-31,22307.24
2025-08-01,22185.2
2025-08-04,22282.86
2025-08-05,22318.66
2025-08-06,22551.83
2025-08-07,22887.87
2025-08-08,22746.8
2025-08-11,22718.17
2025-08-12,23105.48
2025-08-13,22909.5
2025-08-14,22855.45
2025-08-15,22849.5
2025-08-18,22997.65
2025-08-19,22514.73
2025-08-20,22551.53
2025-08-21,22533.06
2025-08-22,23116.82
2025-08-25,23113.6
2025-08-26,23065.35
2025-08-27,23307.02
2025-08-28,23612.48
2025-08-29,23678.31
2025-09-01,23657.18
2025-09-02,23499.82
2025-09-03,23416.91
2025-09-04,23601.03
2025-09-05,23864.23
2025-09-08,23729.14
2025-09-09,23707.74
2025-09-10,23847.24
2025-09-11,23974.32
2025-09-12,23817.17
2025-09-15,24042.48
2025-09-16,24117.5
2025-09-17,24376.96
2025-09-18,24367.88
2025-09-19,24423.15
2025-09-22,24306.17
2025-09-23,24531.96
2025-09-24,24557.6
2025-09-25,24363.75
2025-09-26,24378.98
2025-09-29,24508.88
2025-09-30,24492.53
2025-10-01,24360.18
2025-10-02,24101.07
2025-10-03,24142.27
2025-10-06,24043.1
2025-10-07,23678.93
2025-10-08,23812.63
2025-10-09,23736.05
2025-10-10,23565.68
2025-10-13,23751.08
2025-10-14,23743.23
2025-10-15,23880.09
2025-10-16,23818.89
2025-10-17,24018.25
2025-10-20,24196.81
2025-10-21,24117.1
2025-10-22,24255.6
2025-10-23,24395.35
2025-10-24,24461.37
2025-10-27,24587.75
2025-10-28,24674.39
2025-10-29,24885.09
2025-10-30,24892.01
2025-10-31,25009.81
2025-11-03,25176.38
2025-11-04,25203.49
2025-11-05,25641.1
2025-11-06,25663.64
2025-11-07,25800.59
2025-11-10,26001.55
2025-11-11,26425.33
2025-11-12,26377.16
2025-11-13,26300.81
2025-11-14,26399.3
2025-11-17,26276.62
2025-11-18,26183.47
2025-11-19,25996.23
2025-11-21,25898.02
2025-11-24,25971.53
2025-11-25,26066.85
2025-11-26,26502.49
2025-11-27,26464.95
2025-11-28,26582.27
2025-12-01,26518.92
2025-12-02,26932.6
2025-12-03,27047.75
2025-12-04,27507.56
2025-12-05,26339.45
2025-12-08,26474.23
2025-12-09,26438.29
2025-12-10,26621.82
2025-12-11,26629.82
2025-12-12,26892.69
2025-12-15,27174.65
2025-12-16,26522.37
2025-12-17,26333.71
2025-12-18,26438.17
2025-12-19,26539.18
2025-12-22,26491.63
2025-12-23,26860.63
2025-12-26,26925.54
2025-12-29,26869.49
2025-12-30,26965.17
2026-01-02,26876.77
2026-01-05,27098.67
2026-01-06,27404.58
2026-01-07,27142.09
2026-01-08,27303.78
2026-01-09,27364.72
2026-01-12,27318.04
2026-01-13,27147.49
2026-01-14,27705.44
2026-01-15,27783.22
2026-01-16,27670.02
2026-01-19,27671.73
2026-01-20,27926.58
2026-01-21,28866.07
2026-01-22,29490.59
2026-01-23,30068.42
2026-01-26,30036.83
2026-01-27,30573.79
2026-01-28,31050.32
2026-01-29,30824.22
2026-01-30,30512.38
2026-02-02,30726.01
2026-02-03,31238.84
2026-02-04,30599.4
2026-02-05,30639.53
2026-02-06,30768.15
2026-02-09,31339.12
2026-02-10,31290.97
2026-02-11,31944.74
2026-02-12,31625.37
2026-02-13,31401.97
2026-02-18,31307.42
2026-02-19,31717.7
2026-02-20,32069.96
2026-02-23,31797.66
2026-02-24,32245.91
2026-02-25,32238.22
2026-02-26,32173.07
2026-02-27,31816.77
2026-03-02,31922.65
2026-03-03,30885.86
2026-03-04,31243.71
2026-03-05,30413.77
2026-03-06,30224.59
2026-03-09,30497.12
2026-03-10,30933.76
2026-03-11,31041.21
2026-03-12,30275.43
2026-03-13,30005.63
2026-03-16,30371.22
2026-03-17,30473.44
2026-03-18,30365.97
2026-03-19,30476.95
2026-03-20,29811.09
2026-03-23,30750.22
2026-03-24,30863.26
2026-03-25,31352.95
2026-03-26,30924.83
2026-03-27,30756.64
2026-03-30,30917.58
2026-03-31,31733.07
2026-04-01,31799.62
2026-04-02,31833.09
2026-04-06,31856.29
2026-04-07,31883.79
2026-04-08,32505.39
2026-04-09,32974.71
2026-04-10,33373.47
