Date,Close
2000-01-03,3210.04
2000-01-04,3030.72
2000-01-05,3084.27
2000-01-06,3065.61
2000-01-07,3101.34
2000-01-10,3224.13
2000-01-11,3154.18
2000-01-12,3161.09
2000-01-13,3250.86
2000-01-14,3322.94
2000-01-17,3388.95
2000-01-18,3371.39
2000-01-19,3293.56
2000-01-20,3241.93
2000-01-21,3221.38
2000-01-24,3218.21
2000-01-26,3239.63
2000-01-27,3239.23
2000-01-28,3184.2
2000-01-31,3117.78
2000-02-01,3136.59
2000-02-02,3176.46
2000-02-03,3273.97
2000-02-04,3352.43
2000-02-07,3390.6
2000-02-08,3481.11
2000-02-09,3424.3
2000-02-10,3445.46
2000-02-11,3352.98
2000-02-14,3306.21
2000-02-15,3323.11
2000-02-16,3378.43
2000-02-17,3355.43
2000-02-18,3298.79
2000-02-21,3311.35
2000-02-22,3271.29
2000-02-23,3319.46
2000-02-24,3313.84
2000-02-25,3315.36
2000-02-28,3272.01
2000-02-29,3280.22
2000-03-01,3335.77
2000-03-02,3343.91
2000-03-03,3438.58
2000-03-08,3392.05
2000-03-09,3426.17
2000-03-10,3372.64
2000-03-13,3253.36
2000-03-14,3196.55
2000-03-15,3214.18
2000-03-16,3269.09
2000-03-17,3254.56
2000-03-20,3240.63
2000-03-21,3360.35
2000-03-22,3362.97
2000-03-23,3374.2
2000-03-24,3442.02
2000-03-27,3497.1
2000-03-28,3389.0
2000-03-29,3352.98
2000-03-30,3302.3
2000-03-31,3349.99
2000-04-03,3270.9
2000-04-04,3181.54
2000-04-05,3184.44
2000-04-06,3248.87
2000-04-07,3301.14
2000-04-10,3182.14
2000-04-11,3145.43
2000-04-12,3113.83
2000-04-13,2979.09
2000-04-14,2829.99
2000-04-17,2810.64
2000-04-18,2902.98
2000-04-19,2815.54
2000-04-20,2872.93
2000-04-24,2811.96
2000-04-25,2907.65
2000-04-26,2920.5
2000-04-27,2922.74
2000-04-28,2959.84
2000-05-02,2965.07
2000-05-03,2896.36
2000-05-04,2875.7
2000-05-05,2901.67
2000-05-08,2845.59
2000-05-09,2796.07
2000-05-10,2763.39
2000-05-11,2763.72
2000-05-12,2760.18
2000-05-15,2859.97
2000-05-16,2918.11
2000-05-17,2844.32
2000-05-18,2810.08
2000-05-19,2762.25
2000-05-22,2685.29
2000-05-23,2634.68
2000-05-24,2719.59
2000-05-25,2727.85
2000-05-26,2791.0
2000-05-29,2834.0
2000-05-30,2924.79
2000-05-31,2894.71
2000-06-01,2992.0
2000-06-02,3138.72
2000-06-05,3104.67
2000-06-06,3098.25
2000-06-07,3158.32
2000-06-08,3179.52
2000-06-09,3168.18
2000-06-12,3119.02
2000-06-13,3155.77
2000-06-14,3152.97
2000-06-15,3175.27
2000-06-16,3164.23
2000-06-19,3228.32
2000-06-20,3244.09
2000-06-21,3332.68
2000-06-23,3281.77
2000-06-26,3253.08
2000-06-27,3226.96
2000-06-28,3296.5
2000-06-29,3227.15
2000-06-30,3282.3
2000-07-03,3340.44
2000-07-04,3378.91
2000-07-05,3343.1
2000-07-06,3379.44
2000-07-07,3420.99
2000-07-10,3402.98
2000-07-11,3296.29
2000-07-12,3320.8
2000-07-13,3222.49
2000-07-14,3290.07
2000-07-17,3387.16
2000-07-18,3370.54
2000-07-19,3304.46
2000-07-20,3356.58
2000-07-21,3371.86
2000-07-24,3365.39
2000-07-25,3309.65
2000-07-26,3328.32
2000-07-27,3296.41
2000-07-28,3216.46
2000-07-31,3226.32
2000-08-01,3191.23
2000-08-02,3200.69
2000-08-03,3263.87
2000-08-04,3276.32
2000-08-07,3320.13
2000-08-08,3285.32
2000-08-09,3233.6
2000-08-10,3292.88
2000-08-11,3374.87
2000-08-14,3440.9
2000-08-15,3436.5
2000-08-16,3388.53
2000-08-17,3452.27
2000-08-18,3376.54
2000-08-21,3341.43
2000-08-22,3368.07
2000-08-23,3410.77
2000-08-24,3388.07
2000-08-25,3453.5
2000-08-28,3426.02
2000-08-29,3427.1
2000-08-30,3451.41
2000-08-31,3442.3
2000-09-01,3490.97
2000-09-04,3499.28
2000-09-05,3471.72
2000-09-06,3519.81
2000-09-08,3491.19
2000-09-11,3476.39
2000-09-12,3407.33
2000-09-13,3412.98
2000-09-14,3372.1
2000-09-15,3350.89
2000-09-18,3240.09
2000-09-19,3272.25
2000-09-20,3259.47
2000-09-21,3254.77
2000-09-22,3281.19
2000-09-25,3293.82
2000-09-26,3295.39
2000-09-27,3239.21
2000-09-28,3265.81
2000-09-29,3249.19
2000-10-02,3191.58
2000-10-03,3213.26
2000-10-04,3247.79
2000-10-05,3323.94
2000-10-06,3249.22
2000-10-09,3231.56
2000-10-10,3234.21
2000-10-11,3195.28
2000-10-13,3175.5
2000-10-16,3141.6
2000-10-17,3067.33
2000-10-18,3001.66
2000-10-19,3069.89
2000-10-20,3017.49
2000-10-23,2918.96
2000-10-24,2873.47
2000-10-25,2840.44
2000-10-26,2941.6
2000-10-27,3025.66
2000-10-30,3074.62
2000-10-31,3080.34
2000-11-01,3070.42
2000-11-03,3036.26
2000-11-06,3087.8
2000-11-07,3122.74
2000-11-08,3072.9
2000-11-09,3027.9
2000-11-10,3040.21
2000-11-13,2993.84
2000-11-14,3027.69
2000-11-16,3022.89
2000-11-17,3002.89
2000-11-20,3029.93
2000-11-21,3083.04
2000-11-22,3053.06
2000-11-23,3000.69
2000-11-24,3003.36
2000-11-27,2950.21
2000-11-28,2932.56
2000-11-29,2914.81
2000-11-30,2828.69
2000-12-01,2850.64
2000-12-04,2872.18
2000-12-05,2985.43
2000-12-06,2936.59
2000-12-07,3017.39
2000-12-08,3104.11
2000-12-11,3140.0
2000-12-12,3098.57
2000-12-13,3171.2
2000-12-14,3165.8
2000-12-15,3131.63
2000-12-18,3146.17
2000-12-19,3189.87
2000-12-20,3070.31
2000-12-21,3053.84
2000-12-22,3080.86
2000-12-26,3095.18
2000-12-27,3177.46
2000-12-28,3211.76
2001-01-02,3224.61
2001-01-03,3426.86
2001-01-04,3429.56
2001-01-05,3392.31
2001-01-08,3401.66
2001-01-09,3473.69
2001-01-10,3460.9
2001-01-11,3469.68
2001-01-12,3451.27
2001-01-15,3470.97
2001-01-16,3452.85
2001-01-17,3529.23
2001-01-18,3607.49
2001-01-19,3622.24
2001-01-22,3594.57
2001-01-23,3669.43
2001-01-24,3661.62
2001-01-26,3675.62
2001-01-29,3694.87
2001-01-30,3674.6
2001-01-31,3683.92
2001-02-01,3589.63
2001-02-02,3556.3
2001-02-05,3523.15
2001-02-06,3573.31
2001-02-07,3544.32
2001-02-08,3617.04
2001-02-09,3592.5
2001-02-12,3558.99
2001-02-13,3586.01
2001-02-14,3600.84
2001-02-15,3573.46
2001-02-16,3456.78
2001-02-19,3418.51
2001-02-20,3411.88
2001-02-21,3358.8
2001-02-22,3410.75
2001-02-23,3450.71
2001-02-28,3410.22
2001-03-01,3492.98
2001-03-02,3530.46
2001-03-05,3516.41
2001-03-06,3491.45
2001-03-07,3520.05
2001-03-08,3499.49
2001-03-09,3482.82
2001-03-12,3367.56
2001-03-13,3371.21
2001-03-14,3319.81
2001-03-15,3279.6
2001-03-16,3307.74
2001-03-19,3233.17
2001-03-20,3241.05
2001-03-21,3245.22
2001-03-22,3095.36
2001-03-23,3157.86
2001-03-26,3226.47
2001-03-27,3263.16
2001-03-28,3223.56
2001-03-29,3168.36
2001-03-30,3197.23
2001-04-02,3104.45
2001-04-03,3058.96
2001-04-04,3087.74
2001-04-05,3201.62
2001-04-06,3213.16
2001-04-09,3247.83
2001-04-10,3315.07
2001-04-11,3278.8
2001-04-12,3302.8
2001-04-16,3215.15
2001-04-17,3203.62
2001-04-18,3309.7
2001-04-19,3211.13
2001-04-20,3074.3
2001-04-23,3131.16
2001-04-24,3174.47
2001-04-25,3212.59
2001-04-26,3325.22
2001-04-27,3362.15
2001-04-30,3358.95
2001-05-02,3363.66
2001-05-03,3396.62
2001-05-04,3398.67
2001-05-07,3357.8
2001-05-08,3338.76
2001-05-09,3373.11
2001-05-10,3431.35
2001-05-11,3354.46
2001-05-14,3295.44
2001-05-15,3305.25
2001-05-16,3379.44
2001-05-17,3406.09
2001-05-18,3418.29
2001-05-21,3458.59
2001-05-22,3435.62
2001-05-23,3431.78
2001-05-24,3399.94
2001-05-25,3353.78
2001-05-28,3336.58
2001-05-29,3365.07
2001-05-30,3377.0
2001-05-31,3418.81
2001-06-01,3439.79
2001-06-04,3507.82
2001-06-05,3533.12
2001-06-06,3504.24
2001-06-07,3518.71
2001-06-08,3487.34
2001-06-11,3464.89
2001-06-12,3454.15
2001-06-13,3507.57
2001-06-15,3439.97
2001-06-18,3334.34
2001-06-19,3341.97
2001-06-20,3391.29
2001-06-21,3408.28
2001-06-22,3381.6
2001-06-25,3358.47
2001-06-26,3339.41
2001-06-27,3305.05
2001-06-28,3319.91
2001-06-29,3368.37
2001-07-02,3370.74
2001-07-03,3306.66
2001-07-04,3262.11
2001-07-05,3271.48
2001-07-06,3255.58
2001-07-10,3204.93
2001-07-11,3232.2
2001-07-12,3269.08
2001-07-13,3292.45
2001-07-16,3228.1
2001-07-17,3275.23
2001-07-18,3207.57
2001-07-19,3211.57
2001-07-20,3267.33
2001-07-23,3278.65
2001-07-24,3229.75
2001-07-25,3271.37
2001-07-26,3251.54
2001-07-27,3269.14
2001-07-30,3234.84
2001-07-31,3260.91
2001-08-01,3243.47
2001-08-02,3245.35
2001-08-03,3267.24
2001-08-06,3303.52
2001-08-07,3301.36
2001-08-08,3291.76
2001-08-09,3282.74
2001-08-10,3301.59
2001-08-13,3268.45
2001-08-14,3286.47
2001-08-15,3256.56
2001-08-16,3231.77
2001-08-17,3135.15
2001-08-20,3138.33
2001-08-21,3118.45
2001-08-22,3135.53
2001-08-23,3103.24
2001-08-24,3157.44
2001-08-27,3152.2
2001-08-28,3157.86
2001-08-29,3165.27
2001-08-30,3123.09
2001-08-31,3113.23
2001-09-03,3088.0
2001-09-04,3112.94
2001-09-05,3115.2
2001-09-06,3040.86
2001-09-10,2969.52
2001-09-11,2771.96
2001-09-12,2824.26
2001-09-13,2618.04
2001-09-14,2559.12
2001-09-17,2722.11
2001-09-18,2746.37
2001-09-19,2759.92
2001-09-20,2678.96
2001-09-21,2650.2
2001-09-24,2642.5
2001-09-25,2586.12
2001-09-26,2536.66
2001-09-27,2602.81
2001-09-28,2665.64
2001-10-01,2626.28
2001-10-02,2598.1
2001-10-03,2582.76
2001-10-04,2575.06
2001-10-05,2591.09
2001-10-08,2570.15
2001-10-09,2614.58
2001-10-10,2674.05
2001-10-11,2752.59
2001-10-15,2847.71
2001-10-16,2826.15
2001-10-17,2835.78
2001-10-18,2785.24
2001-10-19,2834.14
2001-10-22,2904.06
2001-10-23,2903.21
2001-10-24,2874.86
2001-10-25,2898.82
2001-10-26,2914.87
2001-10-29,2835.39
2001-10-30,2765.26
2001-10-31,2830.81
2001-11-01,2832.26
2001-11-05,2951.95
2001-11-06,2996.78
2001-11-07,3028.09
2001-11-08,3005.51
2001-11-09,3047.69
2001-11-12,3000.49
2001-11-13,3058.94
2001-11-14,3030.05
2001-11-16,3008.86
2001-11-19,3046.84
2001-11-20,3012.12
2001-11-21,3041.7
2001-11-22,3097.73
2001-11-23,3150.0
2001-11-26,3196.07
2001-11-27,3166.63
2001-11-28,3050.82
2001-11-29,3003.6
2001-11-30,3030.17
2001-12-03,3112.85
2001-12-04,3079.9
2001-12-05,3141.88
2001-12-06,3162.81
2001-12-07,3127.27
2001-12-10,3132.82
2001-12-11,3116.47
2001-12-12,3137.62
2001-12-13,3063.94
2001-12-14,3038.35
2001-12-17,3029.87
2001-12-18,3109.28
2001-12-19,3089.67
2001-12-20,3027.98
2001-12-21,3107.54
2001-12-26,3113.33
2001-12-27,3189.86
2001-12-28,3182.82
2002-01-02,3238.82
2002-01-03,3319.58
2002-01-04,3324.43
2002-01-07,3339.54
2002-01-08,3315.5
2002-01-09,3286.57
2002-01-10,3205.57
2002-01-11,3207.46
2002-01-14,3108.4
2002-01-15,3080.35
2002-01-16,3099.49
2002-01-17,3156.27
2002-01-18,3160.22
2002-01-21,3120.27
2002-01-22,3104.93
2002-01-23,3145.63
2002-01-24,3133.46
2002-01-28,3135.28
2002-01-29,3046.23
2002-01-30,3043.07
2002-01-31,3089.01
2002-02-01,3079.42
2002-02-04,3067.3
2002-02-05,3104.29
2002-02-06,3115.05
2002-02-07,3108.36
2002-02-08,3087.36
2002-02-13,3152.74
2002-02-14,3210.52
2002-02-15,3229.95
2002-02-18,3202.97
2002-02-19,3186.71
2002-02-20,3235.95
2002-02-21,3300.74
2002-02-22,3315.98
2002-02-25,3385.34
2002-02-26,3393.38
2002-02-27,3451.59
2002-02-28,3440.13
2002-03-01,3512.0
2002-03-04,3526.75
2002-03-05,3423.84
2002-03-06,3400.5
2002-03-07,3386.25
2002-03-08,3413.58
2002-03-11,3379.61
2002-03-12,3472.59
2002-03-13,3496.25
2002-03-14,3480.47
2002-03-15,3538.6
2002-03-18,3531.62
2002-03-19,3526.61
2002-03-20,3516.45
2002-03-21,3446.18
2002-03-22,3376.57
2002-03-25,3381.71
2002-03-26,3439.21
2002-03-27,3423.99
2002-03-28,3404.82
2002-04-01,3462.0
2002-04-02,3413.78
2002-04-03,3378.81
2002-04-04,3428.28
2002-04-05,3408.86
2002-04-08,3403.16
2002-04-09,3408.25
2002-04-10,3460.61
2002-04-11,3460.65
2002-04-12,3519.74
2002-04-15,3487.88
2002-04-16,3519.07
2002-04-17,3543.94
2002-04-18,3510.45
2002-04-19,3482.34
2002-04-22,3455.46
2002-04-23,3465.16
2002-04-24,3499.31
2002-04-25,3463.94
2002-04-26,3424.95
2002-04-29,3431.29
2002-04-30,3430.61
2002-05-02,3341.69
2002-05-03,3349.11
2002-05-06,3312.71
2002-05-07,3307.43
2002-05-08,3371.8
2002-05-09,3277.25
2002-05-10,3270.66
2002-05-13,3245.15
2002-05-14,3290.8
2002-05-15,3313.55
2002-05-16,3373.82
2002-05-17,3377.03
2002-05-20,3369.86
2002-05-21,3377.45
2002-05-22,3346.43
2002-05-23,3378.01
2002-05-24,3389.03
2002-05-27,3395.76
2002-05-28,3399.55
2002-05-29,3441.14
2002-05-31,3404.75
2002-06-03,3393.06
2002-06-04,3399.8
2002-06-05,3389.35
2002-06-06,3289.57
2002-06-07,3298.9
2002-06-10,3367.12
2002-06-11,3309.9
2002-06-12,3280.28
2002-06-13,3233.7
2002-06-14,3159.51
2002-06-17,3200.83
2002-06-18,3193.04
2002-06-19,3128.52
2002-06-20,2980.75
2002-06-21,2866.2
2002-06-24,2919.94
2002-06-25,2987.22
2002-06-26,3016.65
2002-06-27,3099.47
2002-06-28,3134.89
2002-07-01,3098.95
2002-07-02,3085.93
2002-07-03,3045.81
2002-07-04,3055.04
2002-07-05,3021.1
2002-07-08,3042.49
2002-07-10,3005.46
2002-07-11,3020.69
2002-07-12,3059.82
2002-07-15,3005.38
2002-07-16,3018.07
2002-07-17,3071.29
2002-07-18,3071.03
2002-07-19,3025.84
2002-07-22,2865.66
2002-07-23,2810.04
2002-07-24,2854.71
2002-07-25,2774.24
2002-07-26,2659.2
2002-07-29,2657.19
2002-07-30,2679.48
2002-07-31,2819.98
2002-08-01,2796.31
2002-08-02,2837.05
2002-08-05,2774.86
2002-08-06,2808.04
2002-08-07,2834.59
2002-08-08,2958.8
2002-08-09,2927.65
2002-08-12,2851.54
2002-08-13,2762.36
2002-08-14,2741.49
2002-08-15,2701.74
2002-08-16,2775.72
2002-08-19,2748.03
2002-08-20,2713.39
2002-08-21,2756.09
2002-08-22,2814.13
2002-08-23,2807.95
2002-08-26,2893.99
2002-08-27,2973.53
2002-08-28,2948.1
2002-08-29,2942.58
2002-08-30,2935.16
2002-09-02,2939.59
2002-09-03,2921.43
2002-09-04,2923.57
2002-09-05,2876.77
2002-09-06,2884.32
2002-09-09,2921.2
2002-09-10,2938.36
2002-09-11,2991.8
2002-09-12,2980.11
2002-09-13,2990.13
2002-09-16,2930.24
2002-09-17,2874.02
2002-09-18,2850.61
2002-09-19,2814.19
2002-09-20,2861.21
2002-09-23,2806.0
2002-09-24,2790.73
2002-09-25,2773.14
2002-09-26,2775.35
2002-09-27,2668.28
2002-09-30,2640.8
2002-10-01,2737.19
2002-10-02,2715.74
2002-10-03,2806.23
2002-10-04,2811.11
2002-10-07,2729.48
2002-10-08,2728.88
2002-10-09,2700.26
2002-10-10,2726.64
2002-10-11,2707.03
2002-10-14,2607.34
2002-10-15,2613.8
2002-10-16,2590.04
2002-10-17,2738.17
2002-10-18,2756.44
2002-10-21,2786.26
2002-10-22,2830.38
2002-10-23,2977.69
2002-10-24,3008.78
2002-10-25,3066.14
2002-10-28,2993.06
2002-10-29,2976.03
2002-10-30,3084.73
2002-10-31,3124.73
2002-11-01,3102.54
2002-11-04,3034.64
2002-11-05,2993.59
2002-11-06,2974.93
2002-11-07,3007.12
2002-11-08,3019.34
2002-11-11,3028.12
2002-11-12,2992.28
2002-11-13,3001.89
2002-11-14,3038.76
2002-11-18,3082.97
2002-11-19,3045.33
2002-11-20,3060.95
2002-11-21,3127.33
2002-11-22,3121.29
2002-11-25,3094.22
2002-11-26,3066.92
2002-11-27,3079.63
2002-11-28,3073.6
2002-11-29,3167.54
2002-12-02,3197.14
2002-12-03,3187.84
2002-12-04,3178.11
2002-12-05,3143.64
2002-12-06,3171.69
2002-12-09,3125.92
2002-12-10,3142.01
2002-12-11,3215.72
2002-12-12,3225.92
2002-12-13,3200.9
2002-12-16,3225.28
2002-12-17,3243.98
2002-12-18,3256.07
2002-12-19,3316.41
2002-12-20,3379.27
2002-12-23,3359.45
2002-12-26,3346.06
2002-12-27,3324.51
2002-12-30,3364.1
2003-01-02,3397.25
2003-01-03,3378.41
2003-01-06,3448.54
2003-01-07,3395.15
2003-01-08,3388.06
2003-01-09,3444.82
2003-01-10,3492.51
2003-01-13,3466.19
2003-01-14,3470.8
2003-01-15,3458.59
2003-01-16,3456.33
2003-01-17,3384.36
2003-01-20,3376.98
2003-01-21,3351.1
2003-01-22,3263.14
2003-01-23,3247.78
2003-01-24,3175.79
2003-01-27,3141.31
2003-01-28,3136.85
2003-01-29,3222.44
2003-01-30,3203.62
2003-01-31,3250.02
2003-02-03,3271.04
2003-02-04,3227.63
2003-02-05,3244.64
2003-02-06,3223.27
2003-02-07,3182.19
2003-02-10,3217.68
2003-02-11,3223.13
2003-02-12,3228.94
2003-02-13,3148.14
2003-02-14,3129.67
2003-02-17,3152.92
2003-02-18,3203.69
2003-02-19,3164.17
2003-02-20,3147.04
2003-02-21,3181.44
2003-02-24,3145.2
2003-02-25,3118.32
2003-02-26,3083.17
2003-02-27,3095.02
2003-02-28,3152.89
2003-03-05,3136.28
2003-03-06,3201.06
2003-03-07,3219.49
2003-03-10,3142.5
2003-03-11,3158.89
2003-03-12,3207.85
2003-03-13,3248.42
2003-03-14,3271.98
2003-03-17,3282.54
2003-03-18,3351.06
2003-03-19,3330.13
2003-03-20,3374.07
2003-03-21,3401.71
2003-03-24,3325.42
2003-03-25,3360.05
2003-03-26,3357.7
2003-03-27,3364.96
2003-03-28,3391.64
2003-03-31,3368.96
2003-04-01,3429.39
2003-04-02,3477.16
2003-04-03,3494.37
2003-04-04,3508.2
2003-04-07,3502.7
2003-04-08,3423.66
2003-04-09,3427.47
2003-04-10,3414.16
2003-04-11,3418.68
2003-04-14,3431.92
2003-04-15,3463.96
2003-04-16,3447.44
2003-04-17,3505.69
2003-04-22,3522.43
2003-04-23,3527.36
2003-04-24,3471.27
2003-04-25,3464.6
2003-04-28,3520.17
2003-04-29,3562.56
2003-04-30,3554.17
2003-05-02,3618.28
2003-05-05,3664.64
2003-05-06,3626.82
2003-05-07,3673.0
2003-05-08,3645.25
2003-05-09,3715.01
2003-05-12,3739.81
2003-05-13,3769.19
2003-05-14,3754.31
2003-05-15,3722.48
2003-05-16,3724.94
2003-05-19,3636.97
2003-05-20,3644.08
2003-05-21,3699.76
2003-05-22,3712.04
2003-05-23,3701.95
2003-05-26,3650.36
2003-05-27,3732.11
2003-05-28,3755.28
2003-05-29,3744.87
2003-05-30,3745.93
2003-06-02,3710.46
2003-06-03,3718.1
2003-06-04,3802.2
2003-06-05,3799.56
2003-06-06,3839.15
2003-06-09,3804.52
2003-06-10,3797.53
2003-06-11,3793.56
2003-06-12,3829.05
2003-06-13,3794.37
2003-06-16,3818.65
2003-06-17,3819.13
2003-06-18,3768.16
2003-06-20,3687.72
2003-06-23,3648.17
2003-06-24,3671.68
2003-06-25,3657.18
2003-06-26,3675.74
2003-06-27,3665.07
2003-06-30,3648.06
2003-07-01,3714.01
2003-07-02,3719.01
2003-07-03,3697.08
2003-07-04,3744.03
2003-07-07,3790.15
2003-07-08,3828.8
2003-07-10,3820.51
2003-07-11,3785.93
2003-07-14,3835.12
2003-07-15,3849.83
2003-07-16,3819.63
2003-07-17,3837.28
2003-07-18,3876.62
2003-07-21,3868.87
2003-07-22,3898.98
2003-07-23,3902.39
2003-07-24,3903.82
2003-07-25,3918.76
2003-07-28,3920.51
2003-07-29,3919.51
2003-07-30,3901.94
2003-07-31,3938.69
2003-08-01,3842.83
2003-08-04,3789.77
2003-08-05,3817.58
2003-08-06,3790.41
2003-08-07,3877.58
2003-08-08,3943.15
2003-08-11,3952.46
2003-08-12,3972.85
2003-08-13,3979.61
2003-08-14,4041.87
2003-08-15,4050.13
2003-08-18,4101.27
2003-08-19,4092.53
2003-08-20,4157.18
2003-08-21,4207.89
2003-08-22,4187.5
2003-08-25,4152.96
2003-08-26,4214.54
2003-08-27,4299.29
2003-08-28,4310.64
2003-08-29,4361.25
2003-09-01,4403.64
2003-09-02,4416.94
2003-09-03,4487.0
2003-09-04,4536.8
2003-09-05,4580.36
2003-09-08,4581.57
2003-09-09,4460.87
2003-09-10,4502.31
2003-09-11,4559.43
2003-09-12,4559.22
2003-09-15,4492.84
2003-09-16,4499.68
2003-09-17,4527.93
2003-09-18,4595.59
2003-09-19,4579.98
2003-09-22,4510.5
2003-09-23,4475.39
2003-09-24,4422.6
2003-09-25,4361.73
2003-09-26,4356.76
2003-09-29,4432.17
2003-09-30,4409.42
2003-10-01,4568.85
2003-10-02,4659.21
2003-10-03,4721.82
2003-10-06,4757.67
2003-10-07,4779.81
2003-10-08,4818.27
2003-10-09,4790.4
2003-10-10,4764.18
2003-10-13,4874.07
2003-10-14,4867.8
2003-10-15,4816.02
2003-10-16,4821.9
2003-10-17,4795.25
2003-10-20,4867.78
2003-10-21,4869.13
2003-10-22,4805.64
2003-10-23,4705.58
2003-10-24,4740.19
2003-10-27,4740.53
2003-10-28,4805.93
2003-10-29,4751.95
2003-10-30,4791.16
2003-10-31,4774.44
2003-11-03,4870.95
2003-11-04,4884.61
2003-11-05,4810.16
2003-11-06,4845.73
2003-11-07,4864.67
2003-11-10,4819.41
2003-11-11,4819.56
2003-11-12,4910.48
2003-11-13,4916.92
2003-11-14,4975.51
2003-11-17,4891.04
2003-11-18,4921.52
2003-11-19,4917.23
2003-11-20,4972.99
2003-11-21,4990.61
2003-11-24,5060.48
2003-11-25,5110.81
2003-11-26,5103.38
2003-11-27,5151.0
2003-11-28,5218.38
2003-12-01,5304.76
2003-12-02,5316.64
2003-12-03,5338.9
2003-12-04,5329.95
2003-12-05,5419.86
2003-12-08,5452.59
2003-12-09,5586.24
2003-12-10,5528.08
2003-12-11,5590.08
2003-12-12,5570.47
2003-12-15,5521.16
2003-12-16,5527.45
2003-12-17,5629.62
2003-12-18,5740.71
2003-12-19,5779.77
2003-12-22,5904.12
2003-12-23,5893.4
2003-12-26,5900.07
2003-12-29,5967.38
2003-12-30,6004.69
2004-01-02,6102.0
2004-01-05,6390.26
2004-01-06,6439.78
2004-01-07,6351.58
2004-01-08,6394.1
2004-01-09,6395.38
2004-01-12,6446.88
2004-01-13,6420.33
2004-01-14,6278.81
2004-01-15,6162.85
2004-01-16,6195.42
2004-01-19,6253.67
2004-01-20,6335.72
2004-01-21,6232.11
2004-01-22,6168.52
2004-01-23,6274.24
2004-01-26,6420.76
2004-01-27,6411.32
2004-01-28,6333.17
2004-01-29,5991.65
2004-01-30,5875.45
2004-02-02,5871.86
2004-02-03,5998.71
2004-02-04,5904.5
2004-02-05,5772.8
2004-02-06,5929.26
2004-02-09,5957.91
2004-02-10,6026.98
2004-02-11,6248.09
2004-02-12,6242.92
2004-02-13,6131.83
2004-02-16,6038.58
2004-02-17,6135.6
2004-02-18,6081.08
2004-02-19,5850.92
2004-02-20,5901.66
2004-02-25,5973.63
2004-02-26,5927.09
2004-02-27,6041.28
2004-03-01,6255.27
2004-03-02,6217.98
2004-03-03,6198.08
2004-03-04,6153.5
2004-03-05,6208.18
2004-03-08,6199.62
2004-03-09,6128.08
2004-03-10,5880.53
2004-03-11,5698.93
2004-03-12,5897.35
2004-03-15,5767.68
2004-03-16,5819.13
2004-03-17,5944.89
2004-03-18,6044.87
2004-03-19,6002.01
2004-03-22,5878.22
2004-03-23,5809.08
2004-03-24,5760.72
2004-03-25,5744.51
2004-03-26,5872.88
2004-03-29,5901.99
2004-03-30,6028.74
2004-03-31,6077.67
2004-04-01,6149.09
2004-04-02,6227.91
2004-04-05,6218.36
2004-04-06,6224.95
2004-04-07,6103.42
2004-04-08,6139.71
2004-04-12,6170.63
2004-04-13,6102.64
2004-04-14,6020.21
2004-04-15,5920.4
2004-04-16,5921.62
2004-04-19,5886.74
2004-04-20,5747.22
2004-04-22,5714.05
2004-04-23,5786.06
2004-04-26,5708.51
2004-04-27,5738.52
2004-04-28,5537.38
2004-04-29,5362.35
2004-04-30,5283.41
2004-05-03,5327.33
2004-05-04,5434.16
2004-05-05,5469.27
2004-05-06,5257.82
2004-05-07,5137.17
2004-05-10,4911.54
2004-05-11,5162.23
2004-05-12,5141.14
2004-05-13,5217.57
2004-05-14,5185.1
2004-05-17,5060.18
2004-05-18,5184.24
2004-05-19,5248.18
2004-05-20,5174.54
2004-05-21,5158.07
2004-05-24,5282.56
2004-05-25,5319.01
2004-05-26,5382.92
2004-05-27,5527.14
2004-05-28,5482.6
2004-05-31,5480.98
2004-06-01,5535.12
2004-06-02,5548.59
2004-06-03,5473.14
2004-06-04,5552.75
2004-06-07,5710.0
2004-06-08,5667.46
2004-06-09,5550.78
2004-06-11,5557.68
2004-06-14,5471.11
2004-06-15,5567.81
2004-06-16,5607.6
2004-06-17,5595.26
2004-06-18,5601.0
2004-06-21,5573.5
2004-06-22,5552.42
2004-06-23,5710.58
2004-06-24,5703.59
2004-06-25,5719.52
2004-06-28,5626.11
2004-06-29,5717.93
2004-06-30,5791.82
2004-07-01,5834.01
2004-07-02,5852.48
2004-07-05,5867.92
2004-07-06,5762.11
2004-07-07,5783.74
2004-07-08,5737.78
2004-07-12,5867.62
2004-07-13,5901.7
2004-07-14,5916.35
2004-07-15,6036.33
2004-07-16,6122.06
2004-07-19,6039.9
2004-07-20,6079.28
2004-07-21,5972.08
2004-07-22,5887.19
2004-07-23,5878.89
2004-07-26,5833.08
2004-07-27,5954.37
2004-07-28,6052.74
2004-07-29,6083.38
2004-07-30,6104.61
2004-08-02,6123.87
2004-08-03,6120.61
2004-08-04,6102.15
2004-08-05,5938.48
2004-08-06,6018.74
2004-08-09,5963.86
2004-08-10,6087.29
2004-08-11,6066.74
2004-08-12,6095.43
2004-08-13,6062.72
2004-08-16,6147.5
2004-08-17,6217.11
2004-08-18,6357.69
2004-08-19,6415.05
2004-08-20,6470.92
2004-08-23,6376.66
2004-08-24,6368.16
2004-08-25,6423.34
2004-08-26,6312.83
2004-08-27,6335.72
2004-08-30,6361.0
2004-08-31,6347.49
2004-09-01,6313.1
2004-09-02,6385.67
2004-09-03,6326.41
2004-09-06,6358.23
2004-09-08,6378.83
2004-09-09,6352.71
2004-09-10,6298.15
2004-09-13,6295.64
2004-09-14,6407.87
2004-09-15,6396.94
2004-09-16,6508.49
2004-09-17,6575.25
2004-09-20,6584.25
2004-09-21,6596.98
2004-09-22,6518.8
2004-09-23,6560.47
2004-09-24,6576.85
2004-09-27,6539.05
2004-09-28,6677.93
2004-09-29,6702.83
2004-09-30,6719.87
2004-10-01,6888.45
2004-10-04,6959.43
2004-10-05,7001.51
2004-10-06,6970.01
2004-10-07,6972.32
2004-10-08,6927.35
2004-10-11,6927.4
2004-10-13,6726.83
2004-10-14,6668.5
2004-10-15,6800.87
2004-10-18,6815.7
2004-10-19,6692.23
2004-10-20,6688.24
2004-10-21,6792.08
2004-10-22,6755.32
2004-10-25,6743.37
2004-10-26,6802.45
2004-10-27,6853.01
2004-10-28,6804.98
2004-10-29,6861.15
2004-11-01,6886.46
2004-11-03,6944.59
2004-11-04,6987.64
2004-11-05,6975.77
2004-11-08,6884.05
2004-11-09,6925.4
2004-11-10,7000.8
2004-11-11,6988.65
2004-11-12,7102.08
2004-11-16,6968.42
2004-11-17,7066.97
2004-11-18,7000.16
2004-11-19,6995.79
2004-11-22,7037.76
2004-11-23,6985.23
2004-11-24,7026.05
2004-11-25,7155.26
2004-11-26,7196.9
2004-11-29,7180.54
2004-11-30,7240.53
2004-12-01,7314.99
2004-12-02,7306.72
2004-12-03,7361.38
2004-12-06,7425.74
2004-12-07,7299.01
2004-12-08,7304.07
2004-12-09,7233.48
2004-12-10,7369.19
2004-12-13,7464.78
2004-12-14,7546.31
2004-12-15,7524.6
2004-12-16,7612.65
2004-12-17,7539.86
2004-12-20,7511.48
2004-12-21,7653.43
2004-12-22,7626.41
2004-12-23,7701.44
2004-12-27,7714.83
2004-12-28,7786.46
2004-12-29,7800.01
2004-12-30,7796.79
2005-01-03,7702.79
2005-01-04,7522.92
2005-01-05,7450.48
2005-01-06,7391.66
2005-01-07,7474.92
2005-01-10,7390.87
2005-01-11,7396.62
2005-01-12,7383.59
2005-01-13,7499.36
2005-01-14,7564.71
2005-01-17,7484.51
2005-01-18,7430.72
2005-01-19,7466.4
2005-01-20,7297.43
2005-01-21,7361.62
2005-01-24,7464.34
2005-01-26,7515.86
2005-01-27,7424.87
2005-01-28,7386.67
2005-01-31,7488.1
2005-02-01,7477.36
2005-02-02,7580.06
2005-02-03,7669.29
2005-02-04,7878.25
2005-02-09,8029.55
2005-02-10,8001.59
2005-02-11,8046.09
2005-02-14,8082.33
2005-02-15,8120.51
2005-02-16,8056.28
2005-02-17,8184.58
2005-02-18,8130.16
2005-02-21,8163.01
2005-02-22,8256.12
2005-02-23,8380.52
2005-02-24,8736.28
2005-02-25,8718.6
2005-02-28,8606.1
2005-03-01,8491.01
2005-03-02,8611.99
2005-03-03,8797.25
2005-03-04,8961.83
2005-03-07,9034.95
2005-03-08,8934.65
2005-03-09,8804.61
2005-03-10,8723.17
2005-03-11,8627.31
2005-03-14,8586.56
2005-03-15,8458.23
2005-03-16,8521.51
2005-03-17,8623.64
2005-03-18,8489.0
2005-03-21,8392.38
2005-03-22,8223.03
2005-03-23,8040.1
2005-03-24,8207.66
2005-03-28,8055.21
2005-03-29,7861.53
2005-03-30,8015.86
2005-03-31,8117.29
2005-04-01,8154.37
2005-04-04,8042.71
2005-04-05,7945.28
2005-04-06,7874.25
2005-04-07,8005.26
2005-04-08,7915.31
2005-04-11,7914.45
2005-04-12,7907.44
2005-04-13,7819.42
2005-04-14,7535.44
2005-04-15,7451.69
2005-04-18,7494.44
2005-04-19,7680.6
2005-04-20,7549.19
2005-04-22,7481.45
2005-04-25,7637.4
2005-04-26,7697.11
2005-04-27,7641.41
2005-04-28,7384.49
2005-04-29,7493.06
2005-05-02,7492.99
2005-05-03,7463.8
2005-05-04,7662.3
2005-05-05,7644.33
2005-05-06,7704.3
2005-05-09,7720.57
2005-05-10,7549.33
2005-05-11,7507.04
2005-05-12,7320.17
2005-05-13,7246.8
2005-05-16,7385.17
2005-05-17,7417.06
2005-05-18,7562.84
2005-05-19,7559.72
2005-05-20,7481.32
2005-05-23,7389.47
2005-05-24,7471.59
2005-05-25,7463.51
2005-05-27,7618.47
2005-05-30,7668.33
2005-05-31,7612.31
2005-06-01,7808.14
2005-06-02,7983.18
2005-06-03,7979.22
2005-06-06,7838.64
2005-06-07,7693.3
2005-06-08,7642.04
2005-06-09,7604.33
2005-06-10,7685.8
2005-06-13,7674.52
2005-06-14,7843.79
2005-06-15,7813.01
2005-06-16,7898.8
2005-06-17,7995.29
2005-06-20,7990.36
2005-06-21,7889.21
2005-06-22,7893.5
2005-06-23,7706.27
2005-06-24,7669.39
2005-06-27,7802.21
2005-06-28,7837.91
2005-06-29,7796.52
2005-06-30,7765.72
2005-07-01,7862.37
2005-07-04,7803.1
2005-07-05,7758.75
2005-07-06,7726.42
2005-07-07,7689.53
2005-07-08,7737.38
2005-07-11,7825.84
2005-07-12,7938.01
2005-07-13,8016.85
2005-07-14,7998.49
2005-07-15,7828.37
2005-07-18,7854.91
2005-07-19,7867.57
2005-07-20,7976.06
2005-07-21,8054.09
2005-07-22,8002.59
2005-07-25,7799.13
2005-07-26,7873.22
2005-07-27,8014.4
2005-07-28,8168.63
2005-07-29,8114.93
2005-08-01,8215.09
2005-08-02,8387.92
2005-08-03,8361.22
2005-08-04,8281.46
2005-08-05,8290.96
2005-08-08,8394.49
2005-08-09,8564.35
2005-08-10,8592.45
2005-08-11,8530.81
2005-08-12,8612.28
2005-08-15,8717.93
2005-08-16,8615.07
2005-08-17,8645.25
2005-08-18,8541.06
2005-08-19,8510.44
2005-08-22,8678.3
2005-08-23,8544.93
2005-08-24,8578.49
2005-08-25,8730.09
2005-08-26,8634.45
2005-08-29,8727.06
2005-08-30,8780.34
2005-08-31,8915.85
2005-09-01,8914.69
2005-09-02,8986.3
2005-09-05,9055.51
2005-09-06,9176.38
2005-09-08,9168.24
2005-09-09,9338.95
2005-09-12,9312.35
2005-09-13,9212.49
2005-09-14,9266.99
2005-09-15,9360.69
2005-09-16,9500.48
2005-09-19,9585.15
2005-09-20,9634.45
2005-09-21,9881.26
2005-09-22,9800.38
2005-09-23,9899.46
2005-09-26,9859.89
2005-09-27,9818.92
2005-09-28,9940.94
2005-09-29,9881.03
2005-09-30,9981.34
2005-10-03,10070.98
2005-10-04,9919.34
2005-10-05,9540.57
2005-10-06,9229.18
2005-10-07,9415.68
2005-10-10,9468.4
2005-10-11,9599.15
2005-10-13,9330.44
2005-10-14,9299.65
2005-10-17,9498.71
2005-10-18,9165.02
2005-10-19,9131.7
2005-10-20,8886.69
2005-10-21,9145.29
2005-10-24,9418.68
2005-10-25,9307.17
2005-10-26,9390.57
2005-10-27,9198.9
2005-10-28,9273.02
2005-10-31,9566.08
2005-11-01,9775.72
2005-11-03,9847.65
2005-11-04,9726.81
2005-11-07,9759.73
2005-11-08,9806.36
2005-11-09,9756.89
2005-11-10,9687.14
2005-11-11,9615.05
2005-11-14,9613.32
2005-11-16,9735.07
2005-11-17,9913.69
2005-11-18,9913.91
2005-11-21,9938.21
2005-11-22,10089.47
2005-11-23,10250.9
2005-11-24,10217.85
2005-11-25,10242.01
2005-11-28,10059.64
2005-11-29,10133.36
2005-11-30,10195.28
2005-12-01,10431.57
2005-12-02,10523.01
2005-12-05,10510.81
2005-12-06,10644.19
2005-12-07,10459.34
2005-12-08,10365.02
2005-12-09,10462.88
2005-12-12,10500.69
2005-12-13,10587.87
2005-12-14,10636.21
2005-12-15,10533.6
2005-12-16,10594.21
2005-12-19,10532.7
2005-12-20,10533.08
2005-12-21,10689.34
2005-12-22,10727.95
2005-12-23,10686.4
2005-12-26,10632.19
2005-12-27,10664.61
2005-12-28,10638.79
2005-12-29,10706.55
2006-01-02,10788.71
2006-01-03,11103.59
2006-01-04,11272.33
2006-01-05,11256.63
2006-01-06,11478.86
2006-01-09,11447.8
2006-01-10,11402.41
2006-01-11,11700.45
2006-01-12,11694.32
2006-01-13,11741.57
2006-01-16,11960.86
2006-01-17,11820.64
2006-01-18,11698.72
2006-01-19,12073.05
2006-01-20,12004.78
2006-01-23,11980.5
2006-01-24,12251.56
2006-01-26,12444.42
2006-01-27,12407.66
2006-01-30,12577.39
2006-01-31,12669.62
2006-02-01,12673.61
2006-02-02,12287.78
2006-02-03,12184.75
2006-02-06,12259.83
2006-02-07,11942.83
2006-02-08,11880.05
2006-02-09,12000.43
2006-02-10,12009.91
2006-02-13,11780.03
2006-02-14,11843.01
2006-02-15,12003.77
2006-02-16,12364.36
2006-02-17,12420.72
2006-02-20,12484.86
2006-02-21,12433.2
2006-02-22,12395.04
2006-02-23,12424.25
2006-02-24,12525.69
2006-03-01,12702.46
2006-03-02,12658.83
2006-03-03,12703.91
2006-03-06,12433.43
2006-03-07,12078.24
2006-03-08,12000.12
2006-03-09,11700.11
2006-03-10,11837.52
2006-03-13,11905.96
2006-03-14,12135.88
2006-03-15,12343.94
2006-03-16,12357.73
2006-03-17,12326.64
2006-03-20,12386.35
2006-03-21,12154.82
2006-03-22,12264.91
2006-03-23,12172.33
2006-03-24,12197.07
2006-03-27,12197.41
2006-03-28,11944.42
2006-03-29,12165.5
2006-03-30,12207.59
2006-03-31,12171.51
2006-04-03,12438.17
2006-04-04,12472.45
2006-04-05,12561.27
2006-04-06,12610.22
2006-04-07,12515.89
2006-04-10,12381.31
2006-04-11,12185.98
2006-04-12,12230.38
2006-04-13,12190.86
2006-04-17,12310.87
2006-04-18,12673.59
2006-04-19,12822.64
2006-04-20,12827.35
2006-04-24,12781.44
2006-04-25,12799.5
2006-04-26,12954.13
2006-04-27,12713.26
2006-04-28,12836.99
2006-05-02,13101.76
2006-05-03,13086.62
2006-05-04,13142.74
2006-05-05,13363.72
2006-05-08,13456.24
2006-05-09,13558.4
2006-05-10,13469.74
2006-05-11,13245.5
2006-05-12,13064.85
2006-05-15,12707.72
2006-05-16,12710.85
2006-05-17,12403.53
2006-05-18,12186.38
2006-05-19,12163.98
2006-05-22,11858.74
2006-05-23,11776.96
2006-05-24,11697.35
2006-05-25,12131.52
2006-05-26,12448.28
2006-05-29,12336.66
2006-05-30,11882.38
2006-05-31,11878.26
2006-06-01,12186.87
2006-06-02,12266.62
2006-06-05,11909.67
2006-06-06,11732.01
2006-06-07,11288.61
2006-06-08,11277.97
2006-06-09,11195.24
2006-06-12,10738.56
2006-06-13,10411.71
2006-06-14,10504.51
2006-06-16,10999.89
2006-06-19,10841.38
2006-06-20,10827.43
2006-06-21,11157.25
2006-06-22,11093.91
2006-06-23,11214.13
2006-06-26,11212.64
2006-06-27,11084.06
2006-06-28,11201.05
2006-06-29,11720.02
2006-06-30,11830.02
2006-07-03,12123.21
2006-07-04,12111.95
2006-07-05,11839.21
2006-07-06,11881.27
2006-07-07,11773.11
2006-07-10,11749.8
2006-07-11,11888.84
2006-07-12,11766.09
2006-07-13,11508.36
2006-07-14,11499.39
2006-07-17,11239.02
2006-07-18,11282.14
2006-07-19,11817.46
2006-07-20,11546.72
2006-07-21,11449.48
2006-07-24,11746.26
2006-07-25,11903.25
2006-07-26,11885.85
2006-07-27,11960.95
2006-07-28,12105.6
2006-07-31,12028.15
2006-08-01,11962.25
2006-08-02,12116.77
2006-08-03,12164.34
2006-08-04,12283.47
2006-08-07,12248.32
2006-08-08,12207.92
2006-08-09,12096.57
2006-08-10,12122.62
2006-08-11,11995.43
2006-08-14,11850.41
2006-08-15,12091.41
2006-08-16,12229.82
2006-08-17,12202.33
2006-08-18,12194.41
2006-08-21,12033.33
2006-08-22,11940.42
2006-08-23,11613.17
2006-08-24,11673.53
2006-08-25,11714.47
2006-08-28,11860.56
2006-08-29,11844.81
2006-08-30,11876.27
2006-08-31,11846.95
2006-09-01,12174.32
2006-09-04,12283.91
2006-09-05,12164.52
2006-09-06,11937.96
2006-09-08,11877.4
2006-09-11,11609.04
2006-09-12,11719.04
2006-09-13,11894.35
2006-09-14,11740.53
2006-09-15,11741.21
2006-09-18,11857.2
2006-09-19,11687.13
2006-09-20,11494.19
2006-09-21,11371.61
2006-09-22,11323.98
2006-09-25,11375.65
2006-09-26,11617.06
2006-09-27,11744.85
2006-09-28,11857.8
2006-09-29,11845.44
2006-10-02,11977.39
2006-10-03,11743.4
2006-10-04,12129.86
2006-10-05,12230.42
2006-10-06,12221.96
2006-10-09,12352.82
2006-10-10,12450.39
2006-10-11,12364.36
2006-10-13,12560.32
2006-10-16,12656.77
2006-10-17,12512.74
2006-10-18,12502.85
2006-10-19,12590.35
2006-10-20,12488.39
2006-10-23,12640.14
2006-10-24,12767.14
2006-10-25,12836.28
2006-10-26,12814.14
2006-10-27,12719.49
2006-10-30,12587.42
2006-10-31,12688.29
2006-11-01,12845.5
2006-11-03,12992.23
2006-11-06,13247.08
2006-11-07,13191.3
2006-11-08,13291.66
2006-11-09,13175.19
2006-11-10,13174.71
2006-11-13,13116.81
2006-11-14,13329.44
2006-11-16,13293.27
2006-11-17,13280.07
2006-11-21,13429.36
2006-11-22,13562.08
2006-11-23,13609.04
2006-11-24,13532.75
2006-11-27,13319.7
2006-11-28,13344.63
2006-11-29,13632.85
2006-11-30,13624.37
2006-12-01,13455.33
2006-12-04,13826.62
2006-12-05,14003.97
2006-12-06,14004.7
2006-12-07,13938.96
2006-12-08,13965.83
2006-12-11,14043.72
2006-12-12,13958.26
2006-12-13,14028.24
2006-12-14,14186.22
2006-12-15,14198.21
2006-12-18,14153.11
2006-12-19,14163.38
2006-12-20,14199.95
2006-12-21,14168.23
2006-12-22,14135.68
2006-12-26,14230.01
2006-12-27,14523.17
2006-12-28,14567.5
2007-01-02,14863.58
2007-01-03,14575.64
2007-01-04,14435.0
2007-01-05,13924.21
2007-01-08,14142.7
2007-01-09,13879.37
2007-01-10,13940.89
2007-01-11,14060.54
2007-01-12,14190.23
2007-01-15,14162.92
2007-01-16,14067.28
2007-01-17,14103.35
2007-01-18,13997.41
2007-01-19,14327.53
2007-01-22,14389.24
2007-01-23,14621.49
2007-01-24,14804.08
2007-01-26,14707.74
2007-01-29,14421.71
2007-01-30,14554.27
2007-01-31,14703.49
2007-02-01,14734.88
2007-02-02,14805.11
2007-02-05,14835.59
2007-02-06,14847.75
2007-02-07,14663.05
2007-02-08,14744.41
2007-02-09,14546.0
2007-02-12,14429.61
2007-02-13,14762.66
2007-02-14,14995.94
2007-02-15,14972.21
2007-02-16,14926.08
2007-02-21,14971.37
2007-02-22,15109.15
2007-02-23,14985.7
2007-02-26,15046.57
2007-02-27,14136.18
2007-02-28,14313.98
2007-03-01,14215.45
2007-03-02,13848.22
2007-03-05,13496.61
2007-03-06,14133.89
2007-03-07,13989.59
2007-03-08,14247.91
2007-03-09,14419.89
2007-03-12,14426.9
2007-03-13,13992.3
2007-03-14,14136.32
2007-03-15,14129.27
2007-03-16,13948.76
2007-03-19,14258.32
2007-03-20,14427.01
2007-03-21,14811.79
2007-03-22,14780.86
2007-03-23,14832.56
2007-03-26,14883.78
2007-03-27,14730.61
2007-03-28,14497.12
2007-03-29,14780.13
2007-03-30,14922.04
2007-04-02,14832.0
2007-04-03,15065.37
2007-04-04,15185.33
2007-04-05,15231.41
2007-04-09,15279.51
2007-04-10,15388.34
2007-04-11,15268.56
2007-04-12,15383.93
2007-04-13,15527.59
2007-04-16,15878.45
2007-04-17,15861.57
2007-04-18,15816.13
2007-04-19,15806.83
2007-04-20,16007.09
2007-04-23,15949.18
2007-04-24,15888.91
2007-04-25,16087.54
2007-04-26,15905.0
2007-04-27,15929.2
2007-04-30,15788.34
2007-05-02,15967.77
2007-05-03,16239.43
2007-05-04,16367.29
2007-05-07,16261.16
2007-05-08,16278.49
2007-05-09,16661.17
2007-05-10,16317.29
2007-05-11,16506.23
2007-05-14,16336.92
2007-05-15,16336.55
2007-05-16,16713.09
2007-05-17,16720.07
2007-05-18,16909.18
2007-05-21,16976.99
2007-05-22,16859.39
2007-05-23,16779.23
2007-05-24,16362.39
2007-05-25,16654.71
2007-05-28,16819.35
2007-05-29,16667.6
2007-05-30,16887.73
2007-05-31,16809.53
2007-06-01,17218.87
2007-06-04,17223.32
2007-06-05,17210.9
2007-06-06,16862.3
2007-06-08,16860.26
2007-06-11,17034.16
2007-06-12,16746.42
2007-06-13,17101.15
2007-06-14,17331.93
2007-06-15,17607.13
2007-06-18,17667.54
2007-06-19,17598.89
2007-06-20,17425.11
2007-06-21,17581.21
2007-06-22,17488.25
2007-06-25,17412.4
2007-06-26,17296.56
2007-06-27,17394.01
2007-06-28,17351.85
2007-06-29,17492.07
2007-07-02,17781.12
2007-07-03,17924.44
2007-07-04,17948.44
2007-07-05,18027.97
2007-07-06,18166.79
2007-07-10,18007.66
2007-07-11,18204.09
2007-07-12,18687.46
2007-07-13,18680.01
2007-07-16,18622.92
2007-07-17,18717.8
2007-07-18,18712.27
2007-07-19,18950.52
2007-07-20,18740.07
2007-07-23,18981.37
2007-07-24,18258.04
2007-07-25,18270.01
2007-07-26,17625.9
2007-07-27,17274.7
2007-07-30,17789.07
2007-07-31,17697.23
2007-08-01,17641.61
2007-08-02,17771.42
2007-08-03,17228.07
2007-08-06,17285.59
2007-08-07,17512.34
2007-08-08,17949.04
2007-08-09,17418.42
2007-08-10,17171.36
2007-08-13,17118.33
2007-08-14,16685.4
2007-08-15,16097.75
2007-08-16,15710.39
2007-08-17,15879.51
2007-08-20,16132.77
2007-08-21,16306.33
2007-08-22,16941.33
2007-08-23,16980.93
2007-08-24,17321.99
2007-08-27,17365.73
2007-08-28,16872.94
2007-08-29,17213.55
2007-08-30,17255.94
2007-08-31,17866.02
2007-09-03,17935.4
2007-09-04,18060.72
2007-09-05,17807.03
2007-09-06,17916.5
2007-09-10,17311.22
2007-09-11,17655.64
2007-09-12,17670.77
2007-09-13,18001.69
2007-09-14,17861.6
2007-09-17,17787.25
2007-09-18,18561.22
2007-09-19,18728.35
2007-09-20,18663.84
2007-09-21,18934.25
2007-09-24,19308.24
2007-09-25,19310.63
2007-09-26,19623.06
2007-09-27,20093.64
2007-09-28,19879.2
2007-10-01,20516.99
2007-10-02,20504.42
2007-10-03,19783.91
2007-10-04,19809.08
2007-10-05,20502.93
2007-10-08,20641.87
2007-10-09,20934.11
2007-10-10,20833.09
2007-10-11,20589.31
2007-10-15,20813.84
2007-10-16,20386.94
2007-10-17,20847.33
2007-10-18,20871.82
2007-10-19,20062.98
2007-10-22,20091.89
2007-10-23,20593.51
2007-10-24,20581.73
2007-10-25,20561.17
2007-10-26,21268.74
2007-10-29,21589.61
2007-10-30,21252.3
2007-10-31,21614.61
2007-11-01,21219.17
2007-11-05,20772.32
2007-11-06,21286.98
2007-11-07,20984.63
2007-11-08,21201.45
2007-11-09,21444.92
2007-11-12,20510.89
2007-11-13,20940.47
2007-11-14,21435.69
2007-11-16,21383.22
2007-11-19,20662.43
2007-11-21,20049.95
2007-11-22,20103.34
2007-11-23,20222.59
2007-11-26,19730.02
2007-11-27,19853.15
2007-11-28,20620.92
2007-11-29,20750.16
2007-11-30,21016.47
2007-12-03,21109.19
2007-12-04,21219.64
2007-12-05,21726.91
2007-12-06,22065.9
2007-12-07,22001.56
2007-12-10,21951.76
2007-12-11,21683.27
2007-12-12,21771.5
2007-12-13,21110.6
2007-12-14,21015.54
2007-12-17,20133.42
2007-12-18,20548.83
2007-12-19,20853.02
2007-12-20,20914.23
2007-12-21,21282.87
2007-12-26,21705.33
2007-12-27,21500.45
2007-12-28,21534.73
2008-01-02,21104.27
2008-01-03,21063.34
2008-01-04,20409.8
2008-01-07,20198.63
2008-01-08,20707.13
2008-01-09,20851.52
2008-01-10,21068.87
2008-01-11,20594.06
2008-01-14,20656.98
2008-01-15,19889.42
2008-01-16,19358.51
2008-01-17,18772.83
2008-01-18,18931.35
2008-01-21,17652.41
2008-01-22,18504.45
2008-01-23,17930.5
2008-01-24,19135.37
2008-01-28,19584.49
2008-01-29,19734.21
2008-01-30,19996.32
2008-01-31,19670.43
2008-02-01,20128.23
2008-02-06,19446.87
2008-02-07,19532.62
2008-02-08,19588.63
2008-02-11,20091.09
2008-02-12,20420.64
2008-02-13,20729.61
2008-02-14,20485.94
2008-02-15,20324.59
2008-02-18,20864.27
2008-02-19,20769.56
2008-02-20,21198.29
2008-02-21,21137.41
2008-02-22,21355.88
2008-02-25,21504.06
2008-02-26,21609.82
2008-02-27,21781.56
2008-02-28,21886.88
2008-02-29,21034.89
2008-03-03,21231.83
2008-03-04,20828.45
2008-03-05,21236.21
2008-03-06,20750.4
2008-03-07,20398.14
2008-03-10,19881.1
2008-03-11,20632.15
2008-03-12,20540.35
2008-03-13,20548.45
2008-03-14,20476.5
2008-03-17,19712.83
2008-03-18,20245.82
2008-03-19,19148.69
2008-03-20,19161.29
2008-03-24,19466.01
2008-03-25,20053.22
2008-03-26,20201.09
2008-03-27,19930.85
2008-03-28,19838.14
2008-03-31,20077.53
2008-04-01,20608.95
2008-04-02,20796.47
2008-04-03,21044.18
2008-04-04,21114.2
2008-04-07,21099.0
2008-04-08,21279.03
2008-04-09,20979.9
2008-04-10,21011.35
2008-04-11,20693.05
2008-04-14,20771.63
2008-04-15,20985.8
2008-04-16,21398.15
2008-04-17,21603.7
2008-04-18,21754.21
2008-04-22,21924.85
2008-04-23,21739.64
2008-04-24,21508.16
2008-04-25,21720.77
2008-04-28,21921.82
2008-04-29,21285.9
2008-04-30,22451.18
2008-05-02,22867.8
2008-05-05,23158.59
2008-05-06,23263.26
2008-05-07,22939.09
2008-05-08,23150.69
2008-05-09,23172.39
2008-05-12,23407.48
2008-05-13,23485.39
2008-05-14,23308.34
2008-05-15,23791.26
2008-05-16,24251.7
2008-05-19,24537.17
2008-05-20,24634.63
2008-05-21,24329.62
2008-05-23,23940.35
2008-05-26,24076.96
2008-05-27,23799.07
2008-05-28,24427.62
2008-05-29,23818.16
2008-05-30,24080.74
2008-06-02,23924.02
2008-06-03,23222.12
2008-06-04,22714.14
2008-06-05,23568.46
2008-06-06,23191.95
2008-06-09,22984.17
2008-06-10,22437.7
2008-06-11,22111.0
2008-06-12,22289.99
2008-06-13,22312.52
2008-06-16,22320.8
2008-06-17,22664.42
2008-06-18,22248.35
2008-06-19,22020.2
2008-06-20,21392.11
2008-06-23,21464.93
2008-06-24,21333.39
2008-06-25,21864.27
2008-06-26,21327.05
2008-06-27,21385.17
2008-06-30,21694.78
2008-07-01,21244.41
2008-07-02,20483.79
2008-07-03,19852.73
2008-07-04,19928.78
2008-07-07,19817.73
2008-07-08,19832.94
2008-07-10,19901.23
2008-07-11,19850.67
2008-07-14,20002.08
2008-07-15,19931.72
2008-07-16,20212.83
2008-07-17,19572.38
2008-07-18,19585.23
2008-07-21,19858.88
2008-07-22,19459.17
2008-07-23,19316.16
2008-07-24,18601.68
2008-07-25,18467.05
2008-07-28,18437.38
2008-07-29,18806.41
2008-07-30,19545.9
2008-07-31,19366.95
2008-08-01,18724.13
2008-08-04,17932.2
2008-08-05,18161.01
2008-08-06,18532.6
2008-08-07,18453.06
2008-08-08,18272.06
2008-08-11,17689.66
2008-08-12,17600.3
2008-08-13,17739.12
2008-08-14,17928.71
2008-08-15,17614.26
2008-08-18,17261.77
2008-08-19,17409.09
2008-08-20,18086.75
2008-08-21,18342.07
2008-08-22,18313.92
2008-08-25,17816.05
2008-08-26,17789.51
2008-08-27,18193.01
2008-08-28,18463.65
2008-08-29,18231.87
2008-09-01,18031.02
2008-09-02,17781.92
2008-09-03,17534.32
2008-09-04,16859.98
2008-09-05,17030.73
2008-09-08,16639.71
2008-09-09,15868.18
2008-09-10,16248.46
2008-09-11,16862.24
2008-09-12,17233.13
2008-09-15,15883.36
2008-09-16,16190.58
2008-09-17,15192.83
2008-09-18,16071.14
2008-09-19,17521.09
2008-09-22,17108.55
2008-09-23,16464.78
2008-09-24,16610.62
2008-09-25,17254.89
2008-09-26,16876.43
2008-09-29,15368.86
2008-09-30,16532.9
2008-10-01,16544.0
2008-10-02,15381.24
2008-10-03,14865.72
2008-10-06,14119.03
2008-10-07,13490.27
2008-10-08,13000.3
2008-10-09,12446.48
2008-10-10,11974.93
2008-10-13,13732.57
2008-10-14,13973.86
2008-10-15,12370.17
2008-10-16,12049.24
2008-10-17,12052.56
2008-10-20,13083.36
2008-10-21,12953.72
2008-10-22,11716.62
2008-10-23,11267.02
2008-10-24,10461.64
2008-10-27,9771.21
2008-10-28,10963.36
2008-10-29,11511.73
2008-10-30,12383.11
2008-10-31,12381.49
2008-11-03,12706.39
2008-11-04,13439.29
2008-11-05,12642.5
2008-11-06,12112.64
2008-11-07,12238.97
2008-11-10,12376.98
2008-11-11,12475.41
2008-11-12,11470.77
2008-11-13,12036.99
2008-11-14,11948.87
2008-11-17,11906.54
2008-11-18,11324.56
2008-11-19,11045.71
2008-11-21,10315.46
2008-11-24,11335.92
2008-11-25,11549.13
2008-11-26,12073.28
2008-11-27,11976.46
2008-11-28,12102.3
2008-12-01,11449.31
2008-12-02,11521.8
2008-12-03,11674.11
2008-12-04,11566.32
2008-12-05,11602.24
2008-12-08,12602.86
2008-12-09,12539.53
2008-12-10,12953.34
2008-12-11,12785.49
2008-12-12,13055.77
2008-12-15,12761.38
2008-12-16,13322.88
2008-12-17,13385.63
2008-12-18,13184.89
2008-12-19,13020.35
2008-12-22,12458.6
2008-12-23,12113.71
2008-12-26,12273.67
2008-12-29,12368.07
2008-12-30,12539.75
2009-01-02,13469.47
2009-01-05,13760.46
2009-01-06,13996.15
2009-01-07,13469.52
2009-01-08,13842.38
2009-01-09,13743.32
2009-01-12,13047.58
2009-01-13,13067.74
2009-01-14,12550.43
2009-01-15,12877.16
2009-01-16,12904.72
2009-01-19,12769.54
2009-01-20,12273.48
2009-01-21,12689.25
2009-01-22,12503.91
2009-01-23,12600.31
2009-01-26,12707.43
2009-01-27,12747.83
2009-01-28,13269.74
2009-01-29,13057.35
2009-01-30,12979.2
2009-02-02,12771.91
2009-02-03,13118.04
2009-02-04,13280.55
2009-02-05,13591.6
2009-02-06,14161.01
2009-02-09,14010.15
2009-02-10,13756.33
2009-02-11,13661.37
2009-02-12,13534.36
2009-02-13,13914.55
2009-02-16,13987.02
2009-02-17,13318.99
2009-02-18,13278.24
2009-02-19,13326.6
2009-02-20,12946.75
2009-02-25,12856.71
2009-02-26,12856.09
2009-02-27,12856.53
2009-03-02,12195.84
2009-03-03,12233.6
2009-03-04,12893.66
2009-03-05,12602.65
2009-03-06,12536.19
2009-03-09,12407.15
2009-03-10,13083.26
2009-03-11,13096.18
2009-03-12,13246.53
2009-03-13,13203.54
2009-03-16,13072.07
2009-03-17,13372.95
2009-03-18,13574.46
2009-03-19,13687.32
2009-03-20,13565.32
2009-03-23,14386.37
2009-03-24,14062.81
2009-03-25,14150.36
2009-03-26,14396.69
2009-03-27,14168.24
2009-03-30,13732.09
2009-03-31,13807.22
2009-04-01,14118.16
2009-04-02,14674.83
2009-04-03,14892.01
2009-04-06,14822.8
2009-04-07,14675.77
2009-04-08,14725.22
2009-04-09,15229.46
2009-04-13,15329.02
2009-04-14,15131.81
2009-04-15,15049.47
2009-04-16,15286.41
2009-04-17,15199.17
2009-04-20,14763.92
2009-04-22,14826.28
2009-04-23,15163.06
2009-04-24,15389.2
2009-04-27,15048.96
2009-04-28,15092.98
2009-04-29,15584.45
2009-04-30,15626.47
2009-05-04,16603.85
2009-05-05,16676.8
2009-05-06,16867.5
2009-05-07,16365.42
2009-05-08,16777.89
2009-05-11,16630.84
2009-05-12,16415.63
2009-05-13,15919.01
2009-05-14,16122.48
2009-05-15,15983.6
2009-05-18,16751.24
2009-05-19,16725.38
2009-05-20,16749.54
2009-05-21,16422.72
2009-05-22,16585.93
2009-05-25,16673.37
2009-05-26,17000.35
2009-05-27,16976.37
2009-05-28,17349.13
2009-05-29,17349.35
2009-06-01,17773.07
2009-06-02,17557.5
2009-06-03,16955.72
2009-06-04,17352.43
2009-06-05,17307.27
2009-06-08,17379.8
2009-06-09,17231.62
2009-06-10,17325.47
2009-06-12,17398.13
2009-06-15,16948.48
2009-06-16,16698.05
2009-06-17,16601.61
2009-06-18,16560.62
2009-06-19,16713.35
2009-06-22,16149.33
2009-06-23,16181.6
2009-06-24,16107.79
2009-06-25,16627.55
2009-06-26,16659.07
2009-06-29,16856.44
2009-06-30,16660.03
2009-07-01,16630.4
2009-07-02,16468.81
2009-07-03,16404.56
2009-07-06,16285.04
2009-07-07,15939.9
2009-07-08,15856.71
2009-07-10,15895.73
2009-07-13,15936.11
2009-07-14,15816.33
2009-07-15,16515.77
2009-07-16,16675.49
2009-07-17,16737.84
2009-07-20,17093.03
2009-07-21,17091.25
2009-07-22,16999.28
2009-07-23,17360.13
2009-07-24,17433.74
2009-07-27,17458.11
2009-07-28,17405.2
2009-07-29,17160.75
2009-07-30,17386.19
2009-07-31,17489.18
2009-08-03,17863.44
2009-08-04,17818.67
2009-08-05,17961.59
2009-08-06,17786.84
2009-08-07,17955.79
2009-08-10,18092.81
2009-08-11,17700.32
2009-08-12,17896.5
2009-08-13,17981.76
2009-08-14,17861.94
2009-08-17,17448.78
2009-08-18,17601.52
2009-08-19,17757.34
2009-08-20,17951.15
2009-08-21,18197.48
2009-08-24,18199.54
2009-08-25,18138.86
2009-08-26,18220.45
2009-08-27,18175.48
2009-08-28,18192.79
2009-08-31,17823.95
2009-09-01,17607.95
2009-09-02,17528.74
2009-09-03,17605.31
2009-09-04,17905.66
2009-09-08,18266.83
2009-09-09,18348.28
2009-09-10,18532.65
2009-09-11,18487.25
2009-09-14,18616.95
2009-09-15,18786.45
2009-09-16,19128.94
2009-09-17,19102.71
2009-09-18,19251.87
2009-09-21,19303.91
2009-09-22,19459.22
2009-09-23,19174.81
2009-09-24,19004.79
2009-09-25,19076.97
2009-09-28,19406.63
2009-09-29,19443.62
2009-09-30,19573.61
2009-10-01,19311.5
2009-10-02,19531.48
2009-10-05,19879.19
2009-10-06,19934.03
2009-10-07,19887.07
2009-10-08,20274.51
2009-10-09,20387.98
2009-10-13,20508.97
2009-10-14,20957.82
2009-10-15,21113.91
2009-10-16,20976.63
2009-10-19,21316.31
2009-10-20,20728.75
2009-10-21,20744.27
2009-10-22,20974.66
2009-10-23,20682.46
2009-10-26,20687.5
2009-10-27,20127.79
2009-10-28,19200.83
2009-10-29,20287.07
2009-10-30,19642.81
2009-11-03,20030.69
2009-11-04,20388.07
2009-11-05,20653.77
2009-11-06,20526.04
2009-11-09,21053.85
2009-11-10,21091.97
2009-11-11,21142.92
2009-11-12,20532.73
2009-11-13,20806.5
2009-11-16,21181.57
2009-11-17,21423.45
2009-11-18,21180.16
2009-11-19,21071.24
2009-11-23,21226.99
2009-11-24,21369.99
2009-11-25,21563.99
2009-11-26,21075.31
2009-11-27,21297.03
2009-11-30,21304.13
2009-12-01,21766.68
2009-12-02,21837.21
2009-12-03,21719.27
2009-12-04,21503.07
2009-12-07,21777.06
2009-12-08,21509.85
2009-12-09,21556.82
2009-12-10,21763.8
2009-12-11,21899.28
2009-12-14,21885.42
2009-12-15,21896.06
2009-12-16,21694.39
2009-12-17,21233.08
2009-12-18,21163.12
2009-12-21,20901.02
2009-12-22,21303.27
2009-12-23,21337.52
2009-12-28,21439.04
2009-12-29,21584.57
2009-12-30,21672.84
2010-01-04,22154.41
2010-01-05,22204.59
2010-01-06,22351.13
2010-01-07,22276.16
2010-01-08,22226.23
2010-01-11,22259.32
2010-01-12,22158.28
2010-01-13,22236.79
2010-01-14,22046.74
2010-01-15,21809.1
2010-01-18,21997.97
2010-01-19,22138.31
2010-01-20,21614.96
2010-01-21,21042.6
2010-01-22,21051.16
2010-01-26,20823.6
2010-01-27,20660.46
2010-01-28,20870.99
2010-01-29,20758.0
2010-02-01,21081.95
2010-02-02,21231.16
2010-02-03,21234.27
2010-02-04,20289.62
2010-02-05,19896.73
2010-02-08,19989.58
2010-02-09,20469.35
2010-02-10,20593.01
2010-02-11,20926.25
2010-02-12,20861.18
2010-02-17,21290.82
2010-02-18,21446.2
2010-02-19,21333.36
2010-02-22,21201.53
2010-02-23,20858.05
2010-02-24,20778.51
2010-02-25,20862.35
2010-02-26,20994.29
2010-03-01,21192.89
2010-03-02,21369.05
2010-03-03,21364.39
2010-03-04,21379.91
2010-03-05,21678.51
2010-03-08,21613.28
2010-03-09,21904.94
2010-03-10,22013.93
2010-03-11,21997.51
2010-03-12,21839.49
2010-03-15,21767.05
2010-03-16,22035.49
2010-03-17,21970.66
2010-03-18,21921.39
2010-03-19,21656.48
2010-03-22,21739.2
2010-03-23,21784.61
2010-03-24,21654.54
2010-03-25,21524.3
2010-03-26,21597.66
2010-03-29,21924.51
2010-03-30,21956.92
2010-03-31,22088.74
2010-04-01,22308.83
2010-04-05,22369.52
2010-04-06,22324.69
2010-04-07,22265.01
2010-04-08,22575.03
2010-04-09,22480.78
2010-04-12,22198.26
2010-04-13,22214.54
2010-04-14,22317.26
2010-04-15,22180.41
2010-04-16,21807.75
2010-04-19,21741.71
2010-04-20,21845.83
2010-04-22,21814.87
2010-04-23,21857.52
2010-04-26,21639.88
2010-04-27,20936.28
2010-04-28,20987.63
2010-04-29,21385.62
2010-04-30,21270.5
2010-05-03,21032.0
2010-05-04,20354.52
2010-05-05,20382.68
2010-05-06,20048.83
2010-05-07,19913.25
2010-05-10,20634.37
2010-05-11,20349.89
2010-05-12,20533.35
2010-05-13,20411.22
2010-05-14,20060.21
2010-05-17,19937.76
2010-05-18,19394.21
2010-05-19,18961.83
2010-05-20,18445.97
2010-05-21,19065.85
2010-05-24,18947.07
2010-05-25,18689.13
2010-05-26,18967.1
2010-05-27,19558.31
2010-05-28,19545.79
2010-05-31,19997.53
2010-06-01,19583.99
2010-06-02,19928.0
2010-06-04,19587.78
2010-06-07,19405.83
2010-06-08,19579.08
2010-06-09,19506.53
2010-06-10,19919.4
2010-06-11,20041.47
2010-06-14,19943.39
2010-06-15,20214.35
2010-06-16,20328.24
2010-06-17,20224.25
2010-06-18,20208.72
2010-06-21,20371.28
2010-06-22,20296.5
2010-06-23,20357.2
2010-06-24,19935.34
2010-06-25,20202.15
2010-06-28,20019.05
2010-06-29,19358.15
2010-06-30,19055.67
2010-07-01,19207.93
2010-07-02,19284.67
2010-07-05,19081.09
2010-07-06,19463.18
2010-07-07,19876.54
2010-07-08,19975.82
2010-07-12,19825.24
2010-07-13,19997.23
2010-07-14,19926.06
2010-07-15,19896.1
2010-07-16,19558.91
2010-07-19,19862.15
2010-07-20,20275.09
2010-07-21,20259.83
2010-07-22,20649.05
2010-07-23,20784.44
2010-07-26,20813.09
2010-07-27,20842.58
2010-07-28,20982.53
2010-07-29,20985.47
2010-07-30,21151.28
2010-08-02,21470.37
2010-08-03,21336.45
2010-08-04,21386.08
2010-08-05,21429.34
2010-08-06,21355.14
2010-08-09,21309.22
2010-08-10,21117.99
2010-08-11,20652.0
2010-08-12,20736.57
2010-08-13,20779.88
2010-08-16,20922.74
2010-08-17,21156.62
2010-08-18,21153.23
2010-08-19,20903.78
2010-08-20,20844.58
2010-08-23,20639.37
2010-08-24,20350.17
2010-08-25,20248.74
2010-08-26,19975.67
2010-08-27,20524.49
2010-08-30,20125.14
2010-08-31,20435.61
2010-09-01,21016.46
2010-09-02,20887.96
2010-09-03,20923.06
2010-09-06,20933.92
2010-09-08,20779.11
2010-09-09,20781.29
2010-09-10,20800.16
2010-09-13,21227.28
2010-09-14,21112.34
2010-09-15,21224.85
2010-09-16,21107.5
2010-09-17,20959.4
2010-09-20,21276.89
2010-09-21,21092.84
2010-09-22,21226.46
2010-09-23,21385.49
2010-09-24,21256.21
2010-09-27,21470.89
2010-09-28,21595.17
2010-09-29,21773.42
2010-09-30,21852.36
2010-10-01,22078.53
2010-10-04,22119.61
2010-10-05,22369.95
2010-10-06,22130.0
2010-10-07,21952.53
2010-10-08,22267.47
2010-10-11,22291.93
2010-10-13,22483.97
2010-10-14,22491.97
2010-10-15,22506.41
2010-10-18,22531.01
2010-10-19,21985.5
2010-10-20,22141.23
2010-10-21,21890.93
2010-10-22,21889.82
2010-10-25,22014.56
2010-10-26,22373.76
2010-10-27,22235.82
2010-10-28,22131.44
2010-10-29,22218.87
2010-11-01,22539.78
2010-11-03,22661.77
2010-11-04,23063.66
2010-11-05,22976.98
2010-11-08,23055.29
2010-11-09,22743.63
2010-11-10,22763.61
2010-11-11,22542.28
2010-11-12,22282.43
2010-11-16,21920.43
2010-11-17,22020.76
2010-11-18,22365.27
2010-11-19,22428.45
2010-11-22,22068.33
2010-11-23,21592.74
2010-11-24,22059.54
2010-11-25,21948.59
2010-11-26,21672.85
2010-11-29,21609.23
2010-11-30,21494.23
2010-12-01,21992.9
2010-12-02,22078.08
2010-12-03,22107.87
2010-12-06,22038.07
2010-12-07,21922.7
2010-12-08,21645.18
2010-12-09,21602.92
2010-12-10,21734.26
2010-12-13,21987.47
2010-12-14,21923.97
2010-12-15,21689.46
2010-12-16,21571.88
2010-12-17,21777.01
2010-12-20,21547.58
2010-12-21,21823.93
2010-12-22,21938.2
2010-12-23,21946.24
2010-12-27,21736.88
2010-12-28,21819.81
2010-12-29,22089.63
2010-12-30,22239.51
2011-01-03,22437.63
2011-01-04,22554.08
2011-01-05,22818.78
2011-01-06,22609.34
2011-01-07,22380.04
2011-01-10,22434.14
2011-01-11,22554.33
2011-01-12,22942.14
2011-01-13,22627.45
2011-01-14,22729.53
2011-01-17,22648.45
2011-01-18,22703.43
2011-01-19,22408.57
2011-01-20,22216.09
2011-01-21,22110.28
2011-01-24,22235.48
2011-01-26,22054.63
2011-01-27,21907.82
2011-01-28,21488.81
2011-01-31,21462.33
2011-02-01,21810.38
2011-02-02,21556.47
2011-02-03,21559.12
2011-02-04,21106.92
2011-02-07,21152.11
2011-02-08,21248.28
2011-02-09,20742.38
2011-02-10,20834.47
2011-02-11,21221.55
2011-02-14,21475.93
2011-02-15,21531.68
2011-02-16,21902.68
2011-02-17,21929.39
2011-02-18,22009.02
2011-02-21,21770.81
2011-02-22,21533.68
2011-02-23,21732.55
2011-02-24,21659.28
2011-02-25,21701.31
2011-02-28,21891.84
2011-03-01,21593.38
2011-03-02,21905.4
2011-03-03,22126.44
2011-03-04,22107.22
2011-03-09,21808.46
2011-03-10,21357.42
2011-03-11,21565.43
2011-03-14,21699.81
2011-03-15,21633.56
2011-03-16,21264.58
2011-03-17,21391.08
2011-03-18,21582.0
2011-03-21,21621.44
2011-03-22,21916.66
2011-03-23,21997.35
2011-03-24,21931.96
2011-03-25,21990.17
2011-03-28,21839.81
2011-03-29,21939.38
2011-03-30,22142.67
2011-03-31,22385.5
2011-04-01,22584.59
2011-04-04,22625.97
2011-04-05,22636.89
2011-04-06,22427.73
2011-04-07,22402.22
2011-04-08,22218.48
2011-04-11,22069.34
2011-04-12,21690.22
2011-04-13,21543.56
2011-04-14,21486.81
2011-04-15,21607.46
2011-04-18,21297.38
2011-04-19,21510.75
2011-04-20,21821.88
2011-04-25,21817.98
2011-04-26,21894.17
2011-04-27,21640.61
2011-04-28,21418.35
2011-04-29,21561.98
2011-05-02,21419.19
2011-05-03,21076.49
2011-05-04,20913.3
2011-05-05,20904.03
2011-05-06,21149.87
2011-05-09,21243.33
2011-05-10,21306.57
2011-05-11,20977.1
2011-05-12,21002.32
2011-05-13,20723.61
2011-05-16,20667.54
2011-05-17,20856.42
2011-05-18,20632.3
2011-05-19,20538.55
2011-05-20,20602.47
2011-05-23,20505.25
2011-05-24,20782.35
2011-05-25,20761.27
2011-05-26,21007.92
2011-05-27,21064.46
2011-05-30,20942.31
2011-05-31,21071.64
2011-06-01,20793.0
2011-06-02,20953.11
2011-06-03,20957.44
2011-06-06,20614.47
2011-06-07,20669.14
2011-06-08,20628.61
2011-06-09,20717.76
2011-06-10,20523.49
2011-06-13,20328.95
2011-06-14,20465.84
2011-06-15,20340.82
2011-06-16,20177.7
2011-06-17,20177.15
2011-06-20,20223.75
2011-06-21,20322.88
2011-06-22,20304.13
2011-06-24,20244.73
2011-06-27,20287.08
2011-06-28,20627.74
2011-06-29,20660.36
2011-06-30,20745.41
2011-07-01,21007.38
2011-07-04,21129.28
2011-07-05,20932.5
2011-07-06,20789.05
2011-07-07,20670.78
2011-07-08,20439.11
2011-07-11,20060.05
2011-07-12,19894.8
2011-07-13,20190.25
2011-07-14,19889.55
2011-07-15,19807.83
2011-07-18,19635.44
2011-07-19,19709.53
2011-07-20,19715.25
2011-07-21,20015.29
2011-07-22,20023.09
2011-07-25,19952.8
2011-07-26,19842.24
2011-07-27,19548.18
2011-07-28,19670.23
2011-07-29,19705.01
2011-08-01,19656.06
2011-08-02,19216.84
2011-08-03,18822.28
2011-08-04,17868.5
2011-08-05,17863.43
2011-08-08,16453.08
2011-08-09,17201.78
2011-08-10,17282.56
2011-08-11,17854.79
2011-08-12,17906.45
2011-08-15,18298.49
2011-08-16,18211.62
2011-08-17,18447.16
2011-08-18,17871.2
2011-08-19,17580.29
2011-08-22,17532.37
2011-08-23,17927.64
2011-08-24,17933.79
2011-08-25,17742.66
2011-08-26,17852.48
2011-08-29,18329.26
2011-08-30,18486.04
2011-08-31,18884.47
2011-09-01,19381.84
2011-09-02,18936.79
2011-09-05,18457.19
2011-09-06,18903.86
2011-09-08,19210.02
2011-09-09,18699.72
2011-09-12,18668.56
2011-09-13,18642.52
2011-09-14,18866.88
2011-09-15,18945.69
2011-09-16,19178.9
2011-09-19,19212.63
2011-09-20,19097.26
2011-09-21,18995.11
2011-09-22,18139.21
2011-09-23,18021.06
2011-09-26,18202.91
2011-09-27,18323.41
2011-09-28,18173.01
2011-09-29,18228.49
2011-09-30,18025.46
2011-10-03,17580.62
2011-10-04,17478.75
2011-10-05,17570.8
2011-10-06,17929.15
2011-10-07,17598.68
2011-10-10,18191.08
2011-10-11,18323.77
2011-10-13,18570.69
2011-10-14,18688.1
2011-10-17,18428.68
2011-10-18,18701.81
2011-10-19,18660.05
2011-10-20,18389.71
2011-10-21,18754.14
2011-10-24,19194.98
2011-10-25,19035.89
2011-10-26,19268.99
2011-10-27,19776.86
2011-10-28,19860.55
2011-10-31,19618.15
2011-11-01,19359.22
2011-11-03,19677.42
2011-11-04,19809.38
2011-11-07,19997.32
2011-11-08,19909.64
2011-11-09,19500.87
2011-11-10,19397.64
2011-11-11,19733.89
2011-11-14,19720.3
2011-11-16,19858.69
2011-11-17,19347.59
2011-11-18,19252.4
2011-11-21,19121.63
2011-11-22,19009.36
2011-11-23,18749.0
2011-11-24,18848.01
2011-11-25,18689.88
2011-11-28,19017.84
2011-11-29,18832.45
2011-11-30,19410.83
2011-12-01,19813.26
2011-12-02,19760.35
2011-12-05,20051.85
2011-12-06,20231.07
2011-12-07,19986.49
2011-12-08,19685.75
2011-12-09,19906.11
2011-12-12,19673.09
2011-12-13,19731.27
2011-12-14,19466.65
2011-12-15,19360.73
2011-12-16,19325.46
2011-12-19,19178.4
2011-12-20,19697.49
2011-12-21,19646.92
2011-12-22,19853.16
2011-12-23,19977.3
2011-12-26,19934.63
2011-12-27,20044.15
2011-12-28,19603.66
2011-12-29,19706.12
2012-01-02,19889.39
2012-01-03,20324.96
2012-01-04,20350.52
2012-01-05,20128.43
2012-01-06,20127.44
2012-01-09,20244.62
2012-01-10,20372.92
2012-01-11,20405.22
2012-01-12,20407.98
2012-01-13,20274.41
2012-01-16,20520.64
2012-01-17,20717.46
2012-01-18,21059.7
2012-01-19,21083.98
2012-01-20,21140.7
2012-01-23,21178.49
2012-01-24,21236.8
2012-01-26,21287.13
2012-01-27,21232.95
2012-01-30,21199.59
2012-01-31,21267.93
2012-02-01,21630.16
2012-02-02,21588.81
2012-02-03,21735.92
2012-02-06,21766.19
2012-02-07,21984.46
2012-02-08,21967.12
2012-02-09,21908.61
2012-02-10,21409.59
2012-02-13,21861.92
2012-02-14,21589.57
2012-02-15,21586.77
2012-02-16,21848.55
2012-02-17,21906.91
2012-02-22,21908.31
2012-02-23,21832.52
2012-02-24,21956.88
2012-02-27,21806.7
2012-02-28,22035.68
2012-02-29,22086.48
2012-03-01,22415.93
2012-03-02,22671.54
2012-03-05,22389.88
2012-03-06,21816.76
2012-03-07,22085.21
2012-03-08,22350.83
2012-03-09,22424.1
2012-03-12,22302.89
2012-03-13,22857.99
2012-03-14,22872.31
2012-03-15,22714.77
2012-03-16,22743.91
2012-03-19,22787.33
2012-03-20,22618.29
2012-03-21,22544.74
2012-03-22,22242.29
2012-03-23,22247.0
2012-03-26,22624.14
2012-03-27,22518.47
2012-03-28,22134.26
2012-03-29,22092.58
2012-03-30,22035.94
2012-04-02,22319.22
2012-04-03,22019.62
2012-04-04,21644.79
2012-04-05,21645.8
2012-04-09,21415.35
2012-04-10,21156.55
2012-04-11,21136.21
2012-04-12,21700.21
2012-04-13,21392.14
2012-04-16,21310.44
2012-04-17,21486.98
2012-04-18,21645.42
2012-04-19,21588.05
2012-04-20,21630.29
2012-04-23,21400.75
2012-04-24,21468.23
2012-04-25,21299.09
2012-04-26,21442.49
2012-04-27,21410.32
2012-04-30,21489.49
2012-05-02,21618.22
2012-05-03,21443.14
2012-05-04,21036.61
2012-05-07,21167.58
2012-05-08,20894.22
2012-05-09,20738.12
2012-05-10,20769.28
2012-05-11,20650.69
2012-05-14,20164.65
2012-05-15,19874.01
2012-05-16,19781.55
2012-05-17,19203.64
2012-05-18,19364.59
2012-05-21,20055.92
2012-05-22,19767.6
2012-05-23,19528.14
2012-05-24,19290.57
2012-05-25,19340.21
2012-05-28,19560.27
2012-05-29,19500.28
2012-05-30,19304.38
2012-05-31,19640.07
2012-06-01,19309.34
2012-06-04,19295.78
2012-06-05,19050.01
2012-06-06,19615.23
2012-06-08,19604.24
2012-06-11,19482.33
2012-06-12,19846.16
2012-06-13,19947.46
2012-06-14,19837.61
2012-06-15,20029.3
2012-06-18,20154.79
2012-06-19,20546.9
2012-06-20,20512.16
2012-06-21,19959.85
2012-06-22,19915.0
2012-06-25,19388.32
2012-06-26,19472.78
2012-06-27,19399.51
2012-06-28,19327.34
2012-06-29,19813.53
2012-07-02,19871.09
2012-07-03,20244.13
2012-07-04,20319.82
2012-07-05,20459.42
2012-07-06,20188.05
2012-07-10,19639.45
2012-07-11,19600.9
2012-07-12,19553.09
2012-07-13,19865.53
2012-07-16,19680.99
2012-07-17,19756.61
2012-07-18,19941.74
2012-07-19,20141.93
2012-07-20,19845.5
2012-07-23,19504.05
2012-07-24,19389.75
2012-07-25,19424.97
2012-07-26,19823.78
2012-07-27,20607.35
2012-07-30,20799.22
2012-07-31,20428.95
2012-08-01,20467.09
2012-08-02,20240.34
2012-08-03,20690.21
2012-08-06,20972.83
2012-08-07,20913.98
2012-08-08,21263.77
2012-08-09,21170.51
2012-08-10,21318.15
2012-08-13,21240.0
2012-08-14,21004.55
2012-08-15,21034.0
2012-08-16,21336.15
2012-08-17,21221.62
2012-08-20,21233.69
2012-08-21,21068.27
2012-08-22,21201.42
2012-08-23,20979.05
2012-08-24,20939.98
2012-08-27,20865.36
2012-08-28,20903.46
2012-08-29,20570.39
2012-08-30,20502.5
2012-08-31,20397.09
2012-09-03,20513.63
2012-09-04,20216.16
2012-09-05,20413.86
2012-09-06,20870.83
2012-09-10,20875.92
2012-09-11,21098.18
2012-09-12,21155.29
2012-09-13,21705.16
2012-09-14,21868.79
2012-09-17,21873.26
2012-09-18,21800.04
2012-09-19,21687.7
2012-09-20,21691.76
2012-09-21,21636.67
2012-09-24,21765.57
2012-09-25,21254.05
2012-09-26,21265.75
2012-09-27,21223.83
2012-09-28,20965.76
2012-10-01,21124.89
2012-10-02,21131.85
2012-10-03,20899.18
2012-10-04,20960.61
2012-10-05,21049.28
2012-10-08,21257.82
2012-10-09,21054.7
2012-10-10,20911.66
2012-10-11,21144.56
2012-10-15,21238.8
2012-10-16,21368.07
2012-10-17,21420.78
2012-10-18,21370.61
2012-10-19,21129.56
2012-10-22,21038.15
2012-10-23,20709.01
2012-10-24,20667.75
2012-10-25,20922.06
2012-10-26,20848.75
2012-10-29,20819.76
2012-10-30,20954.67
2012-10-31,20741.23
2012-11-01,21159.45
2012-11-05,21144.35
2012-11-06,21417.01
2012-11-07,21122.5
2012-11-08,20786.73
2012-11-09,20747.97
2012-11-12,20629.7
2012-11-13,20819.34
2012-11-14,20477.9
2012-11-16,20314.65
2012-11-19,20590.85
2012-11-21,20596.18
2012-11-22,20647.72
2012-11-23,21007.55
2012-11-26,20792.61
2012-11-27,20602.12
2012-11-28,20672.31
2012-11-29,20992.56
2012-11-30,20980.93
2012-12-03,21195.37
2012-12-04,20994.94
2012-12-05,21030.58
2012-12-06,20998.94
2012-12-07,21180.0
2012-12-10,21411.57
2012-12-11,21618.87
2012-12-12,21579.59
2012-12-13,21541.81
2012-12-14,21691.71
2012-12-17,21712.44
2012-12-18,21935.29
2012-12-19,22185.57
2012-12-20,22180.12
2012-12-21,22151.75
2012-12-26,21993.48
2012-12-27,21836.54
2012-12-28,21982.33
2013-01-02,22447.34
2013-01-03,22761.82
2013-01-04,22595.6
2013-01-07,22369.85
2013-01-08,22177.57
2013-01-09,22383.48
2013-01-10,22393.89
2013-01-11,22294.44
2013-01-14,22427.99
2013-01-15,22292.29
2013-01-16,22399.04
2013-01-17,22574.57
2013-01-18,22525.36
2013-01-21,22507.17
2013-01-22,22551.2
2013-01-23,22551.15
2013-01-24,22399.72
2013-01-28,22030.61
2013-01-29,22129.05
2013-01-30,21811.17
2013-01-31,22032.57
2013-02-01,22164.88
2013-02-04,21957.43
2013-02-05,21902.26
2013-02-06,21748.81
2013-02-07,21538.34
2013-02-08,21607.68
2013-02-13,21590.05
2013-02-14,21475.35
2013-02-15,21558.77
2013-02-18,21563.56
2013-02-19,21486.44
2013-02-20,21143.28
2013-02-21,21046.35
2013-02-22,21201.73
2013-02-25,21155.02
2013-02-26,21181.87
2013-02-27,21242.9
2013-02-28,21395.64
2013-03-01,21331.51
2013-03-04,21187.1
2013-03-05,21137.06
2013-03-06,21801.9
2013-03-07,21952.43
2013-03-08,21936.79
2013-03-11,21999.27
2013-03-12,21830.03
2013-03-13,21643.85
2013-03-14,21697.02
2013-03-15,21599.9
2013-03-18,21601.71
2013-03-19,21401.84
2013-03-20,21365.45
2013-03-21,21204.04
2013-03-22,21115.38
2013-03-25,20994.04
2013-03-26,21226.71
2013-03-27,21356.29
2013-03-28,21531.88
2013-04-01,21361.44
2013-04-02,21092.36
2013-04-03,21315.15
2013-04-04,21002.23
2013-04-05,21073.96
2013-04-08,21048.5
2013-04-09,21424.66
2013-04-10,21552.77
2013-04-11,21341.1
2013-04-12,21170.73
2013-04-15,20515.69
2013-04-16,20932.55
2013-04-17,20593.3
2013-04-18,20667.42
2013-04-19,20938.5
2013-04-22,21023.3
2013-04-23,21326.87
2013-04-24,21328.88
2013-04-25,21289.3
2013-04-26,20971.34
2013-04-29,21177.71
2013-04-30,21700.22
2013-05-02,21544.57
2013-05-03,21610.63
2013-05-06,21612.7
2013-05-07,21927.95
2013-05-08,21889.85
2013-05-09,21910.54
2013-05-10,21804.34
2013-05-13,21535.62
2013-05-14,21628.04
2013-05-15,21702.17
2013-05-16,21640.57
2013-05-17,21822.91
2013-05-20,22060.25
2013-05-21,22191.94
2013-05-22,22180.96
2013-05-23,22035.58
2013-05-24,22012.59
2013-05-27,21987.06
2013-05-28,22029.82
2013-05-29,21652.66
2013-05-31,21510.81
2013-06-03,21517.33
2013-06-04,21487.75
2013-06-05,21024.39
2013-06-06,21066.41
2013-06-07,20747.75
2013-06-10,20665.11
2013-06-11,20144.63
2013-06-12,19953.18
2013-06-13,20242.75
2013-06-14,19909.74
2013-06-17,20019.1
2013-06-18,20062.82
2013-06-19,19620.23
2013-06-20,19575.13
2013-06-21,19235.89
2013-06-24,18777.19
2013-06-25,18992.17
2013-06-26,19122.59
2013-06-27,19400.75
2013-06-28,19560.37
2013-07-01,19621.15
2013-07-02,18922.14
2013-07-03,18872.92
2013-07-04,19048.89
2013-07-05,18790.25
2013-07-08,18739.41
2013-07-10,18906.47
2013-07-11,19398.58
2013-07-12,19144.36
2013-07-15,19458.3
2013-07-16,19538.73
2013-07-17,19707.25
2013-07-18,19727.78
2013-07-19,19578.75
2013-07-22,19960.15
2013-07-23,20092.27
2013-07-24,19951.59
2013-07-25,20125.77
2013-07-26,20153.62
2013-07-29,20059.09
2013-07-30,19910.68
2013-07-31,19900.2
2013-08-01,20280.43
2013-08-02,20119.76
2013-08-05,20026.13
2013-08-06,19655.32
2013-08-07,19660.67
2013-08-08,20118.55
2013-08-09,20370.88
2013-08-12,20452.02
2013-08-13,20580.09
2013-08-14,20582.21
2013-08-15,20617.58
2013-08-16,20730.7
2013-08-19,20649.84
2013-08-20,20252.28
2013-08-21,20190.47
2013-08-22,20488.67
2013-08-23,20724.23
2013-08-26,20474.49
2013-08-27,20059.93
2013-08-28,19977.77
2013-08-29,20093.37
2013-08-30,20272.48
2013-09-02,20586.7
2013-09-03,20340.27
2013-09-04,20454.96
2013-09-05,20707.02
2013-09-06,20916.43
2013-09-09,21384.75
2013-09-10,21520.48
2013-09-11,21443.58
2013-09-12,21219.82
2013-09-13,21374.15
2013-09-16,21444.47
2013-09-17,21525.27
2013-09-18,21919.05
2013-09-19,21891.74
2013-09-20,21533.69
2013-09-23,21694.92
2013-09-24,21641.01
2013-09-25,21618.55
2013-09-26,21615.81
2013-09-27,21696.55
2013-09-30,21281.05
2013-10-01,21546.04
2013-10-02,21527.94
2013-10-03,21354.03
2013-10-04,21498.15
2013-10-07,21456.4
2013-10-08,21323.29
2013-10-09,21401.14
2013-10-10,21577.02
2013-10-11,21671.72
2013-10-14,21943.96
2013-10-15,21941.5
2013-10-16,21960.72
2013-10-17,21989.43
2013-10-18,22054.8
2013-10-21,22232.45
2013-10-22,22364.93
2013-10-23,22065.98
2013-10-24,21991.18
2013-10-25,21954.17
2013-10-28,22254.55
2013-10-29,22223.12
2013-10-30,22270.31
2013-10-31,22422.2
2013-11-01,22354.91
2013-11-04,22541.86
2013-11-05,22362.68
2013-11-06,22300.5
2013-11-07,22061.35
2013-11-08,21830.63
2013-11-11,21983.14
2013-11-12,21680.84
2013-11-13,21827.63
2013-11-14,22260.08
2013-11-18,22562.02
2013-11-19,22136.71
2013-11-21,22017.82
2013-11-22,22011.52
2013-11-25,21789.19
2013-11-26,21562.82
2013-11-27,21732.62
2013-11-28,21713.96
2013-11-29,21970.96
2013-12-02,21458.74
2013-12-03,21128.17
2013-12-04,20940.67
2013-12-05,21105.09
2013-12-06,21091.49
2013-12-09,21191.73
2013-12-10,21078.89
2013-12-11,20736.99
2013-12-12,20724.98
2013-12-13,20704.87
2013-12-16,20802.88
2013-12-17,20737.62
2013-12-18,20824.38
2013-12-19,21185.76
2013-12-20,21056.2
2013-12-23,21120.3
2013-12-26,21078.25
2013-12-27,21162.64
2013-12-30,21294.4
2014-01-02,21006.71
2014-01-03,20874.1
2014-01-06,20879.43
2014-01-07,20716.45
2014-01-08,20766.26
2014-01-09,20257.89
2014-01-10,20386.01
2014-01-13,20262.2
2014-01-14,20387.46
2014-01-15,20529.58
2014-01-16,20350.67
2014-01-17,20138.77
2014-01-20,19966.77
2014-01-21,19934.68
2014-01-22,20214.99
2014-01-23,19805.63
2014-01-24,19604.63
2014-01-27,19560.77
2014-01-28,19625.34
2014-01-29,19519.71
2014-01-30,19389.36
2014-01-31,19559.61
2014-02-03,18961.09
2014-02-04,19287.66
2014-02-05,19136.07
2014-02-06,19586.73
2014-02-07,19721.75
2014-02-10,19568.03
2014-02-11,19867.64
2014-02-12,19756.78
2014-02-13,19616.73
2014-02-14,19775.96
2014-02-17,19541.64
2014-02-18,19198.08
2014-02-19,19427.37
2014-02-20,19463.39
2014-02-21,19519.98
2014-02-24,19549.72
2014-02-25,19284.77
2014-02-26,19268.02
2014-02-27,19651.79
2014-02-28,19497.39
2014-03-05,19320.41
2014-03-06,19530.63
2014-03-07,19213.38
2014-03-10,18945.1
2014-03-11,19021.13
2014-03-12,19072.1
2014-03-13,18889.76
2014-03-14,18685.2
2014-03-17,18803.25
2014-03-18,19205.12
2014-03-19,19346.94
2014-03-20,19617.33
2014-03-21,19665.88
2014-03-24,19917.59
2014-03-25,19984.88
2014-03-26,19939.96
2014-03-27,20587.76
2014-03-28,20603.2
2014-03-31,20841.73
2014-04-01,20818.86
2014-04-02,21368.72
2014-04-03,21254.29
2014-04-04,21103.31
2014-04-07,21517.22
2014-04-08,21300.45
2014-04-09,21153.92
2014-04-10,21169.46
2014-04-11,21493.06
2014-04-14,21379.04
2014-04-15,20958.42
2014-04-16,21265.17
2014-04-17,21617.9
2014-04-22,21578.81
2014-04-23,21408.3
2014-04-24,21484.97
2014-04-25,21348.32
2014-04-28,21342.35
2014-04-29,21508.56
2014-04-30,21406.3
2014-05-02,21839.04
2014-05-05,22037.43
2014-05-06,22173.76
2014-05-07,22272.42
2014-05-08,22040.27
2014-05-09,21912.33
2014-05-12,22284.48
2014-05-13,22229.36
2014-05-14,22426.29
2014-05-15,22193.66
2014-05-16,22236.33
2014-05-19,21984.27
2014-05-20,21593.95
2014-05-21,21541.16
2014-05-22,21780.34
2014-05-23,21704.56
2014-05-26,21824.18
2014-05-27,21510.27
2014-05-28,21695.41
2014-05-29,21556.91
2014-05-30,21167.57
2014-06-02,21313.58
2014-06-03,21497.61
2014-06-04,21417.92
2014-06-05,21314.95
2014-06-06,21928.38
2014-06-09,22380.69
2014-06-10,22523.51
2014-06-11,22700.72
2014-06-13,22575.15
2014-06-16,22501.55
2014-06-17,22378.5
2014-06-18,22746.13
2014-06-20,22524.63
2014-06-23,22341.81
2014-06-24,22371.14
2014-06-25,22030.69
2014-06-26,22063.57
2014-06-27,21924.08
2014-06-30,21934.98
2014-07-01,21933.34
2014-07-02,21867.3
2014-07-03,22200.22
2014-07-04,22279.17
2014-07-07,22170.95
2014-07-08,22101.56
2014-07-10,22451.71
2014-07-11,22538.41
2014-07-14,22900.06
2014-07-15,22978.72
2014-07-16,22885.63
2014-07-17,22857.81
2014-07-18,23390.67
2014-07-21,23659.27
2014-07-22,23802.77
2014-07-23,23576.17
2014-07-24,23792.69
2014-07-25,23725.27
2014-07-28,23674.64
2014-07-29,23446.93
2014-07-30,23336.45
2014-07-31,22913.07
2014-08-01,22943.73
2014-08-04,23230.4
2014-08-05,23067.82
2014-08-06,23166.13
2014-08-07,23053.99
2014-08-08,22826.75
2014-08-11,23246.54
2014-08-12,23188.51
2014-08-13,22878.24
2014-08-14,22951.0
2014-08-15,23408.32
2014-08-18,23639.72
2014-08-19,23981.01
2014-08-20,24145.43
2014-08-21,24195.08
2014-08-22,23967.01
2014-08-25,24497.25
2014-08-26,24530.77
2014-08-27,24974.47
2014-08-28,24714.16
2014-08-29,25110.33
2014-09-01,25044.48
2014-09-02,25333.2
2014-09-03,25324.1
2014-09-04,24923.91
2014-09-05,24883.36
2014-09-08,24297.22
2014-09-09,24078.76
2014-09-10,23893.78
2014-09-11,23953.09
2014-09-12,23385.27
2014-09-15,23770.58
2014-09-16,24228.26
2014-09-17,24231.3
2014-09-18,23949.16
2014-09-19,23717.99
2014-09-22,23324.96
2014-09-23,23216.88
2014-09-24,23334.27
2014-09-25,22993.93
2014-09-26,23488.58
2014-09-29,22475.27
2014-09-30,22286.43
2014-10-01,21781.64
2014-10-02,22026.25
2014-10-03,22436.81
2014-10-06,23438.87
2014-10-07,23565.86
2014-10-08,23416.34
2014-10-09,23495.13
2014-10-10,22722.14
2014-10-13,23746.09
2014-10-14,23771.08
2014-10-15,23027.99
2014-10-16,22311.25
2014-10-17,22868.83
2014-10-20,22308.9
2014-10-21,21562.37
2014-10-22,21550.57
2014-10-23,20876.76
2014-10-24,21361.75
2014-10-27,20816.37
2014-10-28,21560.48
2014-10-29,21068.37
2014-10-30,21578.7
2014-10-31,22497.78
2014-11-03,22238.69
2014-11-04,22404.45
2014-11-05,22137.18
2014-11-06,21716.38
2014-11-07,21946.15
2014-11-10,21756.56
2014-11-11,21661.74
2014-11-12,21858.5
2014-11-13,21409.6
2014-11-14,21383.24
2014-11-17,21173.61
2014-11-18,21505.74
2014-11-19,22032.36
2014-11-21,23080.85
2014-11-24,22829.11
2014-11-25,22881.76
2014-11-26,22697.08
2014-11-27,22562.88
2014-11-28,22567.86
2014-12-01,21598.42
2014-12-02,21342.25
2014-12-03,21617.0
2014-12-04,21258.28
2014-12-05,21468.77
2014-12-08,20794.32
2014-12-09,20745.66
2014-12-10,20498.75
2014-12-11,20624.14
2014-12-12,19880.2
2014-12-15,19486.56
2014-12-16,19463.37
2014-12-17,20147.11
2014-12-18,20071.57
2014-12-19,20545.45
2014-12-22,20729.47
2014-12-23,21029.14
2014-12-26,20740.65
2014-12-29,20933.06
2014-12-30,20702.53
2015-01-02,20117.09
2015-01-05,19711.89
2015-01-06,19883.88
2015-01-07,20464.78
2015-01-08,20632.89
2015-01-09,20186.02
2015-01-12,19931.07
2015-01-13,19877.25
2015-01-14,19740.88
2015-01-15,19873.4
2015-01-16,20276.72
2015-01-19,19781.99
2015-01-20,19820.84
2015-01-21,20350.16
2015-01-22,20435.34
2015-01-23,20181.64
2015-01-26,20096.06
2015-01-27,20100.97
2015-01-28,19772.87
2015-01-29,19814.06
2015-01-30,19485.08
2015-02-02,19770.16
2015-02-03,20270.11
2015-02-04,20389.08
2015-02-05,20386.8
2015-02-06,20216.04
2015-02-09,20449.37
2015-02-10,20120.55
2015-02-11,19990.93
2015-02-12,20491.34
2015-02-13,20909.3
2015-02-18,21179.17
2015-02-19,21199.11
2015-02-20,21161.08
2015-02-23,21188.26
2015-02-24,21427.62
2015-02-25,21410.86
2015-02-26,21405.86
2015-02-27,21302.1
2015-03-02,21090.98
2015-03-03,21208.54
2015-03-04,20880.31
2015-03-05,20845.74
2015-03-06,20686.93
2015-03-09,20374.83
2015-03-10,20022.13
2015-03-11,20269.0
2015-03-12,20284.32
2015-03-13,20162.75
2015-03-16,20249.32
2015-03-17,20794.2
2015-03-18,21296.35
2015-03-19,21082.17
2015-03-20,21471.9
2015-03-23,21441.14
2015-03-24,21293.94
2015-03-25,21428.75
2015-03-26,20932.2
2015-03-27,20760.07
2015-03-30,21217.5
2015-03-31,21194.72
2015-04-01,21656.06
2015-04-02,21969.07
2015-04-06,22228.6
2015-04-07,22216.41
2015-04-08,22199.82
2015-04-09,22238.93
2015-04-10,22386.68
2015-04-13,22392.77
2015-04-14,22303.83
2015-04-15,22647.0
2015-04-16,22549.31
2015-04-17,22267.45
2015-04-20,22191.13
2015-04-22,22507.53
2015-04-23,22913.43
2015-04-24,23242.73
2015-04-27,22838.66
2015-04-28,22922.89
2015-04-29,22787.9
2015-04-30,23126.62
2015-05-04,23572.79
2015-05-05,23847.65
2015-05-06,23503.42
2015-05-07,23440.01
2015-05-08,23550.72
2015-05-11,23573.4
2015-05-12,23415.49
2015-05-13,23246.44
2015-05-14,23383.69
2015-05-15,23634.58
2015-05-18,23228.29
2015-05-19,22966.89
2015-05-20,22731.24
2015-05-21,22810.06
2015-05-22,22520.63
2015-05-25,22616.98
2015-05-26,22205.49
2015-05-27,22447.87
2015-05-28,22333.89
2015-05-29,21861.23
2015-06-01,21980.89
2015-06-02,22457.66
2015-06-03,22179.24
2015-06-05,21983.69
2015-06-08,21914.61
2015-06-09,21918.24
2015-06-10,22324.83
2015-06-11,22246.13
2015-06-12,22109.67
2015-06-15,22022.58
2015-06-16,22244.83
2015-06-17,22075.8
2015-06-18,22449.79
2015-06-19,22271.22
2015-06-22,22330.92
2015-06-23,22298.58
2015-06-24,22311.09
2015-06-25,22059.08
2015-06-26,22390.2
2015-06-29,21984.73
2015-06-30,22028.62
2015-07-01,21919.62
2015-07-02,22072.6
2015-07-03,21865.82
2015-07-06,21726.54
2015-07-07,21822.13
2015-07-08,21592.59
2015-07-10,21903.14
2015-07-13,22103.18
2015-07-14,22161.17
2015-07-15,22048.19
2015-07-16,22105.15
2015-07-17,21815.2
2015-07-20,21533.69
2015-07-21,21496.86
2015-07-22,21284.08
2015-07-23,20834.03
2015-07-24,20607.43
2015-07-27,20407.67
2015-07-28,20720.9
2015-07-29,20973.26
2015-07-30,20855.49
2015-07-31,21270.67
2015-08-03,20991.66
2015-08-04,20972.66
2015-08-05,21045.11
2015-08-06,20912.05
2015-08-07,20345.07
2015-08-10,20636.37
2015-08-11,20526.72
2015-08-12,20240.17
2015-08-13,20096.19
2015-08-14,19899.41
2015-08-17,19787.08
2015-08-18,19884.14
2015-08-19,19523.41
2015-08-20,19523.47
2015-08-21,19138.24
2015-08-24,18576.74
2015-08-25,18675.89
2015-08-26,19277.19
2015-08-27,19938.59
2015-08-28,19735.71
2015-08-31,19515.71
2015-09-01,19042.02
2015-09-02,19420.4
2015-09-03,19788.84
2015-09-04,19447.16
2015-09-08,19526.44
2015-09-09,19466.95
2015-09-10,19398.08
2015-09-11,19365.45
2015-09-14,19722.64
2015-09-15,19773.79
2015-09-16,20242.77
2015-09-17,20257.14
2015-09-18,19745.61
2015-09-21,19468.86
2015-09-22,19351.63
2015-09-23,18992.07
2015-09-24,18969.95
2015-09-25,18801.34
2015-09-28,18471.32
2015-09-29,18546.3
2015-09-30,18909.99
2015-10-01,19014.13
2015-10-02,19695.16
2015-10-05,19937.97
2015-10-06,19960.33
2015-10-07,20395.0
2015-10-08,20445.05
2015-10-09,20535.9
2015-10-13,19779.74
2015-10-14,19501.61
2015-10-15,19704.19
2015-10-16,19756.61
2015-10-19,19840.36
2015-10-20,19722.24
2015-10-21,19708.09
2015-10-22,20001.68
2015-10-23,19935.44
2015-10-26,19780.17
2015-10-27,19729.91
2015-10-28,19592.66
2015-10-29,19133.24
2015-10-30,19166.54
2015-11-03,19993.42
2015-11-04,19863.08
2015-11-05,20024.16
2015-11-06,19565.99
2015-11-09,19276.22
2015-11-10,19257.19
2015-11-11,19612.94
2015-11-12,19528.39
2015-11-13,19404.55
2015-11-16,19522.17
2015-11-17,19689.15
2015-11-18,19749.28
2015-11-19,20028.28
2015-11-23,20036.5
2015-11-24,20075.03
2015-11-25,19549.0
2015-11-26,19669.76
2015-11-27,19167.53
2015-11-30,18848.06
2015-12-01,18851.88
2015-12-02,18807.65
2015-12-03,19390.92
2015-12-04,18971.58
2015-12-07,18928.44
2015-12-08,18597.55
2015-12-09,19230.32
2015-12-10,19034.66
2015-12-11,18900.45
2015-12-14,18669.73
2015-12-15,18694.72
2015-12-16,18763.22
2015-12-17,18872.91
2015-12-18,18340.36
2015-12-21,18088.45
2015-12-22,18201.54
2015-12-23,18428.33
2015-12-28,18341.23
2015-12-29,18282.22
2015-12-30,18133.57
2016-01-04,17613.72
2016-01-05,17735.71
2016-01-06,17483.42
2016-01-07,17027.96
2016-01-08,17014.87
2016-01-11,16732.19
2016-01-12,16584.0
2016-01-13,16357.96
2016-01-14,16561.44
2016-01-15,16187.29
2016-01-18,15927.16
2016-01-19,15989.28
2016-01-20,15807.16
2016-01-21,15821.58
2016-01-22,15975.48
2016-01-26,15757.62
2016-01-27,16150.08
2016-01-28,16260.27
2016-01-29,16999.51
2016-02-01,17066.1
2016-02-02,16288.27
2016-02-03,16664.88
2016-02-04,17144.37
2016-02-05,17057.72
2016-02-10,16965.26
2016-02-11,16547.6
2016-02-12,16732.88
2016-02-15,16837.65
2016-02-16,17181.69
2016-02-17,17456.42
2016-02-18,17425.41
2016-02-19,17441.57
2016-02-22,18112.44
2016-02-23,17827.32
2016-02-24,17640.35
2016-02-25,17564.34
2016-02-26,17430.79
2016-02-29,17899.49
2016-03-01,18428.13
2016-03-02,18717.82
2016-03-03,19581.39
2016-03-04,20302.11
2016-03-07,20363.34
2016-03-08,20308.62
2016-03-09,20152.94
2016-03-10,20497.37
2016-03-11,20510.68
2016-03-14,20206.6
2016-03-15,19545.21
2016-03-16,19792.62
2016-03-17,21011.46
2016-03-18,20959.08
2016-03-21,21122.54
2016-03-22,21064.82
2016-03-23,20559.58
2016-03-24,20541.17
2016-03-28,21002.02
2016-03-29,21131.93
2016-03-30,21150.01
2016-03-31,20658.57
2016-04-01,20858.86
2016-04-04,20153.41
2016-04-05,20265.01
2016-04-06,19893.91
2016-04-07,20055.02
2016-04-08,20736.07
2016-04-11,20664.85
2016-04-12,21361.21
2016-04-13,21813.47
2016-04-14,21544.52
2016-04-15,21878.33
2016-04-18,21752.54
2016-04-19,22051.41
2016-04-20,22011.67
2016-04-22,21761.18
2016-04-25,21361.2
2016-04-26,21834.43
2016-04-27,22375.3
2016-04-28,22294.83
2016-04-29,22133.31
2016-05-02,22005.96
2016-05-03,21509.81
2016-05-04,21627.68
2016-05-05,21275.5
2016-05-06,21283.99
2016-05-09,20994.71
2016-05-10,21810.79
2016-05-11,21713.16
2016-05-12,21928.14
2016-05-13,21357.28
2016-05-16,21346.1
2016-05-17,20962.34
2016-05-18,20841.55
2016-05-19,20673.1
2016-05-20,20528.57
2016-05-23,20369.96
2016-05-24,20386.09
2016-05-25,20435.99
2016-05-27,20278.88
2016-05-30,20238.3
2016-05-31,20051.34
2016-06-01,20263.53
2016-06-02,20607.48
2016-06-03,20899.7
2016-06-06,20820.31
2016-06-07,20832.64
2016-06-08,21279.45
2016-06-09,21086.85
2016-06-10,20419.01
2016-06-13,20526.72
2016-06-14,20112.4
2016-06-15,20218.43
2016-06-16,20414.87
2016-06-17,20457.32
2016-06-20,20781.79
2016-06-21,21001.87
2016-06-22,20751.99
2016-06-23,21330.25
2016-06-24,20763.57
2016-06-27,20427.83
2016-06-28,20744.81
2016-06-29,21135.99
2016-06-30,21350.08
2016-07-01,21615.62
2016-07-04,21757.99
2016-07-05,21496.97
2016-07-06,21512.63
2016-07-07,21566.85
2016-07-08,22018.7
2016-07-11,22363.73
2016-07-12,22487.33
2016-07-13,22621.07
2016-07-14,22980.63
2016-07-15,23018.16
2016-07-18,23384.72
2016-07-19,23477.96
2016-07-20,23431.61
2016-07-21,23461.65
2016-07-22,23613.64
2016-07-25,23563.84
2016-07-26,23517.26
2016-07-27,23550.41
2016-07-28,23477.76
2016-07-29,23765.68
2016-08-01,23568.46
2016-08-02,23333.9
2016-08-03,23677.88
2016-08-04,23903.33
2016-08-05,23949.59
2016-08-08,23930.47
2016-08-09,23944.65
2016-08-10,23636.11
2016-08-11,24195.39
2016-08-12,24197.9
2016-08-15,24518.97
2016-08-16,24410.69
2016-08-17,24587.53
2016-08-18,24527.07
2016-08-19,24491.29
2016-08-22,23950.86
2016-08-23,24030.99
2016-08-24,23913.49
2016-08-25,23916.52
2016-08-26,23935.8
2016-08-29,24298.84
2016-08-30,24293.59
2016-08-31,24031.8
2016-09-01,24167.13
2016-09-02,24732.13
2016-09-05,24711.33
2016-09-06,24959.05
2016-09-08,25001.93
2016-09-09,24106.15
2016-09-12,24327.45
2016-09-13,23620.6
2016-09-14,23711.51
2016-09-15,24043.94
2016-09-16,23707.43
2016-09-19,23809.99
2016-09-20,23973.01
2016-09-21,24221.35
2016-09-22,24465.14
2016-09-23,24330.73
2016-09-26,24073.56
2016-09-27,24196.75
2016-09-28,24584.39
2016-09-29,24180.17
2016-09-30,24176.69
2016-10-03,24616.54
2016-10-04,24572.84
2016-10-05,24925.49
2016-10-06,25089.16
2016-10-07,25265.91
2016-10-10,25495.13
2016-10-11,25232.61
2016-10-13,25280.61
2016-10-14,25531.88
2016-10-17,25900.3
2016-10-18,26336.5
2016-10-19,26216.39
2016-10-20,26347.2
2016-10-21,26463.47
2016-10-24,26450.56
2016-10-25,26367.02
2016-10-26,26346.77
2016-10-27,26513.4
2016-10-28,26540.65
2016-10-31,26776.51
2016-11-01,26119.55
2016-11-03,25486.22
2016-11-04,25412.24
2016-11-07,26373.87
2016-11-08,26415.93
2016-11-09,26046.99
2016-11-10,25179.94
2016-11-11,24362.65
2016-11-14,24533.2
2016-11-16,24991.29
2016-11-17,24606.65
2016-11-18,24684.65
2016-11-21,25110.25
2016-11-22,25442.4
2016-11-23,25444.87
2016-11-24,25237.46
2016-11-25,25295.23
2016-11-28,25792.03
2016-11-29,25077.88
2016-11-30,25437.07
2016-12-01,24462.09
2016-12-02,24754.14
2016-12-05,24563.79
2016-12-06,25053.99
2016-12-07,25178.57
2016-12-08,24904.22
2016-12-09,24845.96
2016-12-12,24322.92
2016-12-13,24378.64
2016-12-14,23958.32
2016-12-15,24036.28
2016-12-16,24043.41
2016-12-19,23552.93
2016-12-20,23708.54
2016-12-21,23740.47
2016-12-22,23596.57
2016-12-23,23862.91
2016-12-26,24134.48
2016-12-27,24167.45
2016-12-28,24609.5
2016-12-29,24788.03
2017-01-02,24538.77
2017-01-03,25419.96
2017-01-04,25352.16
2017-01-05,25546.98
2017-01-06,25375.57
2017-01-09,25392.45
2017-01-10,25552.46
2017-01-11,25660.88
2017-01-12,26282.31
2017-01-13,26177.13
2017-01-16,26248.71
2017-01-17,26463.1
2017-01-18,26367.39
2017-01-19,26266.47
2017-01-20,26505.19
2017-01-23,26984.92
2017-01-24,27031.74
2017-01-26,27191.29
2017-01-27,27116.06
2017-01-30,26423.51
2017-01-31,26574.87
2017-02-01,26645.71
2017-02-02,26562.06
2017-02-03,26729.52
2017-02-06,26354.11
2017-02-07,26433.63
2017-02-08,26695.13
2017-02-09,26747.95
2017-02-10,27205.54
2017-02-13,27551.62
2017-02-14,27438.46
2017-02-15,27946.14
2017-02-16,27894.78
2017-02-17,27869.44
2017-02-20,28177.85
2017-02-21,28396.95
2017-02-22,28199.48
2017-02-23,27769.25
2017-02-24,27452.89
2017-03-01,27589.98
2017-03-02,27143.27
2017-03-03,27506.61
2017-03-06,27358.89
2017-03-07,27123.28
2017-03-08,26699.44
2017-03-09,26630.62
2017-03-10,26675.28
2017-03-13,27029.98
2017-03-14,26701.29
2017-03-15,27298.22
2017-03-16,27131.56
2017-03-17,26505.09
2017-03-20,26748.2
2017-03-21,26003.89
2017-03-22,26209.65
2017-03-23,26230.8
2017-03-24,26353.03
2017-03-27,26522.15
2017-03-28,26657.8
2017-03-29,27014.59
2017-03-30,26904.67
2017-03-31,26806.42
2017-04-03,26905.54
2017-04-04,27120.54
2017-04-05,26738.7
2017-04-06,26508.98
2017-04-07,26659.48
2017-04-10,26672.91
2017-04-11,26567.86
2017-04-12,26382.8
2017-04-13,25974.92
2017-04-17,26583.49
2017-04-18,26516.12
2017-04-19,26225.9
2017-04-20,26350.91
2017-04-24,26589.13
2017-04-25,26903.5
2017-04-26,26788.55
2017-04-27,26722.76
2017-04-28,27041.79
2017-05-02,27585.74
2017-05-03,27366.93
2017-05-04,26888.34
2017-05-05,27239.74
2017-05-08,27181.84
2017-05-09,27487.01
2017-05-10,27923.99
2017-05-11,28011.92
2017-05-12,28268.18
2017-05-15,28358.51
2017-05-16,28460.31
2017-05-17,28000.85
2017-05-18,25537.21
2017-05-19,25977.58
2017-05-22,25564.88
2017-05-23,25992.52
2017-05-24,26244.09
2017-05-25,26229.89
2017-05-26,26594.69
2017-05-29,26466.45
2017-05-30,26545.88
2017-05-31,26052.91
2017-06-01,25881.08
2017-06-02,25969.32
2017-06-05,25938.94
2017-06-06,26148.89
2017-06-07,26253.6
2017-06-08,26077.96
2017-06-09,25863.02
2017-06-12,25657.31
2017-06-13,25716.85
2017-06-14,25754.61
2017-06-16,25658.7
2017-06-19,25805.46
2017-06-20,25306.02
2017-06-21,25275.78
2017-06-22,25477.35
2017-06-23,25412.21
2017-06-26,25847.74
2017-06-27,25642.44
2017-06-28,25769.25
2017-06-29,25847.49
2017-06-30,26130.62
2017-07-03,26280.43
2017-07-04,26266.43
2017-07-05,26243.28
2017-07-06,25981.35
2017-07-07,25925.56
2017-07-10,26208.25
2017-07-11,26521.59
2017-07-12,26943.63
2017-07-13,27099.96
2017-07-14,27207.83
2017-07-17,27124.95
2017-07-18,27174.43
2017-07-19,27103.23
2017-07-20,27024.98
2017-07-21,26934.39
2017-07-24,27095.62
2017-07-25,27317.07
2017-07-26,27056.33
2017-07-27,27165.79
2017-07-28,27243.85
2017-07-31,27413.77
2017-08-01,27649.38
2017-08-02,27897.85
2017-08-03,27765.06
2017-08-04,27812.25
2017-08-07,28218.49
2017-08-08,28192.34
2017-08-09,28099.48
2017-08-10,27814.71
2017-08-11,27974.4
2017-08-14,28347.33
2017-08-15,28374.37
2017-08-16,28471.12
2017-08-17,28222.72
2017-08-18,28513.59
2017-08-21,28491.15
2017-08-22,29039.06
2017-08-23,29227.0
2017-08-24,29505.96
2017-08-25,29484.74
2017-08-28,29475.26
2017-08-29,29587.39
2017-08-30,29427.63
2017-08-31,29427.9
2017-09-01,29846.46
2017-09-04,29947.75
2017-09-05,29968.94
2017-09-06,30458.47
2017-09-08,30350.46
2017-09-11,30843.98
2017-09-12,30914.93
2017-09-13,31034.24
2017-09-14,31011.37
2017-09-15,31452.31
2017-09-18,31539.84
2017-09-19,31528.45
2017-09-20,31538.06
2017-09-21,31369.28
2017-09-22,31295.6
2017-09-25,30880.22
2017-09-26,30821.56
2017-09-27,30586.15
2017-09-28,30487.08
2017-09-29,30808.59
2017-10-02,30834.8
2017-10-03,31783.38
2017-10-04,31726.22
2017-10-05,31745.01
2017-10-06,31537.14
2017-10-09,31403.02
2017-10-10,31870.27
2017-10-11,31772.59
2017-10-13,31877.31
2017-10-16,31811.59
2017-10-17,31521.68
2017-10-18,31720.76
2017-10-19,31604.06
2017-10-20,31666.31
2017-10-23,31263.3
2017-10-24,31628.71
2017-10-25,31741.37
2017-10-26,31424.35
2017-10-27,31449.27
2017-10-30,30961.24
2017-10-31,30768.93
2017-11-01,30590.72
2017-11-03,30584.97
2017-11-06,30719.27
2017-11-07,29946.83
2017-11-08,30714.63
2017-11-09,30130.11
2017-11-10,29793.33
2017-11-13,29932.55
2017-11-14,29305.81
2017-11-16,29992.67
2017-11-17,30370.64
2017-11-21,30847.61
2017-11-22,30812.62
2017-11-23,30785.76
2017-11-24,30656.99
2017-11-27,30606.63
2017-11-28,30628.02
2017-11-29,30051.23
2017-11-30,29729.33
2017-12-01,29847.5
2017-12-04,30168.62
2017-12-05,29958.37
2017-12-06,30236.21
2017-12-07,29947.74
2017-12-08,30073.26
2017-12-11,30094.63
2017-12-12,30485.99
2017-12-13,30143.33
2017-12-14,29951.15
2017-12-15,30041.98
2017-12-18,30236.64
2017-12-19,30056.68
2017-12-20,30338.44
2017-12-21,31038.48
2017-12-22,31066.76
2017-12-26,31280.17
2017-12-27,31454.06
2017-12-28,31616.0
2018-01-02,32197.54
2018-01-03,32237.71
2018-01-04,32487.24
2018-01-05,32655.54
2018-01-08,32752.25
2018-01-09,32555.41
2018-01-10,32286.97
2018-01-11,32741.3
2018-01-12,32731.13
2018-01-15,32904.97
2018-01-16,32951.37
2018-01-17,33476.11
2018-01-18,33390.74
2018-01-19,33503.7
2018-01-22,33694.74
2018-01-23,33298.7
2018-01-24,34496.3
2018-01-26,35253.52
2018-01-29,34916.59
2018-01-30,34823.95
2018-01-31,35012.93
2018-02-01,35257.07
2018-02-02,34665.04
2018-02-05,33788.43
2018-02-06,34577.59
2018-02-07,34147.92
2018-02-08,33636.17
2018-02-09,33357.19
2018-02-14,34428.79
2018-02-15,34719.28
2018-02-16,34807.93
2018-02-19,34932.84
2018-02-20,35327.08
2018-02-21,35432.63
2018-02-22,35680.3
2018-02-23,35930.25
2018-02-26,36054.58
2018-02-27,35784.33
2018-02-28,35158.73
2018-03-01,35172.55
2018-03-02,35319.51
2018-03-05,35427.57
2018-03-06,35275.72
2018-03-07,35204.9
2018-03-08,35007.78
2018-03-09,35571.55
2018-03-12,35803.22
2018-03-13,35603.88
2018-03-14,35454.81
2018-03-15,35023.98
2018-03-16,35009.57
2018-03-19,34633.64
2018-03-20,34731.96
2018-03-21,35039.63
2018-03-22,34970.46
2018-03-23,34810.46
2018-03-26,35087.88
2018-03-27,34570.91
2018-03-28,34583.54
2018-03-29,35186.47
2018-04-02,34871.47
2018-04-03,34857.34
2018-04-04,34751.5
2018-04-05,35088.56
2018-04-06,34945.37
2018-04-09,34336.7
2018-04-10,34794.58
2018-04-11,35069.51
2018-04-12,35158.29
2018-04-13,34721.66
2018-04-16,34119.23
2018-04-17,34635.41
2018-04-18,35319.19
2018-04-19,35354.16
2018-04-20,35269.51
2018-04-23,35299.94
2018-04-24,35217.14
2018-04-25,35061.15
2018-04-26,35587.66
2018-04-27,35608.25
2018-04-30,35474.07
2018-05-02,34840.69
2018-05-03,34312.08
2018-05-04,34221.45
2018-05-07,34062.51
2018-05-08,34154.09
2018-05-09,34674.24
2018-05-10,35323.45
2018-05-11,35054.12
2018-05-14,35015.79
2018-05-15,34946.38
2018-05-16,35509.41
2018-05-17,34314.76
2018-05-18,34090.91
2018-05-21,33612.14
2018-05-22,34018.9
2018-05-23,33259.95
2018-05-24,32946.59
2018-05-25,32470.34
2018-05-28,31003.17
2018-05-29,31315.44
2018-05-30,31604.53
2018-06-01,31825.11
2018-06-04,32396.0
2018-06-05,31595.0
2018-06-06,31350.63
2018-06-07,30425.54
2018-06-08,30080.29
2018-06-11,29820.37
2018-06-12,29985.82
2018-06-13,29737.49
2018-06-14,29457.39
2018-06-15,29176.8
2018-06-18,28788.78
2018-06-19,29434.81
2018-06-20,29730.97
2018-06-21,28900.39
2018-06-22,29141.34
2018-06-25,29268.36
2018-06-26,29452.14
2018-06-27,29126.83
2018-06-28,29569.38
2018-06-29,29962.77
2018-07-02,29976.07
2018-07-03,30310.46
2018-07-04,30742.26
2018-07-05,30664.81
2018-07-06,30852.87
2018-07-10,30804.45
2018-07-11,30630.36
2018-07-12,31210.9
2018-07-13,31521.47
2018-07-16,31564.28
2018-07-17,32162.1
2018-07-18,31862.28
2018-07-19,31910.61
2018-07-20,32379.46
2018-07-23,32161.99
2018-07-24,32614.06
2018-07-25,33054.86
2018-07-26,32712.12
2018-07-27,32873.75
2018-07-30,33024.76
2018-07-31,32610.22
2018-08-01,32656.28
2018-08-02,32786.3
2018-08-03,33500.78
2018-08-06,33346.74
2018-08-07,33075.5
2018-08-08,32597.95
2018-08-09,32443.12
2018-08-10,31523.04
2018-08-13,31906.93
2018-08-14,32386.24
2018-08-15,31783.42
2018-08-16,31690.31
2018-08-17,31368.72
2018-08-20,31488.17
2018-08-21,31006.11
2018-08-22,31674.74
2018-08-23,31140.71
2018-08-24,31381.73
2018-08-27,32065.15
2018-08-28,31892.05
2018-08-29,32266.57
2018-08-30,31464.75
2018-08-31,31591.01
2018-09-03,31402.68
2018-09-04,30801.9
2018-09-05,30970.54
2018-09-06,31495.32
2018-09-10,31522.81
2018-09-11,30803.27
2018-09-12,30970.29
2018-09-13,30778.71
2018-09-14,31058.43
2018-09-17,31603.05
2018-09-18,32192.54
2018-09-19,32142.12
2018-09-20,32113.62
2018-09-21,32648.41
2018-09-24,32056.54
2018-09-25,32299.71
2018-09-26,32327.27
2018-09-27,32863.99
2018-09-28,32611.26
2018-10-01,32302.32
2018-10-02,33507.87
2018-10-03,34182.72
2018-10-04,34071.58
2018-10-05,33827.71
2018-10-08,35353.03
2018-10-09,35340.33
2018-10-10,34362.86
2018-10-11,34072.18
2018-10-15,34242.18
2018-10-16,35194.91
2018-10-17,35225.39
2018-10-18,34504.71
2018-10-19,34683.77
2018-10-22,35230.57
2018-10-23,35123.08
2018-10-24,34236.79
2018-10-25,34648.56
2018-10-26,35290.6
2018-10-29,34529.34
2018-10-30,35793.17
2018-10-31,36009.32
2018-11-01,36429.84
2018-11-05,36906.37
2018-11-06,36530.89
2018-11-07,36149.27
2018-11-08,35305.35
2018-11-09,35330.5
2018-11-12,35301.88
2018-11-13,35083.18
2018-11-14,35503.52
2018-11-16,36528.57
2018-11-19,36282.79
2018-11-21,36041.93
2018-11-22,36148.27
2018-11-23,35666.48
2018-11-26,35383.49
2018-11-27,36322.08
2018-11-28,36884.62
2018-11-29,37063.6
2018-11-30,36967.81
2018-12-03,37103.6
2018-12-04,36644.09
2018-12-05,36825.54
2018-12-06,36763.38
2018-12-07,36465.8
2018-12-10,35594.64
2018-12-11,35818.41
2018-12-12,36058.6
2018-12-13,36384.87
2018-12-14,36228.65
2018-12-17,35788.89
2018-12-18,35906.24
2018-12-19,35521.92
2018-12-20,35400.18
2018-12-21,35572.9
2018-12-26,35356.12
2018-12-27,35503.96
2018-12-28,36491.43
2019-01-02,37744.23
2019-01-03,37975.7
2019-01-04,38060.76
2019-01-07,37985.82
2019-01-08,38106.82
2019-01-09,38745.85
2019-01-10,38840.22
2019-01-11,38808.62
2019-01-14,39159.61
2019-01-15,39003.67
2019-01-16,39142.98
2019-01-17,39525.99
2019-01-18,39822.1
2019-01-21,39785.95
2019-01-22,39429.81
2019-01-23,40007.41
2019-01-24,40481.81
2019-01-28,39639.55
2019-01-29,39685.57
2019-01-30,40230.99
2019-01-31,40400.91
2019-02-01,40592.66
2019-02-04,40908.1
2019-02-05,40786.55
2019-02-06,39315.39
2019-02-07,39192.94
2019-02-08,39593.66
2019-02-11,39217.87
2019-02-12,39928.45
2019-02-13,39785.25
2019-02-14,40647.23
2019-02-15,40456.77
2019-02-18,40081.58
2019-02-19,40518.67
2019-02-20,40062.53
2019-02-21,40208.15
2019-02-22,40583.58
2019-02-25,40363.64
2019-02-26,40504.4
2019-02-27,40370.65
2019-02-28,39688.74
2019-03-01,39307.83
2019-03-06,39140.1
2019-03-07,39161.78
2019-03-08,39607.13
2019-03-11,40666.03
2019-03-12,40612.06
2019-03-13,41025.75
2019-03-14,40916.68
2019-03-15,41121.35
2019-03-18,41471.36
2019-03-19,41325.09
2019-03-20,40684.05
2019-03-21,40146.79
2019-03-22,38953.24
2019-03-25,38937.71
2019-03-26,39604.02
2019-03-27,38206.8
2019-03-28,39202.85
2019-03-29,39643.35
2019-04-01,39908.17
2019-04-02,39640.09
2019-04-03,39303.14
2019-04-04,40011.85
2019-04-05,40338.78
2019-04-08,40427.94
2019-04-09,39983.3
2019-04-10,39854.67
2019-04-11,39387.67
2019-04-12,38648.2
2019-04-15,38723.56
2019-04-16,39213.29
2019-04-17,38771.46
2019-04-18,39268.1
2019-04-22,39304.52
2019-04-23,39856.18
2019-04-24,39525.39
2019-04-25,40127.16
2019-04-26,40003.17
2019-04-29,39984.15
2019-04-30,40062.33
2019-05-02,39771.52
2019-05-03,39954.92
2019-05-06,39572.07
2019-05-07,39332.06
2019-05-08,39824.0
2019-05-09,39525.72
2019-05-10,39300.51
2019-05-13,38275.56
2019-05-14,38422.63
2019-05-15,38226.03
2019-05-16,37565.26
2019-05-17,37536.59
2019-05-20,38337.63
2019-05-21,39394.81
2019-05-22,39359.39
2019-05-23,39167.87
2019-05-24,39036.83
2019-05-27,39531.49
2019-05-28,40172.71
2019-05-29,40263.12
2019-05-30,40647.77
2019-05-31,40519.55
2019-06-03,40517.57
2019-06-04,40667.47
2019-06-05,40131.53
2019-06-06,40609.08
2019-06-07,40871.43
2019-06-10,40723.97
2019-06-11,41295.26
2019-06-12,41038.57
2019-06-13,41244.8
2019-06-14,40943.29
2019-06-17,40794.18
2019-06-18,41505.88
2019-06-19,41874.37
2019-06-21,42537.45
2019-06-24,42567.72
2019-06-25,41766.78
2019-06-26,41988.75
2019-06-27,42034.64
2019-06-28,42180.16
2019-07-01,42300.83
2019-07-02,42018.66
2019-07-03,42600.99
2019-07-04,43270.01
2019-07-05,43487.65
2019-07-08,43706.27
2019-07-10,44249.18
2019-07-11,43991.98
2019-07-12,43475.61
2019-07-15,43413.93
2019-07-16,43408.77
2019-07-17,43458.72
2019-07-18,43818.41
2019-07-19,43303.22
2019-07-22,43490.66
2019-07-23,43399.41
2019-07-24,43547.67
2019-07-25,42951.64
2019-07-26,43006.6
2019-07-29,43292.46
2019-07-30,43111.22
2019-07-31,42672.69
2019-08-01,42812.74
2019-08-02,43027.06
2019-08-05,41982.27
2019-08-06,42860.5
2019-08-07,43134.8
2019-08-08,43719.53
2019-08-09,43696.04
2019-08-12,42845.3
2019-08-13,43383.29
2019-08-14,42154.38
2019-08-15,41638.22
2019-08-16,41970.21
2019-08-19,41837.22
2019-08-20,41747.78
2019-08-21,42549.02
2019-08-22,42101.68
2019-08-23,41112.32
2019-08-26,40555.2
2019-08-27,40932.0
2019-08-28,41302.1
2019-08-29,42270.96
2019-08-30,42602.77
2019-09-02,42424.78
2019-09-03,42010.85
2019-09-04,42595.23
2019-09-05,43005.18
2019-09-06,43246.32
2019-09-09,43241.11
2019-09-10,43189.57
2019-09-11,43439.35
2019-09-12,43802.51
2019-09-13,43439.89
2019-09-16,43494.24
2019-09-17,43904.75
2019-09-18,43887.68
2019-09-19,43853.1
2019-09-20,44021.54
2019-09-23,43933.11
2019-09-24,43617.04
2019-09-25,43822.79
2019-09-26,44171.53
2019-09-27,44077.14
2019-09-30,43971.65
2019-10-01,43674.26
2019-10-02,42445.72
2019-10-03,42654.99
2019-10-04,43074.34
2019-10-07,42255.88
2019-10-08,42000.52
2019-10-09,42537.27
2019-10-10,42738.21
2019-10-11,43572.75
2019-10-14,43769.6
2019-10-15,43802.54
2019-10-16,44183.26
2019-10-17,44041.55
2019-10-18,43947.39
2019-10-21,44459.99
2019-10-22,44980.09
2019-10-23,45025.39
2019-10-24,44813.23
2019-10-25,44935.46
2019-10-28,45266.46
2019-10-29,45036.06
2019-10-30,45403.3
2019-10-31,44939.87
2019-11-01,45358.68
2019-11-04,45563.59
2019-11-05,45485.47
2019-11-06,45379.43
2019-11-07,45853.88
2019-11-08,45075.43
2019-11-11,45385.0
2019-11-12,44722.16
2019-11-13,44432.55
2019-11-14,44658.15
2019-11-18,44541.35
2019-11-19,44383.24
2019-11-21,45059.75
2019-11-22,45528.67
2019-11-25,45426.94
2019-11-26,44861.32
2019-11-27,45127.48
2019-11-28,45383.23
2019-11-29,45374.96
2019-12-02,45633.74
2019-12-03,45671.13
2019-12-04,46213.98
2019-12-05,46361.23
2019-12-06,46586.7
2019-12-09,46521.94
2019-12-10,46389.46
2019-12-11,46542.27
2019-12-12,47038.13
2019-12-13,47212.92
2019-12-16,46985.26
2019-12-17,47258.74
2019-12-18,47976.84
2019-12-19,48333.17
2019-12-20,48345.59
2019-12-23,48679.43
2019-12-26,49256.14
2019-12-27,49000.07
2019-12-30,48675.42
2020-01-02,49892.99
2020-01-03,49609.37
2020-01-06,49299.33
2020-01-07,49210.82
2020-01-08,49029.99
2020-01-09,48927.06
2020-01-10,48778.81
2020-01-13,49519.69
2020-01-14,49655.09
2020-01-15,49174.44
2020-01-16,49316.8
2020-01-17,50027.26
2020-01-20,50203.8
2020-01-21,49468.42
2020-01-22,50017.8
2020-01-23,50491.6
2020-01-24,50012.56
2020-01-27,48400.42
2020-01-28,49238.6
2020-01-29,48786.8
2020-01-30,48801.2
2020-01-31,48065.13
2020-02-03,48461.06
2020-02-04,48858.24
2020-02-05,49068.23
2020-02-06,48689.25
2020-02-07,48071.11
2020-02-10,47508.39
2020-02-11,48710.15
2020-02-12,49268.44
2020-02-13,48858.26
2020-02-14,48345.95
2020-02-17,48749.53
2020-02-18,48626.93
2020-02-19,49266.44
2020-02-20,48469.52
2020-02-21,48123.64
2020-02-26,44791.75
2020-02-27,43628.32
2020-02-28,44113.94
2020-03-02,45195.63
2020-03-03,44736.81
2020-03-04,45504.97
2020-03-05,43365.7
2020-03-06,41554.68
2020-03-09,36525.57
2020-03-10,39093.08
2020-03-11,36155.35
2020-03-12,30772.73
2020-03-13,35005.14
2020-03-16,30205.74
2020-03-17,31621.84
2020-03-18,28282.11
2020-03-19,28910.95
2020-03-20,28404.31
2020-03-23,26895.8
2020-03-24,29402.93
2020-03-25,31581.45
2020-03-26,32827.54
2020-03-27,31054.7
2020-03-30,31522.41
2020-03-31,30840.55
2020-04-01,29954.66
2020-04-02,30477.08
2020-04-03,29359.96
2020-04-06,31249.99
2020-04-07,32207.07
2020-04-08,33163.08
2020-04-09,32813.18
2020-04-13,33273.96
2020-04-14,33767.63
2020-04-15,33329.67
2020-04-16,32917.83
2020-04-17,33387.77
2020-04-20,33410.73
2020-04-22,34157.17
2020-04-23,33718.19
2020-04-24,31852.88
2020-04-27,33083.91
2020-04-28,34385.94
2020-04-29,35151.05
2020-04-30,34006.82
2020-05-04,33312.18
2020-05-05,33560.76
2020-05-06,33357.88
2020-05-07,32914.18
2020-05-08,33789.05
2020-05-11,33300.0
2020-05-12,32785.11
2020-05-13,32720.72
2020-05-14,33251.6
2020-05-15,32670.63
2020-05-18,34222.72
2020-05-19,34040.96
2020-05-20,34268.99
2020-05-21,35025.86
2020-05-22,34683.43
2020-05-25,36167.47
2020-05-26,36096.84
2020-05-27,37151.27
2020-05-28,36732.41
2020-05-29,36903.25
2020-06-01,37428.01
2020-06-02,38435.37
2020-06-03,39287.64
2020-06-04,39622.49
2020-06-05,39960.35
2020-06-08,41240.74
2020-06-09,40859.84
2020-06-10,39971.83
2020-06-12,39182.38
2020-06-15,39024.7
2020-06-16,39481.22
2020-06-17,40345.86
2020-06-18,40593.34
2020-06-19,40795.38
2020-06-22,40330.7
2020-06-23,40588.98
2020-06-24,39913.31
2020-06-25,40585.66
2020-06-26,39674.56
2020-06-29,40472.57
2020-06-30,40213.02
2020-07-01,40728.68
2020-07-02,40741.76
2020-07-03,40982.17
2020-07-06,41876.71
2020-07-07,41387.13
2020-07-08,42221.46
2020-07-09,41970.26
2020-07-10,42324.81
2020-07-13,41775.92
2020-07-14,42478.64
2020-07-15,43049.55
2020-07-16,42553.82
2020-07-17,43514.52
2020-07-20,44161.83
2020-07-21,44120.86
2020-07-22,44129.61
2020-07-23,43300.18
2020-07-24,43320.86
2020-07-27,44172.86
2020-07-28,44007.03
2020-07-29,44629.2
2020-07-30,44424.85
2020-07-31,43596.81
2020-08-03,43537.32
2020-08-04,42856.43
2020-08-05,43528.36
2020-08-06,44112.53
2020-08-07,43560.98
2020-08-10,43802.84
2020-08-11,43315.99
2020-08-12,43257.83
2020-08-13,42584.95
2020-08-14,42949.4
2020-08-17,42159.04
2020-08-18,43220.07
2020-08-19,42721.8
2020-08-20,42983.72
2020-08-21,43026.66
2020-08-24,43327.36
2020-08-25,43279.59
2020-08-26,42660.21
2020-08-27,42661.71
2020-08-28,43291.2
2020-08-31,42125.27
2020-09-01,43292.51
2020-09-02,43209.23
2020-09-03,42700.41
2020-09-04,42911.37
2020-09-08,42443.22
2020-09-09,42964.68
2020-09-10,41911.44
2020-09-11,41692.51
2020-09-14,42518.15
2020-09-15,42516.29
2020-09-16,42263.52
2020-09-17,42437.65
2020-09-18,41698.27
2020-09-21,41170.08
2020-09-22,41309.14
2020-09-23,40690.57
2020-09-24,41232.18
2020-09-25,41216.42
2020-09-28,40227.47
2020-09-29,39770.43
2020-09-30,40195.6
2020-10-01,40566.42
2020-10-02,39958.1
2020-10-05,40817.22
2020-10-06,40615.98
2020-10-07,40580.15
2020-10-08,41583.08
2020-10-09,41434.43
2020-10-13,41835.66
2020-10-14,42203.61
2020-10-15,42103.76
2020-10-16,41804.58
2020-10-19,41952.46
2020-10-20,42749.12
2020-10-21,42745.65
2020-10-22,43294.98
2020-10-23,43028.67
2020-10-26,42941.42
2020-10-27,42373.3
2020-10-28,40600.54
2020-10-29,41097.03
2020-10-30,39975.69
2020-11-03,40848.49
2020-11-04,41700.95
2020-11-05,42925.34
2020-11-06,43022.74
2020-11-09,44012.79
2020-11-10,44618.31
2020-11-11,44489.45
2020-11-12,43524.48
2020-11-13,44465.26
2020-11-16,45150.31
2020-11-17,45473.17
2020-11-18,45014.67
2020-11-19,45249.83
2020-11-20,44977.69
2020-11-23,45536.25
2020-11-24,46526.21
2020-11-25,46685.74
2020-11-26,46734.4
2020-11-27,46866.48
2020-11-30,46155.12
2020-12-01,47179.89
2020-12-02,47398.67
2020-12-03,47552.74
2020-12-04,48142.81
2020-12-07,48066.65
2020-12-08,48143.23
2020-12-09,47803.19
2020-12-10,48682.05
2020-12-11,48708.53
2020-12-14,48494.99
2020-12-15,49137.86
2020-12-16,49852.3
2020-12-17,50059.88
2020-12-18,49908.23
2020-12-21,48992.6
2020-12-22,49309.47
2020-12-23,49826.1
2020-12-28,50391.7
2020-12-29,50513.12
2020-12-30,50379.31
2021-01-04,50486.0
2021-01-05,50745.16
2021-01-06,50723.34
2021-01-07,52255.27
2021-01-08,53302.19
2021-01-11,52607.62
2021-01-12,52786.58
2021-01-13,51882.41
2021-01-14,52558.93
2021-01-15,51178.93
2021-01-18,51547.22
2021-01-19,51295.1
2021-01-20,50836.19
2021-01-21,50371.11
2021-01-22,49984.59
2021-01-26,49566.16
2021-01-27,49212.87
2021-01-28,50470.55
2021-01-29,48854.26
2021-02-01,49955.3
2021-02-02,50090.04
2021-02-03,50789.48
2021-02-04,50564.04
2021-02-05,51103.92
2021-02-08,50952.51
2021-02-09,50858.82
2021-02-10,50442.64
2021-02-11,50703.62
2021-02-12,50778.68
2021-02-17,51232.04
2021-02-18,50834.91
2021-02-19,50580.62
2021-02-22,48265.9
2021-02-23,49299.25
2021-02-24,49516.75
2021-02-25,48084.58
2021-02-26,47167.32
2021-03-01,47440.03
2021-03-02,48022.91
2021-03-03,47822.55
2021-03-04,48339.0
2021-03-05,49542.77
2021-03-08,47700.8
2021-03-09,47918.01
2021-03-10,48426.84
2021-03-11,49423.03
2021-03-12,48991.48
2021-03-15,49249.31
2021-03-16,48925.07
2021-03-17,49968.73
2021-03-18,49208.79
2021-03-19,49702.79
2021-03-22,49170.82
2021-03-23,48416.85
2021-03-24,48029.67
2021-03-25,48654.98
2021-03-26,49189.27
2021-03-29,49524.28
2021-03-30,50060.03
2021-03-31,50014.2
2021-04-01,49472.33
2021-04-05,50607.54
2021-04-06,50559.27
2021-04-07,50711.48
2021-04-08,50990.64
2021-04-09,50667.09
2021-04-12,51119.8
2021-04-13,51320.1
2021-04-14,51835.75
2021-04-15,52047.04
2021-04-16,52249.06
2021-04-19,52144.76
2021-04-20,51746.33
2021-04-22,51468.74
2021-04-23,52009.1
2021-04-26,52054.22
2021-04-27,51639.82
2021-04-28,52371.05
2021-04-29,52005.57
2021-04-30,51432.65
2021-05-03,51515.84
2021-05-04,51036.58
2021-05-05,51782.29
2021-05-06,52122.92
2021-05-07,52938.45
2021-05-10,52808.84
2021-05-11,53424.43
2021-05-12,51916.73
2021-05-13,52200.79
2021-05-14,52538.84
2021-05-17,53099.86
2021-05-18,53179.99
2021-05-19,52909.02
2021-05-20,52908.84
2021-05-21,52772.87
2021-05-24,53422.16
2021-05-25,52860.63
2021-05-26,53398.56
2021-05-27,53580.93
2021-05-28,54059.02
2021-05-31,54478.49
2021-06-01,55155.54
2021-06-02,55738.78
2021-06-04,55847.6
2021-06-07,56006.73
2021-06-08,55543.8
2021-06-09,55716.39
2021-06-10,55770.39
2021-06-11,55644.69
2021-06-14,55917.27
2021-06-15,55751.1
2021-06-16,55278.36
2021-06-17,54726.29
2021-06-18,55026.33
2021-06-21,55409.24
2021-06-22,55298.55
2021-06-23,55272.12
2021-06-24,55672.74
2021-06-25,54893.33
2021-06-28,54878.07
2021-06-29,54956.13
2021-06-30,54822.42
2021-07-01,54268.54
2021-07-02,55146.58
2021-07-05,54852.82
2021-07-06,54189.32
2021-07-07,54931.85
2021-07-08,54294.55
2021-07-12,55205.76
2021-07-13,55448.32
2021-07-14,55546.97
2021-07-15,55229.48
2021-07-16,54548.78
2021-07-19,53891.14
2021-07-20,54324.61
2021-07-21,54595.11
2021-07-22,54685.91
2021-07-23,54231.01
2021-07-26,54709.21
2021-07-27,54024.55
2021-07-28,54814.15
2021-07-29,54488.83
2021-07-30,52632.97
2021-08-02,52939.04
2021-08-03,53533.51
2021-08-04,52857.54
2021-08-05,52601.18
2021-08-06,53083.94
2021-08-09,53143.19
2021-08-10,52892.98
2021-08-11,52780.16
2021-08-12,52232.88
2021-08-13,52361.28
2021-08-16,51603.26
2021-08-17,50993.3
2021-08-18,50330.11
2021-08-19,50246.16
2021-08-20,50607.17
2021-08-23,50316.53
2021-08-24,51535.24
2021-08-25,51726.62
2021-08-26,50881.79
2021-08-27,51783.57
2021-08-30,51383.71
2021-08-31,50920.04
2021-09-01,51154.36
2021-09-02,50118.26
2021-09-03,50174.57
2021-09-06,50523.12
2021-09-08,48681.88
2021-09-09,49445.49
2021-09-10,49013.26
2021-09-13,49877.12
2021-09-14,49764.24
2021-09-15,49240.23
2021-09-16,48616.81
2021-09-17,47623.99
2021-09-20,46488.7
2021-09-21,47092.49
2021-09-22,47983.73
2021-09-23,48693.65
2021-09-24,48343.84
2021-09-27,48482.03
2021-09-28,46969.84
2021-09-29,47389.38
2021-09-30,47360.36
2021-10-01,48123.07
2021-10-04,47094.27
2021-10-05,47090.26
2021-10-06,47204.26
2021-10-07,47275.79
2021-10-08,48193.05
2021-10-11,47981.03
2021-10-13,48420.7
2021-10-14,48308.63
2021-10-15,48933.55
2021-10-18,48829.66
2021-10-19,47296.93
2021-10-20,47255.38
2021-10-21,45972.53
2021-10-22,45423.06
2021-10-25,46441.63
2021-10-26,45469.48
2021-10-27,45395.82
2021-10-28,45091.54
2021-10-29,44133.83
2021-11-01,44975.73
2021-11-03,44856.8
2021-11-04,43893.45
2021-11-05,44391.67
2021-11-08,44504.99
2021-11-09,44751.3
2021-11-10,44915.57
2021-11-11,45644.8
2021-11-12,45141.99
2021-11-16,44287.5
2021-11-17,43658.28
2021-11-18,43362.92
2021-11-19,43668.86
2021-11-22,43409.8
2021-11-23,44079.32
2021-11-24,44459.98
2021-11-25,44969.22
2021-11-26,43472.94
2021-11-29,43742.04
2021-11-30,43387.81
2021-12-01,42913.78
2021-12-02,44500.98
2021-12-03,44696.6
2021-12-06,45512.17
2021-12-07,45825.9
2021-12-08,46025.35
2021-12-09,45281.77
2021-12-10,45888.68
2021-12-13,45799.15
2021-12-14,45522.52
2021-12-15,45768.58
2021-12-16,46215.12
2021-12-17,45727.99
2021-12-20,44831.59
2021-12-21,45094.36
2021-12-22,44946.99
2021-12-23,44782.38
2021-12-27,45068.55
2021-12-28,44736.42
2021-12-29,44436.98
2021-12-30,44749.56
2022-01-03,44395.92
2022-01-04,44197.02
2022-01-05,43151.79
2022-01-06,43408.89
2022-01-07,43978.52
2022-01-10,43631.34
2022-01-11,44438.49
2022-01-12,45253.43
2022-01-13,45183.29
2022-01-14,45763.9
2022-01-17,45511.69
2022-01-18,45669.45
2022-01-19,46257.6
2022-01-20,46683.37
2022-01-21,46582.56
2022-01-24,46144.28
2022-01-25,47098.33
2022-01-26,47571.47
2022-01-27,48110.23
2022-01-28,47791.58
2022-01-31,47822.25
2022-02-01,48383.1
2022-02-02,47852.24
2022-02-03,47769.81
2022-02-04,48040.95
2022-02-07,47980.2
2022-02-08,48092.02
2022-02-09,48203.75
2022-02-10,48631.66
2022-02-11,48696.6
2022-02-14,48804.67
2022-02-15,49118.18
2022-02-16,49292.08
2022-02-17,48537.73
2022-02-18,48267.14
2022-02-21,47814.67
2022-02-22,48317.24
2022-02-23,47983.07
2022-02-24,47794.7
2022-02-25,48520.15
2022-03-02,49522.11
2022-03-03,49516.25
2022-03-04,49278.16
2022-03-07,48135.56
2022-03-08,47893.17
2022-03-09,48923.13
2022-03-10,48913.54
2022-03-11,48102.43
2022-03-14,47252.81
2022-03-15,46802.7
2022-03-16,47714.33
2022-03-17,48551.32
2022-03-18,49492.87
2022-03-21,49909.59
2022-03-22,50317.85
2022-03-23,50399.21
2022-03-24,51069.51
2022-03-25,51046.44
2022-03-28,50890.93
2022-03-29,51399.66
2022-03-30,51517.75
2022-03-31,51410.77
2022-04-01,52081.62
2022-04-04,51979.3
2022-04-05,50942.76
2022-04-06,50702.05
2022-04-07,50991.88
2022-04-08,50735.16
2022-04-11,50146.34
2022-04-12,49808.59
2022-04-13,50073.07
2022-04-14,49794.6
2022-04-18,49556.46
2022-04-19,49251.43
2022-04-20,48915.82
2022-04-22,47453.19
2022-04-25,47271.55
2022-04-26,46254.5
2022-04-27,46800.29
2022-04-28,47075.54
2022-04-29,46211.94
2022-05-02,45668.95
2022-05-03,45608.75
2022-05-04,46368.5
2022-05-05,45086.32
2022-05-06,45020.85
2022-05-09,44145.18
2022-05-10,44081.89
2022-05-11,44682.3
2022-05-12,45213.02
2022-05-13,45716.28
2022-05-16,46326.9
2022-05-17,46564.4
2022-05-18,45472.21
2022-05-19,45815.24
2022-05-20,46444.22
2022-05-23,47247.27
2022-05-24,47348.7
2022-05-25,47382.01
2022-05-26,47920.59
2022-05-27,47947.72
2022-05-30,47592.9
2022-05-31,47705.44
2022-06-01,47755.42
2022-06-02,48201.38
2022-06-03,47656.78
2022-06-06,47272.22
2022-06-07,47251.42
2022-06-08,46496.13
2022-06-09,45913.6
2022-06-10,45242.93
2022-06-13,44003.36
2022-06-14,43790.05
2022-06-15,44089.7
2022-06-17,42747.21
2022-06-20,42714.53
2022-06-21,42658.2
2022-06-22,42565.4
2022-06-23,41912.63
2022-06-24,42182.64
2022-06-27,43128.09
2022-06-28,43090.77
2022-06-29,42682.45
2022-06-30,42188.99
2022-07-01,42341.26
2022-07-04,42203.16
2022-07-05,42039.57
2022-07-06,42215.5
2022-07-07,43088.7
2022-07-08,42879.64
2022-07-11,41976.69
2022-07-12,41988.32
2022-07-13,41831.66
2022-07-14,41013.54
2022-07-15,41200.25
2022-07-18,41369.0
2022-07-19,41916.51
2022-07-20,41930.84
2022-07-21,42251.35
2022-07-22,42220.84
2022-07-25,42815.43
2022-07-26,42615.14
2022-07-27,43308.25
2022-07-28,43793.59
2022-07-29,44044.97
2022-08-01,43621.61
2022-08-02,44128.58
2022-08-03,44253.52
2022-08-04,45124.89
2022-08-05,45378.25
2022-08-08,46218.24
2022-08-09,46346.8
2022-08-10,46996.57
2022-08-11,46807.4
2022-08-12,48129.52
2022-08-15,48215.4
2022-08-16,48443.48
2022-08-17,48510.61
2022-08-18,48533.31
2022-08-19,47540.83
2022-08-22,47127.53
2022-08-23,48201.08
2022-08-24,48182.98
2022-08-25,48457.7
2022-08-26,47941.56
2022-08-29,47955.43
2022-08-30,47101.59
2022-08-31,46753.63
2022-09-01,47104.88
2022-09-02,47245.83
2022-09-05,47810.75
2022-09-06,46753.81
2022-09-08,46804.09
2022-09-09,47784.84
2022-09-12,48240.0
2022-09-13,47131.77
2022-09-14,47048.6
2022-09-15,46798.59
2022-09-16,46508.66
2022-09-19,47557.09
2022-09-20,47830.1
2022-09-21,47586.5
2022-09-22,48503.16
2022-09-23,47472.99
2022-09-26,46371.6
2022-09-27,46054.06
2022-09-28,46071.99
2022-09-29,45744.87
2022-09-30,46730.97
2022-10-03,49344.13
2022-10-04,49356.97
2022-10-05,49772.41
2022-10-06,49967.72
2022-10-07,49468.94
2022-10-10,49293.35
2022-10-11,48823.67
2022-10-13,48631.92
2022-10-14,47682.41
2022-10-17,48343.44
2022-10-18,49248.67
2022-10-19,49497.53
2022-10-20,49889.84
2022-10-21,51075.07
2022-10-24,49368.77
2022-10-25,48770.89
2022-10-26,47958.61
2022-10-27,48773.03
2022-10-28,48732.46
2022-10-31,49334.78
2022-11-01,49700.14
2022-11-03,49712.86
2022-11-04,50201.17
2022-11-07,48968.79
2022-11-08,49308.11
2022-11-09,48226.45
2022-11-10,46581.0
2022-11-11,47611.75
2022-11-14,48013.78
2022-11-16,46778.65
2022-11-17,46540.3
2022-11-18,46192.89
2022-11-21,46578.64
2022-11-22,46275.61
2022-11-23,46190.4
2022-11-24,47475.18
2022-11-25,46257.77
2022-11-28,46197.14
2022-11-29,47119.25
2022-11-30,47801.7
2022-12-01,47114.39
2022-12-02,47507.9
2022-12-05,46429.5
2022-12-06,46755.47
2022-12-07,46296.27
2022-12-08,45522.54
2022-12-09,45621.92
2022-12-12,44695.63
2022-12-13,43938.52
2022-12-14,43966.3
2022-12-15,43974.81
2022-12-16,43609.44
2022-12-19,44411.04
2022-12-20,45316.71
2022-12-21,45574.71
2022-12-22,45635.04
2022-12-23,46565.07
2022-12-26,46158.46
2022-12-27,46079.99
2022-12-28,46769.76
2022-12-29,46546.89
2023-01-02,45204.03
2023-01-03,44293.15
2023-01-04,44768.09
2023-01-05,45715.83
2023-01-06,46285.43
2023-01-09,46359.57
2023-01-10,47066.91
2023-01-11,47749.54
2023-01-12,47509.56
2023-01-13,47142.21
2023-01-16,46425.0
2023-01-17,47311.59
2023-01-18,47662.1
2023-01-19,47947.92
2023-01-20,47603.84
2023-01-23,47496.87
2023-01-24,48038.04
2023-01-25,48563.65
2023-01-26,48573.32
2023-01-27,47761.45
2023-01-30,47725.78
2023-01-31,48181.14
2023-02-01,47602.85
2023-02-02,46711.15
2023-02-03,46057.58
2023-02-06,46115.44
2023-02-07,45776.96
2023-02-08,46620.81
2023-02-09,45830.2
2023-02-10,45846.59
2023-02-13,46135.07
2023-02-14,45740.72
2023-02-15,46490.28
2023-02-16,46625.29
2023-02-17,46300.24
2023-02-22,45482.63
2023-02-23,45647.4
2023-02-24,44881.34
2023-02-27,44846.54
2023-02-28,44526.06
2023-03-01,44395.7
2023-03-02,43975.46
2023-03-03,44194.27
2023-03-06,44450.76
2023-03-07,44240.29
2023-03-08,45186.12
2023-03-09,44579.52
2023-03-10,43991.15
2023-03-13,43793.74
2023-03-14,43734.62
2023-03-15,43539.41
2023-03-16,43835.7
2023-03-17,43271.41
2023-03-20,42841.43
2023-03-21,42845.28
2023-03-22,42521.88
2023-03-23,41543.91
2023-03-24,41896.59
2023-03-27,42238.03
2023-03-28,42871.59
2023-03-29,43138.79
2023-03-30,43937.35
2023-03-31,43160.72
2023-04-03,43015.06
2023-04-04,43106.24
2023-04-05,42713.0
2023-04-06,42650.24
2023-04-10,43095.25
2023-04-11,44942.83
2023-04-12,45182.05
2023-04-13,44992.51
2023-04-14,44899.99
2023-04-17,44765.98
2023-04-18,44824.93
2023-04-19,43866.1
2023-04-20,44012.79
2023-04-24,43781.63
2023-04-25,43438.06
2023-04-26,43084.37
2023-04-27,43363.87
2023-04-28,43994.42
2023-05-02,42928.25
2023-05-03,42868.01
2023-05-04,43000.65
2023-05-05,44254.23
2023-05-08,44621.64
2023-05-09,45069.03
2023-05-10,45199.96
2023-05-11,45542.0
2023-05-12,45624.13
2023-05-15,45858.68
2023-05-16,45510.12
2023-05-17,46049.69
2023-05-18,46324.32
2023-05-19,46592.2
2023-05-22,46369.65
2023-05-23,46245.68
2023-05-24,45781.16
2023-05-25,46293.28
2023-05-26,46661.25
2023-05-29,46426.92
2023-05-30,45847.77
2023-05-31,45575.35
2023-06-01,46510.17
2023-06-02,47345.24
2023-06-05,47395.04
2023-06-06,48189.11
2023-06-07,48570.35
2023-06-09,49213.51
2023-06-12,49330.42
2023-06-13,49080.12
2023-06-14,50069.1
2023-06-15,50131.53
2023-06-16,49941.05
2023-06-19,50395.65
2023-06-20,50283.36
2023-06-21,50617.88
2023-06-22,50003.29
2023-06-23,50003.92
2023-06-26,49711.46
2023-06-27,49404.78
2023-06-28,49045.49
2023-06-29,49757.24
2023-06-30,49616.33
2023-07-03,50279.65
2023-07-04,50031.35
2023-07-05,50223.71
2023-07-06,49349.79
2023-07-07,49965.75
2023-07-10,49573.24
2023-07-11,49416.16
2023-07-12,49463.86
2023-07-13,50133.02
2023-07-14,49475.38
2023-07-17,49680.33
2023-07-18,49528.33
2023-07-19,49417.72
2023-07-20,49642.98
2023-07-21,50538.59
2023-07-24,51030.78
2023-07-25,51319.95
2023-07-26,51533.36
2023-07-27,50456.93
2023-07-28,50524.94
2023-07-31,51263.88
2023-08-01,50973.19
2023-08-02,50802.63
2023-08-03,50710.94
2023-08-04,50270.46
2023-08-07,50212.35
2023-08-08,50102.74
2023-08-09,49832.98
2023-08-10,49807.09
2023-08-11,49678.11
2023-08-14,49139.89
2023-08-15,48866.0
2023-08-16,48635.93
2023-08-17,48382.86
2023-08-18,48552.29
2023-08-21,48140.11
2023-08-22,48871.93
2023-08-23,49709.96
2023-08-24,49246.7
2023-08-25,48748.74
2023-08-28,49269.25
2023-08-29,49811.64
2023-08-30,49453.25
2023-08-31,48697.59
2023-09-01,49627.54
2023-09-04,49565.86
2023-09-05,49416.95
2023-09-06,48875.52
2023-09-08,48594.31
2023-09-11,49233.23
2023-09-12,49693.12
2023-09-13,49769.99
2023-09-14,50292.61
2023-09-15,50017.65
2023-09-18,49828.17
2023-09-19,49645.36
2023-09-20,49990.33
2023-09-21,48929.83
2023-09-22,48872.74
2023-09-25,48841.19
2023-09-26,48093.88
2023-09-27,48170.6
2023-09-28,48751.18
2023-09-29,49108.5
2023-10-02,48470.12
2023-10-03,47772.26
2023-10-04,47829.58
2023-10-05,47686.14
2023-10-06,48054.41
2023-10-09,48498.89
2023-10-10,49162.3
2023-10-11,49277.22
2023-10-13,48760.42
2023-10-16,49089.62
2023-10-17,48844.92
2023-10-18,48099.45
2023-10-19,48071.46
2023-10-20,47716.99
2023-10-23,47515.11
2023-10-24,47927.93
2023-10-25,47542.14
2023-10-26,48335.27
2023-10-27,47706.24
2023-10-30,47377.3
2023-10-31,47621.19
2023-11-01,48419.64
2023-11-03,49727.33
2023-11-06,49837.81
2023-11-07,50177.22
2023-11-08,50115.87
2023-11-09,50069.83
2023-11-10,50706.11
2023-11-13,50660.92
2023-11-14,51810.51
2023-11-16,52421.28
2023-11-17,52489.91
2023-11-20,52967.03
2023-11-21,52812.43
2023-11-22,52984.28
2023-11-23,53210.72
2023-11-24,52762.08
2023-11-27,52844.09
2023-11-28,53186.85
2023-11-29,53022.45
2023-11-30,53515.32
2023-12-01,53868.79
2023-12-04,53294.24
2023-12-05,53343.41
2023-12-06,52805.61
2023-12-07,52970.72
2023-12-08,53437.34
2023-12-11,53371.85
2023-12-12,53137.59
2023-12-13,54425.76
2023-12-14,55005.95
2023-12-15,54736.37
2023-12-18,55122.19
2023-12-19,55454.58
2023-12-20,55029.59
2023-12-21,55602.46
2023-12-22,55852.39
2023-12-26,56180.89
2023-12-27,56456.97
2023-12-28,56449.62
2024-01-02,55844.6
2024-01-03,55944.25
2024-01-04,55252.14
2024-01-05,55591.65
2024-01-08,55756.83
2024-01-09,55354.44
2024-01-10,55089.97
2024-01-11,55012.42
2024-01-12,55152.37
2024-01-15,55379.31
2024-01-16,54457.15
2024-01-17,54128.44
2024-01-18,53631.87
2024-01-19,53768.28
2024-01-22,53337.56
2024-01-23,54034.95
2024-01-24,53845.49
2024-01-25,54048.5
2024-01-26,54396.49
2024-01-29,54215.48
2024-01-30,53762.53
2024-01-31,53905.0
2024-02-01,54230.81
2024-02-02,53679.45
2024-02-05,53836.75
2024-02-06,54999.58
2024-02-07,54848.07
2024-02-08,54137.09
2024-02-09,54057.66
2024-02-14,53621.25
2024-02-15,53980.8
2024-02-16,54378.22
2024-02-19,54509.85
2024-02-20,54843.24
2024-02-21,54884.99
2024-02-22,54985.49
2024-02-23,54640.82
2024-02-26,54727.21
2024-02-27,55586.41
2024-02-28,54890.58
2024-02-29,54423.74
2024-03-01,54492.05
2024-03-04,54132.26
2024-03-05,54036.46
2024-03-06,54386.8
2024-03-07,54173.49
2024-03-08,53527.3
2024-03-11,53113.54
2024-03-12,53773.52
2024-03-13,53910.18
2024-03-14,53776.18
2024-03-15,53385.91
2024-03-18,53474.12
2024-03-19,53697.82
2024-03-20,54388.2
2024-03-21,53991.26
2024-03-22,53544.97
2024-03-25,53515.94
2024-03-26,53473.27
2024-03-27,53840.31
2024-03-28,54026.97
2024-04-01,53576.13
2024-04-02,53839.19
2024-04-03,53731.63
2024-04-04,53762.7
2024-04-05,53495.08
2024-04-08,54374.87
2024-04-09,54809.48
2024-04-10,54088.53
2024-04-11,53800.59
2024-04-12,53165.09
2024-04-15,52925.2
2024-04-16,52544.42
2024-04-17,52461.49
2024-04-18,52462.31
2024-04-19,52904.05
2024-04-22,53108.41
2024-04-23,52930.91
2024-04-24,52763.91
2024-04-25,52746.99
2024-04-26,53559.88
2024-04-29,53920.2
2024-04-30,53304.46
2024-05-02,53805.85
2024-05-03,54366.19
2024-05-06,54322.92
2024-05-07,54654.59
2024-05-08,54782.3
2024-05-09,54248.33
2024-05-10,53986.45
2024-05-13,54218.18
2024-05-14,54324.25
2024-05-15,54045.92
2024-05-16,54116.49
2024-05-17,54034.81
2024-05-20,53865.51
2024-05-21,53730.67
2024-05-22,53013.23
2024-05-23,52620.69
2024-05-24,52429.1
2024-05-27,52524.34
2024-05-28,52253.25
2024-05-29,51826.09
2024-05-31,51611.23
2024-06-03,51589.63
2024-06-04,51482.56
2024-06-05,51318.44
2024-06-06,51927.77
2024-06-07,51002.04
2024-06-10,51004.99
2024-06-11,51371.66
2024-06-12,50646.74
2024-06-13,50473.34
2024-06-14,50500.62
2024-06-17,50278.3
2024-06-18,50525.48
2024-06-19,50779.26
2024-06-20,50894.29
2024-06-21,51253.92
2024-06-24,51823.31
2024-06-25,51696.56
2024-06-26,51822.26
2024-06-27,52546.27
2024-06-28,52388.06
2024-07-01,52712.24
2024-07-02,52746.38
2024-07-03,53084.01
2024-07-04,53309.97
2024-07-05,53387.18
2024-07-08,53525.88
2024-07-09,53745.88
2024-07-10,53784.31
2024-07-11,54237.26
2024-07-12,54482.22
2024-07-15,54670.22
2024-07-16,54572.71
2024-07-17,54731.69
2024-07-18,53993.48
2024-07-19,53970.26
2024-07-22,54066.8
2024-07-23,53518.75
2024-07-24,53455.22
2024-07-25,53242.38
2024-07-26,53866.99
2024-07-29,53611.09
2024-07-30,53260.73
2024-07-31,53906.38
2024-08-01,53789.96
2024-08-02,53134.54
2024-08-05,52885.48
2024-08-06,53340.59
2024-08-07,53854.17
2024-08-08,54341.5
2024-08-09,55139.91
2024-08-12,55377.1
2024-08-13,55896.94
2024-08-14,56301.59
2024-08-15,56647.24
2024-08-16,56554.98
2024-08-19,57287.02
2024-08-20,57406.82
2024-08-21,57531.01
2024-08-22,56975.43
2024-08-23,57179.87
2024-08-26,57820.56
2024-08-27,57748.23
2024-08-28,58011.57
2024-08-29,57457.69
2024-08-30,57461.68
2024-09-02,57011.0
2024-09-03,56784.89
2024-09-04,57518.23
2024-09-05,57679.65
2024-09-06,56867.06
2024-09-09,56942.97
2024-09-10,56769.22
2024-09-11,56917.66
2024-09-12,56632.6
2024-09-13,57006.51
2024-09-16,57113.77
2024-09-17,57045.8
2024-09-18,56549.58
2024-09-19,56279.39
2024-09-20,55417.94
2024-09-23,55226.25
2024-09-24,55888.3
2024-09-25,55662.77
2024-09-26,56231.28
2024-09-27,56133.76
2024-09-30,55754.2
2024-10-01,56052.55
2024-10-02,56495.92
2024-10-03,55746.97
2024-10-04,55787.85
2024-10-07,55880.78
2024-10-08,55677.75
2024-10-09,55026.69
2024-10-10,55199.78
2024-10-11,55048.0
2024-10-14,55478.48
2024-10-15,55511.64
2024-10-16,55801.88
2024-10-17,55399.62
2024-10-18,55261.81
2024-10-21,55188.0
2024-10-22,55015.26
2024-10-23,54713.73
2024-10-24,55063.07
2024-10-25,54985.03
2024-10-28,55524.64
2024-10-29,55327.83
2024-10-30,55280.19
2024-10-31,54900.43
2024-11-01,54212.66
2024-11-04,55212.29
2024-11-05,55275.15
2024-11-06,55157.98
2024-11-07,54874.08
2024-11-08,54149.19
2024-11-11,54189.84
2024-11-12,54121.42
2024-11-13,54140.54
2024-11-14,54190.94
2024-11-18,54192.57
2024-11-19,54395.79
2024-11-21,53854.55
2024-11-22,54793.08
2024-11-25,54741.92
2024-11-26,55130.13
2024-11-27,54160.81
2024-11-28,52842.4
2024-11-29,53303.91
2024-12-02,53122.16
2024-12-03,53499.93
2024-12-04,53467.06
2024-12-05,54210.9
2024-12-06,53397.7
2024-12-09,53913.44
2024-12-10,54357.43
2024-12-11,55000.57
2024-12-12,53508.84
2024-12-13,52955.08
2024-12-16,52493.2
2024-12-17,52940.26
2024-12-18,51264.24
2024-12-19,51402.33
2024-12-20,51739.64
2024-12-23,51175.6
2024-12-26,51306.12
2024-12-27,50961.32
2024-12-30,50967.02
2025-01-02,50918.2
2025-01-03,50251.59
2025-01-06,50853.33
2025-01-07,51360.89
2025-01-08,50701.44
2025-01-09,50782.0
2025-01-10,50403.64
2025-01-13,50460.53
2025-01-14,50593.45
2025-01-15,51993.44
2025-01-16,51406.36
2025-01-17,51866.23
2025-01-20,52080.2
2025-01-21,52276.42
2025-01-22,52140.78
2025-01-23,51918.92
2025-01-24,51913.51
2025-01-27,52900.4
2025-01-28,52578.75
2025-01-29,52313.77
2025-01-30,53795.2
2025-01-31,53473.03
2025-02-03,53383.32
2025-02-04,53041.33
2025-02-05,53177.3
2025-02-06,53455.68
2025-02-07,52781.17
2025-02-10,53180.68
2025-02-11,53583.79
2025-02-12,52683.17
2025-02-13,52883.03
2025-02-14,54327.29
2025-02-17,54482.49
2025-02-18,54493.85
2025-02-19,53992.76
2025-02-20,54136.64
2025-02-21,53962.62
2025-02-24,53228.63
2025-02-25,53462.87
2025-02-26,52925.1
2025-02-27,52867.02
2025-02-28,52039.53
2025-03-05,52071.88
2025-03-06,52191.35
2025-03-07,52907.86
2025-03-10,52696.53
2025-03-11,52254.47
2025-03-12,52413.49
2025-03-13,53140.29
2025-03-14,54552.9
2025-03-17,55336.27
2025-03-18,55605.0
2025-03-19,56044.92
2025-03-20,55815.9
2025-03-21,55990.16
2025-03-24,55560.78
2025-03-25,55872.48
2025-03-26,56058.45
2025-03-27,56343.5
2025-03-28,55819.31
2025-03-31,55131.41
2025-04-01,55505.48
2025-04-02,55524.99
2025-04-03,55479.57
2025-04-04,53824.77
2025-04-07,53083.88
2025-04-08,52382.0
2025-04-09,53995.82
2025-04-10,53339.14
2025-04-11,53921.73
2025-04-14,54664.25
2025-04-15,54576.76
2025-04-16,54195.67
2025-04-17,54773.56
2025-04-22,55107.28
2025-04-23,55830.8
2025-04-24,56827.74
2025-04-25,56899.34
2025-04-28,57009.92
2025-04-29,57019.13
2025-04-30,56969.37
2025-05-02,57016.88
2025-05-05,56321.61
2025-05-06,56332.02
2025-05-07,56285.69
2025-05-08,57479.53
2025-05-09,57625.64
2025-05-12,57630.37
2025-05-13,58642.22
2025-05-14,58428.18
2025-05-15,58808.75
2025-05-16,58769.95
2025-05-19,58963.29
2025-05-20,59173.53
2025-05-21,58219.19
2025-05-22,57960.19
2025-05-23,58206.23
2025-05-26,58342.8
2025-05-27,58947.8
2025-05-28,58667.39
2025-05-29,58547.99
2025-05-30,57939.6
2025-06-02,57825.46
2025-06-03,58158.46
2025-06-04,57921.57
2025-06-05,57585.54
2025-06-06,57529.12
2025-06-09,57357.85
2025-06-10,57677.65
2025-06-11,57966.4
2025-06-12,58275.38
2025-06-13,58034.5
2025-06-16,58902.9
2025-06-17,58755.8
2025-06-18,58690.25
2025-06-20,58029.76
2025-06-23,57773.69
2025-06-24,58043.02
2025-06-25,57464.31
2025-06-26,58007.39
2025-06-27,57886.22
2025-06-30,58731.66
2025-07-01,59015.34
2025-07-02,58787.0
2025-07-03,59590.0
2025-07-04,59733.44
2025-07-07,59000.86
2025-07-08,58932.13
2025-07-09,58163.81
2025-07-10,57840.63
2025-07-11,57603.68
2025-07-14,57220.71
2025-07-15,57198.57
2025-07-16,57290.89
2025-07-17,57331.41
2025-07-18,56403.45
2025-07-21,56716.52
2025-07-22,56652.04
2025-07-23,57222.74
2025-07-24,56563.5
2025-07-25,56446.79
2025-07-28,55843.85
2025-07-29,56113.81
2025-07-30,56668.36
2025-07-31,56276.79
2025-08-01,56033.23
2025-08-04,56253.84
2025-08-05,56360.2
2025-08-06,56963.36
2025-08-07,57800.56
2025-08-08,57489.87
2025-08-11,57367.51
2025-08-12,58338.97
2025-08-13,57818.34
2025-08-14,57677.55
2025-08-15,57661.28
2025-08-18,58072.45
2025-08-19,56842.59
2025-08-20,56936.1
2025-08-21,56856.97
2025-08-22,58319.68
2025-08-25,58335.36
2025-08-26,58219.11
2025-08-27,58837.61
2025-08-28,59628.34
2025-08-29,59782.03
2025-09-01,59712.26
2025-09-02,59327.48
2025-09-03,59123.25
2025-09-04,59611.84
2025-09-05,60295.44
2025-09-08,59941.07
2025-09-09,59884.35
2025-09-10,60205.1
2025-09-11,60535.4
2025-09-12,60174.49
2025-09-15,60723.06
2025-09-16,60928.44
2025-09-17,61576.61
2025-09-18,61538.03
2025-09-19,61702.89
2025-09-22,61373.12
2025-09-23,61956.08
2025-09-24,61988.37
2025-09-25,61467.33
2025-09-26,61529.44
2025-09-29,61899.37
2025-09-30,61858.03
2025-10-01,61551.61
2025-10-02,60874.77
2025-10-03,60981.24
2025-10-06,60718.7
2025-10-07,59765.72
2025-10-08,60075.69
2025-10-09,59880.2
2025-10-10,59457.62
2025-10-13,59921.7
2025-10-14,59885.45
2025-10-15,60273.19
2025-10-16,60112.65
2025-10-17,60611.52
2025-10-20,61080.74
2025-10-21,60897.87
2025-10-22,61226.69
2025-10-23,61579.95
2025-10-24,61771.01
2025-10-27,62097.9
2025-10-28,62275.49
2025-10-29,62776.05
2025-10-30,62834.33
2025-10-31,63156.52
2025-11-03,63543.69
2025-11-04,63657.36
2025-11-05,64747.7
2025-11-06,64753.15
2025-11-07,65089.46
2025-11-10,65597.79
2025-11-11,66657.99
2025-11-12,66580.78
2025-11-13,66401.91
2025-11-14,66652.01
2025-11-17,66323.49
2025-11-18,66117.61
2025-11-19,65630.95
2025-11-21,65368.44
2025-11-24,65593.0
2025-11-25,65867.8
2025-11-26,66986.07
2025-11-27,66918.13
2025-11-28,67220.84
2025-12-01,67033.96
2025-12-02,68079.38
2025-12-03,68351.46
2025-12-04,69489.77
2025-12-05,66464.67
2025-12-08,66811.2
2025-12-09,66728.42
2025-12-10,67177.43
2025-12-11,67203.68
2025-12-12,67875.5
2025-12-15,68591.49
2025-12-16,66926.42
2025-12-17,66400.24
2025-12-18,66648.87
2025-12-19,66882.28
2025-12-22,66730.02
2025-12-23,67721.19
2025-12-26,67893.87
2025-12-29,67725.49
2025-12-30,68017.69
2026-01-02,67756.36
2026-01-05,68312.85
2026-01-06,69093.16
2026-01-07,68401.57
2026-01-08,68830.7
2026-01-09,69018.38
2026-01-12,68919.21
2026-01-13,68432.53
2026-01-14,69782.31
2026-01-15,69954.75
2026-01-16,69612.81
2026-01-19,69628.15
2026-01-20,70247.34
2026-01-21,72586.6
2026-01-22,74165.93
2026-01-23,75566.57
2026-01-26,75499.55
2026-01-27,76857.74
2026-01-28,78031.87
2026-01-29,77388.56
2026-01-30,76632.93
2026-02-02,77211.05
2026-02-03,78455.18
2026-02-04,76819.32
2026-02-05,76952.56
2026-02-06,77280.06
2026-02-09,78669.0
2026-02-10,78561.47
2026-02-11,80165.65
2026-02-12,79325.69
2026-02-13,78760.9
2026-02-18,78553.64
2026-02-19,79611.47
2026-02-20,80469.9
2026-02-23,79784.25
2026-02-24,80897.77
2026-02-25,80825.81
2026-02-26,80718.91
2026-02-27,79784.58
2026-03-02,80002.45
2026-03-03,77386.76
2026-03-04,78323.1
2026-03-05,76255.5
2026-03-06,75793.34
2026-03-09,76442.83
2026-03-10,77509.86
2026-03-11,77728.36
2026-03-12,75782.16
2026-03-13,75090.96
2026-03-16,76029.25
2026-03-17,76257.35
2026-03-18,75947.98
2026-03-19,76211.57
2026-03-20,74503.76
