Date,Close
2000-01-03,3601.51
2000-01-04,3450.68
2000-01-05,3533.07
2000-01-06,3520.58
2000-01-07,3572.45
2000-01-10,3646.06
2000-01-11,3576.21
2000-01-12,3560.27
2000-01-13,3550.67
2000-01-14,3563.43
2000-01-17,3583.65
2000-01-18,3626.23
2000-01-19,3579.88
2000-01-20,3570.04
2000-01-21,3568.22
2000-01-24,3559.01
2000-01-26,3499.01
2000-01-27,3495.46
2000-01-28,3434.89
2000-01-31,3361.48
2000-02-01,3374.31
2000-02-02,3373.92
2000-02-03,3422.81
2000-02-04,3500.23
2000-02-07,3492.0
2000-02-08,3566.59
2000-02-09,3579.99
2000-02-10,3787.56
2000-02-11,3966.47
2000-02-14,3983.06
2000-02-15,3825.46
2000-02-16,3893.35
2000-02-17,3901.74
2000-02-18,3718.83
2000-02-21,3855.54
2000-02-22,3774.9
2000-02-23,3846.13
2000-02-24,3758.36
2000-02-25,3717.19
2000-02-28,3690.85
2000-02-29,3690.19
2000-03-01,3698.31
2000-03-02,3646.99
2000-03-03,3773.45
2000-03-08,3737.35
2000-03-09,3862.39
2000-03-10,3912.04
2000-03-13,3764.77
2000-03-14,3679.32
2000-03-15,3701.18
2000-03-16,3751.4
2000-03-17,3736.12
2000-03-20,3774.25
2000-03-21,3925.94
2000-03-22,3916.86
2000-03-23,3943.93
2000-03-24,3889.22
2000-03-27,3915.81
2000-03-28,3820.66
2000-03-29,3780.57
2000-03-30,3730.77
2000-03-31,3776.39
2000-04-03,3687.45
2000-04-04,3654.74
2000-04-05,3597.23
2000-04-06,3666.51
2000-04-07,3705.82
2000-04-10,3535.41
2000-04-11,3496.19
2000-04-12,3494.42
2000-04-13,3395.33
2000-04-14,3217.16
2000-04-17,3168.6
2000-04-18,3239.39
2000-04-19,3213.02
2000-04-20,3245.91
2000-04-24,3205.7
2000-04-25,3310.57
2000-04-26,3297.75
2000-04-27,3271.91
2000-04-28,3380.29
2000-05-02,3348.43
2000-05-03,3304.16
2000-05-04,3331.61
2000-05-05,3377.83
2000-05-08,3336.73
2000-05-09,3275.82
2000-05-10,3313.9
2000-05-11,3297.96
2000-05-12,3227.74
2000-05-15,3341.36
2000-05-16,3408.13
2000-05-17,3290.39
2000-05-18,3249.45
2000-05-19,3186.75
2000-05-22,3083.48
2000-05-23,3042.42
2000-05-24,3136.71
2000-05-25,3136.78
2000-05-26,3176.64
2000-05-29,3237.73
2000-05-30,3295.69
2000-05-31,3391.21
2000-06-01,3446.31
2000-06-02,3495.25
2000-06-05,3513.43
2000-06-06,3511.09
2000-06-07,3571.56
2000-06-08,3588.05
2000-06-09,3638.82
2000-06-12,3645.2
2000-06-13,3668.27
2000-06-14,3650.82
2000-06-15,3753.11
2000-06-16,3777.41
2000-06-19,3865.01
2000-06-20,3792.98
2000-06-21,3896.7
2000-06-23,3885.2
2000-06-26,3823.86
2000-06-27,3855.83
2000-06-28,3887.31
2000-06-29,3858.3
2000-06-30,3921.22
2000-07-03,4022.01
2000-07-04,4064.3
2000-07-05,4109.55
2000-07-06,4403.21
2000-07-07,4483.93
2000-07-10,4467.89
2000-07-11,4377.42
2000-07-12,4445.6
2000-07-13,4278.94
2000-07-14,4324.39
2000-07-17,4453.93
2000-07-18,4492.66
2000-07-19,4380.66
2000-07-20,4469.39
2000-07-21,4570.03
2000-07-24,4726.82
2000-07-25,4635.14
2000-07-26,4635.55
2000-07-27,4618.73
2000-07-28,4526.11
2000-07-31,4502.42
2000-08-01,4489.17
2000-08-02,4495.46
2000-08-03,4688.22
2000-08-04,4641.48
2000-08-07,4642.03
2000-08-08,4634.22
2000-08-09,4558.76
2000-08-10,4594.22
2000-08-11,4702.33
2000-08-14,4772.61
2000-08-15,4773.65
2000-08-16,4652.4
2000-08-17,4727.12
2000-08-18,4691.49
2000-08-21,4656.15
2000-08-22,4714.63
2000-08-23,4779.81
2000-08-24,4721.38
2000-08-25,4779.15
2000-08-28,4711.27
2000-08-29,4653.22
2000-08-30,4639.76
2000-08-31,4606.02
2000-09-01,4740.44
2000-09-04,4775.43
2000-09-05,4673.13
2000-09-06,4721.73
2000-09-08,4684.11
2000-09-11,4617.6
2000-09-12,4578.42
2000-09-13,4628.42
2000-09-14,4636.01
2000-09-15,4631.14
2000-09-18,4485.41
2000-09-19,4554.52
2000-09-20,4521.9
2000-09-21,4553.89
2000-09-22,4608.27
2000-09-25,4577.63
2000-09-26,4539.15
2000-09-27,4454.67
2000-09-28,4500.23
2000-09-29,4481.01
2000-10-02,4408.54
2000-10-03,4413.95
2000-10-04,4485.18
2000-10-05,4620.57
2000-10-06,4542.67
2000-10-09,4553.34
2000-10-10,4494.45
2000-10-11,4478.92
2000-10-13,4448.44
2000-10-16,4456.13
2000-10-17,4411.48
2000-10-18,4242.5
2000-10-19,4297.45
2000-10-20,4203.31
2000-10-23,4063.51
2000-10-24,3969.98
2000-10-25,3955.12
2000-10-26,4077.95
2000-10-27,4208.09
2000-10-30,4211.73
2000-10-31,4201.66
2000-11-01,4171.5
2000-11-03,4128.41
2000-11-06,4173.19
2000-11-07,4166.34
2000-11-08,4152.19
2000-11-09,4144.28
2000-11-10,4156.21
2000-11-13,4143.56
2000-11-14,4121.04
2000-11-16,4089.95
2000-11-17,4024.23
2000-11-20,4086.89
2000-11-21,4214.93
2000-11-22,4198.41
2000-11-23,4140.62
2000-11-24,4147.56
2000-11-27,4100.23
2000-11-28,4124.1
2000-11-29,4090.65
2000-11-30,3983.28
2000-12-01,3984.02
2000-12-04,4004.97
2000-12-05,4115.8
2000-12-06,4003.2
2000-12-07,4122.72
2000-12-08,4192.48
2000-12-11,4150.79
2000-12-12,4106.12
2000-12-13,4205.36
2000-12-14,4180.24
2000-12-15,4115.63
2000-12-18,4117.84
2000-12-19,4145.88
2000-12-20,4024.47
2000-12-21,4005.98
2000-12-22,3979.46
2000-12-26,4048.19
2000-12-27,4125.56
2000-12-28,4133.35
2001-01-02,4136.16
2001-01-03,4438.78
2001-01-04,4393.55
2001-01-05,4381.43
2001-01-08,4515.99
2001-01-09,4617.18
2001-01-10,4619.24
2001-01-11,4759.92
2001-01-12,4768.75
2001-01-15,4779.89
2001-01-16,4720.03
2001-01-17,4803.23
2001-01-18,4925.32
2001-01-19,4942.82
2001-01-22,4923.81
2001-01-23,5077.36
2001-01-24,5047.34
2001-01-26,5094.45
2001-01-29,5077.54
2001-01-30,5066.41
2001-01-31,5048.5
2001-02-01,4991.82
2001-02-02,5048.91
2001-02-05,5052.97
2001-02-06,5173.41
2001-02-07,5178.52
2001-02-08,5434.87
2001-02-09,5429.38
2001-02-12,5341.66
2001-02-13,5376.46
2001-02-14,5505.92
2001-02-15,5451.84
2001-02-16,5257.18
2001-02-19,5189.95
2001-02-20,5164.46
2001-02-21,5051.85
2001-02-22,5139.5
2001-02-23,5204.36
2001-02-28,5058.33
2001-03-01,5197.1
2001-03-02,5304.33
2001-03-05,5249.01
2001-03-06,5139.58
2001-03-07,5165.67
2001-03-08,5077.56
2001-03-09,5133.55
2001-03-12,4963.26
2001-03-13,4961.26
2001-03-14,4853.16
2001-03-15,4873.8
2001-03-16,4962.65
2001-03-19,4822.73
2001-03-20,4880.9
2001-03-21,4866.33
2001-03-22,4648.14
2001-03-23,4735.79
2001-03-26,4746.52
2001-03-27,4783.84
2001-03-28,4707.79
2001-03-29,4647.57
2001-03-30,4736.1
2001-04-02,4573.81
2001-04-03,4492.35
2001-04-04,4465.32
2001-04-05,4561.58
2001-04-06,4573.17
2001-04-09,4645.41
2001-04-10,4771.94
2001-04-11,4671.15
2001-04-12,4679.01
2001-04-16,4555.1
2001-04-17,4557.19
2001-04-18,4737.22
2001-04-19,4568.91
2001-04-20,4383.1
2001-04-23,4366.38
2001-04-24,4385.79
2001-04-25,4334.39
2001-04-26,4460.29
2001-04-27,4465.5
2001-04-30,4450.83
2001-05-02,4437.71
2001-05-03,4546.25
2001-05-04,4571.81
2001-05-07,4499.72
2001-05-08,4446.24
2001-05-09,4395.81
2001-05-10,4330.17
2001-05-11,4168.11
2001-05-14,4040.55
2001-05-15,3980.35
2001-05-16,4098.33
2001-05-17,4166.77
2001-05-18,4174.35
2001-05-21,4139.13
2001-05-22,4111.6
2001-05-23,4071.12
2001-05-24,4044.5
2001-05-25,3886.38
2001-05-28,3844.01
2001-05-29,3914.03
2001-05-30,3964.22
2001-05-31,4028.88
2001-06-01,4126.67
2001-06-04,4216.86
2001-06-05,4346.12
2001-06-06,4318.98
2001-06-07,4379.89
2001-06-08,4423.66
2001-06-11,4331.97
2001-06-12,4287.66
2001-06-13,4370.03
2001-06-15,4274.82
2001-06-18,4128.77
2001-06-19,4127.2
2001-06-20,4201.7
2001-06-21,4332.45
2001-06-22,4391.53
2001-06-25,4323.74
2001-06-26,4278.27
2001-06-27,4263.63
2001-06-28,4331.54
2001-06-29,4419.46
2001-07-02,4370.09
2001-07-03,4362.54
2001-07-04,4249.98
2001-07-05,4257.76
2001-07-06,4240.47
2001-07-10,4140.76
2001-07-11,4188.52
2001-07-12,4195.07
2001-07-13,4205.42
2001-07-16,4204.13
2001-07-17,4294.63
2001-07-18,4212.6
2001-07-19,4159.33
2001-07-20,4223.38
2001-07-23,4234.87
2001-07-24,4169.26
2001-07-25,4268.22
2001-07-26,4272.58
2001-07-27,4319.96
2001-07-30,4227.84
2001-07-31,4233.27
2001-08-01,4201.79
2001-08-02,4234.23
2001-08-03,4255.39
2001-08-06,4267.32
2001-08-07,4294.77
2001-08-08,4332.1
2001-08-09,4323.33
2001-08-10,4421.85
2001-08-13,4398.74
2001-08-14,4388.74
2001-08-15,4360.02
2001-08-16,4299.97
2001-08-17,4193.57
2001-08-20,4201.32
2001-08-21,4118.07
2001-08-22,4135.68
2001-08-23,4133.48
2001-08-24,4195.16
2001-08-27,4159.55
2001-08-28,4167.55
2001-08-29,4225.37
2001-08-30,4185.97
2001-08-31,4249.64
2001-09-03,4236.77
2001-09-04,4303.99
2001-09-05,4354.72
2001-09-06,4194.57
2001-09-10,4023.65
2001-09-11,3675.18
2001-09-12,3749.49
2001-09-13,3547.74
2001-09-14,3373.11
2001-09-17,3469.28
2001-09-18,3464.41
2001-09-19,3530.28
2001-09-20,3432.4
2001-09-21,3266.14
2001-09-24,3318.11
2001-09-25,3286.38
2001-09-26,3242.15
2001-09-27,3289.6
2001-09-28,3324.91
2001-10-01,3222.43
2001-10-02,3167.39
2001-10-03,3094.42
2001-10-04,3076.91
2001-10-05,3142.23
2001-10-08,3124.5
2001-10-09,3112.84
2001-10-10,3159.25
2001-10-11,3273.04
2001-10-15,3424.03
2001-10-16,3487.31
2001-10-17,3494.41
2001-10-18,3491.2
2001-10-19,3668.66
2001-10-22,3887.8
2001-10-23,3822.19
2001-10-24,3754.67
2001-10-25,3856.47
2001-10-26,3865.73
2001-10-29,3709.64
2001-10-30,3658.1
2001-10-31,3773.57
2001-11-01,3768.16
2001-11-05,3879.67
2001-11-06,3954.56
2001-11-07,3947.04
2001-11-08,3895.55
2001-11-09,3908.4
2001-11-12,3828.65
2001-11-13,3926.93
2001-11-14,3962.42
2001-11-16,3955.64
2001-11-19,3946.62
2001-11-20,3867.62
2001-11-21,3960.15
2001-11-22,4084.37
2001-11-23,4211.84
2001-11-26,4321.06
2001-11-27,4305.65
2001-11-28,4198.13
2001-11-29,4096.62
2001-11-30,4123.09
2001-12-03,4210.96
2001-12-04,4185.08
2001-12-05,4242.59
2001-12-06,4302.24
2001-12-07,4255.58
2001-12-10,4357.61
2001-12-11,4343.56
2001-12-12,4475.04
2001-12-13,4355.81
2001-12-14,4287.65
2001-12-17,4256.13
2001-12-18,4402.98
2001-12-19,4309.38
2001-12-20,4211.89
2001-12-21,4343.17
2001-12-26,4387.43
2001-12-27,4417.03
2001-12-28,4375.79
2002-01-02,4481.83
2002-01-03,4615.48
2002-01-04,4589.35
2002-01-07,4545.44
2002-01-08,4504.88
2002-01-09,4495.78
2002-01-10,4304.61
2002-01-11,4321.74
2002-01-14,4184.15
2002-01-15,4206.76
2002-01-16,4351.28
2002-01-17,4442.79
2002-01-18,4545.55
2002-01-21,4445.15
2002-01-22,4387.23
2002-01-23,4480.81
2002-01-24,4480.75
2002-01-28,4338.44
2002-01-29,4241.31
2002-01-30,4309.41
2002-01-31,4446.77
2002-02-01,4474.02
2002-02-04,4454.69
2002-02-05,4538.73
2002-02-06,4503.73
2002-02-07,4470.34
2002-02-08,4426.24
2002-02-13,4488.04
2002-02-14,4528.25
2002-02-15,4524.66
2002-02-18,4502.98
2002-02-19,4416.43
2002-02-20,4582.32
2002-02-21,4585.7
2002-02-22,4602.72
2002-02-25,4733.24
2002-02-26,4688.58
2002-02-27,4733.06
2002-02-28,4624.87
2002-03-01,4763.9
2002-03-04,4752.19
2002-03-05,4687.33
2002-03-06,4727.14
2002-03-07,4671.13
2002-03-08,4752.07
2002-03-11,4666.13
2002-03-12,4810.83
2002-03-13,4828.99
2002-03-14,4792.45
2002-03-15,4864.31
2002-03-18,4800.48
2002-03-19,4796.42
2002-03-20,4826.9
2002-03-21,4708.45
2002-03-22,4526.15
2002-03-25,4489.19
2002-03-26,4608.84
2002-03-27,4574.37
2002-03-28,4554.83
2002-04-01,4593.51
2002-04-02,4485.72
2002-04-03,4407.47
2002-04-04,4530.02
2002-04-05,4521.27
2002-04-08,4467.97
2002-04-09,4446.21
2002-04-10,4607.21
2002-04-11,4621.35
2002-04-12,4779.84
2002-04-15,4633.6
2002-04-16,4699.91
2002-04-17,4681.95
2002-04-18,4569.64
2002-04-19,4549.87
2002-04-22,4508.44
2002-04-23,4446.27
2002-04-24,4511.71
2002-04-25,4524.1
2002-04-26,4449.78
2002-04-29,4427.13
2002-04-30,4423.77
2002-05-02,4152.91
2002-05-03,4155.77
2002-05-06,4081.44
2002-05-07,4037.66
2002-05-08,4114.58
2002-05-09,3922.72
2002-05-10,4036.49
2002-05-13,3982.62
2002-05-14,4063.22
2002-05-15,4052.89
2002-05-16,4153.75
2002-05-17,4131.62
2002-05-20,4072.0
2002-05-21,4101.05
2002-05-22,3984.47
2002-05-23,4031.23
2002-05-24,4063.45
2002-05-27,4111.62
2002-05-28,4097.69
2002-05-29,4185.58
2002-05-31,4119.58
2002-06-03,4036.83
2002-06-04,4019.06
2002-06-05,3998.33
2002-06-06,3826.31
2002-06-07,3839.74
2002-06-10,3935.8
2002-06-11,3819.4
2002-06-12,3875.26
2002-06-13,3844.83
2002-06-14,3813.23
2002-06-17,3943.16
2002-06-18,3900.24
2002-06-19,3847.84
2002-06-20,3684.3
2002-06-21,3567.11
2002-06-24,3591.32
2002-06-25,3586.74
2002-06-26,3627.84
2002-06-27,3713.82
2002-06-28,3778.81
2002-07-01,3731.3
2002-07-02,3704.35
2002-07-03,3637.77
2002-07-04,3648.04
2002-07-05,3644.74
2002-07-08,3678.29
2002-07-10,3629.68
2002-07-11,3729.23
2002-07-12,3727.12
2002-07-15,3623.7
2002-07-16,3556.46
2002-07-17,3564.69
2002-07-18,3606.86
2002-07-19,3518.75
2002-07-22,3341.95
2002-07-23,3260.59
2002-07-24,3357.21
2002-07-25,3308.2
2002-07-26,3184.85
2002-07-29,3213.63
2002-07-30,3204.86
2002-07-31,3255.35
2002-08-01,3235.29
2002-08-02,3267.65
2002-08-05,3166.91
2002-08-06,3252.82
2002-08-07,3338.77
2002-08-08,3502.83
2002-08-09,3295.77
2002-08-12,3179.61
2002-08-13,3128.67
2002-08-14,3075.28
2002-08-15,3006.65
2002-08-16,3179.64
2002-08-19,3114.36
2002-08-20,3089.45
2002-08-21,3204.72
2002-08-22,3240.89
2002-08-23,3248.8
2002-08-26,3317.23
2002-08-27,3327.67
2002-08-28,3364.78
2002-08-29,3459.62
2002-08-30,3406.27
2002-09-02,3379.51
2002-09-03,3267.97
2002-09-04,3207.0
2002-09-05,3111.63
2002-09-06,3106.28
2002-09-09,3143.69
2002-09-10,3117.37
2002-09-11,3204.13
2002-09-12,3247.47
2002-09-13,3266.3
2002-09-16,3098.23
2002-09-17,3058.21
2002-09-18,3052.4
2002-09-19,3047.79
2002-09-20,3107.69
2002-09-23,3024.35
2002-09-24,2979.64
2002-09-25,3018.48
2002-09-26,2971.87
2002-09-27,2854.45
2002-09-30,2747.26
2002-10-01,2815.08
2002-10-02,2771.02
2002-10-03,2826.09
2002-10-04,2909.06
2002-10-07,2815.96
2002-10-08,2825.63
2002-10-09,2774.16
2002-10-10,2828.68
2002-10-11,2813.52
2002-10-14,2713.9
2002-10-15,2726.47
2002-10-16,2636.33
2002-10-17,2746.16
2002-10-18,2779.28
2002-10-21,2813.48
2002-10-22,2838.25
2002-10-23,2943.58
2002-10-24,2859.69
2002-10-25,2951.91
2002-10-28,2806.81
2002-10-29,2805.19
2002-10-30,2902.51
2002-10-31,2925.91
2002-11-01,2929.08
2002-11-04,2884.57
2002-11-05,2877.36
2002-11-06,2810.73
2002-11-07,2786.74
2002-11-08,2808.4
2002-11-11,2805.12
2002-11-12,2749.3
2002-11-13,2800.7
2002-11-14,2878.83
2002-11-18,2894.08
2002-11-19,2903.72
2002-11-20,2883.5
2002-11-21,2867.55
2002-11-22,2845.9
2002-11-25,2796.82
2002-11-26,2753.05
2002-11-27,2809.89
2002-11-28,2841.98
2002-11-29,2873.02
2002-12-02,2862.27
2002-12-03,2833.77
2002-12-04,2835.17
2002-12-05,2766.23
2002-12-06,2807.43
2002-12-09,2730.58
2002-12-10,2736.08
2002-12-11,2832.44
2002-12-12,2837.92
2002-12-13,2856.92
2002-12-16,2944.24
2002-12-17,2956.35
2002-12-18,3046.06
2002-12-19,3093.82
2002-12-20,3206.33
2002-12-23,3149.26
2002-12-26,3148.82
2002-12-27,3166.72
2002-12-30,3174.93
2003-01-02,3230.98
2003-01-03,3178.91
2003-01-06,3293.67
2003-01-07,3272.64
2003-01-08,3280.8
2003-01-09,3325.67
2003-01-10,3452.67
2003-01-13,3378.7
2003-01-14,3408.99
2003-01-15,3350.06
2003-01-16,3332.08
2003-01-17,3290.57
2003-01-20,3266.19
2003-01-21,3150.07
2003-01-22,3097.8
2003-01-23,3112.89
2003-01-24,3012.12
2003-01-27,2883.85
2003-01-28,2869.21
2003-01-29,2957.63
2003-01-30,2908.53
2003-01-31,3007.65
2003-02-03,2957.59
2003-02-04,2835.64
2003-02-05,2817.74
2003-02-06,2823.28
2003-02-07,2757.87
2003-02-10,2748.4
2003-02-11,2726.04
2003-02-12,2718.29
2003-02-13,2638.13
2003-02-14,2628.29
2003-02-17,2635.44
2003-02-18,2672.23
2003-02-19,2613.03
2003-02-20,2618.11
2003-02-21,2607.01
2003-02-24,2608.41
2003-02-25,2623.51
2003-02-26,2560.44
2003-02-27,2617.91
2003-02-28,2623.42
2003-03-05,2659.87
2003-03-06,2727.31
2003-03-07,2791.08
2003-03-10,2647.83
2003-03-11,2634.16
2003-03-12,2673.38
2003-03-13,2718.77
2003-03-14,2741.98
2003-03-17,2738.35
2003-03-18,2793.38
2003-03-19,2740.64
2003-03-20,2752.2
2003-03-21,2822.91
2003-03-24,2785.93
2003-03-25,2820.21
2003-03-26,2818.52
2003-03-27,2807.52
2003-03-28,2828.65
2003-03-31,2809.73
2003-04-01,2882.61
2003-04-02,2989.98
2003-04-03,3137.1
2003-04-04,3162.47
2003-04-07,3187.18
2003-04-08,3059.75
2003-04-09,3016.45
2003-04-10,2998.04
2003-04-11,3051.93
2003-04-14,3108.89
2003-04-15,3194.21
2003-04-16,3246.84
2003-04-17,3395.46
2003-04-22,3365.83
2003-04-23,3293.48
2003-04-24,3228.6
2003-04-25,3231.16
2003-04-28,3280.68
2003-04-29,3339.97
2003-04-30,3385.6
2003-05-02,3417.71
2003-05-05,3361.89
2003-05-06,3286.58
2003-05-07,3428.41
2003-05-08,3511.45
2003-05-09,3664.0
2003-05-12,3677.7
2003-05-13,3678.79
2003-05-14,3660.68
2003-05-15,3514.24
2003-05-16,3534.94
2003-05-19,3394.44
2003-05-20,3403.99
2003-05-21,3504.39
2003-05-22,3505.32
2003-05-23,3529.51
2003-05-26,3390.32
2003-05-27,3448.23
2003-05-28,3432.73
2003-05-29,3493.98
2003-05-30,3487.79
2003-06-02,3452.1
2003-06-03,3452.66
2003-06-04,3582.9
2003-06-05,3608.52
2003-06-06,3649.73
2003-06-09,3631.19
2003-06-10,3560.75
2003-06-11,3554.39
2003-06-12,3598.73
2003-06-13,3578.41
2003-06-16,3586.24
2003-06-17,3557.95
2003-06-18,3492.67
2003-06-20,3418.85
2003-06-23,3398.3
2003-06-24,3406.27
2003-06-25,3338.89
2003-06-26,3338.65
2003-06-27,3279.21
2003-06-30,3259.48
2003-07-01,3364.15
2003-07-02,3408.81
2003-07-03,3371.25
2003-07-04,3427.9
2003-07-07,3432.63
2003-07-08,3503.08
2003-07-10,3462.11
2003-07-11,3405.03
2003-07-14,3459.28
2003-07-15,3431.16
2003-07-16,3414.97
2003-07-17,3439.53
2003-07-18,3436.94
2003-07-21,3398.88
2003-07-22,3445.96
2003-07-23,3442.74
2003-07-24,3421.07
2003-07-25,3403.97
2003-07-28,3363.01
2003-07-29,3319.84
2003-07-30,3247.47
2003-07-31,3243.26
2003-08-01,3158.21
2003-08-04,3198.81
2003-08-05,3202.74
2003-08-06,3121.77
2003-08-07,3209.44
2003-08-08,3280.32
2003-08-11,3324.47
2003-08-12,3279.64
2003-08-13,3370.25
2003-08-14,3400.76
2003-08-15,3436.89
2003-08-18,3505.07
2003-08-19,3521.26
2003-08-20,3614.49
2003-08-21,3574.66
2003-08-22,3562.79
2003-08-25,3554.85
2003-08-26,3685.03
2003-08-27,3749.51
2003-08-28,3762.95
2003-08-29,3743.89
2003-09-01,3785.45
2003-09-02,3807.08
2003-09-03,3825.86
2003-09-04,3878.56
2003-09-05,4005.47
2003-09-08,4108.93
2003-09-09,4205.72
2003-09-10,4429.41
2003-09-11,4544.29
2003-09-12,4630.38
2003-09-15,4626.01
2003-09-16,4660.1
2003-09-17,4731.57
2003-09-18,4747.13
2003-09-19,4678.74
2003-09-22,4564.38
2003-09-23,4556.4
2003-09-24,4384.47
2003-09-25,4312.86
2003-09-26,4322.16
2003-09-29,4375.82
2003-09-30,4337.61
2003-10-01,4460.06
2003-10-02,4478.19
2003-10-03,4465.67
2003-10-06,4531.15
2003-10-07,4540.45
2003-10-08,4610.19
2003-10-09,4562.72
2003-10-10,4600.31
2003-10-13,4641.03
2003-10-14,4714.56
2003-10-15,4680.18
2003-10-16,4667.8
2003-10-17,4624.88
2003-10-20,4801.15
2003-10-21,4816.58
2003-10-22,4813.61
2003-10-23,4685.93
2003-10-24,4669.92
2003-10-27,4588.66
2003-10-28,4694.12
2003-10-29,4693.03
2003-10-30,4762.77
2003-10-31,4756.05
2003-11-03,4889.1
2003-11-04,4939.77
2003-11-05,4872.27
2003-11-06,4957.09
2003-11-07,5065.3
2003-11-10,5070.83
2003-11-11,5021.71
2003-11-12,5080.39
2003-11-13,4942.13
2003-11-14,4947.87
2003-11-17,4887.88
2003-11-18,4909.15
2003-11-19,4931.8
2003-11-20,5063.84
2003-11-21,5268.54
2003-11-24,5607.61
2003-11-25,5625.69
2003-11-26,5571.59
2003-11-27,5815.56
2003-11-28,5757.89
2003-12-01,5756.3
2003-12-02,5683.4
2003-12-03,5681.84
2003-12-04,5701.0
2003-12-05,6009.37
2003-12-08,6285.98
2003-12-09,6632.91
2003-12-10,6495.92
2003-12-11,6600.01
2003-12-12,6396.07
2003-12-15,6165.01
2003-12-16,6108.99
2003-12-17,6419.28
2003-12-18,6440.78
2003-12-19,6329.13
2003-12-22,6421.3
2003-12-23,6512.66
2003-12-26,6537.76
2003-12-29,6568.92
2003-12-30,6579.27
2004-01-02,6658.3
2004-01-05,6857.86
2004-01-06,6684.94
2004-01-07,6565.22
2004-01-08,6896.3
2004-01-09,6842.98
2004-01-12,7249.35
2004-01-13,7356.22
2004-01-14,7177.45
2004-01-15,7176.54
2004-01-16,7078.73
2004-01-19,7124.99
2004-01-20,7012.13
2004-01-21,7015.41
2004-01-22,6863.4
2004-01-23,7101.53
2004-01-26,7271.2
2004-01-27,7282.18
2004-01-28,7257.53
2004-01-29,6658.86
2004-01-30,6510.96
2004-02-02,6286.1
2004-02-03,6394.23
2004-02-04,6181.13
2004-02-05,5897.92
2004-02-06,6080.77
2004-02-09,5986.37
2004-02-10,5929.1
2004-02-11,6222.51
2004-02-12,6283.43
2004-02-13,6098.43
2004-02-16,6030.48
2004-02-17,6040.67
2004-02-18,5950.07
2004-02-19,5645.27
2004-02-20,5737.84
2004-02-25,5866.78
2004-02-26,5805.25
2004-02-27,5802.42
2004-03-01,6004.45
2004-03-02,6027.19
2004-03-03,6137.7
2004-03-04,6060.58
2004-03-05,6248.01
2004-03-08,6335.91
2004-03-09,6196.63
2004-03-10,5962.68
2004-03-11,5712.95
2004-03-12,6028.44
2004-03-15,5893.96
2004-03-16,6010.6
2004-03-17,6014.1
2004-03-18,6151.06
2004-03-19,6173.29
2004-03-22,6030.02
2004-03-23,5846.4
2004-03-24,5812.98
2004-03-25,5802.58
2004-03-26,6015.27
2004-03-29,5937.42
2004-03-30,6060.45
2004-03-31,6086.83
2004-04-01,6143.54
2004-04-02,6160.45
2004-04-05,6186.24
2004-04-06,6184.4
2004-04-07,6067.61
2004-04-08,6279.14
2004-04-12,6387.13
2004-04-13,6347.44
2004-04-14,6303.3
2004-04-15,6175.68
2004-04-16,6184.13
2004-04-19,6093.43
2004-04-20,5918.53
2004-04-22,5885.66
2004-04-23,5967.1
2004-04-26,5936.14
2004-04-27,5982.43
2004-04-28,5787.5
2004-04-29,5596.39
2004-04-30,5556.17
2004-05-03,5527.19
2004-05-04,5533.9
2004-05-05,5512.93
2004-05-06,5300.4
2004-05-07,5047.71
2004-05-10,4720.48
2004-05-11,4992.35
2004-05-12,4828.46
2004-05-13,4875.82
2004-05-14,5069.53
2004-05-17,4940.11
2004-05-18,4945.29
2004-05-19,4909.48
2004-05-20,4725.49
2004-05-21,4741.14
2004-05-24,4816.98
2004-05-25,4841.19
2004-05-26,4915.53
2004-05-27,5112.37
2004-05-28,5239.42
2004-05-31,5231.63
2004-06-01,5187.73
2004-06-02,5366.21
2004-06-03,5293.08
2004-06-04,5478.59
2004-06-07,5624.93
2004-06-08,5531.98
2004-06-09,5474.27
2004-06-11,5447.17
2004-06-14,5353.85
2004-06-15,5452.67
2004-06-16,5700.83
2004-06-17,5603.97
2004-06-18,5593.02
2004-06-21,5624.01
2004-06-22,5561.12
2004-06-23,5773.02
2004-06-24,5675.78
2004-06-25,5620.81
2004-06-28,5507.66
2004-06-29,5626.93
2004-06-30,5685.15
2004-07-01,5676.49
2004-07-02,5846.41
2004-07-05,5866.28
2004-07-06,5733.04
2004-07-07,5782.94
2004-07-08,5608.03
2004-07-12,5828.58
2004-07-13,5843.21
2004-07-14,5856.13
2004-07-15,6030.5
2004-07-16,6146.16
2004-07-19,6054.46
2004-07-20,6174.63
2004-07-21,6037.34
2004-07-22,6161.12
2004-07-23,6018.1
2004-07-26,5905.1
2004-07-27,6017.86
2004-07-28,6176.78
2004-07-29,6181.12
2004-07-30,6231.89
2004-08-02,6297.27
2004-08-03,6215.26
2004-08-04,6096.59
2004-08-05,5749.65
2004-08-06,5854.27
2004-08-09,5784.15
2004-08-10,5916.67
2004-08-11,5773.66
2004-08-12,5759.3
2004-08-13,5683.1
2004-08-16,5769.71
2004-08-17,5796.35
2004-08-18,5979.29
2004-08-19,6066.4
2004-08-20,6145.49
2004-08-23,6108.14
2004-08-24,6188.81
2004-08-25,6266.92
2004-08-26,6087.49
2004-08-27,6100.33
2004-08-30,6217.81
2004-08-31,6148.34
2004-09-01,6074.57
2004-09-02,6163.6
2004-09-03,6105.92
2004-09-06,6143.04
2004-09-08,6166.37
2004-09-09,6123.93
2004-09-10,5975.06
2004-09-13,5925.48
2004-09-14,6018.65
2004-09-15,6084.63
2004-09-16,6285.84
2004-09-17,6342.5
2004-09-20,6330.53
2004-09-21,6332.38
2004-09-22,6207.73
2004-09-23,6315.35
2004-09-24,6425.83
2004-09-27,6540.16
2004-09-28,6606.78
2004-09-29,6540.23
2004-09-30,6552.57
2004-10-01,6634.08
2004-10-04,6710.99
2004-10-05,6690.8
2004-10-06,6632.28
2004-10-07,6673.42
2004-10-08,6591.1
2004-10-11,6593.58
2004-10-13,6468.94
2004-10-14,6409.8
2004-10-15,6547.27
2004-10-18,6587.89
2004-10-19,6488.32
2004-10-20,6536.96
2004-10-21,6492.37
2004-10-22,6359.18
2004-10-25,6314.98
2004-10-26,6448.71
2004-10-27,6485.38
2004-10-28,6454.31
2004-10-29,6462.84
2004-11-01,6520.21
2004-11-03,6572.11
2004-11-04,6613.74
2004-11-05,6444.05
2004-11-08,6370.03
2004-11-09,6376.1
2004-11-10,6369.65
2004-11-11,6357.19
2004-11-12,6541.05
2004-11-16,6509.04
2004-11-17,6593.19
2004-11-18,6548.78
2004-11-19,6531.44
2004-11-22,6643.4
2004-11-23,6612.69
2004-11-24,6614.92
2004-11-25,6769.86
2004-11-26,6785.02
2004-11-29,6726.81
2004-11-30,6836.81
2004-12-01,6910.84
2004-12-02,6954.86
2004-12-03,7103.4
2004-12-06,7089.34
2004-12-07,6795.47
2004-12-08,6648.7
2004-12-09,6526.42
2004-12-10,6660.02
2004-12-13,6683.83
2004-12-14,6794.09
2004-12-15,6899.54
2004-12-16,6894.4
2004-12-17,6953.27
2004-12-20,6972.71
2004-12-21,6960.36
2004-12-22,6860.56
2004-12-23,6814.2
2004-12-27,6868.86
2004-12-28,6877.97
2004-12-29,6930.75
2004-12-30,6950.94
2005-01-03,6848.3
2005-01-04,6594.56
2005-01-05,6569.65
2005-01-06,6511.44
2005-01-07,6623.89
2005-01-10,6519.87
2005-01-11,6606.42
2005-01-12,6659.95
2005-01-13,6683.25
2005-01-14,6654.25
2005-01-17,6603.31
2005-01-18,6465.84
2005-01-19,6500.48
2005-01-20,6318.76
2005-01-21,6407.45
2005-01-24,6605.15
2005-01-26,6691.47
2005-01-27,6477.55
2005-01-28,6408.02
2005-01-31,6515.06
2005-02-01,6407.54
2005-02-02,6627.13
2005-02-03,6825.79
2005-02-04,7151.01
2005-02-09,7225.59
2005-02-10,7258.89
2005-02-11,7224.67
2005-02-14,7137.93
2005-02-15,7145.53
2005-02-16,7024.6
2005-02-17,7239.93
2005-02-18,7169.36
2005-02-21,7195.2
2005-02-22,7103.95
2005-02-23,7210.9
2005-02-24,7487.55
2005-02-25,7417.31
2005-02-28,7423.92
2005-03-01,7342.23
2005-03-02,7341.34
2005-03-03,7298.04
2005-03-04,7311.54
2005-03-07,7304.13
2005-03-08,7230.03
2005-03-09,7165.85
2005-03-10,7244.96
2005-03-11,7137.69
2005-03-14,7199.71
2005-03-15,7065.44
2005-03-16,7238.17
2005-03-17,7257.37
2005-03-18,7124.0
2005-03-21,7210.77
2005-03-22,6953.03
2005-03-23,6945.43
2005-03-24,6991.45
2005-03-28,6956.46
2005-03-29,6998.62
2005-03-30,7154.06
2005-03-31,7146.24
2005-04-01,7176.33
2005-04-04,7004.43
2005-04-05,7067.87
2005-04-06,6971.36
2005-04-07,7170.81
2005-04-08,7036.46
2005-04-11,7095.28
2005-04-12,7303.03
2005-04-13,7350.81
2005-04-14,7144.84
2005-04-15,7007.28
2005-04-18,7116.3
2005-04-19,7353.92
2005-04-20,7231.53
2005-04-22,7078.58
2005-04-25,7252.84
2005-04-26,7361.9
2005-04-27,7437.87
2005-04-28,7223.62
2005-04-29,7387.33
2005-05-02,7311.35
2005-05-03,7282.73
2005-05-04,7720.76
2005-05-05,7689.45
2005-05-06,7610.82
2005-05-09,7657.8
2005-05-10,7506.99
2005-05-11,7636.86
2005-05-12,7560.95
2005-05-13,7479.41
2005-05-16,7567.25
2005-05-17,7639.92
2005-05-18,7849.33
2005-05-19,7915.3
2005-05-20,7767.12
2005-05-23,7678.5
2005-05-24,7759.33
2005-05-25,7772.91
2005-05-27,8113.06
2005-05-30,8103.66
2005-05-31,8060.62
2005-06-01,8357.27
2005-06-02,8556.41
2005-06-03,8410.85
2005-06-06,8015.46
2005-06-07,7877.97
2005-06-08,7838.29
2005-06-09,7703.25
2005-06-10,7943.22
2005-06-13,7962.32
2005-06-14,8232.57
2005-06-15,8000.28
2005-06-16,8104.35
2005-06-17,8223.44
2005-06-20,8218.87
2005-06-21,8235.33
2005-06-22,8194.22
2005-06-23,7719.34
2005-06-24,7909.29
2005-06-27,7885.84
2005-06-28,7810.5
2005-06-29,7767.89
2005-06-30,7878.97
2005-07-01,7873.25
2005-07-04,7762.45
2005-07-05,7505.73
2005-07-06,7311.32
2005-07-07,7301.74
2005-07-08,7234.32
2005-07-11,7545.61
2005-07-12,7762.71
2005-07-13,7809.32
2005-07-14,7940.53
2005-07-15,7671.39
2005-07-18,7713.55
2005-07-19,7560.24
2005-07-20,7735.18
2005-07-21,7693.46
2005-07-22,7469.97
2005-07-25,7222.48
2005-07-26,7369.32
2005-07-27,7466.43
2005-07-28,7759.89
2005-07-29,7899.76
2005-08-01,7973.7
2005-08-02,8175.26
2005-08-03,8209.14
2005-08-04,8063.62
2005-08-05,8013.86
2005-08-08,7943.09
2005-08-09,8063.61
2005-08-10,7931.55
2005-08-11,7688.44
2005-08-12,7775.43
2005-08-15,7941.12
2005-08-16,7902.39
2005-08-17,8046.09
2005-08-18,7898.44
2005-08-19,7868.0
2005-08-22,8034.93
2005-08-23,7887.45
2005-08-24,7849.6
2005-08-25,8021.64
2005-08-26,7891.56
2005-08-29,7969.79
2005-08-30,7993.41
2005-08-31,8112.83
2005-09-01,8054.44
2005-09-02,8119.39
2005-09-05,8176.24
2005-09-06,8258.43
2005-09-08,8183.55
2005-09-09,8407.67
2005-09-12,8407.43
2005-09-13,8460.25
2005-09-14,8604.94
2005-09-15,8826.51
2005-09-16,8910.17
2005-09-19,9080.23
2005-09-20,9133.74
2005-09-21,9263.05
2005-09-22,9245.59
2005-09-23,9303.28
2005-09-26,9189.65
2005-09-27,9110.47
2005-09-28,9323.4
2005-09-29,9390.27
2005-09-30,9488.25
2005-10-03,9498.55
2005-10-04,9380.73
2005-10-05,9091.6
2005-10-06,8884.7
2005-10-07,9130.26
2005-10-10,9366.02
2005-10-11,9545.31
2005-10-13,9514.75
2005-10-14,9475.04
2005-10-17,9530.3
2005-10-18,9195.96
2005-10-19,9210.69
2005-10-20,8880.69
2005-10-21,9168.2
2005-10-24,9155.87
2005-10-25,9132.31
2005-10-26,9071.26
2005-10-27,8881.43
2005-10-28,9023.54
2005-10-31,9281.9
2005-11-01,9502.97
2005-11-03,9520.91
2005-11-04,9593.76
2005-11-07,9622.47
2005-11-08,9539.95
2005-11-09,9460.24
2005-11-10,9506.86
2005-11-11,9381.47
2005-11-14,9356.71
2005-11-16,9362.18
2005-11-17,9417.72
2005-11-18,9465.63
2005-11-21,9347.77
2005-11-22,9385.35
2005-11-23,9427.99
2005-11-24,9476.87
2005-11-25,9420.02
2005-11-28,9357.48
2005-11-29,9425.39
2005-11-30,9625.49
2005-12-01,9751.03
2005-12-02,9639.38
2005-12-05,9497.64
2005-12-06,9681.67
2005-12-07,9546.31
2005-12-08,9453.13
2005-12-09,9487.96
2005-12-12,9526.0
2005-12-13,9665.65
2005-12-14,9694.7
2005-12-15,9564.55
2005-12-16,9620.38
2005-12-19,9580.3
2005-12-20,9727.33
2005-12-21,9867.0
2005-12-22,9849.21
2005-12-23,9763.14
2005-12-26,9793.33
2005-12-27,9815.11
2005-12-28,9747.17
2005-12-29,9930.19
2006-01-02,9970.97
2006-01-03,10157.92
2006-01-04,10278.63
2006-01-05,10267.95
2006-01-06,10360.06
2006-01-09,10415.65
2006-01-10,10350.81
2006-01-11,10614.28
2006-01-12,10502.81
2006-01-13,10628.76
2006-01-16,10985.12
2006-01-17,10959.06
2006-01-18,10947.67
2006-01-19,11250.05
2006-01-20,11322.16
2006-01-23,11392.59
2006-01-24,11590.8
2006-01-26,11706.44
2006-01-27,11462.85
2006-01-30,11460.89
2006-01-31,11177.25
2006-02-01,11226.31
2006-02-02,11067.95
2006-02-03,11069.08
2006-02-06,11054.79
2006-02-07,10917.02
2006-02-08,11091.9
2006-02-09,11318.76
2006-02-10,11596.13
2006-02-13,11747.44
2006-02-14,12017.11
2006-02-15,12079.22
2006-02-16,12005.07
2006-02-17,12095.17
2006-02-20,12298.08
2006-02-21,12066.3
2006-02-22,12340.64
2006-02-23,12391.21
2006-02-24,12577.95
2006-03-01,12801.67
2006-03-02,12886.41
2006-03-03,13032.43
2006-03-06,12792.19
2006-03-07,12564.03
2006-03-08,12435.37
2006-03-09,12161.6
2006-03-10,12435.32
2006-03-13,12467.75
2006-03-14,12746.02
2006-03-15,12972.83
2006-03-16,12964.97
2006-03-17,13002.27
2006-03-20,13046.82
2006-03-21,12799.11
2006-03-22,13147.96
2006-03-23,12932.96
2006-03-24,12763.37
2006-03-27,12655.82
2006-03-28,12121.58
2006-03-29,12174.56
2006-03-30,12048.08
2006-03-31,12147.41
2006-04-03,12240.19
2006-04-04,12292.14
2006-04-05,12426.9
2006-04-06,12492.01
2006-04-07,12294.33
2006-04-10,12103.57
2006-04-11,11976.45
2006-04-12,12186.23
2006-04-13,11919.58
2006-04-17,11710.36
2006-04-18,11916.63
2006-04-19,12074.07
2006-04-20,12115.9
2006-04-24,12154.89
2006-04-25,12171.24
2006-04-26,12377.96
2006-04-27,12305.32
2006-04-28,12392.22
2006-05-02,12516.89
2006-05-03,12419.54
2006-05-04,12456.63
2006-05-05,12545.31
2006-05-08,12433.96
2006-05-09,12447.29
2006-05-10,12512.53
2006-05-11,12323.65
2006-05-12,12259.25
2006-05-15,11999.41
2006-05-16,12147.42
2006-05-17,11773.93
2006-05-18,11915.96
2006-05-19,11849.47
2006-05-22,11403.77
2006-05-23,11191.44
2006-05-24,10878.38
2006-05-25,11538.67
2006-05-26,11722.92
2006-05-29,11599.44
2006-05-30,11066.01
2006-05-31,11029.75
2006-06-01,11505.33
2006-06-02,11521.94
2006-06-05,11241.34
2006-06-06,11358.79
2006-06-07,11173.3
2006-06-08,11245.22
2006-06-09,11124.96
2006-06-12,10593.55
2006-06-13,10488.94
2006-06-14,10229.87
2006-06-16,10591.4
2006-06-19,10488.21
2006-06-20,10411.43
2006-06-21,10500.2
2006-06-22,10437.51
2006-06-23,10498.22
2006-06-26,10535.75
2006-06-27,10592.11
2006-06-28,10716.19
2006-06-29,11176.64
2006-06-30,11268.62
2006-07-03,11560.13
2006-07-04,11560.73
2006-07-05,11291.64
2006-07-06,11380.44
2006-07-07,11254.17
2006-07-10,11326.05
2006-07-11,11384.82
2006-07-12,11276.11
2006-07-13,10993.54
2006-07-14,10943.13
2006-07-17,10818.56
2006-07-18,11065.02
2006-07-19,11567.81
2006-07-20,11473.63
2006-07-21,11327.64
2006-07-24,11462.7
2006-07-25,11448.14
2006-07-26,11275.69
2006-07-27,11238.96
2006-07-28,11373.6
2006-07-31,11240.48
2006-08-01,11295.65
2006-08-02,11425.95
2006-08-03,11483.94
2006-08-04,11582.67
2006-08-07,11688.39
2006-08-08,11735.83
2006-08-09,11686.76
2006-08-10,11932.79
2006-08-11,11818.63
2006-08-14,11709.9
2006-08-15,11987.42
2006-08-16,12092.16
2006-08-17,12086.91
2006-08-18,12034.75
2006-08-21,11903.22
2006-08-22,11690.07
2006-08-23,11417.86
2006-08-24,11530.15
2006-08-25,11699.43
2006-08-28,11677.07
2006-08-29,11767.53
2006-08-30,11753.05
2006-08-31,11865.77
2006-09-01,12147.42
2006-09-04,12239.97
2006-09-05,12210.64
2006-09-06,12166.91
2006-09-08,12157.65
2006-09-11,11982.88
2006-09-12,11975.23
2006-09-13,11910.25
2006-09-14,11782.99
2006-09-15,11807.64
2006-09-18,11970.2
2006-09-19,11814.98
2006-09-20,11580.2
2006-09-21,11327.23
2006-09-22,11340.62
2006-09-25,11460.08
2006-09-26,11750.89
2006-09-27,11765.01
2006-09-28,11962.95
2006-09-29,11968.24
2006-10-02,12238.99
2006-10-03,12143.97
2006-10-04,12508.91
2006-10-05,12532.27
2006-10-06,12477.15
2006-10-09,12631.83
2006-10-10,12701.64
2006-10-11,12544.7
2006-10-13,12541.25
2006-10-16,12480.34
2006-10-17,12387.9
2006-10-18,12253.2
2006-10-19,12315.11
2006-10-20,12239.92
2006-10-23,12479.08
2006-10-24,12401.12
2006-10-25,12345.05
2006-10-26,12383.44
2006-10-27,12308.62
2006-10-30,12324.86
2006-10-31,12442.95
2006-11-01,12501.28
2006-11-03,12741.24
2006-11-06,12734.69
2006-11-07,12564.98
2006-11-08,12484.74
2006-11-09,12374.52
2006-11-10,12379.1
2006-11-13,12314.7
2006-11-14,12529.01
2006-11-16,12456.91
2006-11-17,12438.81
2006-11-21,12585.87
2006-11-22,12805.11
2006-11-23,12936.77
2006-11-24,12825.68
2006-11-27,12602.91
2006-11-28,12772.06
2006-11-29,12914.94
2006-11-30,12866.54
2006-12-01,12764.12
2006-12-04,13053.24
2006-12-05,13253.11
2006-12-06,13306.13
2006-12-07,13322.95
2006-12-08,13396.31
2006-12-11,13523.08
2006-12-12,13450.63
2006-12-13,13632.33
2006-12-14,13740.97
2006-12-15,13708.18
2006-12-18,13762.09
2006-12-19,13709.01
2006-12-20,13666.72
2006-12-21,13567.69
2006-12-22,13562.93
2006-12-26,13626.41
2006-12-27,13907.59
2006-12-28,13985.46
2007-01-02,14063.39
2007-01-03,13999.45
2007-01-04,13940.04
2007-01-05,13444.89
2007-01-08,13596.95
2007-01-09,13408.2
2007-01-10,13532.29
2007-01-11,13634.71
2007-01-12,13626.46
2007-01-15,13573.46
2007-01-16,13430.23
2007-01-17,13537.51
2007-01-18,13452.06
2007-01-19,13682.33
2007-01-22,13810.37
2007-01-23,13946.57
2007-01-24,13983.46
2007-01-26,13971.64
2007-01-29,13803.0
2007-01-30,13926.66
2007-01-31,13975.11
2007-02-01,13986.85
2007-02-02,13940.93
2007-02-05,13996.9
2007-02-06,13876.27
2007-02-07,13795.71
2007-02-08,13982.92
2007-02-09,13798.85
2007-02-12,13749.64
2007-02-13,13890.64
2007-02-14,14127.94
2007-02-15,14180.73
2007-02-16,14206.13
2007-02-21,14222.4
2007-02-22,14299.41
2007-02-23,14220.27
2007-02-26,14253.81
2007-02-27,13544.38
2007-02-28,13761.64
2007-03-01,13756.0
2007-03-02,13484.7
2007-03-05,13123.32
2007-03-06,13528.78
2007-03-07,13381.51
2007-03-08,13612.4
2007-03-09,13704.86
2007-03-12,13599.6
2007-03-13,13227.23
2007-03-14,13387.58
2007-03-15,13349.77
2007-03-16,13224.18
2007-03-19,13420.84
2007-03-20,13640.56
2007-03-21,13895.49
2007-03-22,13845.41
2007-03-23,13987.87
2007-03-26,14073.36
2007-03-27,14022.03
2007-03-28,13856.36
2007-03-29,14015.59
2007-03-30,14011.55
2007-04-02,14002.4
2007-04-03,14208.16
2007-04-04,14213.01
2007-04-05,14267.65
2007-04-09,14392.55
2007-04-10,14500.53
2007-04-11,14447.65
2007-04-12,14461.11
2007-04-13,14602.72
2007-04-16,14772.46
2007-04-17,14784.48
2007-04-18,14918.45
2007-04-19,15021.76
2007-04-20,15184.54
2007-04-23,15083.74
2007-04-24,15092.11
2007-04-25,15331.99
2007-04-26,15285.1
2007-04-27,15418.76
2007-04-30,15546.6
2007-05-02,15542.49
2007-05-03,15790.99
2007-05-04,15906.15
2007-05-07,15944.48
2007-05-08,15904.78
2007-05-09,16118.87
2007-05-10,15983.27
2007-05-11,16111.62
2007-05-14,15899.29
2007-05-15,15979.83
2007-05-16,16391.75
2007-05-17,16402.51
2007-05-18,16396.56
2007-05-21,16449.86
2007-05-22,16422.07
2007-05-23,16449.5
2007-05-24,16148.12
2007-05-25,16496.75
2007-05-28,16758.43
2007-05-29,16694.87
2007-05-30,16899.87
2007-05-31,16847.5
2007-06-01,17117.12
2007-06-04,17190.03
2007-06-05,17063.76
2007-06-06,16805.4
2007-06-08,17128.74
2007-06-11,17348.41
2007-06-12,17129.98
2007-06-13,17338.11
2007-06-14,17398.1
2007-06-15,17645.18
2007-06-18,17674.02
2007-06-19,17645.9
2007-06-20,17564.18
2007-06-21,17868.2
2007-06-22,17661.68
2007-06-25,17528.33
2007-06-26,17512.13
2007-06-27,17497.83
2007-06-28,17661.18
2007-06-29,17756.28
2007-07-02,18097.4
2007-07-03,17954.29
2007-07-04,17955.25
2007-07-05,17974.31
2007-07-06,18109.0
2007-07-10,17876.31
2007-07-11,18055.4
2007-07-12,18323.86
2007-07-13,18260.82
2007-07-16,18106.36
2007-07-17,18185.37
2007-07-18,18190.29
2007-07-19,18199.24
2007-07-20,18085.96
2007-07-23,17984.22
2007-07-24,17431.1
2007-07-25,17592.06
2007-07-26,16863.07
2007-07-27,16786.09
2007-07-30,17124.32
2007-07-31,17052.75
2007-08-01,17047.69
2007-08-02,17017.71
2007-08-03,16523.67
2007-08-06,16772.05
2007-08-07,17060.68
2007-08-08,17513.83
2007-08-09,16983.42
2007-08-10,16680.45
2007-08-13,16645.61
2007-08-14,16130.04
2007-08-15,15588.98
2007-08-16,14816.4
2007-08-17,15371.16
2007-08-20,15782.66
2007-08-21,16046.57
2007-08-22,16559.12
2007-08-23,16405.42
2007-08-24,16663.95
2007-08-27,16694.05
2007-08-28,16209.95
2007-08-29,16646.83
2007-08-30,16353.09
2007-08-31,16843.85
2007-09-03,16861.12
2007-09-04,16878.74
2007-09-05,16675.53
2007-09-06,16746.81
2007-09-10,16294.82
2007-09-11,16571.24
2007-09-12,16443.39
2007-09-13,16539.61
2007-09-14,16444.3
2007-09-17,16160.74
2007-09-18,16549.86
2007-09-19,16672.17
2007-09-20,16482.93
2007-09-21,16690.96
2007-09-24,16906.0
2007-09-25,17026.14
2007-09-26,17210.62
2007-09-27,17241.61
2007-09-28,17196.38
2007-10-01,17468.79
2007-10-02,17521.35
2007-10-03,17336.87
2007-10-04,17442.5
2007-10-05,17557.41
2007-10-08,17766.54
2007-10-09,17945.44
2007-10-10,17750.35
2007-10-11,17564.0
2007-10-15,17489.05
2007-10-16,17111.61
2007-10-17,17493.8
2007-10-18,17526.14
2007-10-19,17026.08
2007-10-22,17177.67
2007-10-23,17568.98
2007-10-24,17472.09
2007-10-25,17471.73
2007-10-26,17763.65
2007-10-29,17698.27
2007-10-30,17691.22
2007-10-31,17897.86
2007-11-01,17713.63
2007-11-05,17926.0
2007-11-06,18087.81
2007-11-07,17835.75
2007-11-08,17467.13
2007-11-09,17457.72
2007-11-12,16932.54
2007-11-13,17244.78
2007-11-14,17637.98
2007-11-16,17586.26
2007-11-19,17110.13
2007-11-21,16518.83
2007-11-22,16600.36
2007-11-23,16648.11
2007-11-26,16021.5
2007-11-27,16000.58
2007-11-28,16583.19
2007-11-29,16619.66
2007-11-30,17145.07
2007-12-03,17242.76
2007-12-04,17336.05
2007-12-05,17488.58
2007-12-06,17581.21
2007-12-07,17404.63
2007-12-10,17289.35
2007-12-11,16918.52
2007-12-12,16889.31
2007-12-13,16642.83
2007-12-14,16623.08
2007-12-17,16083.58
2007-12-18,16377.72
2007-12-19,16429.45
2007-12-20,16316.94
2007-12-21,16605.22
2007-12-26,17222.48
2007-12-27,17364.75
2007-12-28,17305.63
2008-01-02,17005.44
2008-01-03,17241.1
2008-01-04,16893.17
2008-01-07,16934.5
2008-01-08,17054.26
2008-01-09,17213.81
2008-01-10,17365.78
2008-01-11,16940.24
2008-01-14,17027.87
2008-01-15,16609.8
2008-01-16,16448.88
2008-01-17,16203.85
2008-01-18,16211.9
2008-01-21,15443.79
2008-01-22,15957.79
2008-01-23,15537.14
2008-01-24,15987.42
2008-01-28,16341.31
2008-01-29,16261.43
2008-01-30,16168.05
2008-01-31,16089.95
2008-02-01,16358.64
2008-02-06,16029.98
2008-02-07,15976.08
2008-02-08,15908.74
2008-02-11,16301.24
2008-02-12,16576.18
2008-02-13,16868.03
2008-02-14,16739.67
2008-02-15,16682.78
2008-02-18,16940.05
2008-02-19,16792.65
2008-02-20,17127.54
2008-02-21,17039.65
2008-02-22,17354.56
2008-02-25,17469.08
2008-02-26,17665.56
2008-02-27,17697.79
2008-02-28,17630.94
2008-02-29,17467.5
2008-03-03,17914.8
2008-03-04,17721.61
2008-03-05,17879.79
2008-03-06,17512.18
2008-03-07,17220.38
2008-03-10,16866.22
2008-03-11,17171.1
2008-03-12,17149.66
2008-03-13,17088.47
2008-03-14,17068.63
2008-03-17,16764.65
2008-03-18,17017.8
2008-03-19,16724.71
2008-03-20,16867.74
2008-03-24,16852.97
2008-03-25,16695.05
2008-03-26,16624.97
2008-03-27,16676.06
2008-03-28,16507.74
2008-03-31,16859.0
2008-04-01,17301.09
2008-04-02,17595.35
2008-04-03,17783.27
2008-04-04,17795.22
2008-04-07,17581.55
2008-04-08,17664.15
2008-04-09,17409.86
2008-04-10,17498.21
2008-04-11,17329.5
2008-04-14,17094.1
2008-04-15,17043.93
2008-04-16,17233.65
2008-04-17,17399.52
2008-04-18,17525.56
2008-04-22,17511.29
2008-04-23,17461.47
2008-04-24,17565.5
2008-04-25,17737.49
2008-04-28,17790.82
2008-04-29,17306.61
2008-04-30,18024.52
2008-05-02,18446.99
2008-05-05,18992.35
2008-05-06,18826.32
2008-05-07,18386.73
2008-05-08,18480.16
2008-05-09,18418.32
2008-05-12,18657.86
2008-05-13,18538.14
2008-05-14,18400.36
2008-05-15,18723.37
2008-05-16,19063.24
2008-05-19,18996.56
2008-05-20,18866.79
2008-05-21,18604.79
2008-05-23,18537.94
2008-05-26,18471.06
2008-05-27,18295.16
2008-05-28,18934.46
2008-05-29,18822.43
2008-05-30,19174.93
2008-06-02,19004.96
2008-06-03,18866.45
2008-06-04,19062.25
2008-06-05,19489.21
2008-06-06,19073.25
2008-06-09,19432.65
2008-06-10,19224.21
2008-06-11,19295.37
2008-06-12,19380.68
2008-06-13,19153.61
2008-06-16,19164.42
2008-06-17,19087.53
2008-06-18,18672.55
2008-06-19,18849.15
2008-06-20,18604.77
2008-06-23,18619.02
2008-06-24,18499.47
2008-06-25,18959.79
2008-06-26,18706.83
2008-06-27,18979.93
2008-06-30,19166.32
2008-07-01,18818.74
2008-07-02,18462.92
2008-07-03,18249.37
2008-07-04,18253.77
2008-07-07,18079.85
2008-07-08,18400.85
2008-07-10,18811.29
2008-07-11,18860.11
2008-07-14,19142.0
2008-07-15,19453.13
2008-07-16,19634.44
2008-07-17,19250.82
2008-07-18,19169.06
2008-07-21,19517.23
2008-07-22,19309.24
2008-07-23,19236.94
2008-07-24,18892.66
2008-07-25,18937.1
2008-07-28,18741.28
2008-07-29,19046.84
2008-07-30,19079.28
2008-07-31,19167.96
2008-08-01,19023.94
2008-08-04,18956.99
2008-08-05,19090.8
2008-08-06,19276.63
2008-08-07,19045.88
2008-08-08,18858.23
2008-08-11,17977.67
2008-08-12,17826.8
2008-08-13,17759.67
2008-08-14,17968.58
2008-08-15,17880.15
2008-08-18,17715.09
2008-08-19,17830.35
2008-08-20,17981.73
2008-08-21,17874.39
2008-08-22,17874.0
2008-08-25,17633.4
2008-08-26,17618.31
2008-08-27,17685.69
2008-08-28,17769.5
2008-08-29,17483.2
2008-09-01,17377.42
2008-09-02,17174.56
2008-09-03,16865.61
2008-09-04,16299.81
2008-09-05,16248.79
2008-09-08,16046.55
2008-09-09,15622.69
2008-09-10,15569.61
2008-09-11,15792.21
2008-09-12,16068.81
2008-09-15,15595.45
2008-09-16,15473.82
2008-09-17,14729.72
2008-09-18,15149.56
2008-09-19,16368.44
2008-09-22,16156.65
2008-09-23,16065.16
2008-09-24,15981.18
2008-09-25,16481.1
2008-09-26,16590.08
2008-09-29,15476.59
2008-09-30,16392.7
2008-10-01,16711.82
2008-10-02,16210.94
2008-10-03,16010.06
2008-10-06,15346.43
2008-10-07,14758.74
2008-10-08,13789.12
2008-10-09,13539.62
2008-10-10,13072.37
2008-10-13,14680.05
2008-10-14,15176.78
2008-10-15,14198.04
2008-10-16,14485.37
2008-10-17,14322.56
2008-10-20,14908.7
2008-10-21,14853.73
2008-10-22,13819.65
2008-10-23,13601.09
2008-10-24,12924.14
2008-10-27,12683.83
2008-10-28,13910.87
2008-10-29,14078.76
2008-10-30,14205.22
2008-10-31,14375.72
2008-11-03,14431.89
2008-11-04,14741.3
2008-11-05,14249.78
2008-11-06,14284.13
2008-11-07,14504.59
2008-11-10,14393.27
2008-11-11,14681.39
2008-11-12,14423.14
2008-11-13,15007.52
2008-11-14,14899.18
2008-11-17,15483.16
2008-11-18,15422.45
2008-11-19,15620.43
2008-11-21,15349.61
2008-11-24,15688.6
2008-11-25,15595.75
2008-11-26,15696.02
2008-11-27,15805.31
2008-11-28,15785.5
2008-12-01,15304.9
2008-12-02,15612.87
2008-12-03,15753.21
2008-12-04,15825.4
2008-12-05,15880.94
2008-12-08,16065.94
2008-12-09,15873.87
2008-12-10,15618.06
2008-12-11,15295.39
2008-12-12,15608.88
2008-12-15,15158.71
2008-12-16,15603.48
2008-12-17,15233.67
2008-12-18,15574.06
2008-12-19,15587.47
2008-12-22,15309.0
2008-12-23,15056.53
2008-12-26,15173.54
2008-12-29,15188.37
2008-12-30,15291.33
2009-01-02,15812.72
2009-01-05,15662.34
2009-01-06,15445.83
2009-01-07,15233.23
2009-01-08,15343.37
2009-01-09,15422.06
2009-01-12,15265.69
2009-01-13,15494.74
2009-01-14,15276.12
2009-01-15,15503.51
2009-01-16,15482.53
2009-01-19,15380.56
2009-01-20,14970.04
2009-01-21,15242.88
2009-01-22,15043.95
2009-01-23,15257.08
2009-01-26,15323.07
2009-01-27,15175.2
2009-01-28,15246.4
2009-01-29,15287.59
2009-01-30,15180.22
2009-02-02,15044.99
2009-02-03,15135.19
2009-02-04,15059.31
2009-02-05,15357.18
2009-02-06,15631.87
2009-02-09,15574.28
2009-02-10,15625.81
2009-02-11,15725.28
2009-02-12,15713.97
2009-02-13,15892.96
2009-02-16,15935.42
2009-02-17,15814.58
2009-02-18,15945.51
2009-02-19,16120.82
2009-02-20,15992.83
2009-02-25,15999.56
2009-02-26,16035.02
2009-02-27,16164.01
2009-03-02,15712.04
2009-03-03,15668.82
2009-03-04,15849.29
2009-03-05,15656.71
2009-03-06,15827.16
2009-03-09,15760.93
2009-03-10,16150.11
2009-03-11,15928.26
2009-03-12,15980.15
2009-03-13,15977.77
2009-03-16,15845.24
2009-03-17,16132.92
2009-03-18,16406.04
2009-03-19,16408.72
2009-03-20,16270.09
2009-03-23,16542.66
2009-03-24,16437.61
2009-03-25,16517.82
2009-03-26,16836.54
2009-03-27,16776.96
2009-03-30,16592.51
2009-03-31,16733.09
2009-04-01,17200.38
2009-04-02,17367.69
2009-04-03,17670.34
2009-04-06,17607.45
2009-04-07,17449.13
2009-04-08,17588.51
2009-04-09,17813.42
2009-04-13,17794.88
2009-04-14,17512.07
2009-04-15,17590.26
2009-04-16,17818.38
2009-04-17,17784.65
2009-04-20,17572.13
2009-04-22,17916.26
2009-04-23,18141.2
2009-04-24,18466.21
2009-04-27,18486.27
2009-04-28,18824.33
2009-04-29,19043.13
2009-04-30,18847.68
2009-05-04,19115.42
2009-05-05,19039.56
2009-05-06,19224.26
2009-05-07,18975.53
2009-05-08,19465.88
2009-05-11,19371.98
2009-05-12,19500.98
2009-05-13,19317.69
2009-05-14,19637.39
2009-05-15,19614.87
2009-05-18,19938.3
2009-05-19,19673.05
2009-05-20,19508.33
2009-05-21,19371.62
2009-05-22,19542.95
2009-05-25,19607.52
2009-05-26,19680.78
2009-05-27,19560.85
2009-05-28,19617.33
2009-05-29,19710.72
2009-06-01,19794.04
2009-06-02,19599.37
2009-06-03,19429.83
2009-06-04,19682.69
2009-06-05,19753.8
2009-06-08,19763.62
2009-06-09,19674.76
2009-06-10,19867.54
2009-06-12,20197.47
2009-06-15,20006.22
2009-06-16,19961.24
2009-06-17,19984.83
2009-06-18,20000.37
2009-06-19,20404.95
2009-06-22,20226.36
2009-06-23,20303.03
2009-06-24,20180.3
2009-06-25,20426.47
2009-06-26,20503.02
2009-06-29,20539.53
2009-06-30,20438.25
2009-07-01,20645.62
2009-07-02,20762.6
2009-07-03,20814.99
2009-07-06,20803.02
2009-07-07,20699.39
2009-07-08,20643.51
2009-07-10,20648.25
2009-07-13,20469.63
2009-07-14,20060.19
2009-07-15,20419.94
2009-07-16,20696.34
2009-07-17,20744.14
2009-07-20,20913.26
2009-07-21,20795.59
2009-07-22,20718.17
2009-07-23,20782.27
2009-07-24,20830.34
2009-07-27,20742.75
2009-07-28,20783.35
2009-07-29,20784.96
2009-07-30,21039.06
2009-07-31,20975.64
2009-08-03,21222.09
2009-08-04,21305.31
2009-08-05,21340.68
2009-08-06,21456.37
2009-08-07,21556.69
2009-08-10,21429.11
2009-08-11,21181.09
2009-08-12,21333.33
2009-08-13,21099.1
2009-08-14,21114.58
2009-08-17,20731.03
2009-08-18,20977.43
2009-08-19,20926.46
2009-08-20,20925.08
2009-08-21,21066.82
2009-08-24,21050.9
2009-08-25,20984.14
2009-08-26,21128.31
2009-08-27,21202.16
2009-08-28,21336.47
2009-08-31,21351.79
2009-09-01,21249.24
2009-09-02,21178.68
2009-09-03,21276.02
2009-09-04,21345.29
2009-09-08,21715.08
2009-09-09,21872.04
2009-09-10,22078.14
2009-09-11,21999.58
2009-09-14,22138.38
2009-09-15,22151.98
2009-09-16,22266.17
2009-09-17,22340.8
2009-09-18,22305.22
2009-09-21,22323.47
2009-09-22,22358.55
2009-09-23,22088.87
2009-09-24,22095.59
2009-09-25,22274.41
2009-09-28,22294.92
2009-09-29,22244.44
2009-09-30,22330.57
2009-10-01,22234.12
2009-10-02,22481.38
2009-10-05,22935.83
2009-10-06,23038.73
2009-10-07,23064.55
2009-10-08,23125.58
2009-10-09,23127.24
2009-10-13,23192.59
2009-10-14,23313.38
2009-10-15,23469.73
2009-10-16,23497.0
2009-10-19,23705.5
2009-10-20,23161.79
2009-10-21,23104.49
2009-10-22,23145.57
2009-10-23,22943.15
2009-10-26,22870.2
2009-10-27,22535.12
2009-10-28,22040.5
2009-10-29,22477.12
2009-10-30,22086.96
2009-11-03,22213.63
2009-11-04,22445.39
2009-11-05,22611.7
2009-11-06,22571.65
2009-11-09,23120.19
2009-11-10,22950.64
2009-11-11,23051.32
2009-11-12,22673.71
2009-11-13,23110.01
2009-11-16,23338.8
2009-11-17,23367.86
2009-11-18,23082.58
2009-11-19,22917.88
2009-11-23,22851.35
2009-11-24,22892.97
2009-11-25,23092.81
2009-11-26,22814.79
2009-11-27,23044.35
2009-11-30,22852.52
2009-12-01,23321.77
2009-12-02,23823.52
2009-12-03,23926.18
2009-12-04,23800.76
2009-12-07,24178.3
2009-12-08,24260.02
2009-12-09,24456.63
2009-12-10,24815.65
2009-12-11,24917.45
2009-12-14,24690.09
2009-12-15,24574.44
2009-12-16,24044.0
2009-12-17,23933.78
2009-12-18,23817.1
2009-12-21,23833.4
2009-12-22,23902.66
2009-12-23,23879.09
2009-12-28,23867.0
2009-12-29,23950.83
2009-12-30,24327.08
2010-01-04,24590.6
2010-01-05,24601.36
2010-01-06,24574.42
2010-01-07,24636.47
2010-01-08,24649.72
2010-01-11,24743.46
2010-01-12,24857.8
2010-01-13,24867.38
2010-01-14,24581.89
2010-01-15,24329.05
2010-01-18,24170.35
2010-01-19,24342.15
2010-01-20,24017.73
2010-01-21,23774.38
2010-01-22,24020.33
2010-01-26,24300.36
2010-01-27,24248.23
2010-01-28,24087.84
2010-01-29,24304.52
2010-02-01,24407.99
2010-02-02,24325.62
2010-02-03,24335.3
2010-02-04,23887.98
2010-02-05,23753.28
2010-02-08,24048.32
2010-02-09,24259.73
2010-02-10,24374.34
2010-02-11,24558.5
2010-02-12,24465.42
2010-02-17,24659.56
2010-02-18,24746.17
2010-02-19,24474.72
2010-02-22,24470.89
2010-02-23,24297.44
2010-02-24,24230.07
2010-02-25,24337.92
2010-02-26,24437.8
2010-03-01,24657.17
2010-03-02,24770.57
2010-03-03,24662.1
2010-03-04,24545.14
2010-03-05,24682.34
2010-03-08,24597.39
2010-03-09,24832.42
2010-03-10,24966.32
2010-03-11,24937.93
2010-03-12,24597.61
2010-03-15,24612.68
2010-03-16,24787.04
2010-03-17,24871.39
2010-03-18,24819.63
2010-03-19,24752.45
2010-03-22,24723.2
2010-03-23,24718.86
2010-03-24,24462.86
2010-03-25,24410.06
2010-03-26,24479.69
2010-03-29,24476.78
2010-03-30,24424.42
2010-03-31,24220.61
2010-04-01,24291.77
2010-04-05,24353.27
2010-04-06,24336.15
2010-04-07,24226.41
2010-04-08,24286.14
2010-04-09,24128.61
2010-04-12,24014.77
2010-04-13,24108.87
2010-04-14,24284.6
2010-04-15,24138.25
2010-04-16,24040.14
2010-04-19,24020.59
2010-04-20,23945.11
2010-04-22,24048.88
2010-04-23,24162.77
2010-04-26,24204.47
2010-04-27,23946.56
2010-04-28,23994.05
2010-04-29,24175.67
2010-04-30,24233.19
2010-05-03,24274.33
2010-05-04,23935.05
2010-05-05,23877.1
2010-05-06,23425.76
2010-05-07,23286.17
2010-05-10,23788.02
2010-05-11,23341.83
2010-05-12,23599.48
2010-05-13,23538.51
2010-05-14,23195.67
2010-05-17,23230.9
2010-05-18,22893.27
2010-05-19,22587.55
2010-05-20,22045.42
2010-05-21,22289.36
2010-05-24,22364.02
2010-05-25,22111.03
2010-05-26,22491.82
2010-05-27,22693.06
2010-05-28,22582.93
2010-05-31,22838.16
2010-06-01,22403.79
2010-06-02,22658.82
2010-06-04,22813.6
2010-06-07,22972.88
2010-06-08,23083.49
2010-06-09,23074.1
2010-06-10,23144.56
2010-06-11,23239.98
2010-06-14,23392.04
2010-06-15,23674.56
2010-06-16,23774.33
2010-06-17,23779.02
2010-06-18,23924.8
2010-06-21,23981.95
2010-06-22,24105.03
2010-06-23,24088.55
2010-06-24,23997.45
2010-06-25,24336.44
2010-06-28,24462.8
2010-06-29,24190.29
2010-06-30,24080.73
2010-07-01,23904.07
2010-07-02,24045.52
2010-07-05,24121.23
2010-07-06,24358.15
2010-07-07,24357.02
2010-07-08,24197.0
2010-07-12,24021.66
2010-07-13,24272.84
2010-07-14,23877.42
2010-07-15,23902.68
2010-07-16,23728.05
2010-07-19,23858.72
2010-07-20,23880.63
2010-07-21,23904.72
2010-07-22,24284.43
2010-07-23,24459.06
2010-07-26,24562.68
2010-07-27,24477.86
2010-07-28,24456.91
2010-07-29,24636.66
2010-07-30,24870.22
2010-08-02,25068.65
2010-08-03,24986.76
2010-08-04,25052.01
2010-08-05,25225.9
2010-08-06,25249.67
2010-08-09,25028.96
2010-08-10,25084.39
2010-08-11,24936.11
2010-08-12,25001.45
2010-08-13,24945.65
2010-08-16,25298.93
2010-08-17,25320.94
2010-08-18,25801.9
2010-08-19,25811.7
2010-08-20,25923.88
2010-08-23,25678.76
2010-08-24,25805.75
2010-08-25,25741.53
2010-08-26,25767.24
2010-08-27,26098.16
2010-08-30,26052.97
2010-08-31,25738.7
2010-09-01,26017.41
2010-09-02,25871.0
2010-09-03,25790.68
2010-09-06,25865.34
2010-09-08,25372.1
2010-09-09,25248.92
2010-09-10,25410.43
2010-09-13,25576.0
2010-09-14,25680.49
2010-09-15,25920.6
2010-09-16,25760.78
2010-09-17,25592.71
2010-09-20,25644.34
2010-09-21,25629.26
2010-09-22,25742.29
2010-09-23,25620.27
2010-09-24,25311.54
2010-09-27,25351.39
2010-09-28,25425.09
2010-09-29,25337.0
2010-09-30,25497.24
2010-10-01,25670.57
2010-10-04,26021.46
2010-10-05,26343.33
2010-10-06,26371.73
2010-10-07,26212.54
2010-10-08,26391.38
2010-10-11,26649.62
2010-10-13,26873.32
2010-10-14,26784.53
2010-10-15,26841.7
2010-10-18,26644.58
2010-10-19,26477.21
2010-10-20,26640.0
2010-10-21,26766.7
2010-10-22,26443.56
2010-10-25,26355.22
2010-10-26,26795.96
2010-10-27,26571.45
2010-10-28,26408.57
2010-10-29,26473.24
2010-11-01,26654.31
2010-11-03,26579.18
2010-11-04,26702.82
2010-11-05,26589.07
2010-11-08,26792.65
2010-11-09,26809.33
2010-11-10,26789.96
2010-11-11,26506.98
2010-11-12,26335.93
2010-11-16,26184.37
2010-11-17,26474.7
2010-11-18,26742.87
2010-11-19,26947.05
2010-11-22,26632.54
2010-11-23,26547.63
2010-11-24,26911.52
2010-11-25,26764.09
2010-11-26,26613.19
2010-11-29,26519.64
2010-11-30,26677.46
2010-12-01,27025.09
2010-12-02,27144.33
2010-12-03,27533.01
2010-12-06,27253.66
2010-12-07,27114.7
2010-12-08,27059.66
2010-12-09,26857.21
2010-12-10,26948.38
2010-12-13,26962.02
2010-12-14,26796.47
2010-12-15,26650.89
2010-12-16,26611.07
2010-12-17,26804.46
2010-12-20,26857.19
2010-12-21,26881.67
2010-12-22,26758.81
2010-12-23,26883.75
2010-12-27,26720.81
2010-12-28,26854.74
2010-12-29,27088.05
2010-12-30,27242.57
2011-01-03,27446.4
2011-01-04,27558.11
2011-01-05,27886.78
2011-01-06,27783.24
2011-01-07,27791.92
2011-01-10,27684.75
2011-01-11,27728.6
2011-01-12,28080.36
2011-01-13,28234.94
2011-01-14,28401.45
2011-01-17,28289.63
2011-01-18,28204.91
2011-01-19,28005.18
2011-01-20,28067.24
2011-01-21,27903.57
2011-01-24,28006.12
2011-01-26,27806.85
2011-01-27,27567.97
2011-01-28,27148.43
2011-01-31,27394.62
2011-02-01,27591.52
2011-02-02,27360.23
2011-02-03,27450.78
2011-02-04,27192.43
2011-02-07,27320.4
2011-02-08,27497.5
2011-02-09,27172.91
2011-02-10,27256.16
2011-02-11,27345.28
2011-02-14,27279.19
2011-02-15,27236.99
2011-02-16,27697.32
2011-02-17,27682.8
2011-02-18,27811.45
2011-02-21,27869.1
2011-02-22,27737.15
2011-02-23,27648.47
2011-02-24,27752.94
2011-02-25,27707.66
2011-02-28,28124.74
2011-03-01,28012.02
2011-03-02,28268.1
2011-03-03,28508.34
2011-03-04,28672.67
2011-03-09,28811.02
2011-03-10,28547.82
2011-03-11,28889.83
2011-03-14,29068.41
2011-03-15,28855.23
2011-03-16,28321.65
2011-03-17,28352.94
2011-03-18,28427.27
2011-03-21,28427.1
2011-03-22,28854.84
2011-03-23,28873.84
2011-03-24,28894.16
2011-03-25,29156.24
2011-03-28,28970.04
2011-03-29,29223.47
2011-03-30,29776.77
2011-03-31,29892.13
2011-04-01,30274.87
2011-04-04,30423.35
2011-04-05,30483.39
2011-04-06,30280.31
2011-04-07,30073.86
2011-04-08,29901.84
2011-04-11,29713.04
2011-04-12,29509.44
2011-04-13,29557.38
2011-04-14,29572.76
2011-04-15,29584.6
2011-04-18,29680.79
2011-04-19,29788.2
2011-04-20,29816.2
2011-04-25,29747.14
2011-04-26,29659.69
2011-04-27,29629.88
2011-04-28,29587.81
2011-04-29,29581.66
2011-05-02,29284.35
2011-05-03,29120.98
2011-05-04,29237.59
2011-05-05,29492.44
2011-05-06,29942.64
2011-05-09,30026.02
2011-05-10,29980.42
2011-05-11,29751.63
2011-05-12,29924.47
2011-05-13,29835.49
2011-05-16,29822.93
2011-05-17,29711.78
2011-05-18,29700.64
2011-05-19,29818.01
2011-05-20,29918.08
2011-05-23,29724.72
2011-05-24,29792.43
2011-05-25,29806.59
2011-05-26,29688.69
2011-05-27,29614.52
2011-05-30,29510.64
2011-05-31,29795.77
2011-06-01,29543.63
2011-06-02,29856.5
2011-06-03,30069.53
2011-06-06,29861.18
2011-06-07,29667.39
2011-06-08,29482.1
2011-06-09,29498.86
2011-06-10,29333.64
2011-06-13,29139.29
2011-06-14,29145.33
2011-06-15,29155.46
2011-06-16,29419.92
2011-06-17,29518.01
2011-06-20,29601.46
2011-06-21,29793.86
2011-06-22,29589.67
2011-06-24,29896.84
2011-06-27,29817.58
2011-06-28,29947.21
2011-06-29,30060.98
2011-06-30,30073.77
2011-07-01,29981.07
2011-07-04,30055.29
2011-07-05,30107.05
2011-07-06,30000.3
2011-07-07,29817.88
2011-07-08,29854.84
2011-07-11,29511.17
2011-07-12,29504.24
2011-07-13,29673.6
2011-07-14,29660.01
2011-07-15,29536.78
2011-07-18,29425.76
2011-07-19,29270.26
2011-07-20,29187.5
2011-07-21,29293.3
2011-07-22,29543.6
2011-07-25,29521.26
2011-07-26,29485.91
2011-07-27,29081.37
2011-07-28,29245.32
2011-07-29,29463.11
2011-08-01,29353.19
2011-08-02,29194.64
2011-08-03,28852.24
2011-08-04,28033.9
2011-08-05,27926.7
2011-08-08,26515.37
2011-08-09,26948.67
2011-08-10,27110.22
2011-08-11,27238.61
2011-08-12,26858.41
2011-08-15,27371.09
2011-08-16,27698.87
2011-08-17,27745.57
2011-08-18,27541.86
2011-08-19,27076.73
2011-08-22,27155.01
2011-08-23,27164.64
2011-08-24,27010.54
2011-08-25,26866.31
2011-08-26,27170.28
2011-08-29,27498.45
2011-08-30,27587.74
2011-08-31,28195.12
2011-09-01,28453.21
2011-09-02,28315.82
2011-09-05,28096.14
2011-09-06,28645.99
2011-09-08,28788.48
2011-09-09,28413.28
2011-09-12,28400.32
2011-09-13,28353.25
2011-09-14,28439.27
2011-09-15,28512.26
2011-09-16,28857.71
2011-09-19,28843.9
2011-09-20,29012.03
2011-09-21,29162.96
2011-09-22,28157.46
2011-09-23,27823.43
2011-09-26,27747.96
2011-09-27,28063.32
2011-09-28,27868.78
2011-09-29,27902.96
2011-09-30,27810.66
2011-10-03,27568.7
2011-10-04,27114.24
2011-10-05,27179.37
2011-10-06,27239.66
2011-10-07,26864.7
2011-10-10,27533.3
2011-10-11,27593.46
2011-10-13,27850.49
2011-10-14,27910.32
2011-10-17,27703.7
2011-10-18,28124.04
2011-10-19,28004.05
2011-10-20,27869.13
2011-10-21,28184.55
2011-10-24,28342.95
2011-10-25,28116.56
2011-10-26,28604.72
2011-10-27,28765.84
2011-10-28,28833.55
2011-10-31,28857.8
2011-11-01,28682.17
2011-11-03,29102.8
2011-11-04,29280.32
2011-11-07,29519.58
2011-11-08,29269.43
2011-11-09,28920.72
2011-11-10,28995.1
2011-11-11,29298.32
2011-11-14,29126.59
2011-11-16,29366.14
2011-11-17,28811.01
2011-11-18,28865.46
2011-11-21,28918.6
2011-11-22,28985.65
2011-11-23,28835.52
2011-11-24,28929.16
2011-11-25,29132.03
2011-11-28,29432.83
2011-11-29,29312.64
2011-11-30,29793.38
2011-12-01,29846.49
2011-12-02,29651.16
2011-12-05,30205.34
2011-12-06,30754.12
2011-12-07,30541.56
2011-12-08,30596.39
2011-12-09,30772.91
2011-12-12,30921.93
2011-12-13,31063.13
2011-12-14,31325.45
2011-12-15,31434.79
2011-12-16,31471.04
2011-12-19,31449.1
2011-12-20,31903.01
2011-12-21,31844.33
2011-12-22,32015.95
2011-12-23,32612.85
2011-12-26,32785.85
2011-12-27,32827.66
2011-12-28,32538.59
2011-12-29,32613.71
2012-01-02,32559.04
2012-01-03,32285.98
2012-01-04,32690.43
2012-01-05,32626.65
2012-01-06,32738.73
2012-01-09,33051.63
2012-01-10,32693.14
2012-01-11,32534.18
2012-01-12,32633.5
2012-01-13,32569.37
2012-01-16,32534.87
2012-01-17,32459.03
2012-01-18,32532.55
2012-01-19,32410.96
2012-01-20,32446.19
2012-01-23,32160.67
2012-01-24,32173.68
2012-01-26,32263.86
2012-01-27,32154.85
2012-01-30,32275.52
2012-01-31,32415.76
2012-02-01,32459.32
2012-02-02,32352.1
2012-02-03,32316.12
2012-02-06,32161.02
2012-02-07,32522.71
2012-02-08,32648.26
2012-02-09,32742.63
2012-02-10,32972.56
2012-02-13,33150.75
2012-02-14,33022.97
2012-02-15,33324.43
2012-02-16,33514.27
2012-02-17,33651.19
2012-02-22,33824.02
2012-02-23,33729.77
2012-02-24,33904.37
2012-02-27,33840.08
2012-02-28,34116.08
2012-02-29,34328.25
2012-03-01,34438.15
2012-03-02,34605.12
2012-03-05,34791.58
2012-03-06,34507.19
2012-03-07,34634.13
2012-03-08,34625.83
2012-03-09,34987.32
2012-03-12,35036.17
2012-03-13,35449.26
2012-03-14,35527.26
2012-03-15,35314.4
2012-03-16,35054.33
2012-03-19,35143.62
2012-03-20,35252.84
2012-03-21,35207.55
2012-03-22,35010.42
2012-03-23,34945.05
2012-03-26,35360.04
2012-03-27,35452.89
2012-03-28,35143.53
2012-03-29,35075.33
2012-03-30,35281.68
2012-04-02,35767.08
2012-04-03,35486.62
2012-04-04,35295.31
2012-04-05,35436.93
2012-04-09,35377.89
2012-04-10,35260.94
2012-04-11,34849.73
2012-04-12,34934.31
2012-04-13,34725.84
2012-04-16,34763.73
2012-04-17,34791.26
2012-04-18,35006.59
2012-04-19,34981.3
2012-04-20,35058.4
2012-04-23,35048.74
2012-04-24,35329.24
2012-04-25,35448.81
2012-04-26,35495.78
2012-04-27,35633.61
2012-04-30,35826.64
2012-05-02,35980.69
2012-05-03,35861.05
2012-05-04,35885.56
2012-05-07,36191.54
2012-05-08,36042.4
2012-05-09,35999.03
2012-05-10,36382.24
2012-05-11,36391.25
2012-05-14,35319.9
2012-05-15,34873.7
2012-05-16,35309.04
2012-05-17,34636.18
2012-05-18,34631.23
2012-05-21,34470.77
2012-05-22,34358.78
2012-05-23,34113.17
2012-05-24,33809.25
2012-05-25,33678.92
2012-05-28,34124.97
2012-05-29,33608.03
2012-05-30,33304.68
2012-05-31,33733.82
2012-06-01,33701.02
2012-06-04,33996.81
2012-06-05,33633.53
2012-06-06,34244.55
2012-06-08,34593.91
2012-06-11,34514.02
2012-06-12,35119.8
2012-06-13,35048.96
2012-06-14,34929.47
2012-06-15,35053.88
2012-06-18,35129.94
2012-06-19,35225.1
2012-06-20,35133.69
2012-06-21,34871.14
2012-06-22,34560.76
2012-06-25,34754.7
2012-06-26,34764.52
2012-06-27,34944.27
2012-06-28,35252.21
2012-06-29,35416.28
2012-07-02,35336.79
2012-07-03,34854.62
2012-07-04,34831.06
2012-07-05,34979.17
2012-07-06,34547.99
2012-07-10,34062.41
2012-07-11,33930.05
2012-07-12,34035.01
2012-07-13,34107.31
2012-07-16,34008.84
2012-07-17,34408.88
2012-07-18,34328.69
2012-07-19,34423.32
2012-07-20,33942.64
2012-07-23,33843.52
2012-07-24,33806.41
2012-07-25,34000.24
2012-07-26,34630.71
2012-07-27,35024.98
2012-07-30,35205.75
2012-07-31,34741.56
2012-08-01,34932.4
2012-08-02,34435.53
2012-08-03,34646.85
2012-08-06,34872.92
2012-08-07,34835.85
2012-08-08,35161.56
2012-08-09,35271.85
2012-08-10,35536.09
2012-08-13,35555.73
2012-08-14,35456.93
2012-08-15,35588.18
2012-08-16,35938.32
2012-08-17,35600.17
2012-08-20,35595.07
2012-08-21,35442.11
2012-08-22,35519.94
2012-08-23,35169.97
2012-08-24,35247.71
2012-08-27,35139.99
2012-08-28,35243.26
2012-08-29,34888.78
2012-08-30,34259.32
2012-08-31,32805.89
2012-09-03,33092.95
2012-09-04,32921.1
2012-09-05,33155.95
2012-09-06,33244.99
2012-09-10,32666.33
2012-09-11,31539.91
2012-09-12,28962.29
2012-09-13,29731.38
2012-09-14,29937.97
2012-09-17,30376.57
2012-09-18,30776.68
2012-09-19,30485.98
2012-09-20,30253.93
2012-09-21,30414.4
2012-09-24,30359.13
2012-09-25,30415.13
2012-09-26,30418.98
2012-09-27,30305.18
2012-09-28,30091.23
2012-10-01,29957.13
2012-10-02,29828.41
2012-10-03,29422.12
2012-10-04,28942.86
2012-10-05,29066.16
2012-10-08,29030.22
2012-10-09,28977.87
2012-10-10,28548.34
2012-10-11,28774.26
2012-10-15,29110.13
2012-10-16,29331.81
2012-10-17,29214.65
2012-10-18,29081.78
2012-10-19,29071.03
2012-10-22,28926.69
2012-10-23,28627.05
2012-10-24,28526.73
2012-10-25,28771.31
2012-10-26,28735.22
2012-10-29,28710.49
2012-10-30,28780.18
2012-10-31,28716.33
2012-11-01,29455.4
2012-11-05,29015.85
2012-11-06,28926.83
2012-11-07,28691.81
2012-11-08,28248.16
2012-11-09,27951.07
2012-11-12,27296.71
2012-11-13,27650.85
2012-11-14,27307.33
2012-11-16,27264.57
2012-11-19,27044.7
2012-11-21,26525.79
2012-11-22,26429.63
2012-11-23,26812.25
2012-11-26,26778.74
2012-11-27,26612.31
2012-11-28,27026.59
2012-11-29,27055.3
2012-11-30,27412.32
2012-12-03,27521.29
2012-12-04,27524.18
2012-12-05,27116.33
2012-12-06,27306.68
2012-12-07,27458.01
2012-12-10,27522.54
2012-12-11,27935.39
2012-12-12,28002.55
2012-12-13,27948.44
2012-12-14,27920.87
2012-12-17,27960.59
2012-12-18,27977.83
2012-12-19,27974.03
2012-12-20,27907.36
2012-12-21,28223.43
2012-12-26,28392.79
2012-12-27,28422.92
2012-12-28,28792.84
2013-01-02,29278.49
2013-01-03,29037.76
2013-01-04,28364.26
2013-01-07,27657.39
2013-01-08,26875.05
2013-01-09,27530.57
2013-01-10,27705.04
2013-01-11,27750.14
2013-01-14,27833.7
2013-01-15,27836.51
2013-01-16,27969.98
2013-01-17,28292.57
2013-01-18,28428.89
2013-01-21,28739.13
2013-01-22,28740.35
2013-01-23,28756.73
2013-01-24,28420.14
2013-01-28,27903.57
2013-01-29,27728.3
2013-01-30,27440.53
2013-01-31,27800.07
2013-02-01,28049.06
2013-02-04,27896.35
2013-02-05,27901.34
2013-02-06,27713.65
2013-02-07,27566.23
2013-02-08,27291.54
2013-02-13,27341.75
2013-02-14,27510.51
2013-02-15,27453.64
2013-02-18,27357.66
2013-02-19,27259.26
2013-02-20,26937.05
2013-02-21,26780.32
2013-02-22,26928.64
2013-02-25,27221.22
2013-02-26,27538.88
2013-02-27,27485.23
2013-02-28,27487.21
2013-03-01,27180.12
2013-03-04,27163.17
2013-03-05,27031.84
2013-03-06,27675.04
2013-03-07,28510.36
2013-03-08,28341.02
2013-03-11,28393.35
2013-03-12,28459.96
2013-03-13,28352.9
2013-03-14,28115.14
2013-03-15,28089.2
2013-03-18,28092.82
2013-03-19,27876.06
2013-03-20,26911.25
2013-03-21,26705.79
2013-03-22,26610.1
2013-03-25,26505.73
2013-03-26,26989.71
2013-03-27,27208.18
2013-03-28,27750.56
2013-04-01,27739.43
2013-04-02,27455.25
2013-04-03,27646.54
2013-04-04,27407.14
2013-04-05,27899.46
2013-04-08,27961.96
2013-04-09,28137.56
2013-04-10,28299.25
2013-04-11,27998.13
2013-04-12,27820.67
2013-04-15,27295.68
2013-04-16,27715.61
2013-04-17,27478.58
2013-04-18,27606.21
2013-04-19,27832.68
2013-04-22,27703.68
2013-04-23,28074.81
2013-04-24,27932.91
2013-04-25,27825.75
2013-04-26,27472.17
2013-04-29,27570.63
2013-04-30,28241.68
2013-05-02,28042.32
2013-05-03,28147.95
2013-05-06,27989.32
2013-05-07,28121.47
2013-05-08,28049.01
2013-05-09,28083.09
2013-05-10,28073.7
2013-05-13,27917.53
2013-05-14,27958.18
2013-05-15,28241.86
2013-05-16,28493.12
2013-05-17,28502.41
2013-05-20,28672.27
2013-05-21,29201.78
2013-05-22,29624.13
2013-05-23,29664.06
2013-05-24,29712.79
2013-05-27,29571.38
2013-05-28,29611.84
2013-05-29,29054.04
2013-05-31,28523.67
2013-06-03,28697.33
2013-06-04,28631.49
2013-06-05,28243.46
2013-06-06,28129.47
2013-06-07,27623.51
2013-06-10,27486.79
2013-06-11,26813.87
2013-06-12,26418.92
2013-06-13,26968.28
2013-06-14,26520.53
2013-06-17,26640.54
2013-06-18,26735.5
2013-06-19,26097.46
2013-06-20,25817.19
2013-06-21,24760.74
2013-06-24,24546.98
2013-06-25,24949.93
2013-06-26,24924.01
2013-06-27,25268.0
2013-06-28,25407.33
2013-07-01,25393.1
2013-07-02,24735.67
2013-07-03,24507.11
2013-07-04,24933.3
2013-07-05,24929.11
2013-07-08,25018.42
2013-07-10,25305.42
2013-07-11,25760.67
2013-07-12,25341.6
2013-07-15,25529.65
2013-07-16,25413.5
2013-07-17,25474.68
2013-07-18,25668.31
2013-07-19,25544.93
2013-07-22,25862.82
2013-07-23,26101.19
2013-07-24,25894.25
2013-07-25,26312.65
2013-07-26,26325.31
2013-07-29,26314.58
2013-07-30,26083.71
2013-07-31,25929.81
2013-08-01,26012.96
2013-08-02,25667.97
2013-08-05,25822.56
2013-08-06,25357.78
2013-08-07,25566.07
2013-08-08,25954.62
2013-08-09,26013.16
2013-08-12,26112.28
2013-08-13,26217.42
2013-08-14,26150.97
2013-08-15,25792.43
2013-08-16,25821.93
2013-08-19,25604.29
2013-08-20,25401.85
2013-08-21,25367.57
2013-08-22,25606.28
2013-08-23,25707.79
2013-08-26,25424.73
2013-08-27,25245.14
2013-08-28,25220.74
2013-08-29,25267.41
2013-08-30,25316.75
2013-09-02,25736.11
2013-09-03,25753.18
2013-09-04,26086.06
2013-09-05,26584.81
2013-09-06,26918.68
2013-09-09,27329.78
2013-09-10,27175.5
2013-09-11,27064.62
2013-09-12,26799.65
2013-09-13,26904.28
2013-09-16,27074.18
2013-09-17,27230.03
2013-09-18,27375.96
2013-09-19,27132.95
2013-09-20,26809.51
2013-09-23,27105.3
2013-09-24,27261.34
2013-09-25,27211.24
2013-09-26,27022.45
2013-09-27,27186.76
2013-09-30,27037.79
2013-10-01,27041.07
2013-10-02,27120.22
2013-10-03,26998.41
2013-10-04,26897.5
2013-10-07,26851.4
2013-10-08,26757.82
2013-10-09,26795.19
2013-10-10,27174.89
2013-10-11,27245.48
2013-10-14,27496.09
2013-10-15,27563.81
2013-10-16,27583.95
2013-10-17,27579.62
2013-10-18,27809.69
2013-10-21,27812.25
2013-10-22,28121.12
2013-10-23,27909.5
2013-10-24,27617.82
2013-10-25,27422.28
2013-10-28,27780.11
2013-10-29,27640.35
2013-10-30,27607.19
2013-10-31,27821.26
2013-11-01,27540.65
2013-11-04,27518.76
2013-11-05,27067.29
2013-11-06,26583.19
2013-11-07,26371.47
2013-11-08,26205.37
2013-11-11,26262.64
2013-11-12,26257.88
2013-11-13,26447.64
2013-11-14,27057.26
2013-11-18,27420.84
2013-11-19,26750.19
2013-11-21,26788.33
2013-11-22,26846.16
2013-11-25,26951.21
2013-11-26,26806.23
2013-11-27,26814.29
2013-11-28,26646.84
2013-11-29,27027.65
2013-12-02,26790.72
2013-12-03,26341.21
2013-12-04,26071.34
2013-12-05,26179.7
2013-12-06,26407.9
2013-12-09,26512.0
2013-12-10,26380.09
2013-12-11,26075.64
2013-12-12,26201.35
2013-12-13,26141.73
2013-12-16,25974.7
2013-12-17,26047.15
2013-12-18,26321.0
2013-12-19,26805.27
2013-12-20,26650.53
2013-12-23,26547.94
2013-12-26,26389.37
2013-12-27,26301.71
2013-12-30,26250.84
2014-01-02,25616.86
2014-01-03,26348.26
2014-01-06,26448.07
2014-01-07,26014.96
2014-01-08,25854.02
2014-01-09,25457.68
2014-01-10,25597.8
2014-01-13,25403.21
2014-01-14,25640.82
2014-01-15,25976.53
2014-01-16,25926.27
2014-01-17,25778.03
2014-01-20,25489.83
2014-01-21,25417.08
2014-01-22,25659.04
2014-01-23,25260.56
2014-01-24,25013.49
2014-01-27,24964.12
2014-01-28,25222.57
2014-01-29,25112.51
2014-01-30,24947.81
2014-01-31,25207.56
2014-02-03,24673.89
2014-02-04,24574.26
2014-02-05,24175.27
2014-02-06,24489.22
2014-02-07,24467.61
2014-02-10,24192.99
2014-02-11,24320.95
2014-02-12,24366.74
2014-02-13,23940.04
2014-02-14,23744.74
2014-02-17,22752.08
2014-02-18,21826.66
2014-02-19,22311.65
2014-02-20,22756.37
2014-02-21,22785.1
2014-02-24,22879.85
2014-02-25,22444.82
2014-02-26,22505.21
2014-02-27,23079.39
2014-02-28,23057.55
2014-03-05,22722.9
2014-03-06,22914.59
2014-03-07,22167.93
2014-03-10,21750.48
2014-03-11,21953.46
2014-03-12,22273.01
2014-03-13,22800.23
2014-03-14,22311.92
2014-03-17,22157.44
2014-03-18,22658.74
2014-03-19,22942.17
2014-03-20,23315.63
2014-03-21,23511.55
2014-03-24,23654.79
2014-03-25,23796.85
2014-03-26,23775.46
2014-03-27,24495.63
2014-03-28,24617.24
2014-03-31,24838.77
2014-04-01,24603.5
2014-04-02,25295.47
2014-04-03,25128.53
2014-04-04,25062.1
2014-04-07,25145.97
2014-04-08,24985.43
2014-04-09,24406.07
2014-04-10,24478.93
2014-04-11,24691.97
2014-04-14,25078.78
2014-04-15,24983.16
2014-04-16,25091.63
2014-04-17,25588.84
2014-04-22,26009.19
2014-04-23,25888.81
2014-04-24,25891.8
2014-04-25,25471.71
2014-04-28,25431.42
2014-04-29,25463.95
2014-04-30,25845.08
2014-05-02,26292.22
2014-05-05,26837.47
2014-05-06,27062.79
2014-05-07,27538.14
2014-05-08,27155.58
2014-05-09,26745.94
2014-05-12,27224.66
2014-05-13,27126.67
2014-05-14,27520.56
2014-05-15,26929.1
2014-05-16,27010.67
2014-05-19,26729.43
2014-05-20,26377.95
2014-05-21,26337.58
2014-05-22,26716.72
2014-05-23,26818.22
2014-05-26,26959.05
2014-05-27,26380.47
2014-05-28,26593.7
2014-05-29,26644.97
2014-05-30,26328.72
2014-06-02,26348.59
2014-06-03,26534.81
2014-06-04,26529.2
2014-06-05,26522.92
2014-06-06,26962.51
2014-06-09,27615.75
2014-06-10,27867.76
2014-06-11,28203.59
2014-06-13,28029.71
2014-06-16,28019.97
2014-06-17,28126.06
2014-06-18,28845.84
2014-06-20,28326.32
2014-06-23,28155.93
2014-06-24,28388.7
2014-06-25,28356.7
2014-06-26,28346.2
2014-06-27,28191.38
2014-06-30,28133.81
2014-07-01,27954.87
2014-07-02,27758.07
2014-07-03,27823.67
2014-07-04,28293.07
2014-07-07,28331.57
2014-07-08,28337.6
2014-07-10,28823.96
2014-07-11,28977.21
2014-07-14,29287.01
2014-07-15,29382.94
2014-07-16,29129.51
2014-07-17,29027.89
2014-07-18,29487.21
2014-07-21,29741.82
2014-07-22,30079.17
2014-07-23,29746.58
2014-07-24,30008.06
2014-07-25,29717.94
2014-07-28,29738.99
2014-07-29,29106.9
2014-07-30,28951.5
2014-07-31,28369.58
2014-08-01,28543.39
2014-08-04,29054.84
2014-08-05,28774.06
2014-08-06,28859.44
2014-08-07,28888.06
2014-08-08,28992.08
2014-08-11,29349.7
2014-08-12,29297.63
2014-08-13,29082.09
2014-08-14,29105.05
2014-08-15,29698.94
2014-08-18,29781.37
2014-08-19,30028.05
2014-08-20,30404.56
2014-08-21,30714.9
2014-08-22,30452.5
2014-08-25,30866.52
2014-08-26,30733.48
2014-08-27,31064.97
2014-08-28,30847.82
2014-08-29,31171.18
2014-09-01,31164.53
2014-09-02,31233.83
2014-09-03,31478.25
2014-09-04,31188.06
2014-09-05,31085.51
2014-09-08,30120.93
2014-09-09,29495.86
2014-09-10,29462.06
2014-09-11,29475.98
2014-09-12,29005.53
2014-09-15,29036.96
2014-09-16,29255.77
2014-09-17,29073.49
2014-09-18,28683.47
2014-09-19,28419.12
2014-09-22,27824.16
2014-09-23,27663.98
2014-09-24,27705.39
2014-09-25,27859.25
2014-09-26,28025.53
2014-09-29,27320.57
2014-09-30,27596.08
2014-10-01,26897.95
2014-10-02,26830.01
2014-10-03,27144.35
2014-10-06,27906.13
2014-10-07,28417.95
2014-10-08,28413.74
2014-10-09,28072.2
2014-10-10,27474.62
2014-10-13,28134.48
2014-10-14,28035.85
2014-10-15,27349.88
2014-10-16,26939.96
2014-10-17,27538.31
2014-10-20,27169.05
2014-10-21,26158.6
2014-10-22,26109.5
2014-10-23,25139.0
2014-10-24,25779.43
2014-10-27,24924.72
2014-10-28,25834.75
2014-10-29,26036.5
2014-10-30,26149.23
2014-10-31,26451.47
2014-11-03,26439.37
2014-11-04,26636.51
2014-11-05,26519.51
2014-11-06,26206.98
2014-11-07,26474.05
2014-11-10,26759.9
2014-11-11,26802.33
2014-11-12,26683.81
2014-11-13,26270.87
2014-11-14,26020.09
2014-11-17,25835.19
2014-11-18,26193.02
2014-11-19,26874.47
2014-11-21,28019.1
2014-11-24,28115.25
2014-11-25,28007.92
2014-11-26,27791.5
2014-11-27,28225.7
2014-11-28,28314.98
2014-12-01,27608.12
2014-12-02,27702.33
2014-12-03,27710.3
2014-12-04,27522.56
2014-12-05,27589.25
2014-12-08,27131.77
2014-12-09,27095.51
2014-12-10,26750.56
2014-12-11,26849.04
2014-12-12,26655.94
2014-12-15,26411.4
2014-12-16,25544.88
2014-12-17,26307.32
2014-12-18,25950.18
2014-12-19,26281.62
2014-12-22,26615.66
2014-12-23,26783.48
2014-12-26,27015.48
2014-12-29,27309.61
2014-12-30,27161.26
2015-01-02,26473.35
2015-01-05,26189.85
2015-01-06,26630.41
2015-01-07,27074.18
2015-01-08,27152.12
2015-01-09,25774.12
2015-01-12,25579.81
2015-01-13,25806.09
2015-01-14,26211.32
2015-01-15,26024.98
2015-01-16,26538.66
2015-01-19,25314.81
2015-01-20,25202.7
2015-01-21,25440.19
2015-01-22,25147.93
2015-01-23,24867.91
2015-01-26,24681.57
2015-01-27,24784.35
2015-01-28,24851.73
2015-01-29,25416.35
2015-01-30,24635.26
2015-02-02,25474.93
2015-02-03,25343.45
2015-02-04,25031.36
2015-02-05,24779.63
2015-02-06,24480.53
2015-02-09,24512.13
2015-02-10,24249.27
2015-02-11,24185.86
2015-02-12,24988.07
2015-02-13,25391.92
2015-02-18,25795.79
2015-02-19,26097.6
2015-02-20,25673.35
2015-02-23,25476.54
2015-02-24,25831.39
2015-02-25,26180.72
2015-02-26,26844.04
2015-02-27,26521.88
2015-03-02,26284.22
2015-03-03,26220.84
2015-03-04,25799.7
2015-03-05,25796.68
2015-03-06,25788.51
2015-03-09,25158.03
2015-03-10,25175.39
2015-03-11,25418.63
2015-03-12,25997.75
2015-03-13,25765.34
2015-03-16,25805.63
2015-03-17,26259.15
2015-03-18,26779.68
2015-03-19,26684.7
2015-03-20,27658.17
2015-03-23,27561.09
2015-03-24,27768.84
2015-03-25,27492.58
2015-03-26,27030.8
2015-03-27,26927.19
2015-03-30,27561.98
2015-03-31,27504.07
2015-04-01,28250.33
2015-04-02,28457.1
2015-04-06,28824.31
2015-04-07,28471.9
2015-04-08,28333.25
2015-04-09,28478.11
2015-04-10,28551.62
2015-04-13,28693.97
2015-04-14,28628.85
2015-04-15,28836.53
2015-04-16,28855.62
2015-04-17,28700.43
2015-04-20,28613.14
2015-04-22,28896.67
2015-04-23,29283.42
2015-04-24,29391.29
2015-04-27,29022.05
2015-04-28,29682.04
2015-04-29,29538.56
2015-04-30,29453.36
2015-05-04,30089.77
2015-05-05,30907.03
2015-05-06,31076.97
2015-05-07,30817.55
2015-05-08,31261.94
2015-05-11,31534.55
2015-05-12,31399.24
2015-05-13,30517.47
2015-05-14,30959.91
2015-05-15,31260.31
2015-05-18,31089.73
2015-05-19,31124.97
2015-05-20,30948.28
2015-05-21,30595.89
2015-05-22,30518.72
2015-05-25,30994.33
2015-05-26,30668.65
2015-05-27,31242.23
2015-05-28,30963.53
2015-05-29,30202.54
2015-06-01,30787.59
2015-06-02,30903.25
2015-06-03,30745.99
2015-06-05,30520.38
2015-06-08,30469.38
2015-06-09,30326.71
2015-06-10,30335.84
2015-06-11,30229.78
2015-06-12,29992.89
2015-06-15,30092.94
2015-06-16,29959.76
2015-06-17,30018.53
2015-06-18,30447.39
2015-06-19,30445.47
2015-06-22,30730.55
2015-06-23,30535.58
2015-06-24,30186.85
2015-06-25,29708.42
2015-06-26,30291.98
2015-06-29,30106.9
2015-06-30,30253.31
2015-07-01,30426.82
2015-07-02,30690.95
2015-07-03,30695.39
2015-07-06,30541.15
2015-07-07,30521.04
2015-07-08,30315.74
2015-07-10,30360.01
2015-07-13,30580.02
2015-07-14,30868.06
2015-07-15,30861.82
2015-07-16,31009.43
2015-07-17,30564.79
2015-07-20,30430.94
2015-07-21,30322.56
2015-07-22,30199.53
2015-07-23,29468.97
2015-07-24,28758.31
2015-07-27,28871.16
2015-07-28,28770.82
2015-07-29,28568.04
2015-07-30,29121.69
2015-07-31,29605.9
2015-08-03,29736.41
2015-08-04,29557.01
2015-08-05,29048.67
2015-08-06,28677.58
2015-08-07,28233.55
2015-08-10,28019.72
2015-08-11,28200.56
2015-08-12,28026.16
2015-08-13,27984.77
2015-08-14,27810.98
2015-08-17,27669.17
2015-08-18,27720.48
2015-08-19,27228.08
2015-08-20,27285.62
2015-08-21,26458.55
2015-08-24,25364.18
2015-08-25,25578.7
2015-08-26,25954.14
2015-08-27,26536.32
2015-08-28,26156.44
2015-08-31,25839.78
2015-09-01,25106.25
2015-09-02,25185.19
2015-09-03,25743.4
2015-09-04,25239.19
2015-09-08,25065.75
2015-09-09,25350.55
2015-09-10,25464.93
2015-09-11,25620.85
2015-09-14,26111.28
2015-09-15,26393.32
2015-09-16,27118.48
2015-09-17,27118.76
2015-09-18,26350.37
2015-09-21,26186.97
2015-09-22,25935.65
2015-09-23,25629.94
2015-09-24,25539.29
2015-09-25,25274.34
2015-09-28,24945.12
2015-09-29,25151.15
2015-09-30,25775.84
2015-10-01,25331.01
2015-10-02,25951.19
2015-10-05,26234.53
2015-10-06,26148.15
2015-10-07,26524.5
2015-10-08,26661.46
2015-10-09,26902.58
2015-10-13,26895.36
2015-10-14,26493.93
2015-10-15,26957.15
2015-10-16,26557.8
2015-10-19,26683.49
2015-10-20,26845.63
2015-10-21,26590.56
2015-10-22,27079.99
2015-10-23,26745.96
2015-10-26,26453.57
2015-10-27,26610.68
2015-10-28,26409.0
2015-10-29,26094.35
2015-10-30,26711.21
2015-11-03,27409.78
2015-11-04,27759.49
2015-11-05,27855.03
2015-11-06,27235.76
2015-11-09,26890.86
2015-11-10,27211.77
2015-11-11,27404.08
2015-11-12,27148.92
2015-11-13,27016.72
2015-11-16,26697.6
2015-11-17,26631.68
2015-11-18,26743.88
2015-11-19,26873.92
2015-11-23,26809.06
2015-11-24,26678.77
2015-11-25,26164.4
2015-11-26,26473.43
2015-11-27,25714.14
2015-11-30,25242.99
2015-12-01,25004.61
2015-12-02,25063.41
2015-12-03,25265.47
2015-12-04,24664.32
2015-12-07,24622.09
2015-12-08,24395.31
2015-12-09,25019.79
2015-12-10,24745.63
2015-12-11,24758.33
2015-12-14,24431.09
2015-12-15,24497.87
2015-12-16,24759.58
2015-12-17,24868.23
2015-12-18,24063.55
2015-12-21,23847.42
2015-12-22,23903.1
2015-12-23,24188.93
2015-12-28,24434.35
2015-12-29,24454.29
2015-12-30,24803.21
2016-01-04,23712.67
2016-01-05,23717.43
2016-01-06,23602.34
2016-01-07,22853.21
2016-01-08,22660.84
2016-01-11,22540.18
2016-01-12,22488.78
2016-01-13,22236.29
2016-01-14,22016.55
2016-01-15,21670.9
2016-01-18,21363.36
2016-01-19,21184.19
2016-01-20,20873.27
2016-01-21,20920.19
2016-01-22,21424.73
2016-01-26,21351.37
2016-01-27,22168.72
2016-01-28,22862.95
2016-01-29,24033.84
2016-02-01,24781.92
2016-02-02,23615.78
2016-02-03,23817.73
2016-02-04,24095.62
2016-02-05,24439.65
2016-02-10,24593.15
2016-02-11,23988.51
2016-02-12,23786.16
2016-02-15,23824.41
2016-02-16,24366.84
2016-02-17,25076.15
2016-02-18,25062.79
2016-02-19,24800.37
2016-02-22,25342.82
2016-02-23,24904.48
2016-02-24,24461.32
2016-02-25,24727.74
2016-02-26,24288.8
2016-02-29,24618.12
2016-03-01,25055.19
2016-03-02,24978.21
2016-03-03,25991.2
2016-03-04,26242.86
2016-03-07,26103.4
2016-03-08,26507.36
2016-03-09,26775.33
2016-03-10,27120.25
2016-03-11,27540.18
2016-03-14,26942.41
2016-03-15,26047.7
2016-03-16,26238.07
2016-03-17,27386.68
2016-03-18,27379.43
2016-03-21,27897.35
2016-03-22,27960.57
2016-03-23,27654.19
2016-03-24,27591.06
2016-03-28,28138.49
2016-03-29,28340.51
2016-03-30,28440.49
2016-03-31,27859.68
2016-04-01,27890.0
2016-04-04,27085.5
2016-04-05,26882.12
2016-04-06,26065.65
2016-04-07,26126.54
2016-04-08,26866.39
2016-04-11,26905.1
2016-04-12,27592.28
2016-04-13,28315.74
2016-04-14,27897.7
2016-04-15,28335.39
2016-04-18,28060.9
2016-04-19,28483.9
2016-04-20,28312.25
2016-04-22,28375.79
2016-04-25,28324.52
2016-04-26,28476.65
2016-04-27,29025.76
2016-04-28,29037.68
2016-04-29,28667.19
2016-05-02,28578.77
2016-05-03,28278.82
2016-05-04,28322.14
2016-05-05,28204.13
2016-05-06,28208.75
2016-05-09,27961.38
2016-05-10,28518.28
2016-05-11,28563.77
2016-05-12,29070.6
2016-05-13,28510.16
2016-05-16,28001.55
2016-05-17,27422.83
2016-05-18,27127.38
2016-05-19,26941.07
2016-05-20,27133.67
2016-05-23,26829.19
2016-05-24,26723.38
2016-05-25,26689.18
2016-05-27,26775.51
2016-05-30,26759.06
2016-05-31,27039.62
2016-06-01,26932.73
2016-06-02,27261.97
2016-06-03,27439.81
2016-06-06,27408.73
2016-06-07,27416.98
2016-06-08,28096.42
2016-06-09,27849.77
2016-06-10,27376.98
2016-06-13,27610.68
2016-06-14,27262.43
2016-06-15,27252.55
2016-06-16,27556.37
2016-06-17,27746.43
2016-06-20,28063.53
2016-06-21,28623.26
2016-06-22,29162.6
2016-06-23,29851.33
2016-06-24,29540.43
2016-06-27,29407.15
2016-06-28,30193.51
2016-06-29,30497.73
2016-06-30,30786.94
2016-07-01,30713.24
2016-07-04,31820.79
2016-07-05,32220.39
2016-07-06,31991.23
2016-07-07,31997.46
2016-07-08,32557.33
2016-07-11,33735.64
2016-07-12,33990.22
2016-07-13,33951.01
2016-07-14,34410.05
2016-07-15,34790.63
2016-07-18,35605.87
2016-07-19,35675.75
2016-07-20,35606.3
2016-07-21,35975.06
2016-07-22,36273.22
2016-07-25,36067.23
2016-07-26,35959.08
2016-07-27,36055.8
2016-07-28,36223.52
2016-07-29,36797.87
2016-08-01,36320.1
2016-08-02,35762.66
2016-08-03,36278.14
2016-08-04,36962.43
2016-08-05,36789.32
2016-08-08,36682.18
2016-08-09,36527.29
2016-08-10,36266.59
2016-08-11,36877.52
2016-08-12,36693.85
2016-08-15,36955.28
2016-08-16,36998.52
2016-08-17,36910.3
2016-08-18,36832.89
2016-08-19,36947.3
2016-08-22,36320.07
2016-08-23,36059.94
2016-08-24,36317.04
2016-08-25,36373.55
2016-08-26,36568.59
2016-08-29,37392.45
2016-08-30,37202.2
2016-08-31,37048.17
2016-09-01,37404.85
2016-09-02,38273.41
2016-09-05,38080.67
2016-09-06,38428.81
2016-09-08,38167.51
2016-09-09,36936.79
2016-09-12,36998.35
2016-09-13,36128.88
2016-09-14,36235.89
2016-09-15,36822.04
2016-09-16,36416.23
2016-09-19,36627.96
2016-09-20,37050.6
2016-09-21,37081.33
2016-09-22,37463.08
2016-09-23,37258.0
2016-09-26,37063.05
2016-09-27,36851.9
2016-09-28,37237.45
2016-09-29,36555.65
2016-09-30,36307.19
2016-10-03,36437.91
2016-10-04,36224.81
2016-10-05,36474.91
2016-10-06,36660.34
2016-10-07,36893.72
2016-10-10,37248.04
2016-10-11,37047.34
2016-10-13,37371.91
2016-10-14,37461.49
2016-10-17,37617.39
2016-10-18,37717.4
2016-10-19,37611.78
2016-10-20,38000.09
2016-10-21,38186.48
2016-10-24,38133.44
2016-10-25,38177.23
2016-10-26,38197.43
2016-10-27,38413.35
2016-10-28,38497.2
2016-10-31,38503.88
2016-11-01,37766.25
2016-11-03,37110.95
2016-11-04,37007.19
2016-11-07,37917.47
2016-11-08,37858.68
2016-11-09,37180.06
2016-11-10,35295.44
2016-11-11,33913.08
2016-11-14,33703.64
2016-11-16,34310.86
2016-11-17,34017.44
2016-11-18,34547.27
2016-11-21,34875.59
2016-11-22,34705.76
2016-11-23,34679.07
2016-11-24,34687.06
2016-11-25,34616.13
2016-11-28,34924.05
2016-11-29,34547.09
2016-11-30,34789.92
2016-12-01,33496.37
2016-12-02,33707.54
2016-12-05,33473.41
2016-12-06,33578.86
2016-12-07,33757.77
2016-12-08,33767.64
2016-12-09,33988.33
2016-12-12,33582.48
2016-12-13,33805.28
2016-12-14,33637.69
2016-12-15,33937.27
2016-12-16,34135.6
2016-12-19,34219.57
2016-12-20,34007.38
2016-12-21,34192.97
2016-12-22,34535.74
2016-12-23,34597.46
2016-12-26,34823.76
2016-12-27,35068.41
2016-12-28,35645.22
2016-12-29,36108.16
2017-01-02,36061.98
2017-01-03,36662.0
2017-01-04,36476.59
2017-01-05,36304.15
2017-01-06,36110.91
2017-01-09,36135.85
2017-01-10,36322.07
2017-01-11,36183.09
2017-01-12,37632.29
2017-01-13,37847.18
2017-01-16,37772.51
2017-01-17,38292.15
2017-01-18,38060.74
2017-01-19,37931.51
2017-01-20,38235.3
2017-01-23,38812.43
2017-01-24,38742.89
2017-01-26,38987.03
2017-01-27,38754.3
2017-01-30,38069.01
2017-01-31,38661.59
2017-02-01,38751.6
2017-02-02,39074.14
2017-02-03,39364.54
2017-02-06,38930.63
2017-02-07,38884.79
2017-02-08,39223.7
2017-02-09,39021.2
2017-02-10,39291.13
2017-02-13,39660.6
2017-02-14,39292.94
2017-02-15,40000.91
2017-02-16,40393.69
2017-02-17,40398.98
2017-02-20,40567.31
2017-02-21,40985.32
2017-02-22,40674.51
2017-02-23,40548.95
2017-02-24,40518.88
2017-03-01,40649.44
2017-03-02,40322.11
2017-03-03,40855.95
2017-03-06,41042.3
2017-03-07,41364.76
2017-03-08,40571.93
2017-03-09,39788.77
2017-03-10,39985.9
2017-03-13,40404.02
2017-03-14,39795.01
2017-03-15,40263.79
2017-03-16,40186.23
2017-03-17,40116.4
2017-03-20,39615.17
2017-03-21,39019.81
2017-03-22,39043.54
2017-03-23,39030.56
2017-03-24,39592.78
2017-03-27,39567.58
2017-03-28,39420.58
2017-03-29,39631.49
2017-03-30,39708.47
2017-03-31,39971.64
2017-04-03,39967.21
2017-04-04,39760.83
2017-04-05,39398.24
2017-04-06,38903.5
2017-04-07,39024.96
2017-04-10,38857.3
2017-04-11,39168.64
2017-04-12,38911.52
2017-04-13,38388.65
2017-04-17,38936.7
2017-04-18,38938.79
2017-04-19,38692.48
2017-04-20,38967.45
2017-04-24,38763.91
2017-04-25,39104.57
2017-04-26,39032.58
2017-04-27,38821.72
2017-04-28,39201.52
2017-05-02,39746.18
2017-05-03,39628.23
2017-05-04,38804.82
2017-05-05,39144.06
2017-05-08,39058.08
2017-05-09,39464.6
2017-05-10,39302.73
2017-05-11,39545.75
2017-05-12,40142.53
2017-05-15,40303.51
2017-05-16,40148.51
2017-05-17,39697.1
2017-05-18,35699.38
2017-05-19,36611.19
2017-05-22,35808.25
2017-05-23,36291.69
2017-05-24,37066.88
2017-05-25,37198.54
2017-05-26,37722.23
2017-05-29,37742.17
2017-05-30,38117.97
2017-05-31,37832.98
2017-06-01,37527.31
2017-06-02,37823.84
2017-06-05,37426.3
2017-06-06,37609.47
2017-06-07,37704.26
2017-06-08,37244.7
2017-06-09,37305.8
2017-06-12,37212.71
2017-06-13,37369.37
2017-06-14,37374.93
2017-06-16,37552.83
2017-06-19,37357.72
2017-06-20,36976.83
2017-06-21,36801.29
2017-06-22,37848.45
2017-06-23,37722.2
2017-06-26,38043.08
2017-06-27,37821.61
2017-06-28,38041.35
2017-06-29,37760.06
2017-06-30,38095.18
2017-07-03,38315.54
2017-07-04,38502.9
2017-07-05,38763.98
2017-07-06,39189.94
2017-07-07,39307.08
2017-07-10,39491.31
2017-07-11,39543.78
2017-07-12,40004.88
2017-07-13,40027.94
2017-07-14,40091.59
2017-07-17,40234.67
2017-07-18,40311.26
2017-07-19,40044.74
2017-07-20,40078.01
2017-07-21,40207.71
2017-07-24,40212.24
2017-07-25,40279.32
2017-07-26,39831.05
2017-07-27,39793.16
2017-07-28,39622.12
2017-07-31,39621.29
2017-08-01,39796.66
2017-08-02,40163.92
2017-08-03,40257.11
2017-08-04,40483.0
2017-08-07,40718.95
2017-08-08,40542.18
2017-08-09,40453.39
2017-08-10,39876.39
2017-08-11,39906.39
2017-08-14,40285.97
2017-08-15,40377.83
2017-08-16,40309.01
2017-08-17,40039.67
2017-08-18,40247.66
2017-08-21,40141.6
2017-08-22,41728.1
2017-08-23,41579.6
2017-08-24,41811.33
2017-08-25,41549.25
2017-08-28,41362.57
2017-08-29,41299.13
2017-08-30,41281.84
2017-08-31,41184.5
2017-09-01,41426.28
2017-09-04,41480.66
2017-09-05,41724.22
2017-09-06,41602.0
2017-09-08,41988.55
2017-09-11,42644.06
2017-09-12,42899.78
2017-09-13,42850.71
2017-09-14,42685.71
2017-09-15,42776.91
2017-09-18,42778.27
2017-09-19,42689.17
2017-09-20,42923.79
2017-09-21,42185.63
2017-09-22,42118.52
2017-09-25,41341.26
2017-09-26,41469.98
2017-09-27,40936.16
2017-09-28,40816.41
2017-09-29,41305.79
2017-10-02,41323.37
2017-10-03,42018.94
2017-10-04,42075.63
2017-10-05,42364.18
2017-10-06,41898.19
2017-10-09,41731.6
2017-10-10,42007.2
2017-10-11,41974.83
2017-10-13,41859.02
2017-10-16,41483.48
2017-10-17,41204.64
2017-10-18,41542.97
2017-10-19,41557.23
2017-10-20,41626.46
2017-10-23,40941.4
2017-10-24,40998.45
2017-10-25,40994.77
2017-10-26,40798.85
2017-10-27,40899.21
2017-10-30,40233.98
2017-10-31,40010.3
2017-11-01,39638.09
2017-11-03,39228.33
2017-11-06,39419.6
2017-11-07,38874.46
2017-11-08,39649.59
2017-11-09,39442.27
2017-11-10,39220.95
2017-11-13,39240.26
2017-11-14,38837.46
2017-11-16,39288.27
2017-11-17,39337.7
2017-11-21,39648.8
2017-11-22,39935.98
2017-11-23,40094.3
2017-11-24,40156.45
2017-11-27,39995.64
2017-11-28,39893.7
2017-11-29,39390.83
2017-11-30,38901.51
2017-12-01,38785.63
2017-12-04,38933.54
2017-12-05,38771.41
2017-12-06,38875.42
2017-12-07,38527.35
2017-12-08,38645.35
2017-12-11,38581.1
2017-12-12,38808.83
2017-12-13,38568.47
2017-12-14,38264.79
2017-12-15,38676.33
2017-12-18,38473.09
2017-12-19,38110.28
2017-12-20,38295.17
2017-12-21,38544.64
2017-12-22,38696.16
2017-12-26,38999.23
2017-12-27,39243.63
2017-12-28,39732.33
2018-01-02,39845.06
2018-01-03,39530.63
2018-01-04,39141.64
2018-01-05,39255.19
2018-01-08,39332.04
2018-01-09,39327.88
2018-01-10,39176.25
2018-01-11,39347.21
2018-01-12,39215.09
2018-01-15,39444.2
2018-01-16,39379.08
2018-01-17,39351.05
2018-01-18,38994.07
2018-01-19,39239.7
2018-01-22,39373.35
2018-01-23,39062.95
2018-01-24,39794.98
2018-01-26,40572.25
2018-01-29,40622.76
2018-01-30,40530.53
2018-01-31,40582.98
2018-02-01,40803.11
2018-02-02,40563.17
2018-02-05,40051.16
2018-02-06,40446.46
2018-02-07,40520.24
2018-02-08,40147.97
2018-02-09,39844.91
2018-02-14,40714.1
2018-02-15,40693.43
2018-02-16,40782.65
2018-02-19,41108.25
2018-02-20,41497.47
2018-02-21,42013.18
2018-02-22,42011.78
2018-02-23,42551.42
2018-02-26,42411.62
2018-02-27,42464.37
2018-02-28,41965.88
2018-03-01,41767.77
2018-03-02,42010.05
2018-03-05,41890.47
2018-03-06,41611.07
2018-03-07,41566.32
2018-03-08,41825.4
2018-03-09,42013.04
2018-03-12,42450.64
2018-03-13,42176.32
2018-03-14,41660.85
2018-03-15,41673.79
2018-03-16,41641.34
2018-03-19,41619.96
2018-03-20,41586.95
2018-03-21,41500.29
2018-03-22,41418.13
2018-03-23,41512.93
2018-03-26,41804.82
2018-03-27,41561.28
2018-03-28,41131.61
2018-03-29,41445.06
2018-04-02,41135.62
2018-04-03,41260.45
2018-04-04,41303.05
2018-04-05,41818.88
2018-04-06,41627.02
2018-04-09,41095.88
2018-04-10,41455.01
2018-04-11,41442.0
2018-04-12,41756.62
2018-04-13,41418.06
2018-04-16,40949.88
2018-04-17,42331.72
2018-04-18,42549.49
2018-04-19,42691.97
2018-04-20,42644.38
2018-04-23,42951.89
2018-04-24,42635.73
2018-04-25,42643.97
2018-04-26,43433.46
2018-04-27,43684.86
2018-04-30,43820.67
2018-05-02,43520.23
2018-05-03,43099.83
2018-05-04,43076.93
2018-05-07,43040.75
2018-05-08,42595.61
2018-05-09,42195.65
2018-05-10,42901.33
2018-05-11,42855.66
2018-05-14,42071.88
2018-05-15,41506.22
2018-05-16,41911.98
2018-05-17,41269.18
2018-05-18,41032.52
2018-05-21,40955.88
2018-05-22,41746.89
2018-05-23,41089.61
2018-05-24,40958.56
2018-05-25,40696.71
2018-05-28,39314.54
2018-05-29,39398.0
2018-05-30,40116.27
2018-06-01,41388.24
2018-06-04,41976.92
2018-06-05,40987.37
2018-06-06,40326.51
2018-06-07,39322.03
2018-06-08,39541.51
2018-06-11,39334.01
2018-06-12,39172.31
2018-06-13,39258.98
2018-06-14,39152.27
2018-06-15,39021.85
2018-06-18,38668.96
2018-06-19,38913.34
2018-06-20,39150.06
2018-06-21,38368.39
2018-06-22,38690.29
2018-06-25,38943.26
2018-06-26,38819.61
2018-06-27,38462.57
2018-06-28,38465.14
2018-06-29,38562.41
2018-07-02,38630.11
2018-07-03,38661.63
2018-07-04,39454.74
2018-07-05,39150.73
2018-07-06,39121.87
2018-07-10,39031.28
2018-07-11,38900.42
2018-07-12,39097.97
2018-07-13,39328.47
2018-07-16,39286.07
2018-07-17,39564.25
2018-07-18,40605.23
2018-07-19,40498.8
2018-07-20,41243.21
2018-07-23,40928.25
2018-07-24,41238.43
2018-07-25,41673.44
2018-07-26,40972.53
2018-07-27,40941.75
2018-07-30,40897.28
2018-07-31,40684.0
2018-08-01,41000.47
2018-08-02,40847.73
2018-08-03,41595.68
2018-08-06,41169.44
2018-08-07,40761.62
2018-08-08,40745.85
2018-08-09,40366.65
2018-08-10,39650.19
2018-08-13,39785.6
2018-08-14,40396.37
2018-08-15,40225.39
2018-08-16,40636.29
2018-08-17,40705.45
2018-08-20,40548.17
2018-08-21,39744.55
2018-08-22,40075.24
2018-08-23,39533.75
2018-08-24,39368.29
2018-08-27,39971.93
2018-08-28,39862.19
2018-08-29,40028.34
2018-08-30,39475.79
2018-08-31,39715.86
2018-09-03,39823.75
2018-09-04,39220.42
2018-09-05,39530.03
2018-09-06,39698.64
2018-09-10,39892.85
2018-09-11,39194.44
2018-09-12,39292.71
2018-09-13,39049.06
2018-09-14,38829.59
2018-09-17,39249.64
2018-09-18,39505.41
2018-09-19,39041.39
2018-09-20,39235.69
2018-09-21,39847.73
2018-09-24,39347.86
2018-09-25,39173.75
2018-09-26,38991.28
2018-09-27,39302.27
2018-09-28,39350.87
2018-10-01,38618.44
2018-10-02,39868.47
2018-10-03,40790.36
2018-10-04,41235.6
2018-10-05,41414.79
2018-10-08,43062.87
2018-10-09,43260.21
2018-10-10,42161.33
2018-10-11,41949.44
2018-10-15,42579.98
2018-10-16,43255.04
2018-10-17,43426.96
2018-10-18,43156.05
2018-10-19,43980.48
2018-10-22,44185.2
2018-10-23,44580.74
2018-10-24,44124.82
2018-10-25,44664.42
2018-10-26,45497.39
2018-10-29,44693.95
2018-10-30,45420.82
2018-10-31,45595.48
2018-11-01,45981.83
2018-11-05,46711.38
2018-11-06,46524.35
2018-11-07,46336.38
2018-11-08,45819.05
2018-11-09,46183.34
2018-11-12,46311.4
2018-11-13,46132.75
2018-11-14,46389.86
2018-11-16,47218.9
2018-11-19,47022.97
2018-11-21,46654.64
2018-11-22,46853.21
2018-11-23,46682.74
2018-11-26,46437.14
2018-11-27,46923.1
2018-11-28,47266.12
2018-11-29,47754.32
2018-11-30,47257.39
2018-12-03,47451.38
2018-12-04,47381.32
2018-12-05,47911.85
2018-12-06,47633.44
2018-12-07,47321.28
2018-12-10,47129.53
2018-12-11,47825.08
2018-12-12,47956.64
2018-12-13,48274.57
2018-12-14,48290.9
2018-12-17,47726.28
2018-12-18,47796.43
2018-12-19,47567.3
2018-12-20,47973.1
2018-12-21,47722.45
2018-12-26,47835.01
2018-12-27,48447.06
2018-12-28,49266.22
2019-01-02,50699.36
2019-01-03,51335.52
2019-01-04,51614.4
2019-01-07,51243.73
2019-01-08,51287.31
2019-01-09,51641.53
2019-01-10,51995.61
2019-01-11,52145.57
2019-01-14,52382.16
2019-01-15,52115.12
2019-01-16,51921.18
2019-01-17,52529.99
2019-01-18,52869.52
2019-01-21,53213.36
2019-01-22,53161.87
2019-01-23,53811.43
2019-01-24,54696.7
2019-01-28,55015.38
2019-01-29,55285.33
2019-01-30,55633.65
2019-01-31,55793.07
2019-02-01,55826.64
2019-02-04,55785.14
2019-02-05,55845.56
2019-02-06,54756.47
2019-02-07,54559.87
2019-02-08,54886.61
2019-02-11,54617.51
2019-02-12,54831.33
2019-02-13,54894.69
2019-02-14,55420.73
2019-02-15,55303.33
2019-02-18,55084.39
2019-02-19,55562.44
2019-02-20,55113.21
2019-02-21,55102.76
2019-02-22,55422.27
2019-02-25,55503.58
2019-02-26,55352.03
2019-02-27,56201.54
2019-02-28,55826.46
2019-03-01,55399.41
2019-03-06,55046.0
2019-03-07,54599.73
2019-03-08,55585.24
2019-03-11,55933.56
2019-03-12,56391.05
2019-03-13,57100.23
2019-03-14,57105.76
2019-03-15,57328.06
2019-03-18,57709.09
2019-03-19,57620.54
2019-03-20,56755.23
2019-03-21,56083.38
2019-03-22,56429.31
2019-03-25,57072.45
2019-03-26,57850.02
2019-03-27,55980.91
2019-03-28,57072.41
2019-03-29,57449.27
2019-04-01,57960.04
2019-04-02,57663.81
2019-04-03,57456.82
2019-04-04,57761.94
2019-04-05,58395.17
2019-04-08,58483.54
2019-04-09,57818.6
2019-04-10,57719.07
2019-04-11,56907.13
2019-04-12,56073.25
2019-04-15,56377.12
2019-04-16,56564.1
2019-04-17,56396.64
2019-04-18,57136.95
2019-04-22,57440.66
2019-04-23,58118.42
2019-04-24,57561.44
2019-04-25,58051.53
2019-04-26,58161.63
2019-04-29,58355.74
2019-04-30,58734.74
2019-05-02,58722.86
2019-05-03,58578.61
2019-05-06,58665.43
2019-05-07,58670.54
2019-05-08,58977.83
2019-05-09,58775.36
2019-05-10,58766.59
2019-05-13,57716.1
2019-05-14,58046.07
2019-05-15,57805.86
2019-05-16,56965.89
2019-05-17,56362.14
2019-05-20,57310.75
2019-05-21,58416.12
2019-05-22,58807.84
2019-05-23,58546.25
2019-05-24,58257.93
2019-05-27,58524.74
2019-05-28,59326.71
2019-05-29,59491.82
2019-05-30,60330.17
2019-05-31,61954.74
2019-06-03,61941.15
2019-06-04,61580.42
2019-06-05,61571.73
2019-06-06,61906.25
2019-06-07,61982.69
2019-06-10,61329.26
2019-06-11,61507.37
2019-06-12,61066.82
2019-06-13,61681.22
2019-06-14,61417.69
2019-06-17,61413.16
2019-06-18,61700.7
2019-06-19,62202.96
2019-06-21,62210.6
2019-06-24,62138.19
2019-06-25,61316.48
2019-06-26,61366.59
2019-06-27,63053.12
2019-06-28,63830.97
2019-07-01,63956.11
2019-07-02,63502.67
2019-07-03,64360.56
2019-07-04,65014.18
2019-07-05,65164.86
2019-07-08,65776.71
2019-07-10,66682.51
2019-07-11,67085.98
2019-07-12,66667.92
2019-07-15,66096.93
2019-07-16,66239.06
2019-07-17,66485.47
2019-07-18,66732.45
2019-07-19,66324.73
2019-07-22,66414.78
2019-07-23,66460.72
2019-07-24,66271.45
2019-07-25,65258.28
2019-07-26,65330.5
2019-07-29,65608.07
2019-07-30,66226.95
2019-07-31,66282.51
2019-08-01,67271.26
2019-08-02,67230.81
2019-08-05,66171.15
2019-08-06,67453.82
2019-08-07,67370.48
2019-08-08,68019.24
2019-08-09,68509.29
2019-08-12,67905.7
2019-08-13,68596.1
2019-08-14,67039.74
2019-08-15,66068.0
2019-08-16,66746.77
2019-08-19,66611.32
2019-08-20,65950.05
2019-08-21,67345.85
2019-08-22,67146.95
2019-08-23,66156.84
2019-08-26,65793.05
2019-08-27,65891.87
2019-08-28,66264.27
2019-08-29,66928.46
2019-08-30,67856.73
2019-09-02,68355.1
2019-09-03,67480.98
2019-09-04,67997.78
2019-09-05,68031.94
2019-09-06,67621.86
2019-09-09,66476.65
2019-09-10,66501.18
2019-09-11,67819.51
2019-09-12,68315.66
2019-09-13,67829.85
2019-09-16,67658.48
2019-09-17,68248.49
2019-09-18,68272.48
2019-09-19,68991.5
2019-09-20,68291.56
2019-09-23,68053.07
2019-09-24,67605.44
2019-09-25,67054.41
2019-09-26,67479.23
2019-09-27,67378.78
2019-09-30,68121.98
2019-10-01,67891.72
2019-10-02,67034.7
2019-10-03,67255.43
2019-10-04,67654.1
2019-10-07,66446.66
2019-10-08,66130.96
2019-10-09,66377.61
2019-10-10,66266.97
2019-10-11,66448.69
2019-10-14,66339.83
2019-10-15,65328.76
2019-10-16,65367.17
2019-10-17,65318.85
2019-10-18,65726.61
2019-10-21,66261.27
2019-10-22,66143.55
2019-10-23,66040.71
2019-10-24,65763.63
2019-10-25,65270.99
2019-10-28,65691.41
2019-10-29,66004.77
2019-10-30,67224.23
2019-10-31,67949.19
2019-11-01,68256.96
2019-11-04,68403.24
2019-11-05,67986.97
2019-11-06,68307.39
2019-11-07,68913.09
2019-11-08,68415.09
2019-11-11,68389.47
2019-11-12,67707.1
2019-11-13,67303.34
2019-11-14,67908.4
2019-11-18,67853.21
2019-11-19,67568.37
2019-11-21,68256.53
2019-11-22,68847.6
2019-11-25,68529.26
2019-11-26,68190.5
2019-11-27,68471.09
2019-11-28,68875.26
2019-11-29,69397.56
2019-12-02,69292.74
2019-12-03,69608.21
2019-12-04,69944.82
2019-12-05,70491.36
2019-12-06,70743.62
2019-12-09,71084.66
2019-12-10,71139.24
2019-12-11,71763.29
2019-12-12,71917.12
2019-12-13,72677.11
2019-12-16,72777.62
2019-12-17,72621.72
2019-12-18,73278.29
2019-12-19,74366.68
2019-12-20,74498.7
2019-12-23,75521.52
2019-12-26,76076.22
2019-12-27,76224.11
2019-12-30,76627.21
2020-01-02,77369.61
2020-01-03,77360.3
2020-01-06,77381.11
2020-01-07,77012.13
2020-01-08,77182.81
2020-01-09,77732.2
2020-01-10,78598.22
2020-01-13,79280.07
2020-01-14,79383.8
2020-01-15,79348.04
2020-01-16,79546.55
2020-01-17,79920.64
2020-01-20,80372.27
2020-01-21,79974.75
2020-01-22,80446.24
2020-01-23,81053.08
2020-01-24,81022.53
2020-01-27,79592.6
2020-01-28,80840.15
2020-01-29,80331.76
2020-01-30,79394.2
2020-01-31,78308.77
2020-02-03,79288.75
2020-02-04,79736.1
2020-02-05,80112.76
2020-02-06,79039.54
2020-02-07,77712.6
2020-02-10,76414.25
2020-02-11,78062.3
2020-02-12,79097.71
2020-02-13,78983.2
2020-02-14,78712.14
2020-02-17,79628.1
2020-02-18,79982.06
2020-02-19,80409.75
2020-02-20,79175.28
2020-02-21,79639.35
2020-02-26,76253.27
2020-02-27,74905.97
2020-02-28,75555.55
2020-03-02,78686.18
2020-03-03,78600.38
2020-03-04,81871.13
2020-03-05,79053.16
2020-03-06,76268.96
2020-03-09,70181.75
2020-03-10,72862.37
2020-03-11,68939.52
2020-03-12,60947.95
2020-03-13,66426.49
2020-03-16,60334.51
2020-03-17,62166.85
2020-03-18,56119.21
2020-03-19,55938.56
2020-03-20,54810.36
2020-03-23,51681.65
2020-03-24,53336.93
2020-03-25,54886.92
2020-03-26,58926.21
2020-03-27,56903.76
2020-03-30,57962.12
2020-03-31,57650.79
2020-04-01,55784.44
2020-04-02,56195.94
2020-04-03,55414.6
2020-04-06,57018.76
2020-04-07,57797.33
2020-04-08,58829.74
2020-04-09,59562.37
2020-04-13,59926.2
2020-04-14,61861.97
2020-04-15,62374.81
2020-04-16,61872.81
2020-04-17,61893.48
2020-04-20,62359.38
2020-04-22,63081.36
2020-04-23,62253.75
2020-04-24,58512.88
2020-04-27,60471.58
2020-04-28,62251.57
2020-04-29,62450.63
2020-04-30,61335.14
2020-05-04,60355.4
2020-05-05,61200.28
2020-05-06,60363.83
2020-05-07,58004.3
2020-05-08,59809.31
2020-05-11,59166.97
2020-05-12,58261.09
2020-05-13,57512.63
2020-05-14,59359.09
2020-05-15,59058.84
2020-05-18,61189.93
2020-05-19,60257.38
2020-05-20,59859.11
2020-05-21,61515.74
2020-05-22,62077.59
2020-05-25,64774.54
2020-05-26,64942.48
2020-05-27,66675.18
2020-05-28,66574.76
2020-05-29,66370.28
2020-06-01,66659.08
2020-06-02,67422.28
2020-06-03,67829.11
2020-06-04,67503.38
2020-06-05,67879.29
2020-06-08,70379.8
2020-06-09,70489.88
2020-06-10,69266.42
2020-06-12,68313.62
2020-06-15,67773.57
2020-06-16,67826.99
2020-06-17,70085.73
2020-06-18,69459.63
2020-06-19,70358.71
2020-06-22,70481.97
2020-06-23,69754.58
2020-06-24,68840.97
2020-06-25,69557.99
2020-06-26,68502.85
2020-06-29,69589.04
2020-06-30,70159.54
2020-07-01,70885.91
2020-07-02,70746.77
2020-07-03,71605.19
2020-07-06,71989.5
2020-07-07,71488.07
2020-07-08,71996.52
2020-07-09,72017.48
2020-07-10,72050.39
2020-07-13,71644.41
2020-07-14,71731.24
2020-07-15,72824.08
2020-07-16,72575.55
2020-07-17,74360.87
2020-07-20,75129.87
2020-07-21,74700.31
2020-07-22,75675.38
2020-07-23,75167.35
2020-07-24,74902.65
2020-07-27,76087.31
2020-07-28,75458.66
2020-07-29,75665.49
2020-07-30,76139.19
2020-07-31,76523.66
2020-08-03,75816.09
2020-08-04,74355.93
2020-08-05,74370.16
2020-08-06,76087.68
2020-08-07,75172.68
2020-08-10,74854.39
2020-08-11,73744.67
2020-08-12,72849.95
2020-08-13,71707.33
2020-08-14,72113.22
2020-08-17,70279.72
2020-08-18,71863.33
2020-08-19,71213.24
2020-08-20,71334.73
2020-08-21,72236.95
2020-08-24,73079.37
2020-08-25,73818.33
2020-08-26,72637.21
2020-08-27,72379.5
2020-08-28,73217.55
2020-08-31,71966.61
2020-09-01,72989.05
2020-09-02,73184.54
2020-09-03,72426.59
2020-09-04,72487.91
2020-09-08,72907.87
2020-09-09,73913.37
2020-09-10,72215.6
2020-09-11,70934.89
2020-09-14,71654.94
2020-09-15,71389.88
2020-09-16,71615.22
2020-09-17,71846.29
2020-09-18,70666.08
2020-09-21,70597.75
2020-09-22,70935.89
2020-09-23,70135.47
2020-09-24,70760.83
2020-09-25,70607.48
2020-09-28,68787.73
2020-09-29,68265.42
2020-09-30,68569.31
2020-10-01,68741.3
2020-10-02,68242.22
2020-10-05,68957.93
2020-10-06,68717.51
2020-10-07,68349.38
2020-10-08,69493.19
2020-10-09,69629.0
2020-10-13,69415.87
2020-10-14,70142.93
2020-10-15,70776.08
2020-10-16,70921.52
2020-10-19,70771.85
2020-10-20,71743.84
2020-10-21,71999.41
2020-10-22,72421.57
2020-10-23,72466.15
2020-10-26,73042.11
2020-10-27,72788.92
2020-10-28,70934.95
2020-10-29,71021.21
2020-10-30,69951.35
2020-11-03,71193.09
2020-11-04,73120.0
2020-11-05,75467.98
2020-11-06,76189.2
2020-11-09,76428.83
2020-11-10,76526.34
2020-11-11,75443.43
2020-11-12,74373.94
2020-11-13,76171.73
2020-11-16,76768.51
2020-11-17,77187.53
2020-11-18,76718.79
2020-11-19,76594.22
2020-11-20,75619.5
2020-11-23,75673.17
2020-11-24,76235.9
2020-11-25,76918.09
2020-11-26,77618.45
2020-11-27,77637.53
2020-11-30,77283.13
2020-12-01,77529.6
2020-12-02,78144.87
2020-12-03,78475.84
2020-12-04,78208.45
2020-12-07,78415.12
2020-12-08,78085.18
2020-12-09,77977.28
2020-12-10,78527.46
2020-12-11,80370.24
2020-12-14,79912.62
2020-12-15,80619.95
2020-12-16,81097.63
2020-12-17,81023.22
2020-12-18,80792.72
2020-12-21,79547.3
2020-12-22,79754.15
2020-12-23,81004.23
2020-12-28,82320.49
2020-12-29,82437.03
2020-12-30,82845.94
2021-01-04,81955.05
2021-01-05,81558.4
2021-01-06,80593.64
2021-01-07,79577.18
2021-01-08,82376.05
2021-01-11,80759.34
2021-01-12,81530.09
2021-01-13,82221.28
2021-01-14,83742.36
2021-01-15,83433.82
2021-01-18,82424.07
2021-01-19,82233.06
2021-01-20,80944.15
2021-01-21,80070.15
2021-01-22,79325.78
2021-01-26,77905.07
2021-01-27,78581.65
2021-01-28,80407.13
2021-01-29,78922.76
2021-02-01,80689.4
2021-02-02,81763.36
2021-02-03,82399.47
2021-02-04,82228.94
2021-02-05,82377.04
2021-02-08,82389.88
2021-02-09,82239.91
2021-02-10,81354.91
2021-02-11,81541.16
2021-02-12,81022.74
2021-02-17,79887.73
2021-02-18,79277.76
2021-02-19,78962.41
2021-02-22,76214.48
2021-02-23,77339.49
2021-02-24,77417.98
2021-02-25,75764.81
2021-02-26,74396.16
2021-03-01,73063.7
2021-03-02,73713.28
2021-03-03,73904.02
2021-03-04,75785.78
2021-03-05,75494.25
2021-03-08,72997.56
2021-03-09,73160.39
2021-03-10,74665.15
2021-03-11,75729.16
2021-03-12,75848.5
2021-03-15,77105.28
2021-03-16,77137.26
2021-03-17,78365.21
2021-03-18,77614.61
2021-03-19,78924.6
2021-03-22,78363.22
2021-03-23,78181.54
2021-03-24,76431.53
2021-03-25,78316.68
2021-03-26,78925.56
2021-03-29,78789.9
2021-03-30,80168.89
2021-03-31,80913.07
2021-04-01,80012.02
2021-04-05,80705.84
2021-04-06,80958.74
2021-04-07,80527.04
2021-04-08,80544.35
2021-04-09,80021.07
2021-04-12,80400.88
2021-04-13,79877.8
2021-04-14,79359.83
2021-04-15,79754.81
2021-04-16,81084.32
2021-04-19,80915.5
2021-04-20,81193.19
2021-04-22,80777.27
2021-04-23,81343.06
2021-04-26,80902.72
2021-04-27,79895.7
2021-04-28,80654.47
2021-04-29,81175.07
2021-04-30,80122.1
2021-05-03,80327.02
2021-05-04,79052.52
2021-05-05,79205.54
2021-05-06,79194.31
2021-05-07,80260.32
2021-05-10,79149.93
2021-05-11,80045.93
2021-05-12,77955.96
2021-05-13,79635.95
2021-05-14,80879.03
2021-05-17,81152.15
2021-05-18,81323.2
2021-05-19,82188.28
2021-05-20,82501.05
2021-05-21,82615.73
2021-05-24,83850.29
2021-05-25,84065.52
2021-05-26,83846.19
2021-05-27,83799.5
2021-05-28,83585.43
2021-05-31,83618.99
2021-06-01,84329.13
2021-06-02,84448.39
2021-06-04,84740.13
2021-06-07,85292.62
2021-06-08,84530.91
2021-06-09,83757.48
2021-06-10,84503.67
2021-06-11,83646.9
2021-06-14,84866.61
2021-06-15,84669.77
2021-06-16,83880.22
2021-06-17,83559.75
2021-06-18,84007.25
2021-06-21,83979.05
2021-06-22,83286.24
2021-06-23,82810.3
2021-06-24,83000.76
2021-06-25,81849.59
2021-06-28,81646.01
2021-06-29,81000.21
2021-06-30,80452.18
2021-07-01,79754.79
2021-07-02,80485.38
2021-07-05,80504.77
2021-07-06,79880.81
2021-07-07,80525.28
2021-07-08,79820.25
2021-07-12,80796.36
2021-07-13,80719.77
2021-07-14,81352.36
2021-07-15,81178.98
2021-07-16,81159.03
2021-07-19,80555.27
2021-07-20,80677.94
2021-07-21,80838.22
2021-07-22,81384.99
2021-07-23,80336.82
2021-07-26,79815.74
2021-07-27,79962.49
2021-07-28,80327.08
2021-07-29,79949.95
2021-07-30,78147.84
2021-08-02,79011.33
2021-08-03,79110.59
2021-08-04,78751.21
2021-08-05,77835.14
2021-08-06,78404.69
2021-08-09,78730.2
2021-08-10,77491.83
2021-08-11,77542.67
2021-08-12,76954.54
2021-08-13,78002.98
2021-08-16,77479.0
2021-08-17,77062.01
2021-08-18,76567.23
2021-08-19,78499.98
2021-08-20,80265.88
2021-08-23,79318.89
2021-08-24,80926.44
2021-08-25,81190.48
2021-08-26,80171.58
2021-08-27,80588.43
2021-08-30,80027.95
2021-08-31,79946.19
2021-09-01,81891.92
2021-09-02,80513.15
2021-09-03,79980.68
2021-09-06,80641.09
2021-09-08,78157.77
2021-09-09,79816.49
2021-09-10,79634.88
2021-09-13,80832.62
2021-09-14,81208.21
2021-09-15,80289.4
2021-09-16,79995.96
2021-09-17,79775.16
2021-09-20,79041.88
2021-09-21,80175.43
2021-09-22,80362.56
2021-09-23,80284.84
2021-09-24,80060.46
2021-09-27,79902.23
2021-09-28,78845.5
2021-09-29,78922.55
2021-09-30,78295.96
2021-10-01,78892.19
2021-10-04,77514.24
2021-10-05,76626.7
2021-10-06,76192.01
2021-10-07,76401.41
2021-10-08,77992.78
2021-10-11,78501.59
2021-10-13,79594.98
2021-10-14,79545.23
2021-10-15,79683.66
2021-10-18,80439.4
2021-10-19,78443.95
2021-10-20,78605.04
2021-10-21,76452.97
2021-10-22,74861.94
2021-10-25,76309.28
2021-10-26,75315.97
2021-10-27,76264.88
2021-10-28,75034.71
2021-10-29,74371.37
2021-11-01,75261.95
2021-11-03,76835.15
2021-11-04,75032.92
2021-11-05,75628.62
2021-11-08,75333.38
2021-11-09,76322.43
2021-11-10,77714.82
2021-11-11,78545.92
2021-11-12,77504.23
2021-11-16,76276.46
2021-11-17,74705.22
2021-11-18,74936.44
2021-11-19,75739.24
2021-11-22,74738.33
2021-11-23,75569.02
2021-11-24,75963.43
2021-11-25,77100.18
2021-11-26,75819.95
2021-11-29,76624.1
2021-11-30,75885.32
2021-12-01,75084.29
2021-12-02,77047.16
2021-12-03,78232.76
2021-12-06,78159.95
2021-12-07,77758.85
2021-12-08,78435.31
2021-12-09,77660.6
2021-12-10,77999.16
2021-12-13,78128.33
2021-12-14,77164.11
2021-12-15,77471.56
2021-12-16,76402.38
2021-12-17,77031.56
2021-12-20,76144.48
2021-12-21,76158.29
2021-12-22,76340.97
2021-12-23,75900.47
2021-12-27,76119.11
2021-12-28,76493.33
2021-12-29,75848.76
2021-12-30,76305.03
2022-01-03,74690.5
2022-01-04,73956.67
2022-01-05,72728.64
2022-01-06,71949.66
2022-01-07,71742.54
2022-01-10,71566.42
2022-01-11,72554.07
2022-01-12,74160.2
2022-01-13,73836.02
2022-01-14,74361.05
2022-01-17,74213.35
2022-01-18,74167.06
2022-01-19,75333.69
2022-01-20,76121.23
2022-01-21,76093.33
2022-01-24,75280.49
2022-01-25,76461.12
2022-01-26,76239.26
2022-01-27,76781.08
2022-01-28,77238.35
2022-01-31,78324.28
2022-02-01,77984.98
2022-02-02,77340.96
2022-02-03,78003.05
2022-02-04,77264.2
2022-02-07,76387.66
2022-02-08,76170.14
2022-02-09,76803.0
2022-02-10,77070.92
2022-02-11,76521.94
2022-02-14,76574.16
2022-02-15,77496.3
2022-02-16,77652.5
2022-02-17,77582.65
2022-02-18,77266.23
2022-02-21,76717.23
2022-02-22,77662.01
2022-02-23,78311.49
2022-02-24,77891.4
2022-02-25,78061.42
2022-03-02,78137.77
2022-03-03,78353.35
2022-03-04,77622.07
2022-03-07,75869.86
2022-03-08,76096.42
2022-03-09,78156.04
2022-03-10,77851.89
2022-03-11,77048.11
2022-03-14,76743.77
2022-03-15,76772.98
2022-03-16,77109.9
2022-03-17,78870.64
2022-03-18,80868.28
2022-03-21,81335.59
2022-03-22,82759.91
2022-03-23,82943.71
2022-03-24,84775.47
2022-03-25,85075.42
2022-03-28,84824.48
2022-03-29,85739.17
2022-03-30,84843.13
2022-03-31,85040.32
2022-04-01,86516.05
2022-04-04,86051.98
2022-04-05,84878.28
2022-04-06,84829.75
2022-04-07,84852.82
2022-04-08,85700.69
2022-04-11,85099.28
2022-04-12,85300.11
2022-04-13,85522.07
2022-04-14,85814.15
2022-04-18,85299.02
2022-04-19,83914.68
2022-04-20,84058.62
2022-04-22,82828.69
2022-04-25,83966.37
2022-04-26,83818.67
2022-04-27,84492.69
2022-04-28,84792.18
2022-04-29,83185.41
2022-05-02,82029.0
2022-05-03,81998.8
2022-05-04,83315.69
2022-05-05,81527.22
2022-05-06,80786.69
2022-05-09,80812.42
2022-05-10,80961.49
2022-05-11,80132.68
2022-05-12,80612.71
2022-05-13,81141.17
2022-05-16,81772.46
2022-05-17,83301.36
2022-05-18,82339.83
2022-05-19,83327.36
2022-05-20,83786.28
2022-05-23,84333.69
2022-05-24,85265.44
2022-05-25,85235.56
2022-05-26,84114.2
2022-05-27,83319.65
2022-05-30,82307.8
2022-05-31,82865.39
2022-06-01,82754.14
2022-06-02,83538.2
2022-06-03,82629.31
2022-06-06,81729.87
2022-06-07,81525.91
2022-06-08,81290.25
2022-06-09,80642.26
2022-06-10,78922.18
2022-06-13,78199.06
2022-06-14,78434.16
2022-06-15,80424.91
2022-06-17,80519.03
2022-06-20,80349.5
2022-06-21,79830.79
2022-06-22,79995.8
2022-06-23,79117.4
2022-06-24,78821.18
2022-06-27,79650.29
2022-06-28,80455.54
2022-06-29,79718.84
2022-06-30,78786.86
2022-07-01,78919.17
2022-07-04,77640.33
2022-07-05,76939.04
2022-07-06,77153.85
2022-07-07,78435.18
2022-07-08,78665.6
2022-07-11,77815.79
2022-07-12,78015.96
2022-07-13,77744.69
2022-07-14,77816.94
2022-07-15,77786.43
2022-07-18,77354.97
2022-07-19,77876.36
2022-07-20,78590.17
2022-07-21,78738.58
2022-07-22,79163.24
2022-07-25,80031.12
2022-07-26,79637.59
2022-07-27,80749.13
2022-07-28,81185.78
2022-07-29,81253.39
2022-08-01,81427.93
2022-08-02,81567.42
2022-08-03,81514.25
2022-08-04,83610.33
2022-08-05,83770.98
2022-08-08,84205.53
2022-08-09,83700.07
2022-08-10,84074.63
2022-08-11,82702.06
2022-08-12,84029.98
2022-08-15,84886.43
2022-08-16,84780.95
2022-08-17,86100.54
2022-08-18,85365.08
2022-08-19,84655.69
2022-08-22,83864.82
2022-08-23,83880.07
2022-08-24,83859.49
2022-08-25,83004.51
2022-08-26,82117.59
2022-08-29,82628.75
2022-08-30,81798.11
2022-08-31,82251.05
2022-09-01,83294.72
2022-09-02,82985.23
2022-09-05,83314.13
2022-09-06,82216.49
2022-09-08,82291.74
2022-09-09,82203.99
2022-09-12,82314.59
2022-09-13,81180.16
2022-09-14,81095.38
2022-09-15,80426.08
2022-09-16,80186.97
2022-09-19,80912.79
2022-09-20,80684.89
2022-09-21,80713.84
2022-09-22,82340.89
2022-09-23,82968.82
2022-09-26,80912.99
2022-09-27,79121.26
2022-09-28,78426.64
2022-09-29,77949.96
2022-09-30,78488.14
2022-10-03,82671.64
2022-10-04,81433.5
2022-10-05,80946.11
2022-10-06,80821.99
2022-10-07,80190.54
2022-10-10,80816.67
2022-10-11,80452.83
2022-10-13,79405.11
2022-10-14,78760.09
2022-10-17,79919.67
2022-10-18,80965.67
2022-10-19,80697.74
2022-10-20,80492.57
2022-10-21,81679.77
2022-10-24,81869.92
2022-10-25,80976.15
2022-10-26,79384.66
2022-10-27,81655.23
2022-10-28,82083.55
2022-10-31,83670.05
2022-11-01,84075.03
2022-11-03,84486.91
2022-11-04,85120.25
2022-11-07,82379.31
2022-11-08,82979.38
2022-11-09,82615.68
2022-11-10,79361.89
2022-11-11,80681.45
2022-11-14,81276.37
2022-11-16,78287.12
2022-11-17,77723.09
2022-11-18,77762.94
2022-11-21,80433.58
2022-11-22,80309.57
2022-11-23,79887.2
2022-11-24,81970.21
2022-11-25,80154.19
2022-11-28,79990.31
2022-11-29,80465.47
2022-11-30,80766.48
2022-12-01,80105.75
2022-12-02,79616.51
2022-12-05,77444.22
2022-12-06,77693.55
2022-12-07,78768.17
2022-12-08,77613.49
2022-12-09,77061.86
2022-12-12,76028.22
2022-12-13,74502.64
2022-12-14,74463.83
2022-12-15,74286.22
2022-12-16,74480.88
2022-12-19,75337.68
2022-12-20,76719.54
2022-12-21,76890.35
2022-12-22,77633.94
2022-12-23,78809.37
2022-12-26,77850.22
2022-12-27,77174.95
2022-12-28,78816.24
2022-12-29,78679.4
2023-01-02,76304.01
2023-01-03,74836.83
2023-01-04,75485.41
2023-01-05,75714.75
2023-01-06,76094.5
2023-01-09,76441.95
2023-01-10,77155.18
2023-01-11,79102.11
2023-01-12,78989.7
2023-01-13,77905.47
2023-01-16,77656.37
2023-01-17,78555.97
2023-01-18,79057.37
2023-01-19,79195.65
2023-01-20,78079.88
2023-01-23,77831.48
2023-01-24,78420.26
2023-01-25,79368.03
2023-01-26,79464.06
2023-01-27,78733.53
2023-01-30,78056.11
2023-01-31,78411.71
2023-02-01,77939.56
2023-02-02,77439.33
2023-02-03,76047.98
2023-02-06,76115.52
2023-02-07,74447.63
2023-02-08,75396.34
2023-02-09,73626.99
2023-02-10,74892.64
2023-02-13,75402.01
2023-02-14,74289.9
2023-02-15,74905.91
2023-02-16,75134.28
2023-02-17,75387.15
2023-02-22,74126.02
2023-02-23,73771.2
2023-02-24,73463.14
2023-02-27,73428.4
2023-02-28,73453.93
2023-03-01,73009.13
2023-03-02,73393.49
2023-03-03,72953.68
2023-03-06,73432.28
2023-03-07,73284.68
2023-03-08,74522.7
2023-03-09,74267.78
2023-03-10,73801.02
2023-03-13,74273.27
2023-03-14,74815.29
2023-03-15,75984.76
2023-03-16,75161.77
2023-03-17,73112.58
2023-03-20,72172.21
2023-03-21,71286.97
2023-03-22,71395.67
2023-03-23,70556.7
2023-03-24,72321.26
2023-03-27,72892.01
2023-03-28,73952.79
2023-03-29,73353.6
2023-03-30,74369.09
2023-03-31,74827.05
2023-04-03,74243.92
2023-04-04,75298.86
2023-04-05,75075.56
2023-04-06,75347.28
2023-04-10,75693.16
2023-04-11,76720.29
2023-04-12,77796.09
2023-04-13,78074.29
2023-04-14,77919.2
2023-04-17,77689.52
2023-04-18,77430.5
2023-04-19,76568.82
2023-04-20,77680.01
2023-04-24,78230.17
2023-04-25,78114.16
2023-04-26,78021.9
2023-04-27,78410.6
2023-04-28,79882.48
2023-05-02,80259.68
2023-05-03,80769.45
2023-05-04,81353.53
2023-05-05,81419.79
2023-05-08,81843.06
2023-05-09,82764.48
2023-05-10,83989.75
2023-05-11,85091.52
2023-05-12,83739.91
2023-05-15,84371.98
2023-05-16,83289.79
2023-05-17,82827.98
2023-05-18,82983.42
2023-05-19,83859.9
2023-05-22,83820.38
2023-05-23,83880.34
2023-05-24,83457.74
2023-05-25,84517.16
2023-05-26,84425.08
2023-05-29,84006.5
2023-05-30,83557.48
2023-05-31,83118.81
2023-06-01,83183.91
2023-06-02,83679.46
2023-06-05,83215.38
2023-06-06,84870.93
2023-06-07,85564.97
2023-06-09,87366.12
2023-06-12,88060.5
2023-06-13,87073.21
2023-06-14,88155.17
2023-06-15,88325.2
2023-06-16,88194.28
2023-06-19,88115.55
2023-06-20,89046.13
2023-06-21,89553.36
2023-06-22,88093.27
2023-06-23,90733.04
2023-06-26,89893.4
2023-06-27,88828.51
2023-06-28,88486.47
2023-06-29,89182.98
2023-06-30,91089.66
2023-07-03,91117.17
2023-07-04,90833.83
2023-07-05,91044.17
2023-07-06,90344.06
2023-07-07,90859.39
2023-07-10,90456.79
2023-07-11,89993.3
2023-07-12,89931.98
2023-07-13,90632.76
2023-07-14,89596.83
2023-07-17,89484.36
2023-07-18,89668.21
2023-07-19,89380.94
2023-07-20,88968.87
2023-07-21,89989.34
2023-07-24,90883.15
2023-07-25,91050.86
2023-07-26,91026.49
2023-07-27,89649.58
2023-07-28,89778.73
2023-07-31,90249.67
2023-08-01,89832.11
2023-08-02,90155.97
2023-08-03,88997.99
2023-08-04,88793.88
2023-08-07,87945.62
2023-08-08,87863.79
2023-08-09,87299.63
2023-08-10,87411.47
2023-08-11,88444.45
2023-08-14,88282.88
2023-08-15,86727.58
2023-08-16,86147.36
2023-08-17,86170.13
2023-08-18,86544.13
2023-08-21,85669.17
2023-08-22,86314.01
2023-08-23,87273.17
2023-08-24,87569.3
2023-08-25,86799.99
2023-08-28,86841.95
2023-08-29,87679.5
2023-08-30,86793.32
2023-08-31,85111.33
2023-09-01,85976.6
2023-09-04,85949.76
2023-09-05,85094.44
2023-09-06,84090.57
2023-09-08,84282.63
2023-09-11,85462.31
2023-09-12,86872.11
2023-09-13,87207.16
2023-09-14,87600.05
2023-09-15,88783.81
2023-09-18,87894.79
2023-09-19,87915.62
2023-09-20,88776.35
2023-09-21,87824.99
2023-09-22,87332.91
2023-09-25,87036.26
2023-09-26,86303.75
2023-09-27,84736.86
2023-09-28,85352.31
2023-09-29,85443.1
2023-10-02,84610.34
2023-10-03,83061.07
2023-10-04,83277.24
2023-10-05,82510.76
2023-10-06,81914.61
2023-10-09,83020.64
2023-10-10,84131.25
2023-10-11,83975.37
2023-10-13,81979.79
2023-10-16,82479.58
2023-10-17,81404.78
2023-10-18,79990.9
2023-10-19,81051.12
2023-10-20,81453.72
2023-10-23,81812.35
2023-10-24,81873.07
2023-10-25,81099.37
2023-10-26,82648.27
2023-10-27,81302.09
2023-10-30,80312.65
2023-10-31,80531.63
2023-11-01,82068.6
2023-11-03,84403.32
2023-11-06,85374.93
2023-11-07,85979.84
2023-11-08,85436.11
2023-11-09,85053.23
2023-11-10,86102.9
2023-11-13,86091.81
2023-11-14,88282.44
2023-11-16,90204.74
2023-11-17,89500.94
2023-11-20,89046.77
2023-11-21,88149.88
2023-11-22,88752.69
2023-11-23,89253.75
2023-11-24,88381.46
2023-11-27,88269.78
2023-11-28,88086.02
2023-11-29,87847.38
2023-11-30,88965.89
2023-12-01,89917.77
2023-12-04,89154.01
2023-12-05,89933.3
2023-12-06,89791.67
2023-12-07,89626.04
2023-12-08,89581.42
2023-12-11,89288.5
2023-12-12,89626.66
2023-12-13,91465.29
2023-12-14,91753.17
2023-12-15,91459.35
2023-12-18,92109.79
2023-12-19,93156.4
2023-12-20,92727.76
2023-12-21,93009.1
2023-12-22,93389.99
2023-12-26,93534.63
2023-12-27,94320.37
2023-12-28,94956.92
2024-01-02,93132.95
2024-01-03,93462.49
2024-01-04,93042.58
2024-01-05,93524.56
2024-01-08,93713.44
2024-01-09,94640.06
2024-01-10,94508.14
2024-01-11,93852.22
2024-01-12,93664.0
2024-01-15,94372.64
2024-01-16,93017.74
2024-01-17,92448.16
2024-01-18,90846.54
2024-01-19,90941.72
2024-01-22,90206.5
2024-01-23,91166.3
2024-01-24,90841.27
2024-01-25,91147.86
2024-01-26,91104.64
2024-01-29,90935.1
2024-01-30,89805.95
2024-01-31,90840.84
2024-02-01,91357.21
2024-02-02,90090.31
2024-02-05,90196.48
2024-02-06,91465.13
2024-02-07,91909.17
2024-02-08,90568.86
2024-02-09,90841.87
2024-02-14,89995.75
2024-02-15,90511.52
2024-02-16,90721.84
2024-02-19,91099.32
2024-02-20,91756.87
2024-02-21,90943.57
2024-02-22,91106.95
2024-02-23,90887.61
2024-02-26,90702.59
2024-02-27,91443.14
2024-02-28,91138.71
2024-02-29,91201.24
2024-03-01,90463.58
2024-03-04,88998.02
2024-03-05,89100.54
2024-03-06,89294.15
2024-03-07,89142.0
2024-03-08,89610.87
2024-03-11,89006.73
2024-03-12,89303.63
2024-03-13,88434.5
2024-03-14,88248.16
2024-03-15,88061.5
2024-03-18,87740.98
2024-03-19,88183.76
2024-03-20,89531.86
2024-03-21,89625.02
2024-03-22,89338.38
2024-03-25,88940.87
2024-03-26,88697.46
2024-03-27,88981.0
2024-03-28,88654.31
2024-04-01,87878.84
2024-04-02,88335.19
2024-04-03,88497.52
2024-04-04,88936.52
2024-04-05,88785.87
2024-04-08,89312.1
2024-04-09,90444.86
2024-04-10,88749.51
2024-04-11,87814.72
2024-04-12,86969.03
2024-04-15,86691.02
2024-04-16,85718.41
2024-04-17,85807.88
2024-04-18,85977.52
2024-04-19,86154.21
2024-04-22,86431.0
2024-04-23,85981.92
2024-04-24,85396.78
2024-04-25,84776.03
2024-04-26,85599.76
2024-04-29,85770.18
2024-04-30,85294.0
2024-05-02,87030.68
2024-05-03,88836.56
2024-05-06,89093.06
2024-05-07,89257.85
2024-05-08,89413.31
2024-05-09,88437.2
2024-05-10,87421.2
2024-05-13,88065.51
2024-05-14,89109.96
2024-05-15,90041.7
2024-05-16,90552.94
2024-05-17,90184.18
2024-05-20,90502.61
2024-05-21,91037.44
2024-05-22,89477.47
2024-05-23,89098.54
2024-05-24,89882.38
2024-05-27,89819.61
2024-05-28,89167.78
2024-05-29,88120.55
2024-05-31,87311.19
2024-06-03,88519.67
2024-06-04,88852.59
2024-06-05,88897.63
2024-06-06,89705.82
2024-06-07,88141.04
2024-06-10,87320.53
2024-06-11,87977.98
2024-06-12,86599.99
2024-06-13,86714.96
2024-06-14,87134.61
2024-06-17,86316.15
2024-06-18,86240.88
2024-06-19,86423.87
2024-06-20,86269.16
2024-06-21,87367.76
2024-06-24,88154.21
2024-06-25,87591.93
2024-06-26,87528.18
2024-06-27,88790.07
2024-06-28,88289.36
2024-07-01,88817.84
2024-07-02,88467.63
2024-07-03,89427.26
2024-07-04,90373.56
2024-07-05,90589.13
2024-07-08,90697.91
2024-07-09,91769.49
2024-07-10,92025.46
2024-07-11,92506.61
2024-07-12,92648.69
2024-07-15,91923.36
2024-07-16,92389.14
2024-07-17,92459.34
2024-07-18,90940.08
2024-07-19,89656.16
2024-07-22,90788.5
2024-07-23,89834.29
2024-07-24,89163.23
2024-07-25,88738.93
2024-07-26,89549.31
2024-07-29,89505.36
2024-07-30,89035.42
2024-07-31,89184.95
2024-08-01,90116.48
2024-08-02,89642.86
2024-08-05,88514.54
2024-08-06,89062.27
2024-08-07,89577.73
2024-08-08,90222.3
2024-08-09,91340.44
2024-08-12,91389.39
2024-08-13,91918.01
2024-08-14,93530.58
2024-08-15,92639.7
2024-08-16,92660.15
2024-08-19,94210.47
2024-08-20,93910.55
2024-08-21,93891.51
2024-08-22,93413.17
2024-08-23,94301.7
2024-08-26,93498.74
2024-08-27,92557.94
2024-08-28,92931.39
2024-08-29,92144.22
2024-08-30,92892.1
2024-09-02,92426.93
2024-09-03,92791.78
2024-09-04,94773.81
2024-09-05,94676.1
2024-09-06,93959.83
2024-09-09,93376.31
2024-09-10,93208.1
2024-09-11,93008.91
2024-09-12,92695.61
2024-09-13,93207.8
2024-09-16,93463.19
2024-09-17,93363.37
2024-09-18,92988.61
2024-09-19,92414.64
2024-09-20,91144.53
2024-09-23,90523.88
2024-09-24,90519.07
2024-09-25,89907.92
2024-09-26,90516.95
2024-09-27,90364.58
2024-09-30,89817.39
2024-10-01,89797.8
2024-10-02,90127.64
2024-10-03,88804.52
2024-10-04,88910.3
2024-10-07,88758.55
2024-10-08,89090.61
2024-10-09,88040.85
2024-10-10,88335.79
2024-10-11,87891.24
2024-10-14,88656.21
2024-10-15,88970.6
2024-10-16,89430.57
2024-10-17,89056.69
2024-10-18,88999.94
2024-10-21,89061.81
2024-10-22,88585.46
2024-10-23,88180.32
2024-10-24,88779.04
2024-10-25,88051.9
2024-10-28,86950.66
2024-10-29,86743.84
2024-10-30,86689.08
2024-10-31,86471.46
2024-11-01,84793.49
2024-11-04,86303.44
2024-11-05,85825.01
2024-11-06,85252.97
2024-11-07,84593.43
2024-11-08,84205.16
2024-11-11,83920.13
2024-11-12,83163.99
2024-11-13,83373.92
2024-11-14,83978.69
2024-11-18,83225.46
2024-11-19,84138.5
2024-11-21,82752.49
2024-11-22,83872.42
2024-11-25,84690.52
2024-11-26,85733.69
2024-11-27,83903.73
2024-11-28,81528.73
2024-11-29,82074.5
2024-12-02,80993.08
2024-12-03,81067.25
2024-12-04,80751.42
2024-12-05,81837.23
2024-12-06,81280.6
2024-12-09,81318.41
2024-12-10,82228.75
2024-12-11,83245.98
2024-12-12,81071.68
2024-12-13,80435.42
2024-12-16,79770.65
2024-12-17,80609.52
2024-12-18,78065.62
2024-12-19,78794.33
2024-12-20,79772.19
2024-12-23,77264.14
2024-12-26,77373.99
2024-12-27,77299.6
2024-12-30,77455.44
2025-01-02,76323.06
2025-01-03,75752.62
2025-01-06,77305.99
2025-01-07,78287.39
2025-01-08,77174.25
2025-01-09,77271.96
2025-01-10,76574.96
2025-01-13,76511.07
2025-01-14,76387.53
2025-01-15,77787.53
2025-01-16,76570.25
2025-01-17,77440.52
2025-01-20,77462.07
2025-01-21,77794.71
2025-01-22,78190.81
2025-01-23,77659.7
2025-01-24,77540.66
2025-01-27,79686.44
2025-01-28,79558.11
2025-01-29,79048.69
2025-01-30,81653.3
2025-01-31,81520.65
2025-02-03,81880.95
2025-02-04,82217.72
2025-02-05,82280.77
2025-02-06,82240.29
2025-02-07,81304.37
2025-02-10,81251.09
2025-02-11,82794.54
2025-02-12,81798.19
2025-02-13,82618.27
2025-02-14,85231.73
2025-02-17,85539.72
2025-02-18,85031.99
2025-02-19,84602.24
2025-02-20,85023.99
2025-02-21,85787.33
2025-02-24,84573.8
2025-02-25,85472.46
2025-02-26,84551.89
2025-02-27,84246.16
2025-02-28,83654.12
2025-03-05,83542.43
2025-03-06,84315.6
2025-03-07,85284.11
2025-03-10,85089.9
2025-03-11,84808.31
2025-03-12,84822.4
2025-03-13,85482.23
2025-03-14,85896.69
2025-03-17,86443.94
2025-03-18,86817.15
2025-03-19,87866.04
2025-03-20,87395.89
2025-03-21,86988.61
2025-03-24,86104.79
2025-03-25,86512.26
2025-03-26,86294.13
2025-03-27,86164.3
2025-03-28,85844.81
2025-03-31,85279.93
2025-04-01,85605.81
2025-04-02,85692.53
2025-04-03,87906.03
2025-04-04,87052.17
2025-04-07,86138.92
2025-04-08,86516.47
2025-04-09,87558.54
2025-04-10,87096.09
2025-04-11,88038.55
2025-04-14,88862.52
2025-04-15,89222.83
2025-04-16,88646.72
2025-04-17,89394.91
2025-04-22,89780.89
2025-04-23,91611.92
2025-04-24,93641.89
2025-04-25,94090.69
2025-04-28,94563.15
2025-04-29,94269.33
2025-04-30,96101.0
2025-05-02,96411.98
2025-05-05,95360.43
2025-05-06,94744.64
2025-05-07,94559.74
2025-05-08,96729.73
2025-05-09,96239.93
2025-05-12,95208.11
2025-05-13,97521.63
2025-05-14,97848.33
2025-05-15,98835.25
2025-05-16,98929.12
2025-05-19,99826.9
2025-05-20,100405.21
2025-05-21,99071.29
2025-05-22,98499.37
2025-05-23,99412.73
2025-05-26,99864.6
2025-05-27,101732.44
2025-05-28,100976.83
2025-05-29,101418.6
2025-05-30,100517.93
2025-06-02,99825.85
2025-06-03,100914.2
2025-06-04,100340.16
2025-06-05,99405.2
2025-06-06,99188.47
2025-06-09,98438.09
2025-06-10,98779.51
2025-06-11,98551.58
2025-06-12,98974.98
2025-06-13,98844.26
2025-06-16,100435.63
2025-06-17,100393.69
2025-06-18,99839.2
2025-06-20,99149.37
2025-06-23,99259.2
2025-06-24,100195.11
2025-06-25,98952.88
2025-06-26,99540.55
2025-06-27,99468.4
2025-06-30,101295.47
2025-07-01,102005.53
2025-07-02,100843.55
2025-07-03,102862.67
2025-07-04,102082.07
2025-07-07,100509.65
2025-07-08,100155.77
2025-07-09,98504.65
2025-07-10,97842.62
2025-07-11,97243.0
2025-07-14,96849.83
2025-07-15,97235.2
2025-07-16,97561.93
2025-07-17,97320.72
2025-07-18,96888.48
2025-07-21,97323.06
2025-07-22,96640.88
2025-07-23,98325.11
2025-07-24,97708.57
2025-07-25,97188.41
2025-07-28,96167.09
2025-07-29,96837.76
2025-07-30,97755.72
2025-07-31,96654.78
2025-08-01,97441.5
2025-08-04,97243.91
2025-08-05,96842.17
2025-08-06,98205.85
2025-08-07,100177.61
2025-08-08,100479.99
2025-08-11,99792.37
2025-08-12,101237.19
2025-08-13,100209.71
2025-08-14,100612.81
2025-08-15,100692.76
2025-08-18,101720.45
2025-08-19,100263.09
2025-08-20,101672.38
2025-08-21,100726.52
2025-08-22,101994.14
2025-08-25,102370.92
2025-08-26,102562.54
2025-08-27,103105.03
2025-08-28,103924.46
2025-08-29,104005.03
2025-09-01,103136.32
2025-09-02,102235.88
2025-09-03,102188.21
2025-09-04,103011.0
2025-09-05,104426.17
2025-09-08,103879.56
2025-09-09,104113.94
2025-09-10,104672.05
2025-09-11,105382.14
2025-09-12,105189.29
2025-09-15,106208.6
2025-09-16,106563.98
2025-09-17,107486.78
2025-09-18,107072.2
2025-09-19,108136.43
2025-09-22,107139.01
2025-09-23,108447.17
2025-09-24,107953.97
2025-09-25,107270.76
2025-09-26,107653.96
2025-09-29,108990.3
2025-09-30,108648.98
2025-10-01,107972.93
2025-10-02,107331.89
2025-10-03,107417.72
2025-10-06,107071.78
2025-10-07,105382.85
2025-10-08,105864.72
2025-10-09,105748.18
2025-10-10,105966.38
2025-10-13,106629.61
2025-10-14,106009.75
2025-10-15,106780.68
2025-10-16,107544.33
2025-10-17,108871.18
2025-10-20,109011.49
2025-10-21,108728.42
2025-10-22,109146.73
2025-10-23,109784.41
2025-10-24,110214.19
2025-10-27,111307.21
2025-10-28,110419.38
2025-10-29,111122.48
2025-10-30,111666.83
2025-10-31,112068.91
2025-11-03,113537.11
2025-11-04,114562.83
2025-11-05,116384.07
2025-11-06,116841.39
2025-11-07,116707.93
2025-11-10,118058.09
2025-11-11,119848.53
2025-11-12,120891.87
2025-11-13,120540.44
2025-11-14,120641.37
2025-11-17,120665.42
2025-11-18,120971.92
2025-11-19,119620.13
2025-11-21,119111.18
2025-11-24,120571.53
2025-11-25,121215.42
2025-11-26,123378.28
2025-11-27,122953.54
2025-11-28,122622.51
2025-12-01,122331.09
2025-12-02,124398.87
2025-12-03,123958.61
2025-12-04,125752.4
2025-12-05,120898.49
2025-12-08,121068.12
2025-12-09,120877.29
2025-12-10,120914.46
2025-12-11,121131.81
2025-12-12,122567.82
2025-12-15,124513.74
2025-12-16,121492.77
2025-12-17,120004.77
2025-12-18,120341.28
2025-12-19,120640.87
2025-12-22,119190.89
2025-12-23,121331.98
2025-12-26,122568.03
2025-12-29,121885.77
2025-12-30,123055.71
2026-01-02,122339.39
2026-01-05,123056.52
2026-01-06,124010.73
2026-01-07,121691.11
2026-01-08,122843.01
2026-01-09,123185.82
2026-01-12,122992.4
2026-01-13,121168.4
2026-01-14,122226.5
2026-01-15,122294.88
2026-01-16,121097.35
2026-01-19,120961.93
2026-01-20,121947.46
2026-01-21,125011.07
2026-01-22,128661.98
2026-01-23,129541.46
2026-01-26,128660.56
2026-01-27,129451.04
2026-01-28,129032.06
2026-01-29,127014.05
2026-01-30,126270.22
2026-02-02,126804.95
2026-02-03,128363.82
2026-02-04,125747.2
2026-02-05,126791.49
2026-02-06,127165.05
2026-02-09,128845.45
2026-02-10,128616.64
2026-02-11,130758.31
2026-02-12,129806.05
2026-02-13,129770.69
2026-02-18,129123.66
2026-02-19,131488.93
2026-02-20,131972.98
2026-02-23,131463.36
2026-02-24,133261.74
2026-02-25,132378.08
2026-02-26,133971.0
2026-02-27,132056.17
2026-03-02,131453.21
2026-03-03,127759.43
2026-03-04,130804.38
2026-03-05,127473.43
2026-03-06,127696.34
2026-03-09,129116.7
2026-03-10,130969.4
2026-03-11,130312.01
2026-03-12,127454.8
2026-03-13,127161.98
2026-03-16,128775.42
2026-03-17,128325.86
2026-03-18,129076.85
2026-03-19,130992.57
2026-03-20,127655.22
