Date,Close
2004-12-30,858.4
2005-01-03,
2005-01-04,
2005-01-05,
2005-01-06,
2005-01-07,
2005-01-10,
2005-01-11,
2005-01-12,
2005-01-13,
2005-01-14,
2005-01-17,
2005-01-18,
2005-01-19,
2005-01-20,
2005-01-21,
2005-01-24,
2005-01-26,
2005-01-27,
2005-01-28,
2005-01-31,
2005-02-01,
2005-02-02,
2005-02-03,
2005-02-04,
2005-02-09,
2005-02-10,
2005-02-11,
2005-02-14,
2005-02-15,
2005-02-16,
2005-02-17,
2005-02-18,
2005-02-21,
2005-02-22,
2005-02-23,
2005-02-24,
2005-02-25,
2005-02-28,
2005-03-01,968.38
2005-03-02,972.01
2005-03-03,998.26
2005-03-04,1018.29
2005-03-07,1033.87
2005-03-08,1022.48
2005-03-09,1005.47
2005-03-10,1004.92
2005-03-11,998.07
2005-03-14,987.29
2005-03-15,977.31
2005-03-16,987.79
2005-03-17,995.27
2005-03-18,975.34
2005-03-21,949.02
2005-03-22,937.64
2005-03-23,915.02
2005-03-24,939.37
2005-03-28,913.68
2005-03-29,891.95
2005-03-30,909.39
2005-03-31,919.76
2005-04-01,
2005-04-04,
2005-04-05,
2005-04-06,
2005-04-07,
2005-04-08,
2005-04-11,
2005-04-12,
2005-04-13,
2005-04-14,
2005-04-15,
2005-04-18,
2005-04-19,
2005-04-20,
2005-04-22,
2005-04-25,
2005-04-26,
2005-04-27,
2005-04-28,
2005-04-29,
2005-05-02,
2005-05-03,
2005-05-04,
2005-05-05,
2005-05-06,
2005-05-09,
2005-05-10,
2005-05-11,
2005-05-12,
2005-05-13,
2005-05-16,
2005-05-17,
2005-05-18,
2005-05-19,
2005-05-20,
2005-05-23,
2005-05-24,
2005-05-25,
2005-05-27,
2005-05-30,
2005-05-31,
2005-06-01,
2005-06-02,
2005-06-03,
2005-06-06,
2005-06-07,
2005-06-08,
2005-06-09,
2005-06-10,
2005-06-13,
2005-06-14,
2005-06-15,
2005-06-16,
2005-06-17,
2005-06-20,
2005-06-21,
2005-06-22,
2005-06-23,
2005-06-24,
2005-06-27,
2005-06-28,
2005-06-29,
2005-06-30,
2005-07-01,
2005-07-04,
2005-07-05,
2005-07-06,
2005-07-07,
2005-07-08,
2005-07-11,
2005-07-12,
2005-07-13,
2005-07-14,
2005-07-15,
2005-07-18,
2005-07-19,
2005-07-20,
2005-07-21,
2005-07-22,
2005-07-25,
2005-07-26,
2005-07-27,
2005-07-28,
2005-07-29,
2005-08-01,981.99
2005-08-02,1015.42
2005-08-03,1006.43
2005-08-04,1006.28
2005-08-05,990.58
2005-08-08,1005.66
2005-08-09,1034.78
2005-08-10,1058.95
2005-08-11,1045.74
2005-08-12,1054.39
2005-08-15,1088.95
2005-08-16,1080.09
2005-08-17,1096.96
2005-08-18,1085.94
2005-08-19,1067.12
2005-08-22,1080.89
2005-08-23,1065.77
2005-08-24,1070.8
2005-08-25,1094.85
2005-08-26,1081.64
2005-08-29,1093.26
2005-08-30,1090.21
2005-08-31,1115.17
2005-09-01,1120.31
2005-09-02,1138.32
2005-09-05,1137.9
2005-09-06,1162.7
2005-09-08,1157.92
2005-09-09,1169.08
2005-09-12,1166.07
2005-09-13,1139.81
2005-09-14,1140.63
2005-09-15,1154.63
2005-09-16,1161.94
2005-09-19,1182.85
2005-09-20,1211.93
2005-09-21,1240.12
2005-09-22,1245.02
2005-09-23,1254.99
2005-09-26,1250.81
2005-09-27,1219.98
2005-09-28,1232.94
2005-09-29,1236.27
2005-09-30,1259.08
2005-10-03,1285.82
2005-10-04,1295.04
2005-10-05,1258.76
2005-10-06,1217.95
2005-10-07,1257.12
2005-10-10,1253.41
2005-10-11,1282.27
2005-10-13,1226.39
2005-10-14,1220.21
2005-10-17,1264.24
2005-10-18,1237.31
2005-10-19,1211.81
2005-10-20,1178.02
2005-10-21,1201.01
2005-10-24,1237.47
2005-10-25,1216.16
2005-10-26,1236.45
2005-10-27,1212.38
2005-10-28,1224.68
2005-10-31,1275.1
2005-11-01,1306.43
2005-11-03,1296.99
2005-11-04,1298.84
2005-11-07,1326.43
2005-11-08,1340.73
2005-11-09,1340.39
2005-11-10,1355.51
2005-11-11,1355.51
2005-11-14,1354.72
2005-11-16,1360.1
2005-11-17,1396.25
2005-11-18,1380.08
2005-11-21,1383.36
2005-11-22,1392.76
2005-11-23,1416.34
2005-11-24,1411.46
2005-11-25,1419.41
2005-11-28,1409.42
2005-11-29,1406.65
2005-11-30,1406.87
2005-12-01,1435.82
2005-12-02,1464.46
2005-12-05,1477.33
2005-12-06,1509.89
2005-12-07,1483.94
2005-12-08,1429.14
2005-12-09,1425.96
2005-12-12,1437.58
2005-12-13,1442.8
2005-12-14,1440.29
2005-12-15,1439.8
2005-12-16,1448.79
2005-12-19,1425.69
2005-12-20,1426.29
2005-12-21,1464.48
2005-12-22,1482.02
2005-12-23,1473.9
2005-12-26,1456.03
2005-12-27,1473.45
2005-12-28,1457.6
2005-12-29,1451.99
2006-01-02,1455.96
2006-01-03,1507.83
2006-01-04,1570.96
2006-01-05,1565.28
2006-01-06,1607.38
2006-01-09,1614.4
2006-01-10,1590.99
2006-01-11,1619.85
2006-01-12,1617.97
2006-01-13,1634.01
2006-01-16,1668.79
2006-01-17,1647.69
2006-01-18,1637.85
2006-01-19,1721.66
2006-01-20,1707.09
2006-01-23,1699.23
2006-01-24,1746.1
2006-01-26,1784.32
2006-01-27,1762.93
2006-01-30,1790.78
2006-01-31,1811.13
2006-02-01,1848.6
2006-02-02,1818.85
2006-02-03,1787.04
2006-02-06,1800.23
2006-02-07,1747.71
2006-02-08,1745.62
2006-02-09,1786.47
2006-02-10,1821.76
2006-02-13,1794.0
2006-02-14,1806.88
2006-02-15,1823.49
2006-02-16,1894.83
2006-02-17,1880.44
2006-02-20,1883.25
2006-02-21,1862.79
2006-02-22,1842.03
2006-02-23,1829.83
2006-02-24,1845.65
2006-03-01,1890.91
2006-03-02,1881.68
2006-03-03,1885.94
2006-03-06,1844.51
2006-03-07,1800.08
2006-03-08,1788.34
2006-03-09,1732.53
2006-03-10,1783.08
2006-03-13,1806.3
2006-03-14,1839.23
2006-03-15,1861.99
2006-03-16,1884.7
2006-03-17,1893.22
2006-03-20,1893.96
2006-03-21,1834.28
2006-03-22,1882.96
2006-03-23,1841.38
2006-03-24,1839.69
2006-03-27,1805.86
2006-03-28,1732.52
2006-03-29,1751.76
2006-03-30,1742.62
2006-03-31,1752.2
2006-04-03,1802.41
2006-04-04,1818.53
2006-04-05,1812.2
2006-04-06,1816.82
2006-04-07,1805.69
2006-04-10,1761.23
2006-04-11,1726.73
2006-04-12,1723.76
2006-04-13,1703.81
2006-04-17,1707.24
2006-04-18,1754.42
2006-04-19,1794.8
2006-04-20,1820.76
2006-04-24,1803.21
2006-04-25,1808.14
2006-04-26,1840.16
2006-04-27,1822.03
2006-04-28,1835.22
2006-05-02,1882.89
2006-05-03,1889.65
2006-05-04,1913.25
2006-05-05,1941.33
2006-05-08,1977.24
2006-05-09,1985.78
2006-05-10,1966.23
2006-05-11,1930.99
2006-05-12,1921.61
2006-05-15,1861.53
2006-05-16,1875.79
2006-05-17,1834.22
2006-05-18,1800.55
2006-05-19,1779.0
2006-05-22,1710.21
2006-05-23,1694.58
2006-05-24,1648.18
2006-05-25,1734.97
2006-05-26,1781.14
2006-05-29,1761.96
2006-05-30,1676.45
2006-05-31,1665.36
2006-06-01,1739.83
2006-06-02,1733.04
2006-06-05,1694.75
2006-06-06,1656.48
2006-06-07,1581.83
2006-06-08,1560.05
2006-06-09,1574.75
2006-06-12,1507.91
2006-06-13,1460.51
2006-06-14,1469.34
2006-06-16,1545.07
2006-06-19,1531.19
2006-06-20,1538.95
2006-06-21,1573.17
2006-06-22,1546.49
2006-06-23,1557.78
2006-06-26,1551.91
2006-06-27,1519.82
2006-06-28,1527.58
2006-06-29,1628.06
2006-06-30,1643.06
2006-07-03,1707.71
2006-07-04,1704.17
2006-07-05,1647.28
2006-07-06,1659.69
2006-07-07,1635.46
2006-07-10,1623.54
2006-07-11,1638.74
2006-07-12,1615.12
2006-07-13,1577.5
2006-07-14,1565.07
2006-07-17,1537.35
2006-07-18,1534.86
2006-07-19,1642.02
2006-07-20,1619.23
2006-07-21,1624.89
2006-07-24,1677.97
2006-07-25,1701.08
2006-07-26,1698.08
2006-07-27,1697.2
2006-07-28,1720.91
2006-07-31,1720.77
2006-08-01,1686.88
2006-08-02,1699.27
2006-08-03,1692.73
2006-08-04,1732.13
2006-08-07,1722.23
2006-08-08,1714.05
2006-08-09,1706.06
2006-08-10,1728.85
2006-08-11,1720.94
2006-08-14,1688.4
2006-08-15,1750.11
2006-08-16,1755.13
2006-08-17,1765.91
2006-08-18,1752.24
2006-08-21,1724.4
2006-08-22,1719.94
2006-08-23,1672.85
2006-08-24,1677.74
2006-08-25,1656.31
2006-08-28,1704.87
2006-08-29,1705.58
2006-08-30,1714.44
2006-08-31,1713.99
2006-09-01,1776.94
2006-09-04,1789.38
2006-09-05,1757.88
2006-09-06,1727.37
2006-09-08,1730.76
2006-09-11,1708.48
2006-09-12,1760.38
2006-09-13,1781.19
2006-09-14,1763.12
2006-09-15,1772.3
2006-09-18,1775.45
2006-09-19,1747.44
2006-09-20,1733.59
2006-09-21,1684.47
2006-09-22,1678.94
2006-09-25,1702.49
2006-09-26,1724.93
2006-09-27,1728.17
2006-09-28,1748.65
2006-09-29,1739.34
2006-10-02,1770.83
2006-10-03,1752.52
2006-10-04,1828.97
2006-10-05,1862.8
2006-10-06,1863.17
2006-10-09,1885.03
2006-10-10,1892.81
2006-10-11,1870.13
2006-10-13,1896.12
2006-10-16,1894.22
2006-10-17,1876.35
2006-10-18,1892.21
2006-10-19,1898.94
2006-10-20,1878.89
2006-10-23,1920.2
2006-10-24,1926.63
2006-10-25,1931.99
2006-10-26,1924.73
2006-10-27,1907.24
2006-10-30,1888.88
2006-10-31,1882.0
2006-11-01,1894.22
2006-11-03,1905.27
2006-11-06,1945.1
2006-11-07,1939.98
2006-11-08,1955.94
2006-11-09,1900.44
2006-11-10,1898.51
2006-11-13,1922.83
2006-11-14,1962.44
2006-11-16,1973.8
2006-11-17,1980.42
2006-11-21,1994.4
2006-11-22,2035.56
2006-11-23,2036.8
2006-11-24,2001.71
2006-11-27,1962.62
2006-11-28,1968.13
2006-11-29,2000.86
2006-11-30,2007.45
2006-12-01,1991.61
2006-12-04,2049.5
2006-12-05,2050.8
2006-12-06,2063.91
2006-12-07,2044.93
2006-12-08,2061.58
2006-12-11,2075.95
2006-12-12,2049.51
2006-12-13,2075.59
2006-12-14,2096.21
2006-12-15,2099.8
2006-12-18,2081.38
2006-12-19,2076.66
2006-12-20,2090.76
2006-12-21,2099.54
2006-12-22,2087.24
2006-12-26,2105.38
2006-12-27,2163.07
2006-12-28,2190.11
2007-01-02,2237.16
2007-01-03,2224.49
2007-01-04,2230.16
2007-01-05,2142.59
2007-01-08,2189.52
2007-01-09,2145.75
2007-01-10,2135.57
2007-01-11,2172.39
2007-01-12,2194.52
2007-01-15,2204.69
2007-01-16,2198.09
2007-01-17,2217.25
2007-01-18,2210.36
2007-01-19,2253.36
2007-01-22,2255.6
2007-01-23,2260.28
2007-01-24,2284.52
2007-01-26,2287.11
2007-01-29,2234.34
2007-01-30,2246.95
2007-01-31,2255.84
2007-02-01,2245.96
2007-02-02,2265.1
2007-02-05,2264.65
2007-02-06,2267.06
2007-02-07,2265.75
2007-02-08,2258.4
2007-02-09,2208.26
2007-02-12,2193.42
2007-02-13,2206.93
2007-02-14,2280.24
2007-02-15,2254.59
2007-02-16,2231.22
2007-02-21,2224.07
2007-02-22,2247.34
2007-02-23,2214.1
2007-02-26,2218.88
2007-02-27,2110.0
2007-02-28,2124.73
2007-03-01,2123.62
2007-03-02,2046.41
2007-03-05,2005.64
2007-03-06,2095.88
2007-03-07,2068.4
2007-03-08,2108.04
2007-03-09,2134.12
2007-03-12,2127.37
2007-03-13,2049.15
2007-03-14,2066.19
2007-03-15,2063.32
2007-03-16,2034.43
2007-03-19,2106.92
2007-03-20,2137.15
2007-03-21,2209.05
2007-03-22,2204.66
2007-03-23,2206.02
2007-03-26,2206.62
2007-03-27,2182.42
2007-03-28,2112.84
2007-03-29,2123.46
2007-03-30,2143.32
2007-04-02,2097.72
2007-04-03,2152.11
2007-04-04,2168.4
2007-04-05,2185.51
2007-04-09,2190.11
2007-04-10,2199.79
2007-04-11,2159.39
2007-04-12,2168.54
2007-04-13,2181.68
2007-04-16,2258.67
2007-04-17,2277.34
2007-04-18,2280.18
2007-04-19,2298.55
2007-04-20,2330.4
2007-04-23,2315.87
2007-04-24,2284.01
2007-04-25,2325.49
2007-04-26,2314.83
2007-04-27,2322.54
2007-04-30,2277.04
2007-05-02,2315.67
2007-05-03,2357.26
2007-05-04,2384.75
2007-05-07,2388.65
2007-05-08,2429.23
2007-05-09,2519.09
2007-05-10,2448.99
2007-05-11,2463.76
2007-05-14,2419.93
2007-05-15,2439.48
2007-05-16,2515.63
2007-05-17,2533.96
2007-05-18,2582.69
2007-05-21,2592.5
2007-05-22,2557.21
2007-05-23,2543.98
2007-05-24,2470.13
2007-05-25,2502.89
2007-05-28,2533.72
2007-05-29,2517.33
2007-05-30,2534.6
2007-05-31,2509.68
2007-06-01,2580.58
2007-06-04,2560.06
2007-06-05,2559.86
2007-06-06,2508.47
2007-06-08,2504.44
2007-06-11,2523.44
2007-06-12,2462.43
2007-06-13,2492.48
2007-06-14,2524.92
2007-06-15,2572.55
2007-06-18,2569.08
2007-06-19,2575.92
2007-06-20,2553.03
2007-06-21,2569.33
2007-06-22,2560.32
2007-06-25,2549.82
2007-06-26,2523.54
2007-06-27,2525.67
2007-06-28,2522.88
2007-06-29,2535.63
2007-07-02,2555.2
2007-07-03,2579.05
2007-07-04,2565.85
2007-07-05,2567.65
2007-07-06,2575.61
2007-07-10,2556.73
2007-07-11,2604.58
2007-07-12,2713.24
2007-07-13,2695.51
2007-07-16,2742.37
2007-07-17,2756.35
2007-07-18,2769.82
2007-07-19,2795.49
2007-07-20,2742.15
2007-07-23,2779.77
2007-07-24,2667.35
2007-07-25,2647.49
2007-07-26,2584.98
2007-07-27,2511.68
2007-07-30,2585.49
2007-07-31,2578.43
2007-08-01,2570.55
2007-08-02,2601.07
2007-08-03,2546.29
2007-08-06,2542.85
2007-08-07,2530.04
2007-08-08,2574.98
2007-08-09,2531.95
2007-08-10,2536.8
2007-08-13,2501.4
2007-08-14,2456.84
2007-08-15,2360.81
2007-08-16,2293.57
2007-08-17,2329.88
2007-08-20,2398.51
2007-08-21,2421.08
2007-08-22,2500.24
2007-08-23,2482.74
2007-08-24,2522.13
2007-08-27,2523.74
2007-08-28,2443.97
2007-08-29,2448.81
2007-08-30,2456.2
2007-08-31,2550.24
2007-09-03,2571.01
2007-09-04,2537.61
2007-09-05,2481.19
2007-09-06,2460.22
2007-09-10,2368.07
2007-09-11,2384.55
2007-09-12,2396.03
2007-09-13,2467.95
2007-09-14,2479.61
2007-09-17,2435.86
2007-09-18,2546.98
2007-09-19,2571.47
2007-09-20,2553.93
2007-09-21,2570.51
2007-09-24,2600.87
2007-09-25,2614.96
2007-09-26,2700.29
2007-09-27,2791.04
2007-09-28,2771.17
2007-10-01,2845.57
2007-10-02,2891.91
2007-10-03,2788.48
2007-10-04,2806.63
2007-10-05,2932.45
2007-10-08,2943.92
2007-10-09,2972.07
2007-10-10,2927.51
2007-10-11,2849.11
2007-10-15,2835.28
2007-10-16,2754.31
2007-10-17,2827.4
2007-10-18,2836.0
2007-10-19,2736.52
2007-10-22,2770.06
2007-10-23,2861.53
2007-10-24,2835.44
2007-10-25,2826.92
2007-10-26,2943.43
2007-10-29,2947.3
2007-10-30,2915.1
2007-10-31,2969.76
2007-11-01,2878.17
2007-11-05,2809.17
2007-11-06,2860.31
2007-11-07,2802.63
2007-11-08,2703.86
2007-11-09,2750.37
2007-11-12,2667.09
2007-11-13,2755.92
2007-11-14,2781.81
2007-11-16,2788.76
2007-11-19,2656.61
2007-11-21,2534.09
2007-11-22,2533.54
2007-11-23,2560.14
2007-11-26,2528.39
2007-11-27,2619.83
2007-11-28,2770.0
2007-11-29,2790.36
2007-11-30,2921.85
2007-12-03,2916.3
2007-12-04,2916.99
2007-12-05,2942.52
2007-12-06,2999.19
2007-12-07,3001.28
2007-12-10,2980.55
2007-12-11,2931.24
2007-12-12,2893.65
2007-12-13,2804.89
2007-12-14,2806.9
2007-12-17,2689.06
2007-12-18,2757.87
2007-12-19,2804.39
2007-12-20,2786.36
2007-12-21,2781.95
2007-12-26,2823.65
2007-12-27,2778.12
2007-12-28,2742.89
2008-01-02,2633.96
2008-01-03,2591.75
2008-01-04,2583.73
2008-01-07,2603.15
2008-01-08,2638.25
2008-01-09,2643.05
2008-01-10,2703.06
2008-01-11,2634.57
2008-01-14,2648.46
2008-01-15,2552.45
2008-01-16,2517.18
2008-01-17,2454.2
2008-01-18,2429.07
2008-01-21,2335.83
2008-01-22,2369.49
2008-01-23,2312.28
2008-01-24,2492.29
2008-01-28,2488.6
2008-01-29,2498.52
2008-01-30,2503.09
2008-01-31,2430.92
2008-02-01,2386.96
2008-02-06,2302.98
2008-02-07,2275.9
2008-02-08,2259.25
2008-02-11,2320.0
2008-02-12,2408.14
2008-02-13,2477.75
2008-02-14,2426.31
2008-02-15,2443.29
2008-02-18,2516.54
2008-02-19,2482.39
2008-02-20,2534.17
2008-02-21,2544.68
2008-02-22,2574.76
2008-02-25,2609.31
2008-02-26,2637.46
2008-02-27,2675.68
2008-02-28,2666.24
2008-02-29,2582.65
2008-03-03,2622.66
2008-03-04,2572.6
2008-03-05,2644.05
2008-03-06,2567.12
2008-03-07,2502.34
2008-03-10,2460.94
2008-03-11,2546.17
2008-03-12,2485.27
2008-03-13,2501.8
2008-03-14,2472.0
2008-03-17,2379.35
2008-03-18,2453.74
2008-03-19,2346.92
2008-03-20,2368.63
2008-03-24,2357.92
2008-03-25,2447.97
2008-03-26,2418.02
2008-03-27,2353.78
2008-03-28,2312.92
2008-03-31,2343.74
2008-04-01,2430.33
2008-04-02,2460.9
2008-04-03,2469.89
2008-04-04,2461.43
2008-04-07,2488.35
2008-04-08,2505.97
2008-04-09,2451.05
2008-04-10,2434.67
2008-04-11,2391.39
2008-04-14,2341.6
2008-04-15,2356.65
2008-04-16,2471.02
2008-04-17,2537.23
2008-04-18,2580.26
2008-04-22,2541.55
2008-04-23,2507.49
2008-04-24,2524.47
2008-04-25,2577.68
2008-04-28,2609.76
2008-04-29,2550.66
2008-04-30,2784.28
2008-05-02,2918.13
2008-05-05,2911.86
2008-05-06,2838.8
2008-05-07,2805.49
2008-05-08,2823.49
2008-05-09,2800.91
2008-05-12,2837.19
2008-05-13,2781.34
2008-05-14,2769.13
2008-05-15,2815.07
2008-05-16,2832.01
2008-05-19,2858.27
2008-05-20,2827.2
2008-05-21,2774.81
2008-05-23,2748.87
2008-05-26,2741.24
2008-05-27,2802.06
2008-05-28,2907.66
2008-05-29,2892.42
2008-05-30,2979.87
2008-06-02,2891.88
2008-06-03,2821.91
2008-06-04,2793.28
2008-06-05,2876.67
2008-06-06,2785.95
2008-06-09,2754.51
2008-06-10,2688.61
2008-06-11,2630.37
2008-06-12,2681.19
2008-06-13,2694.03
2008-06-16,2707.76
2008-06-17,2744.6
2008-06-18,2654.59
2008-06-19,2628.97
2008-06-20,2561.96
2008-06-23,2542.32
2008-06-24,2509.05
2008-06-25,2572.82
2008-06-26,2462.73
2008-06-27,2454.67
2008-06-30,2469.0
2008-07-01,2396.93
2008-07-02,2367.52
2008-07-03,2312.69
2008-07-04,2324.76
2008-07-07,2313.3
2008-07-08,2373.79
2008-07-10,2360.26
2008-07-11,2322.18
2008-07-14,2309.72
2008-07-15,2293.51
2008-07-16,2447.02
2008-07-17,2442.92
2008-07-18,2495.23
2008-07-21,2475.22
2008-07-22,2477.89
2008-07-23,2503.18
2008-07-24,2437.58
2008-07-25,2405.72
2008-07-28,2356.39
2008-07-29,2433.57
2008-07-30,2497.47
2008-07-31,2478.81
2008-08-01,2429.32
2008-08-04,2323.42
2008-08-05,2404.02
2008-08-06,2461.57
2008-08-07,2419.29
2008-08-08,2384.08
2008-08-11,2315.03
2008-08-12,2275.75
2008-08-13,2239.5
2008-08-14,2295.92
2008-08-15,2267.2
2008-08-18,2222.28
2008-08-19,2223.81
2008-08-20,2299.64
2008-08-21,2487.8
2008-08-22,2506.74
2008-08-25,2436.72
2008-08-26,2410.7
2008-08-27,2489.8
2008-08-28,2560.88
2008-08-29,2512.17
2008-09-01,2494.31
2008-09-02,2504.12
2008-09-03,2486.82
2008-09-04,2379.26
2008-09-05,2413.94
2008-09-08,2405.91
2008-09-09,2315.37
2008-09-10,2343.67
2008-09-11,2341.46
2008-09-12,2385.1
2008-09-15,2204.33
2008-09-16,2219.13
2008-09-17,2092.19
2008-09-18,2218.34
2008-09-19,2416.07
2008-09-22,2315.15
2008-09-23,2276.99
2008-09-24,2271.33
2008-09-25,2357.08
2008-09-26,2358.97
2008-09-29,2151.48
2008-09-30,2369.84
2008-10-01,2392.39
2008-10-02,2237.56
2008-10-03,2069.9
2008-10-06,1972.34
2008-10-07,1919.29
2008-10-08,1901.44
2008-10-09,1815.95
2008-10-10,1735.52
2008-10-13,2098.63
2008-10-14,2153.14
2008-10-15,1929.06
2008-10-16,1836.66
2008-10-17,1761.06
2008-10-20,1873.76
2008-10-21,1839.97
2008-10-22,1618.12
2008-10-23,1497.31
2008-10-24,1379.18
2008-10-27,1325.48
2008-10-28,1485.32
2008-10-29,1614.29
2008-10-30,1791.88
2008-10-31,1776.21
2008-11-03,1909.76
2008-11-04,2037.43
2008-11-05,1866.62
2008-11-06,1766.34
2008-11-07,1817.93
2008-11-10,1835.0
2008-11-11,1832.81
2008-11-12,1699.31
2008-11-13,1843.76
2008-11-14,1816.45
2008-11-17,1812.97
2008-11-18,1692.5
2008-11-19,1627.5
2008-11-21,1490.88
2008-11-24,1672.5
2008-11-25,1730.71
2008-11-26,1845.31
2008-11-27,1853.23
2008-11-28,1889.25
2008-12-01,1821.9
2008-12-02,1855.16
2008-12-03,1845.03
2008-12-04,1859.0
2008-12-05,1902.79
2008-12-08,2050.06
2008-12-09,2049.0
2008-12-10,2055.14
2008-12-11,2003.21
2008-12-12,2056.36
2008-12-15,1941.39
2008-12-16,2051.9
2008-12-17,2088.86
2008-12-18,2075.93
2008-12-19,2027.86
2008-12-22,1942.39
2008-12-23,1852.23
2008-12-26,1852.62
2008-12-29,1866.37
2008-12-30,1888.96
2009-01-02,2036.14
2009-01-05,2062.5
2009-01-06,2123.71
2009-01-07,2029.64
2009-01-08,2037.94
2009-01-09,2030.35
2009-01-12,1963.13
2009-01-13,1921.62
2009-01-14,1815.74
2009-01-15,1852.09
2009-01-16,1810.36
2009-01-19,1820.3
2009-01-20,1712.7
2009-01-21,1772.65
2009-01-22,1746.38
2009-01-23,1763.95
2009-01-26,1773.66
2009-01-27,1761.98
2009-01-28,1853.42
2009-01-29,1815.08
2009-01-30,1797.17
2009-02-02,1753.89
2009-02-03,1775.58
2009-02-04,1799.5
2009-02-05,1856.3
2009-02-06,1970.54
2009-02-09,1931.3
2009-02-10,1876.55
2009-02-11,1872.59
2009-02-12,1846.08
2009-02-13,1910.03
2009-02-16,1910.95
2009-02-17,1821.29
2009-02-18,1799.31
2009-02-19,1786.68
2009-02-20,1749.19
2009-02-25,1747.81
2009-02-26,1743.43
2009-02-27,1725.78
2009-03-02,1647.27
2009-03-03,1649.05
2009-03-04,1730.88
2009-03-05,1704.51
2009-03-06,1720.26
2009-03-09,1697.24
2009-03-10,1801.99
2009-03-11,1801.58
2009-03-12,1844.67
2009-03-13,1848.01
2009-03-16,1850.17
2009-03-17,1892.41
2009-03-18,1941.1
2009-03-19,1910.2
2009-03-20,1880.56
2009-03-23,2026.29
2009-03-24,1980.53
2009-03-25,1998.46
2009-03-26,2057.41
2009-03-27,2055.56
2009-03-30,1995.78
2009-03-31,1997.47
2009-04-01,2034.02
2009-04-02,2095.09
2009-04-03,2156.43
2009-04-06,2165.43
2009-04-07,2156.24
2009-04-08,2158.63
2009-04-09,2215.33
2009-04-13,2217.98
2009-04-14,2155.0
2009-04-15,2158.44
2009-04-16,2230.72
2009-04-17,2229.05
2009-04-20,2166.93
2009-04-22,2151.59
2009-04-23,2221.6
2009-04-24,2271.41
2009-04-27,2213.18
2009-04-28,2218.03
2009-04-29,2313.6
2009-04-30,2315.13
2009-05-04,2449.01
2009-05-05,2539.19
2009-05-06,2557.94
2009-05-07,2433.49
2009-05-08,2499.32
2009-05-11,2469.13
2009-05-12,2448.11
2009-05-13,2375.79
2009-05-14,2439.99
2009-05-15,2425.56
2009-05-18,2541.07
2009-05-19,2520.76
2009-05-20,2502.54
2009-05-21,2467.45
2009-05-22,2505.75
2009-05-25,2517.16
2009-05-26,2568.68
2009-05-27,2584.36
2009-05-28,2644.49
2009-05-29,2657.83
2009-06-01,2717.69
2009-06-02,2716.1
2009-06-03,2634.16
2009-06-04,2705.2
2009-06-05,2687.02
2009-06-08,2715.48
2009-06-09,2675.04
2009-06-10,2681.88
2009-06-12,2691.8
2009-06-15,2601.15
2009-06-16,2590.17
2009-06-17,2579.43
2009-06-18,2591.64
2009-06-19,2650.49
2009-06-22,2557.46
2009-06-23,2521.72
2009-06-24,2533.9
2009-06-25,2634.09
2009-06-26,2646.31
2009-06-29,2673.49
2009-06-30,2651.65
2009-07-01,2664.98
2009-07-02,2641.53
2009-07-03,2628.56
2009-07-06,2627.92
2009-07-07,2579.29
2009-07-08,2538.2
2009-07-10,2518.06
2009-07-13,2539.18
2009-07-14,2531.76
2009-07-15,2638.56
2009-07-16,2669.57
2009-07-17,2648.68
2009-07-20,2692.62
2009-07-21,2682.96
2009-07-22,2692.19
2009-07-23,2761.98
2009-07-24,2789.92
2009-07-27,2783.32
2009-07-28,2787.22
2009-07-29,2753.93
2009-07-30,2801.4
2009-07-31,2794.58
2009-08-03,2827.38
2009-08-04,2827.75
2009-08-05,2878.22
2009-08-06,2840.02
2009-08-07,2890.61
2009-08-10,2917.43
2009-08-11,2861.14
2009-08-12,2866.55
2009-08-13,2838.13
2009-08-14,2816.58
2009-08-17,2747.31
2009-08-18,2801.19
2009-08-19,2841.64
2009-08-20,2874.19
2009-08-21,2875.83
2009-08-24,2864.87
2009-08-25,2881.12
2009-08-26,2922.53
2009-08-27,2920.48
2009-08-28,2922.93
2009-08-31,2883.93
2009-09-01,2825.4
2009-09-02,2795.52
2009-09-03,2806.51
2009-09-04,2880.04
2009-09-08,2929.02
2009-09-09,2943.67
2009-09-10,2962.48
2009-09-11,2978.53
2009-09-14,2997.32
2009-09-15,3026.89
2009-09-16,3075.19
2009-09-17,3091.8
2009-09-18,3123.19
2009-09-21,3112.55
2009-09-22,3114.34
2009-09-23,3068.75
2009-09-24,3070.66
2009-09-25,3090.82
2009-09-28,3165.92
2009-09-29,3211.51
2009-09-30,3240.27
2009-10-01,3215.67
2009-10-02,3227.76
2009-10-05,3309.96
2009-10-06,3290.09
2009-10-07,3215.7
2009-10-08,3274.6
2009-10-09,3307.22
2009-10-13,3324.53
2009-10-14,3392.92
2009-10-15,3397.94
2009-10-16,3365.92
2009-10-19,3377.72
2009-10-20,3247.92
2009-10-21,3240.94
2009-10-22,3302.94
2009-10-23,3241.97
2009-10-26,3219.12
2009-10-27,3120.57
2009-10-28,2971.07
2009-10-29,3146.96
2009-10-30,3027.38
2009-11-03,3115.43
2009-11-04,3195.0
2009-11-05,3227.93
2009-11-06,3206.78
2009-11-09,3285.63
2009-11-10,3291.03
2009-11-11,3306.53
2009-11-12,3221.0
2009-11-13,3287.0
2009-11-16,3327.31
2009-11-17,3342.03
2009-11-18,3282.27
2009-11-19,3229.61
2009-11-23,3260.34
2009-11-24,3278.44
2009-11-25,3315.34
2009-11-26,3226.0
2009-11-27,3264.07
2009-11-30,3284.5
2009-12-01,3358.76
2009-12-02,3383.99
2009-12-03,3355.99
2009-12-04,3350.46
2009-12-07,3410.88
2009-12-08,3383.41
2009-12-09,3373.96
2009-12-10,3406.84
2009-12-11,3426.62
2009-12-14,3416.39
2009-12-15,3426.81
2009-12-16,3392.48
2009-12-17,3319.43
2009-12-18,3315.43
2009-12-21,3297.34
2009-12-22,3319.52
2009-12-23,3309.85
2009-12-28,3316.31
2009-12-29,3354.65
2009-12-30,3387.86
2010-01-04,3506.5
2010-01-05,3496.49
2010-01-06,3502.08
2010-01-07,3505.26
2010-01-08,3472.96
2010-01-11,3470.72
2010-01-12,3445.69
2010-01-13,3458.34
2010-01-14,3422.53
2010-01-15,3371.71
2010-01-18,3391.75
2010-01-19,3406.0
2010-01-20,3317.49
2010-01-21,3250.68
2010-01-22,3282.25
2010-01-26,3267.44
2010-01-27,3208.49
2010-01-28,3269.68
2010-01-29,3250.38
2010-02-01,3313.42
2010-02-02,3357.75
2010-02-03,3346.25
2010-02-04,3211.14
2010-02-05,3103.93
2010-02-08,3102.6
2010-02-09,3221.78
2010-02-10,3241.16
2010-02-11,3281.36
2010-02-12,3262.7
2010-02-17,3315.65
2010-02-18,3336.33
2010-02-19,3324.62
2010-02-22,3301.07
2010-02-23,3243.8
2010-02-24,3209.78
2010-02-25,3190.47
2010-02-26,3254.29
2010-03-01,3278.24
2010-03-02,3299.55
2010-03-03,3304.59
2010-03-04,3303.37
2010-03-05,3331.68
2010-03-08,3305.46
2010-03-09,3344.7
2010-03-10,3363.87
2010-03-11,3363.55
2010-03-12,3320.9
2010-03-15,3322.52
2010-03-16,3348.33
2010-03-17,3317.33
2010-03-18,3344.21
2010-03-19,3334.8
2010-03-22,3371.15
2010-03-23,3351.3
2010-03-24,3312.81
2010-03-25,3333.43
2010-03-26,3359.46
2010-03-29,3405.27
2010-03-30,3434.94
2010-03-31,3477.54
2010-04-01,3509.62
2010-04-05,3513.19
2010-04-06,3479.07
2010-04-07,3443.28
2010-04-08,3542.48
2010-04-09,3536.09
2010-04-12,3496.5
2010-04-13,3487.37
2010-04-14,3493.7
2010-04-15,3474.54
2010-04-16,3400.98
2010-04-19,3381.27
2010-04-20,3407.9
2010-04-22,3406.01
2010-04-23,3397.44
2010-04-26,3366.21
2010-04-27,3280.14
2010-04-28,3326.14
2010-04-29,3393.77
2010-04-30,3378.38
2010-05-03,3373.79
2010-05-04,3275.62
2010-05-05,3282.72
2010-05-06,3244.23
2010-05-07,3226.45
2010-05-10,3358.81
2010-05-11,3307.36
2010-05-12,3359.04
2010-05-13,3346.06
2010-05-14,3281.01
2010-05-17,3321.63
2010-05-18,3203.05
2010-05-19,3091.85
2010-05-20,3036.58
2010-05-21,3137.84
2010-05-24,3114.85
2010-05-25,3031.02
2010-05-26,3132.39
2010-05-27,3175.89
2010-05-28,3159.43
2010-05-31,3224.98
2010-06-01,3172.99
2010-06-02,3226.35
2010-06-04,3183.31
2010-06-07,3138.57
2010-06-08,3175.68
2010-06-09,3149.36
2010-06-10,3224.63
2010-06-11,3261.21
2010-06-14,3239.77
2010-06-15,3277.62
2010-06-16,3307.25
2010-06-17,3302.09
2010-06-18,3317.64
2010-06-21,3324.54
2010-06-22,3309.12
2010-06-23,3326.09
2010-06-24,3252.41
2010-06-25,3298.6
2010-06-28,3261.5
2010-06-29,3136.66
2010-06-30,3064.65
2010-07-01,3144.46
2010-07-02,3159.61
2010-07-05,3112.06
2010-07-06,3190.74
2010-07-07,3319.61
2010-07-08,3375.23
2010-07-12,3383.24
2010-07-13,3432.86
2010-07-14,3409.06
2010-07-15,3418.28
2010-07-16,3337.29
2010-07-19,3398.73
2010-07-20,3411.96
2010-07-21,3418.76
2010-07-22,3488.19
2010-07-23,3518.49
2010-07-26,3508.61
2010-07-27,3506.67
2010-07-28,3594.86
2010-07-29,3607.75
2010-07-30,3642.94
2010-08-02,3662.8
2010-08-03,3590.91
2010-08-04,3574.28
2010-08-05,3591.97
2010-08-06,3611.33
2010-08-09,3626.46
2010-08-10,3594.32
2010-08-11,3525.61
2010-08-12,3542.03
2010-08-13,3543.46
2010-08-16,3576.08
2010-08-17,3593.34
2010-08-18,3593.86
2010-08-19,3559.78
2010-08-20,3548.98
2010-08-23,3528.17
2010-08-24,3473.41
2010-08-25,3464.78
2010-08-26,3398.17
2010-08-27,3489.5
2010-08-30,3426.74
2010-08-31,3501.78
2010-09-01,3577.96
2010-09-02,3528.58
2010-09-03,3511.65
2010-09-06,3502.53
2010-09-08,3527.8
2010-09-09,3535.74
2010-09-10,3538.49
2010-09-13,3633.59
2010-09-14,3655.71
2010-09-15,3675.0
2010-09-16,3651.2
2010-09-17,3622.93
2010-09-20,3675.99
2010-09-21,3662.58
2010-09-22,3689.09
2010-09-23,3720.41
2010-09-24,3667.87
2010-09-27,3687.77
2010-09-28,3718.83
2010-09-29,3757.0
2010-09-30,3800.33
2010-10-01,3839.23
2010-10-04,3846.27
2010-10-05,3934.95
2010-10-06,3897.6
2010-10-07,3888.36
2010-10-08,3977.16
2010-10-11,3985.9
2010-10-13,4060.27
2010-10-14,4011.93
2010-10-15,4019.91
2010-10-18,3987.91
2010-10-19,3917.04
2010-10-20,3950.71
2010-10-21,3891.4
2010-10-22,3914.99
2010-10-25,3931.68
2010-10-26,3974.11
2010-10-27,3919.82
2010-10-28,3868.0
2010-10-29,3888.71
2010-11-01,3952.18
2010-11-03,3976.62
2010-11-04,4044.69
2010-11-05,4036.99
2010-11-08,4039.45
2010-11-09,3944.3
2010-11-10,3949.13
2010-11-11,3897.93
2010-11-12,3905.02
2010-11-16,3851.03
2010-11-17,3860.65
2010-11-18,3908.28
2010-11-19,3926.8
2010-11-22,3859.01
2010-11-23,3779.32
2010-11-24,3841.88
2010-11-25,3841.74
2010-11-26,3802.2
2010-11-29,3785.09
2010-11-30,3748.0
2010-12-01,3829.75
2010-12-02,3841.27
2010-12-03,3786.18
2010-12-06,3737.84
2010-12-07,3736.08
2010-12-08,3695.58
2010-12-09,3653.02
2010-12-10,3640.52
2010-12-13,3674.31
2010-12-14,3682.72
2010-12-15,3668.75
2010-12-16,3628.84
2010-12-17,3646.87
2010-12-20,3589.12
2010-12-21,3630.86
2010-12-22,3685.59
2010-12-23,3690.54
2010-12-27,3646.16
2010-12-28,3651.13
2010-12-29,3710.92
2010-12-30,3745.36
2011-01-03,3773.56
2011-01-04,3787.47
2011-01-05,3812.58
2011-01-06,3756.73
2011-01-07,3680.85
2011-01-10,3702.98
2011-01-11,3708.96
2011-01-12,3771.27
2011-01-13,3703.92
2011-01-14,3726.79
2011-01-17,3690.85
2011-01-18,3671.83
2011-01-19,3620.71
2011-01-20,3568.11
2011-01-21,3558.88
2011-01-24,3598.37
2011-01-26,3568.5
2011-01-27,3565.75
2011-01-28,3489.4
2011-01-31,3429.66
2011-02-01,3458.72
2011-02-02,3410.93
2011-02-03,3374.03
2011-02-04,3281.38
2011-02-07,3307.04
2011-02-08,3370.82
2011-02-09,3310.86
2011-02-10,3327.79
2011-02-11,3439.37
2011-02-14,3468.09
2011-02-15,3492.31
2011-02-16,3573.46
2011-02-17,3604.66
2011-02-18,3599.53
2011-02-21,3548.29
2011-02-22,3472.37
2011-02-23,3490.55
2011-02-24,3497.87
2011-02-25,3485.14
2011-02-28,3534.63
2011-03-01,3456.95
2011-03-02,3485.58
2011-03-03,3545.1
2011-03-04,3546.62
2011-03-09,3504.15
2011-03-10,3404.77
2011-03-11,3440.03
2011-03-14,3469.85
2011-03-15,3494.56
2011-03-16,3425.96
2011-03-17,3419.33
2011-03-18,3472.47
2011-03-21,3475.68
2011-03-22,3552.65
2011-03-23,3536.44
2011-03-24,3544.34
2011-03-25,3540.22
2011-03-28,3534.43
2011-03-29,3535.09
2011-03-30,3636.94
2011-03-31,3722.0
2011-04-01,3759.0
2011-04-04,3732.97
2011-04-05,3726.38
2011-04-06,3695.54
2011-04-07,3714.26
2011-04-08,3654.92
2011-04-11,3617.8
2011-04-12,3581.87
2011-04-13,3575.57
2011-04-14,3539.74
2011-04-15,3541.85
2011-04-18,3534.86
2011-04-19,3564.25
2011-04-20,3613.13
2011-04-25,3611.53
2011-04-26,3637.42
2011-04-27,3617.85
2011-04-28,3560.09
2011-04-29,3585.47
2011-05-02,3561.75
2011-05-03,3476.63
2011-05-04,3468.26
2011-05-05,3511.49
2011-05-06,3592.54
2011-05-09,3607.45
2011-05-10,3645.51
2011-05-11,3605.99
2011-05-12,3602.91
2011-05-13,3522.65
2011-05-16,3484.94
2011-05-17,3492.49
2011-05-18,3416.75
2011-05-19,3405.82
2011-05-20,3396.1
2011-05-23,3394.6
2011-05-24,3455.97
2011-05-25,3434.81
2011-05-26,3501.37
2011-05-27,3501.49
2011-05-30,3484.62
2011-05-31,3516.91
2011-06-01,3466.35
2011-06-02,3498.18
2011-06-03,3508.23
2011-06-06,3453.72
2011-06-07,3491.74
2011-06-08,3476.08
2011-06-09,3475.75
2011-06-10,3444.25
2011-06-13,3442.82
2011-06-14,3473.88
2011-06-15,3469.56
2011-06-16,3434.31
2011-06-17,3435.75
2011-06-20,3431.71
2011-06-21,3425.1
2011-06-22,3440.05
2011-06-24,3426.56
2011-06-27,3421.23
2011-06-28,3504.01
2011-06-29,3520.73
2011-06-30,3534.55
2011-07-01,3558.19
2011-07-04,3577.35
2011-07-05,3551.45
2011-07-06,3516.93
2011-07-07,3469.91
2011-07-08,3413.73
2011-07-11,3315.4
2011-07-12,3258.54
2011-07-13,3307.63
2011-07-14,3234.89
2011-07-15,3229.52
2011-07-18,3177.3
2011-07-19,3224.21
2011-07-20,3250.69
2011-07-21,3312.89
2011-07-22,3318.8
2011-07-25,3277.11
2011-07-26,3250.45
2011-07-27,3170.57
2011-07-28,3197.51
2011-07-29,3238.71
2011-08-01,3237.39
2011-08-02,3129.71
2011-08-03,3076.93
2011-08-04,2957.23
2011-08-05,2989.75
2011-08-08,2757.51
2011-08-09,2903.76
2011-08-10,2878.1
2011-08-11,2951.45
2011-08-12,2978.12
2011-08-15,3020.54
2011-08-16,3013.97
2011-08-17,3086.56
2011-08-18,2983.02
2011-08-19,2922.29
2011-08-22,2915.03
2011-08-23,2943.25
2011-08-24,2950.61
2011-08-25,2944.53
2011-08-26,2961.29
2011-08-29,3036.81
2011-08-30,3073.0
2011-08-31,3141.79
2011-09-01,3324.58
2011-09-02,3241.09
2011-09-05,3139.72
2011-09-06,3187.89
2011-09-08,3247.94
2011-09-09,3147.67
2011-09-12,3092.98
2011-09-13,3077.11
2011-09-14,3109.18
2011-09-15,3143.71
2011-09-16,3194.3
2011-09-19,3169.58
2011-09-20,3154.66
2011-09-21,3139.24
2011-09-22,3014.89
2011-09-23,2986.32
2011-09-26,3020.83
2011-09-27,3083.53
2011-09-28,3066.7
2011-09-29,3085.96
2011-09-30,3066.17
2011-10-03,3005.16
2011-10-04,2982.19
2011-10-05,3009.33
2011-10-06,3071.02
2011-10-07,3027.7
2011-10-10,3141.44
2011-10-11,3162.79
2011-10-13,3198.11
2011-10-14,3214.95
2011-10-17,3198.51
2011-10-18,3239.37
2011-10-19,3264.87
2011-10-20,3234.99
2011-10-21,3294.48
2011-10-24,3357.19
2011-10-25,3306.94
2011-10-26,3341.9
2011-10-27,3441.57
2011-10-28,3431.76
2011-10-31,3398.37
2011-11-01,3357.44
2011-11-03,3378.32
2011-11-04,3385.49
2011-11-07,3393.55
2011-11-08,3397.95
2011-11-09,3348.47
2011-11-10,3314.24
2011-11-11,3360.47
2011-11-14,3384.87
2011-11-16,3399.25
2011-11-17,3307.45
2011-11-18,3255.25
2011-11-21,3214.14
2011-11-22,3175.43
2011-11-23,3131.09
2011-11-24,3148.92
2011-11-25,3133.01
2011-11-28,3188.34
2011-11-29,3170.8
2011-11-30,3330.49
2011-12-01,3442.42
2011-12-02,3427.29
2011-12-05,3445.03
2011-12-06,3459.81
2011-12-07,3434.95
2011-12-08,3412.53
2011-12-09,3449.31
2011-12-12,3417.79
2011-12-13,3425.09
2011-12-14,3395.83
2011-12-15,3366.19
2011-12-16,3363.47
2011-12-19,3347.58
2011-12-20,3423.25
2011-12-21,3431.31
2011-12-22,3482.06
2011-12-23,3495.18
2011-12-26,3483.1
2011-12-27,3498.79
2011-12-28,3435.83
2011-12-29,3468.11
2012-01-02,3476.58
2012-01-03,3538.07
2012-01-04,3543.92
2012-01-05,3507.1
2012-01-06,3510.8
2012-01-09,3534.17
2012-01-10,3573.51
2012-01-11,3579.91
2012-01-12,3576.53
2012-01-13,3557.5
2012-01-16,3585.07
2012-01-17,3596.5
2012-01-18,3677.25
2012-01-19,3696.95
2012-01-20,3714.17
2012-01-23,3689.68
2012-01-24,3667.96
2012-01-26,3713.91
2012-01-27,3727.95
2012-01-30,3706.96
2012-01-31,3672.12
2012-02-01,3725.86
2012-02-02,3753.19
2012-02-03,3787.74
2012-02-06,3785.75
2012-02-07,3829.7
2012-02-08,3875.56
2012-02-09,3845.11
2012-02-10,3779.73
2012-02-13,3861.59
2012-02-14,3864.36
2012-02-15,3845.91
2012-02-16,3870.84
2012-02-17,3861.76
2012-02-22,3859.52
2012-02-23,3824.87
2012-02-24,3822.23
2012-02-27,3798.92
2012-02-28,3876.4
2012-02-29,3883.16
2012-03-01,3950.25
2012-03-02,4009.83
2012-03-05,3976.99
2012-03-06,3887.27
2012-03-07,3947.22
2012-03-08,4007.74
2012-03-09,4047.54
2012-03-12,4014.03
2012-03-13,4060.17
2012-03-14,4054.96
2012-03-15,4036.28
2012-03-16,4050.45
2012-03-19,4034.39
2012-03-20,3990.58
2012-03-21,3959.54
2012-03-22,3893.85
2012-03-23,3886.64
2012-03-26,3946.5
2012-03-27,3945.24
2012-03-28,3872.44
2012-03-29,3823.59
2012-03-30,3788.57
2012-04-02,3828.96
2012-04-03,3793.69
2012-04-04,3703.53
2012-04-05,3665.72
2012-04-09,3634.74
2012-04-10,3603.82
2012-04-11,3593.62
2012-04-12,3691.42
2012-04-13,3588.17
2012-04-16,3557.13
2012-04-17,3559.95
2012-04-18,3557.92
2012-04-19,3570.04
2012-04-20,3584.84
2012-04-23,3553.75
2012-04-24,3551.75
2012-04-25,3459.66
2012-04-26,3488.13
2012-04-27,3492.78
2012-04-30,3522.65
2012-05-02,3494.6
2012-05-03,3483.59
2012-05-04,3448.81
2012-05-07,3471.07
2012-05-08,3461.94
2012-05-09,3422.6
2012-05-10,3436.72
2012-05-11,3463.15
2012-05-14,3371.97
2012-05-15,3354.16
2012-05-16,3292.04
2012-05-17,3195.8
2012-05-18,3195.64
2012-05-21,3341.68
2012-05-22,3328.73
2012-05-23,3292.24
2012-05-24,3254.24
2012-05-25,3291.93
2012-05-28,3310.07
2012-05-29,3301.29
2012-05-30,3279.48
2012-05-31,3360.37
2012-06-01,3314.97
2012-06-04,3284.33
2012-06-05,3249.21
2012-06-06,3356.56
2012-06-08,3353.83
2012-06-11,3359.76
2012-06-12,3420.1
2012-06-13,3427.09
2012-06-14,3424.2
2012-06-15,3442.37
2012-06-18,3449.68
2012-06-19,3496.59
2012-06-20,3473.0
2012-06-21,3366.13
2012-06-22,3350.55
2012-06-25,3263.51
2012-06-26,3262.53
2012-06-27,3279.07
2012-06-28,3270.07
2012-06-29,3361.96
2012-07-02,3385.6
2012-07-03,3452.46
2012-07-04,3467.6
2012-07-05,3487.36
2012-07-06,3454.49
2012-07-10,3349.6
2012-07-11,3348.49
2012-07-12,3352.0
2012-07-13,3402.34
2012-07-16,3377.09
2012-07-17,3376.29
2012-07-18,3446.1
2012-07-19,3498.11
2012-07-20,3465.17
2012-07-23,3368.33
2012-07-24,3425.95
2012-07-25,3428.95
2012-07-26,3508.66
2012-07-27,3652.52
2012-07-30,3705.09
2012-07-31,3641.88
2012-08-01,3654.45
2012-08-02,3599.69
2012-08-03,3715.59
2012-08-06,3775.05
2012-08-07,3778.73
2012-08-08,3827.39
2012-08-09,3798.28
2012-08-10,3839.09
2012-08-13,3815.12
2012-08-14,3773.68
2012-08-15,3815.54
2012-08-16,3865.84
2012-08-17,3876.13
2012-08-20,3868.5
2012-08-21,3845.59
2012-08-22,3849.19
2012-08-23,3822.72
2012-08-24,3809.57
2012-08-27,3798.78
2012-08-28,3803.29
2012-08-29,3738.45
2012-08-30,3718.71
2012-08-31,3668.26
2012-09-03,3721.01
2012-09-04,3677.26
2012-09-05,3707.7
2012-09-06,3785.98
2012-09-10,3779.4
2012-09-11,3810.86
2012-09-12,3868.45
2012-09-13,3940.3
2012-09-14,4004.8
2012-09-17,3990.89
2012-09-18,3952.51
2012-09-19,3964.78
2012-09-20,3959.07
2012-09-21,3965.11
2012-09-24,3965.25
2012-09-25,3777.43
2012-09-26,3769.43
2012-09-27,3756.85
2012-09-28,3652.2
2012-10-01,3688.93
2012-10-02,3686.38
2012-10-03,3646.08
2012-10-04,3659.5
2012-10-05,3656.21
2012-10-08,3656.49
2012-10-09,3584.15
2012-10-10,3538.06
2012-10-11,3598.97
2012-10-15,3602.42
2012-10-16,3628.45
2012-10-17,3637.96
2012-10-18,3619.0
2012-10-19,3594.95
2012-10-22,3559.14
2012-10-23,3467.76
2012-10-24,3516.57
2012-10-25,3582.55
2012-10-26,3549.07
2012-10-29,3554.05
2012-10-30,3588.12
2012-10-31,3556.57
2012-11-01,3705.52
2012-11-05,3676.12
2012-11-06,3739.95
2012-11-07,3673.0
2012-11-08,3603.27
2012-11-09,3587.69
2012-11-12,3576.33
2012-11-13,3626.81
2012-11-14,3580.64
2012-11-16,3594.73
2012-11-19,3669.24
2012-11-21,3692.93
2012-11-22,3710.81
2012-11-23,3760.08
2012-11-26,3722.18
2012-11-27,3685.0
2012-11-28,3704.08
2012-11-29,3765.82
2012-11-30,3785.24
2012-12-03,3833.89
2012-12-04,3799.2
2012-12-05,3820.85
2012-12-06,3795.22
2012-12-07,3830.02
2012-12-10,3858.93
2012-12-11,3895.22
2012-12-12,3888.1
2012-12-13,3891.54
2012-12-14,3874.85
2012-12-17,3863.14
2012-12-18,3905.44
2012-12-19,4013.75
2012-12-20,4013.87
2012-12-21,4046.34
2012-12-26,4009.96
2012-12-27,3972.36
2012-12-28,4014.49
2013-01-02,4093.9
2013-01-03,4208.75
2013-01-04,4170.51
2013-01-07,4144.94
2013-01-08,4161.04
2013-01-09,4188.4
2013-01-10,4167.24
2013-01-11,4153.07
2013-01-14,4201.39
2013-01-15,4149.61
2013-01-16,4158.01
2013-01-17,4208.24
2013-01-18,4204.65
2013-01-21,4198.03
2013-01-22,4200.59
2013-01-23,4165.49
2013-01-24,4146.73
2013-01-28,4067.93
2013-01-29,4082.02
2013-01-30,4034.0
2013-01-31,4074.17
2013-02-01,4091.45
2013-02-04,4027.25
2013-02-05,4072.68
2013-02-06,4006.88
2013-02-07,3962.53
2013-02-08,3995.06
2013-02-13,3987.13
2013-02-14,3964.43
2013-02-15,4106.69
2013-02-18,4121.75
2013-02-19,4080.02
2013-02-20,4012.43
2013-02-21,4002.09
2013-02-22,4091.82
2013-02-25,4096.67
2013-02-26,4054.98
2013-02-27,4082.29
2013-02-28,4116.27
2013-03-01,4133.55
2013-03-04,4134.95
2013-03-05,4152.98
2013-03-06,4229.26
2013-03-07,4237.45
2013-03-08,4328.96
2013-03-11,4315.12
2013-03-12,4258.46
2013-03-13,4233.57
2013-03-14,4225.09
2013-03-15,4237.56
2013-03-18,4222.44
2013-03-19,4206.98
2013-03-20,4225.6
2013-03-21,4185.23
2013-03-22,4156.79
2013-03-25,4129.06
2013-03-26,4174.28
2013-03-27,4208.46
2013-03-28,4288.0
2013-04-01,4256.9
2013-04-02,4209.54
2013-04-03,4224.34
2013-04-04,4153.59
2013-04-05,4160.44
2013-04-08,4153.91
2013-04-09,4227.77
2013-04-10,4307.19
2013-04-11,4303.57
2013-04-12,4252.6
2013-04-15,4179.03
2013-04-16,4245.47
2013-04-17,4136.96
2013-04-18,4070.19
2013-04-19,4125.4
2013-04-22,4126.69
2013-04-23,4156.38
2013-04-24,4138.43
2013-04-25,4137.5
2013-04-26,4055.8
2013-04-29,4054.75
2013-04-30,4164.96
2013-05-02,4154.85
2013-05-03,4181.83
2013-05-06,4154.14
2013-05-07,4252.55
2013-05-08,4273.38
2013-05-09,4263.7
2013-05-10,4254.68
2013-05-13,4195.22
2013-05-14,4227.04
2013-05-15,4245.53
2013-05-16,4239.41
2013-05-17,4276.61
2013-05-20,4333.25
2013-05-21,4361.87
2013-05-22,4410.4
2013-05-23,4365.72
2013-05-24,4360.64
2013-05-27,4360.45
2013-05-28,4386.69
2013-05-29,4284.63
2013-05-31,4305.28
2013-06-03,4268.27
2013-06-04,4260.08
2013-06-05,4150.73
2013-06-06,4161.32
2013-06-07,4102.68
2013-06-10,4099.87
2013-06-11,3974.84
2013-06-12,3951.13
2013-06-13,3975.51
2013-06-14,3920.67
2013-06-17,3939.67
2013-06-18,3933.09
2013-06-19,3831.1
2013-06-20,3799.7
2013-06-21,3758.12
2013-06-24,3688.05
2013-06-25,3709.05
2013-06-26,3735.3
2013-06-27,3796.8
2013-06-28,3850.32
2013-07-01,3869.63
2013-07-02,3701.41
2013-07-03,3662.61
2013-07-04,3687.24
2013-07-05,3635.4
2013-07-08,3633.51
2013-07-10,3655.1
2013-07-11,3761.73
2013-07-12,3724.51
2013-07-15,3797.98
2013-07-16,3803.46
2013-07-17,3839.57
2013-07-18,3839.25
2013-07-19,3802.42
2013-07-22,3883.16
2013-07-23,3922.82
2013-07-24,3890.37
2013-07-25,3894.89
2013-07-26,3889.79
2013-07-29,3868.94
2013-07-30,3871.29
2013-07-31,3862.18
2013-08-01,3947.77
2013-08-02,3912.97
2013-08-05,3855.36
2013-08-06,3761.45
2013-08-07,3755.45
2013-08-08,3864.92
2013-08-09,3882.57
2013-08-12,3944.57
2013-08-13,3978.6
2013-08-14,3939.76
2013-08-15,3901.18
2013-08-16,3886.91
2013-08-19,3835.27
2013-08-20,3805.15
2013-08-21,3789.27
2013-08-22,3809.19
2013-08-23,3920.29
2013-08-26,3863.33
2013-08-27,3774.2
2013-08-28,3780.56
2013-08-29,3824.08
2013-08-30,3889.09
2013-09-02,3925.74
2013-09-03,3882.32
2013-09-04,3899.9
2013-09-05,3939.92
2013-09-06,4004.33
2013-09-09,4095.9
2013-09-10,4109.97
2013-09-11,4115.44
2013-09-12,4074.8
2013-09-13,4120.72
2013-09-16,4135.85
2013-09-17,4182.02
2013-09-18,4294.49
2013-09-19,4279.94
2013-09-20,4182.73
2013-09-23,4239.13
2013-09-24,4219.91
2013-09-25,4222.66
2013-09-26,4217.12
2013-09-27,4319.3
2013-09-30,4213.61
2013-10-01,4275.25
2013-10-02,4264.89
2013-10-03,4257.67
2013-10-04,4273.54
2013-10-07,4284.98
2013-10-08,4261.07
2013-10-09,4306.23
2013-10-10,4337.24
2013-10-11,4335.35
2013-10-14,4383.37
2013-10-15,4388.1
2013-10-16,4433.33
2013-10-17,4451.28
2013-10-18,4507.25
2013-10-21,4472.15
2013-10-22,4496.52
2013-10-23,4445.52
2013-10-24,4431.7
2013-10-25,4423.47
2013-10-28,4450.31
2013-10-29,4530.17
2013-10-30,4528.34
2013-10-31,4544.0
2013-11-01,4516.08
2013-11-04,4555.61
2013-11-05,4483.72
2013-11-06,4434.65
2013-11-07,4400.73
2013-11-08,4303.03
2013-11-11,4308.23
2013-11-12,4257.16
2013-11-13,4307.97
2013-11-14,4389.61
2013-11-18,4419.49
2013-11-19,4309.49
2013-11-21,4278.0
2013-11-22,4245.96
2013-11-25,4197.76
2013-11-26,4222.63
2013-11-27,4286.67
2013-11-28,4283.19
2013-11-29,4323.47
2013-12-02,4240.6
2013-12-03,4148.83
2013-12-04,4105.82
2013-12-05,4092.14
2013-12-06,4126.72
2013-12-09,4129.45
2013-12-10,4097.58
2013-12-11,4008.49
2013-12-12,4046.08
2013-12-13,4052.45
2013-12-16,4057.14
2013-12-17,4060.33
2013-12-18,4071.44
2013-12-19,4129.96
2013-12-20,4097.92
2013-12-23,4108.41
2013-12-26,4111.89
2013-12-27,4114.26
2013-12-30,4132.34
2014-01-02,4095.57
2014-01-03,4084.03
2014-01-06,4083.79
2014-01-07,4052.9
2014-01-08,4074.54
2014-01-09,3967.66
2014-01-10,3995.8
2014-01-13,3982.2
2014-01-14,4028.16
2014-01-15,4040.99
2014-01-16,4001.09
2014-01-17,3948.21
2014-01-20,3926.68
2014-01-21,3933.89
2014-01-22,3961.54
2014-01-23,3875.56
2014-01-24,3822.21
2014-01-27,3846.81
2014-01-28,3848.18
2014-01-29,3777.58
2014-01-30,3761.54
2014-01-31,3824.38
2014-02-03,3726.06
2014-02-04,3834.89
2014-02-05,3824.78
2014-02-06,3929.27
2014-02-07,3936.72
2014-02-10,3929.15
2014-02-11,3978.32
2014-02-12,3942.88
2014-02-13,3901.45
2014-02-14,3934.52
2014-02-17,3901.99
2014-02-18,3872.64
2014-02-19,3922.68
2014-02-20,3919.17
2014-02-21,3947.09
2014-02-24,3961.89
2014-02-25,3920.25
2014-02-26,3896.46
2014-02-27,3983.7
2014-02-28,3970.86
2014-03-05,3946.54
2014-03-06,4019.66
2014-03-07,3970.88
2014-03-10,3926.0
2014-03-11,3940.25
2014-03-12,3924.76
2014-03-13,3883.51
2014-03-14,3828.15
2014-03-17,3880.42
2014-03-18,3959.54
2014-03-19,4012.6
2014-03-20,4089.92
2014-03-21,4074.72
2014-03-24,4160.44
2014-03-25,4178.61
2014-03-26,4204.27
2014-03-27,4327.86
2014-03-28,4320.33
2014-03-31,4412.12
2014-04-01,4421.73
2014-04-02,4541.73
2014-04-03,4507.69
2014-04-04,4463.66
2014-04-07,4593.54
2014-04-08,4512.95
2014-04-09,4476.04
2014-04-10,4491.64
2014-04-11,4563.76
2014-04-14,4531.46
2014-04-15,4468.51
2014-04-16,4529.45
2014-04-17,4617.93
2014-04-22,4646.86
2014-04-23,4618.43
2014-04-24,4671.55
2014-04-25,4647.68
2014-04-28,4628.13
2014-04-29,4704.47
2014-04-30,4690.04
2014-05-02,4759.8
2014-05-05,4822.16
2014-05-06,4840.95
2014-05-07,4863.8
2014-05-08,4805.21
2014-05-09,4778.3
2014-05-12,4834.51
2014-05-13,4813.63
2014-05-14,4842.72
2014-05-15,4810.79
2014-05-16,4847.31
2014-05-19,4817.7
2014-05-20,4747.58
2014-05-21,4666.62
2014-05-22,4719.32
2014-05-23,4692.45
2014-05-26,4696.11
2014-05-27,4661.56
2014-05-28,4724.55
2014-05-29,4672.49
2014-05-30,4585.59
2014-06-02,4609.96
2014-06-03,4657.58
2014-06-04,4631.55
2014-06-05,4623.01
2014-06-06,4774.0
2014-06-09,4896.09
2014-06-10,4945.57
2014-06-11,5021.23
2014-06-13,5033.62
2014-06-16,5037.44
2014-06-17,4972.75
2014-06-18,5034.96
2014-06-20,4979.6
2014-06-23,4947.24
2014-06-24,5002.59
2014-06-25,4883.98
2014-06-26,4881.59
2014-06-27,4854.81
2014-06-30,4831.41
2014-07-01,4852.58
2014-07-02,4778.69
2014-07-03,4839.62
2014-07-04,4835.3
2014-07-07,4841.59
2014-07-08,4822.71
2014-07-10,4958.52
2014-07-11,4971.24
2014-07-14,5065.29
2014-07-15,5074.33
2014-07-16,4980.64
2014-07-17,4970.5
2014-07-18,5134.32
2014-07-21,5196.34
2014-07-22,5229.07
2014-07-23,5217.64
2014-07-24,5281.2
2014-07-25,5264.3
2014-07-28,5236.94
2014-07-29,5199.06
2014-07-30,5152.87
2014-07-31,5063.83
2014-08-01,5074.13
2014-08-04,5143.23
2014-08-05,5123.11
2014-08-06,5107.0
2014-08-07,5063.97
2014-08-08,5008.51
2014-08-11,5120.03
2014-08-12,5123.3
2014-08-13,5094.41
2014-08-14,5175.06
2014-08-15,5259.17
2014-08-18,5309.96
2014-08-19,5416.07
2014-08-20,5395.71
2014-08-21,5416.85
2014-08-22,5372.18
2014-08-25,5505.57
2014-08-26,5524.99
2014-08-27,5642.24
2014-08-28,5612.18
2014-08-29,5743.63
2014-09-01,5759.12
2014-09-02,5848.47
2014-09-03,5842.68
2014-09-04,5720.89
2014-09-05,5743.42
2014-09-08,5610.94
2014-09-09,5552.41
2014-09-10,5486.45
2014-09-11,5479.03
2014-09-12,5326.98
2014-09-15,5446.51
2014-09-16,5574.85
2014-09-17,5576.51
2014-09-18,5506.23
2014-09-19,5417.97
2014-09-22,5325.93
2014-09-23,5293.58
2014-09-24,5313.98
2014-09-25,5213.29
2014-09-26,5343.52
2014-09-29,5072.95
2014-09-30,4972.47
2014-10-01,4861.15
2014-10-02,4925.76
2014-10-03,5002.59
2014-10-06,5288.33
2014-10-07,5316.85
2014-10-08,5270.83
2014-10-09,5337.16
2014-10-10,5143.68
2014-10-13,5447.82
2014-10-14,5450.32
2014-10-15,5250.66
2014-10-16,5083.53
2014-10-17,5252.09
2014-10-20,5108.15
2014-10-21,4888.26
2014-10-22,4871.03
2014-10-23,4671.81
2014-10-24,4769.4
2014-10-27,4682.08
2014-10-28,4912.69
2014-10-29,4775.56
2014-10-30,5017.39
2014-10-31,5159.59
2014-11-03,5099.23
2014-11-04,5194.53
2014-11-05,5086.51
2014-11-06,4934.65
2014-11-07,4993.21
2014-11-10,4967.04
2014-11-11,4963.84
2014-11-12,5017.84
2014-11-13,4894.95
2014-11-14,4908.08
2014-11-17,4891.75
2014-11-18,5059.09
2014-11-19,5237.48
2014-11-21,5523.98
2014-11-24,5435.81
2014-11-25,5504.6
2014-11-26,5448.47
2014-11-27,5411.3
2014-11-28,5419.44
2014-12-01,5171.28
2014-12-02,5111.28
2014-12-03,5153.11
2014-12-04,5076.52
2014-12-05,5155.09
2014-12-08,4970.91
2014-12-09,4976.59
2014-12-10,4899.72
2014-12-11,4963.72
2014-12-12,4752.91
2014-12-15,4648.36
2014-12-16,4615.2
2014-12-17,4831.77
2014-12-18,4806.18
2014-12-19,4891.28
2014-12-22,4930.31
2014-12-23,4970.19
2014-12-26,4934.85
2014-12-29,4963.49
2014-12-30,4938.59
2015-01-02,4788.71
2015-01-05,4735.65
2015-01-06,4794.98
2015-01-07,4939.8
2015-01-08,4976.09
2015-01-09,4833.34
2015-01-12,4751.94
2015-01-13,4718.99
2015-01-14,4742.34
2015-01-15,4727.08
2015-01-16,4827.71
2015-01-19,4689.35
2015-01-20,4701.78
2015-01-21,4848.54
2015-01-22,4891.87
2015-01-23,4851.9
2015-01-26,4854.9
2015-01-27,4873.8
2015-01-28,4784.96
2015-01-29,4782.61
2015-01-30,4672.08
2015-02-02,4705.03
2015-02-03,4822.98
2015-02-04,4947.46
2015-02-05,4937.97
2015-02-06,4916.9
2015-02-09,4948.03
2015-02-10,4886.28
2015-02-11,4810.73
2015-02-12,4947.98
2015-02-13,5079.91
2015-02-18,5123.36
2015-02-19,5146.83
2015-02-20,5144.8
2015-02-23,5176.46
2015-02-24,5227.16
2015-02-25,5237.75
2015-02-26,5257.29
2015-02-27,5240.87
2015-03-02,5185.17
2015-03-03,5214.95
2015-03-04,5133.31
2015-03-05,5120.34
2015-03-06,5028.43
2015-03-09,4909.88
2015-03-10,4833.81
2015-03-11,4940.77
2015-03-12,4914.3
2015-03-13,4870.92
2015-03-16,4925.54
2015-03-17,5105.09
2015-03-18,5301.11
2015-03-19,5241.03
2015-03-20,5302.26
2015-03-23,5274.41
2015-03-24,5237.83
2015-03-25,5230.0
2015-03-26,5116.21
2015-03-27,5065.77
2015-03-30,5190.79
2015-03-31,5209.79
2015-04-01,5379.42
2015-04-02,5469.04
2015-04-06,5547.53
2015-04-07,5497.86
2015-04-08,5509.14
2015-04-09,5430.69
2015-04-10,5522.74
2015-04-13,5519.29
2015-04-14,5489.96
2015-04-15,5588.57
2015-04-16,5587.27
2015-04-17,5491.69
2015-04-20,5439.82
2015-04-22,5523.71
2015-04-23,5635.66
2015-04-24,5732.31
2015-04-27,5632.35
2015-04-28,5665.33
2015-04-29,5633.59
2015-04-30,5680.84
2015-05-04,5705.02
2015-05-05,5714.67
2015-05-06,5663.89
2015-05-07,5680.29
2015-05-08,5734.09
2015-05-11,5732.24
2015-05-12,5675.29
2015-05-13,5612.94
2015-05-14,5650.96
2015-05-15,5738.27
2015-05-18,5645.57
2015-05-19,5573.59
2015-05-20,5497.93
2015-05-21,5453.67
2015-05-22,5329.32
2015-05-25,5370.93
2015-05-26,5269.09
2015-05-27,5358.71
2015-05-28,5324.19
2015-05-29,5172.88
2015-06-01,5197.52
2015-06-02,5316.73
2015-06-03,5218.78
2015-06-05,5135.72
2015-06-08,5135.83
2015-06-09,5101.58
2015-06-10,5243.74
2015-06-11,5200.62
2015-06-12,5156.32
2015-06-15,5158.65
2015-06-16,5257.7
2015-06-17,5198.44
2015-06-18,5319.87
2015-06-19,5256.05
2015-06-22,5291.75
2015-06-23,5316.46
2015-06-24,5327.67
2015-06-25,5304.64
2015-06-26,5384.84
2015-06-29,5317.01
2015-06-30,5366.72
2015-07-01,5374.09
2015-07-02,5420.43
2015-07-03,5371.4
2015-07-06,5329.92
2015-07-07,5320.13
2015-07-08,5254.2
2015-07-10,5375.92
2015-07-13,5404.4
2015-07-14,5438.45
2015-07-15,5419.97
2015-07-16,5405.33
2015-07-17,5359.17
2015-07-20,5306.95
2015-07-21,5288.64
2015-07-22,5222.31
2015-07-23,5024.97
2015-07-24,4981.5
2015-07-27,4984.49
2015-07-28,5044.35
2015-07-29,5122.48
2015-07-30,5055.1
2015-07-31,5147.23
2015-08-03,5119.98
2015-08-04,5043.12
2015-08-05,5024.69
2015-08-06,4955.88
2015-08-07,4849.83
2015-08-10,4943.33
2015-08-11,4933.3
2015-08-12,4819.83
2015-08-13,4773.46
2015-08-14,4738.43
2015-08-17,4705.48
2015-08-18,4777.38
2015-08-19,4673.03
2015-08-20,4662.99
2015-08-21,4616.85
2015-08-24,4523.7
2015-08-25,4522.3
2015-08-26,4713.95
2015-08-27,4848.84
2015-08-28,4740.17
2015-08-31,4592.7
2015-09-01,4481.44
2015-09-02,4522.34
2015-09-03,4632.61
2015-09-04,4476.55
2015-09-08,4487.63
2015-09-09,4530.2
2015-09-10,4464.22
2015-09-11,4491.45
2015-09-14,4671.97
2015-09-15,4734.55
2015-09-16,4863.45
2015-09-17,4826.36
2015-09-18,4641.29
2015-09-21,4544.63
2015-09-22,4551.28
2015-09-23,4424.8
2015-09-24,4441.69
2015-09-25,4362.42
2015-09-28,4286.19
2015-09-29,4300.02
2015-09-30,4388.61
2015-10-01,4435.48
2015-10-02,4625.81
2015-10-05,4688.87
2015-10-06,4725.46
2015-10-07,4867.87
2015-10-08,4876.07
2015-10-09,4913.22
2015-10-13,4704.7
2015-10-14,4627.67
2015-10-15,4627.65
2015-10-16,4605.39
2015-10-19,4668.61
2015-10-20,4586.48
2015-10-21,4582.95
2015-10-22,4665.68
2015-10-23,4639.13
2015-10-26,4613.62
2015-10-27,4602.19
2015-10-28,4582.33
2015-10-29,4453.88
2015-10-30,4458.5
2015-11-03,4711.13
2015-11-04,4694.9
2015-11-05,4787.41
2015-11-06,4697.44
2015-11-09,4603.34
2015-11-10,4630.61
2015-11-11,4705.47
2015-11-12,4707.8
2015-11-13,4633.37
2015-11-16,4687.42
2015-11-17,4760.4
2015-11-18,4782.32
2015-11-19,4886.12
2015-11-23,4883.34
2015-11-24,4881.28
2015-11-25,4698.6
2015-11-26,4776.89
2015-11-27,4635.22
2015-11-30,4530.01
2015-12-01,4569.54
2015-12-02,4521.77
2015-12-03,4746.52
2015-12-04,4652.17
2015-12-07,4654.6
2015-12-08,4577.93
2015-12-09,4816.95
2015-12-10,4721.6
2015-12-11,4702.28
2015-12-14,4611.46
2015-12-15,4605.37
2015-12-16,4610.03
2015-12-17,4673.26
2015-12-18,4448.8
2015-12-21,4351.39
2015-12-22,4361.08
2015-12-23,4384.91
2015-12-28,4373.02
2015-12-29,4364.51
2015-12-30,4325.09
2016-01-04,4164.36
2016-01-05,4254.9
2016-01-06,4243.39
2016-01-07,4153.56
2016-01-08,4162.73
2016-01-11,4075.59
2016-01-12,4076.58
2016-01-13,4037.29
2016-01-14,4103.72
2016-01-15,4011.25
2016-01-18,3974.77
2016-01-19,3969.65
2016-01-20,3942.27
2016-01-21,3911.57
2016-01-22,3944.67
2016-01-26,3911.8
2016-01-27,3958.65
2016-01-28,4005.72
2016-01-29,4151.54
2016-02-01,4202.93
2016-02-02,3956.41
2016-02-03,4097.4
2016-02-04,4201.88
2016-02-05,4157.61
2016-02-10,4157.52
2016-02-11,4026.36
2016-02-12,4053.22
2016-02-15,4084.79
2016-02-16,4156.86
2016-02-17,4201.36
2016-02-18,4158.65
2016-02-19,4191.01
2016-02-22,4355.23
2016-02-23,4307.51
2016-02-24,4261.64
2016-02-25,4258.42
2016-02-26,4252.1
2016-02-29,4369.01
2016-03-01,4545.83
2016-03-02,4654.32
2016-03-03,4991.92
2016-03-04,5296.83
2016-03-07,5210.49
2016-03-08,5333.96
2016-03-09,5266.6
2016-03-10,5460.31
2016-03-11,5519.99
2016-03-14,5453.48
2016-03-15,5124.23
2016-03-16,5092.22
2016-03-17,5588.94
2016-03-18,5548.06
2016-03-21,5593.82
2016-03-22,5498.29
2016-03-23,5352.92
2016-03-24,5291.27
2016-03-28,5488.19
2016-03-29,5550.08
2016-03-30,5541.5
2016-03-31,5388.76
2016-04-01,5458.08
2016-04-04,5298.93
2016-04-05,5318.41
2016-04-06,5191.74
2016-04-07,5265.9
2016-04-08,5554.34
2016-04-11,5565.8
2016-04-12,5754.39
2016-04-13,5856.7
2016-04-14,5778.08
2016-04-15,5826.62
2016-04-18,5775.71
2016-04-19,5799.19
2016-04-20,5765.98
2016-04-22,5703.11
2016-04-25,5573.69
2016-04-26,5719.32
2016-04-27,5888.16
2016-04-28,5840.3
2016-04-29,5775.08
2016-05-02,5685.3
2016-05-03,5525.66
2016-05-04,5618.63
2016-05-05,5529.0
2016-05-06,5527.69
2016-05-09,5535.65
2016-05-10,5780.56
2016-05-11,5753.67
2016-05-12,5827.84
2016-05-13,5661.44
2016-05-16,5598.16
2016-05-17,5424.25
2016-05-18,5430.54
2016-05-19,5395.85
2016-05-20,5321.77
2016-05-23,5306.85
2016-05-24,5292.65
2016-05-25,5297.23
2016-05-27,5266.0
2016-05-30,5250.83
2016-05-31,5170.19
2016-06-01,5226.25
2016-06-02,5295.66
2016-06-03,5353.58
2016-06-06,5311.66
2016-06-07,5330.5
2016-06-08,5448.61
2016-06-09,5446.62
2016-06-10,5236.69
2016-06-13,5258.34
2016-06-14,5178.56
2016-06-15,5207.41
2016-06-16,5271.64
2016-06-17,5245.94
2016-06-20,5347.27
2016-06-21,5369.13
2016-06-22,5314.08
2016-06-23,5454.32
2016-06-24,5327.65
2016-06-27,5211.25
2016-06-28,5325.88
2016-06-29,5428.46
2016-06-30,5536.21
2016-07-01,5565.98
2016-07-04,5573.4
2016-07-05,5527.24
2016-07-06,5511.46
2016-07-07,5547.76
2016-07-08,5692.03
2016-07-11,5764.91
2016-07-12,5743.89
2016-07-13,5829.31
2016-07-14,6012.1
2016-07-15,6031.38
2016-07-18,6133.87
2016-07-19,6162.29
2016-07-20,6162.58
2016-07-21,6106.76
2016-07-22,6124.63
2016-07-25,6113.46
2016-07-26,6078.57
2016-07-27,6076.28
2016-07-28,6001.26
2016-07-29,6116.24
2016-08-01,6096.49
2016-08-02,6015.57
2016-08-03,6122.28
2016-08-04,6214.14
2016-08-05,6224.84
2016-08-08,6166.86
2016-08-09,6183.55
2016-08-10,6110.81
2016-08-11,6280.35
2016-08-12,6306.09
2016-08-15,6354.41
2016-08-16,6285.2
2016-08-17,6346.42
2016-08-18,6320.61
2016-08-19,6286.59
2016-08-22,6152.06
2016-08-23,6147.67
2016-08-24,6136.89
2016-08-25,6142.31
2016-08-26,6166.86
2016-08-29,6267.91
2016-08-30,6292.99
2016-08-31,6220.22
2016-09-01,6202.72
2016-09-02,6338.1
2016-09-05,6323.19
2016-09-06,6383.8
2016-09-08,6360.75
2016-09-09,6104.5
2016-09-12,6150.73
2016-09-13,5995.22
2016-09-14,6015.25
2016-09-15,6143.02
2016-09-16,6054.15
2016-09-19,6081.39
2016-09-20,6123.13
2016-09-21,6179.77
2016-09-22,6252.95
2016-09-23,6214.77
2016-09-26,6143.1
2016-09-27,6208.72
2016-09-28,6264.93
2016-09-29,6140.19
2016-09-30,6143.07
2016-10-03,6284.24
2016-10-04,6298.93
2016-10-05,6359.66
2016-10-06,6399.52
2016-10-07,6480.28
2016-10-10,6526.79
2016-10-11,6455.8
2016-10-13,6508.94
2016-10-14,6573.04
2016-10-17,6687.13
2016-10-18,6800.43
2016-10-19,6759.97
2016-10-20,6824.9
2016-10-21,6804.33
2016-10-24,6766.22
2016-10-25,6712.3
2016-10-26,6703.83
2016-10-27,6823.76
2016-10-28,6818.45
2016-10-31,7009.21
2016-11-01,6823.16
2016-11-03,6655.01
2016-11-04,6675.5
2016-11-07,6904.85
2016-11-08,6912.66
2016-11-09,6734.14
2016-11-10,6370.39
2016-11-11,6238.25
2016-11-14,6245.84
2016-11-16,6439.4
2016-11-17,6298.27
2016-11-18,6375.01
2016-11-21,6449.05
2016-11-22,6513.15
2016-11-23,6482.65
2016-11-24,6408.09
2016-11-25,6400.16
2016-11-28,6514.44
2016-11-29,6367.18
2016-11-30,6465.92
2016-12-01,6144.4
2016-12-02,6201.69
2016-12-05,6142.38
2016-12-06,6223.37
2016-12-07,6243.96
2016-12-08,6201.48
2016-12-09,6200.16
2016-12-12,5980.03
2016-12-13,6023.66
2016-12-14,5939.03
2016-12-15,5933.54
2016-12-16,5977.23
2016-12-19,5877.37
2016-12-20,5979.91
2016-12-21,5974.12
2016-12-22,5984.78
2016-12-23,6093.87
2016-12-26,6161.73
2016-12-27,6146.5
2016-12-28,6287.88
2016-12-29,6367.49
2017-01-02,6293.43
2017-01-03,6540.71
2017-01-04,6571.27
2017-01-05,6583.43
2017-01-06,6593.81
2017-01-09,6596.73
2017-01-10,6595.06
2017-01-11,6604.82
2017-01-12,6730.92
2017-01-13,6650.61
2017-01-16,6646.56
2017-01-17,6757.25
2017-01-18,6693.53
2017-01-19,6681.6
2017-01-20,6713.08
2017-01-23,6885.81
2017-01-24,6847.18
2017-01-26,7013.17
2017-01-27,7017.92
2017-01-30,6884.19
2017-01-31,6927.44
2017-02-01,6940.05
2017-02-02,6889.57
2017-02-03,6977.73
2017-02-06,6902.59
2017-02-07,6966.22
2017-02-08,7048.03
2017-02-09,7072.66
2017-02-10,7130.43
2017-02-13,7169.03
2017-02-14,7133.63
2017-02-15,7348.91
2017-02-16,7357.39
2017-02-17,7364.95
2017-02-20,7385.32
2017-02-21,7535.44
2017-02-22,7544.1
2017-02-23,7427.41
2017-02-24,7328.03
2017-03-01,7334.45
2017-03-02,7271.7
2017-03-03,7429.11
2017-03-06,7405.98
2017-03-07,7310.53
2017-03-08,7206.19
2017-03-09,7170.9
2017-03-10,7195.72
2017-03-13,7273.77
2017-03-14,7220.36
2017-03-15,7336.2
2017-03-16,7266.1
2017-03-17,7113.89
2017-03-20,7154.63
2017-03-21,7005.07
2017-03-22,7099.91
2017-03-23,7096.04
2017-03-24,7152.79
2017-03-27,7181.11
2017-03-28,7160.91
2017-03-29,7284.03
2017-03-30,7246.66
2017-03-31,7178.88
2017-04-03,7251.72
2017-04-04,7318.64
2017-04-05,7182.41
2017-04-06,7078.46
2017-04-07,7122.9
2017-04-10,7116.15
2017-04-11,7114.08
2017-04-12,7073.84
2017-04-13,6898.49
2017-04-17,7166.23
2017-04-18,7186.59
2017-04-19,7080.56
2017-04-20,7038.04
2017-04-24,7141.36
2017-04-25,7182.66
2017-04-26,7182.25
2017-04-27,7242.59
2017-04-28,7286.25
2017-05-02,7452.39
2017-05-03,7361.73
2017-05-04,7206.1
2017-05-05,7306.5
2017-05-08,7291.33
2017-05-09,7340.49
2017-05-10,7442.54
2017-05-11,7523.38
2017-05-12,7615.64
2017-05-15,7603.41
2017-05-16,7612.93
2017-05-17,7472.46
2017-05-18,6608.95
2017-05-19,6751.78
2017-05-22,6591.21
2017-05-23,6694.51
2017-05-24,6766.23
2017-05-25,6702.09
2017-05-26,6864.56
2017-05-29,6812.78
2017-05-30,6862.05
2017-05-31,6733.48
2017-06-01,6688.09
2017-06-02,6712.41
2017-06-05,6693.14
2017-06-06,6745.5
2017-06-07,6825.07
2017-06-08,6762.59
2017-06-09,6673.98
2017-06-12,6620.39
2017-06-13,6648.62
2017-06-14,6740.34
2017-06-16,6746.56
2017-06-19,6782.23
2017-06-20,6621.66
2017-06-21,6630.7
2017-06-22,6655.61
2017-06-23,6615.02
2017-06-26,6813.35
2017-06-27,6716.41
2017-06-28,6750.58
2017-06-29,6795.39
2017-06-30,6866.06
2017-07-03,6902.79
2017-07-04,6897.13
2017-07-05,6894.19
2017-07-06,6807.79
2017-07-07,6779.23
2017-07-10,6838.56
2017-07-11,6951.73
2017-07-12,7086.41
2017-07-13,7156.64
2017-07-14,7184.36
2017-07-17,7157.58
2017-07-18,7188.98
2017-07-19,7136.1
2017-07-20,7152.19
2017-07-21,7131.36
2017-07-24,7140.15
2017-07-25,7172.98
2017-07-26,7108.98
2017-07-27,7116.39
2017-07-28,7119.68
2017-07-31,7146.33
2017-08-01,7273.95
2017-08-02,7342.16
2017-08-03,7316.26
2017-08-04,7295.67
2017-08-07,7390.79
2017-08-08,7415.35
2017-08-09,7366.65
2017-08-10,7314.79
2017-08-11,7366.52
2017-08-14,7479.45
2017-08-15,7499.09
2017-08-16,7485.68
2017-08-17,7396.76
2017-08-18,7512.45
2017-08-21,7510.06
2017-08-22,7674.8
2017-08-23,7736.67
2017-08-24,7750.37
2017-08-25,7724.93
2017-08-28,7689.18
2017-08-29,7745.61
2017-08-30,7687.14
2017-08-31,7626.19
2017-09-01,7772.21
2017-09-04,7760.93
2017-09-05,7762.26
2017-09-06,7903.07
2017-09-08,7899.45
2017-09-11,8055.65
2017-09-12,8036.62
2017-09-13,8066.58
2017-09-14,8081.08
2017-09-15,8215.22
2017-09-18,8257.38
2017-09-19,8264.51
2017-09-20,8242.27
2017-09-21,8256.15
2017-09-22,8252.9
2017-09-25,8132.61
2017-09-26,8128.76
2017-09-27,8054.47
2017-09-28,8004.54
2017-09-29,8121.9
2017-10-02,8116.35
2017-10-03,8362.82
2017-10-04,8314.23
2017-10-05,8362.59
2017-10-06,8313.41
2017-10-09,8259.37
2017-10-10,8403.34
2017-10-11,8390.15
2017-10-13,8367.06
2017-10-16,8362.15
2017-10-17,8328.18
2017-10-18,8369.97
2017-10-19,8331.71
2017-10-20,8356.41
2017-10-23,8219.99
2017-10-24,8288.27
2017-10-25,8377.48
2017-10-26,8289.26
2017-10-27,8284.28
2017-10-30,8096.29
2017-10-31,7998.89
2017-11-01,7912.88
2017-11-03,7932.48
2017-11-06,7950.57
2017-11-07,7720.33
2017-11-08,7962.71
2017-11-09,7783.78
2017-11-10,7734.32
2017-11-13,7761.8
2017-11-14,7626.84
2017-11-16,7852.58
2017-11-17,7943.49
2017-11-21,8086.59
2017-11-22,8046.44
2017-11-23,8013.14
2017-11-24,7952.14
2017-11-27,7963.05
2017-11-28,7967.41
2017-11-29,7795.84
2017-11-30,7685.28
2017-12-01,7723.42
2017-12-04,7812.04
2017-12-05,7764.53
2017-12-06,7841.18
2017-12-07,7758.92
2017-12-08,7771.46
2017-12-11,7793.48
2017-12-12,7910.48
2017-12-13,7782.54
2017-12-14,7725.32
2017-12-15,7737.68
2017-12-18,7752.75
2017-12-19,7698.54
2017-12-20,7736.16
2017-12-21,7918.37
2017-12-22,7925.94
2017-12-26,7957.0
2017-12-27,7983.89
2017-12-28,8020.86
2018-01-02,8185.28
2018-01-03,8259.99
2018-01-04,8363.67
2018-01-05,8413.0
2018-01-08,8428.05
2018-01-09,8335.92
2018-01-10,8291.57
2018-01-11,8429.75
2018-01-12,8425.65
2018-01-15,8463.9
2018-01-16,8559.09
2018-01-17,8715.98
2018-01-18,8754.41
2018-01-19,8820.33
2018-01-22,8944.14
2018-01-23,8921.53
2018-01-24,9365.09
2018-01-26,9662.66
2018-01-29,9467.39
2018-01-30,9479.44
2018-01-31,9567.17
2018-02-01,9561.82
2018-02-02,9406.35
2018-02-05,9129.36
2018-02-06,9363.72
2018-02-07,9241.41
2018-02-08,9091.45
2018-02-09,9017.12
2018-02-14,9300.69
2018-02-15,9383.0
2018-02-16,9447.54
2018-02-19,9379.32
2018-02-20,9584.17
2018-02-21,9715.11
2018-02-22,9761.07
2018-02-23,9855.34
2018-02-26,9873.79
2018-02-27,9750.03
2018-02-28,9514.03
2018-03-01,9583.3
2018-03-02,9638.93
2018-03-05,9756.99
2018-03-06,9765.05
2018-03-07,9708.83
2018-03-08,9662.51
2018-03-09,9797.56
2018-03-12,9847.36
2018-03-13,9777.69
2018-03-14,9658.77
2018-03-15,9573.45
2018-03-16,9563.12
2018-03-19,9462.62
2018-03-20,9515.27
2018-03-21,9531.55
2018-03-22,9495.0
2018-03-23,9482.74
2018-03-26,9555.0
2018-03-27,9446.35
2018-03-28,9519.88
2018-03-29,9678.91
2018-04-02,9577.31
2018-04-03,9559.53
2018-04-04,9537.02
2018-04-05,9613.03
2018-04-06,9580.22
2018-04-09,9356.33
2018-04-10,9359.56
2018-04-11,9459.77
2018-04-12,9469.62
2018-04-13,9258.98
2018-04-16,9048.42
2018-04-17,9181.83
2018-04-18,9394.39
2018-04-19,9341.23
2018-04-20,9267.46
2018-04-23,9251.18
2018-04-24,9216.42
2018-04-25,9236.56
2018-04-26,9376.66
2018-04-27,9390.5
2018-04-30,9279.86
2018-05-02,9005.95
2018-05-03,8805.68
2018-05-04,8721.94
2018-05-07,8698.77
2018-05-08,8745.18
2018-05-09,8824.93
2018-05-10,8972.41
2018-05-11,8824.01
2018-05-14,8684.35
2018-05-15,8571.61
2018-05-16,8694.11
2018-05-17,8318.19
2018-05-18,8296.63
2018-05-21,8194.15
2018-05-22,8440.91
2018-05-23,8245.71
2018-05-24,8256.7
2018-05-25,8122.8
2018-05-28,7807.23
2018-05-29,7804.07
2018-05-30,7931.81
2018-06-01,8086.04
2018-06-04,8219.36
2018-06-05,7887.92
2018-06-06,7706.52
2018-06-07,7428.64
2018-06-08,7493.18
2018-06-11,7312.19
2018-06-12,7349.71
2018-06-13,7236.32
2018-06-14,7035.4
2018-06-15,7046.48
2018-06-18,6880.94
2018-06-19,7191.98
2018-06-20,7287.77
2018-06-21,7083.74
2018-06-22,7149.08
2018-06-25,7203.41
2018-06-26,7230.1
2018-06-27,7106.31
2018-06-28,7297.1
2018-06-29,7399.54
2018-07-02,7423.25
2018-07-03,7582.58
2018-07-04,7681.2
2018-07-05,7637.91
2018-07-06,7692.0
2018-07-10,7727.3
2018-07-11,7743.87
2018-07-12,7909.56
2018-07-13,8092.98
2018-07-16,8109.19
2018-07-17,8297.24
2018-07-18,8166.52
2018-07-19,8197.84
2018-07-20,8420.3
2018-07-23,8316.26
2018-07-24,8368.68
2018-07-25,8549.94
2018-07-26,8371.96
2018-07-27,8409.61
2018-07-30,8481.84
2018-07-31,8276.01
2018-08-01,8365.27
2018-08-02,8409.76
2018-08-03,8640.38
2018-08-06,8564.41
2018-08-07,8442.13
2018-08-08,8307.95
2018-08-09,8286.84
2018-08-10,7977.68
2018-08-13,8050.29
2018-08-14,8232.5
2018-08-15,8179.62
2018-08-16,8182.21
2018-08-17,7995.26
2018-08-20,7986.16
2018-08-21,7828.34
2018-08-22,7983.48
2018-08-23,7728.63
2018-08-24,7772.65
2018-08-27,7992.75
2018-08-28,7947.36
2018-08-29,8087.45
2018-08-30,7812.81
2018-08-31,7884.38
2018-09-03,7783.64
2018-09-04,7661.13
2018-09-05,7747.71
2018-09-06,7893.51
2018-09-10,7909.2
2018-09-11,7647.8
2018-09-12,7669.12
2018-09-13,7645.67
2018-09-14,7735.04
2018-09-17,7912.54
2018-09-18,7984.74
2018-09-19,7980.05
2018-09-20,7950.83
2018-09-21,8098.85
2018-09-24,7932.58
2018-09-25,7933.88
2018-09-26,7988.51
2018-09-27,8173.03
2018-09-28,8090.79
2018-10-01,7960.53
2018-10-02,8381.9
2018-10-03,8688.23
2018-10-04,8720.58
2018-10-05,8672.35
2018-10-08,9143.58
2018-10-09,9128.89
2018-10-10,8881.38
2018-10-11,8795.45
2018-10-15,8864.35
2018-10-16,9192.89
2018-10-17,9201.99
2018-10-18,8966.38
2018-10-19,8968.94
2018-10-22,9093.24
2018-10-23,9125.4
2018-10-24,8914.43
2018-10-25,9053.9
2018-10-26,9266.27
2018-10-29,9146.5
2018-10-30,9475.21
2018-10-31,9430.18
2018-11-01,9656.38
2018-11-05,9764.04
2018-11-06,9675.96
2018-11-07,9541.5
2018-11-08,9336.95
2018-11-09,9454.22
2018-11-12,9487.2
2018-11-13,9409.73
2018-11-14,9474.47
2018-11-16,9809.57
2018-11-19,9745.91
2018-11-21,9703.55
2018-11-22,9724.56
2018-11-23,9733.96
2018-11-26,9597.28
2018-11-27,9937.3
2018-11-28,10138.3
2018-11-29,10193.56
2018-11-30,10086.1
2018-12-03,10007.53
2018-12-04,9941.68
2018-12-05,9984.61
2018-12-06,10120.99
2018-12-07,10046.36
2018-12-10,9787.96
2018-12-11,9844.37
2018-12-12,9926.69
2018-12-13,10059.66
2018-12-14,10015.26
2018-12-17,9827.38
2018-12-18,9926.66
2018-12-19,9830.51
2018-12-20,9830.92
2018-12-21,9827.94
2018-12-26,9714.92
2018-12-27,9858.57
2018-12-28,10126.84
2019-01-02,10564.18
2019-01-03,10708.01
2019-01-04,10594.2
2019-01-07,10611.8
2019-01-08,10648.66
2019-01-09,10746.33
2019-01-10,10794.91
2019-01-11,10789.79
2019-01-14,10936.21
2019-01-15,10846.78
2019-01-16,10871.35
2019-01-17,10921.32
2019-01-18,11017.29
2019-01-21,10954.63
2019-01-22,10892.45
2019-01-23,11086.09
2019-01-24,11179.98
2019-01-28,11285.94
2019-01-29,11228.86
2019-01-30,11292.94
2019-01-31,11521.57
2019-02-01,11554.32
2019-02-04,11757.37
2019-02-05,11674.7
2019-02-06,11181.71
2019-02-07,11192.26
2019-02-08,11370.87
2019-02-11,11231.41
2019-02-12,11498.33
2019-02-13,11308.94
2019-02-14,11679.1
2019-02-15,11601.55
2019-02-18,11435.42
2019-02-19,11603.89
2019-02-20,11446.41
2019-02-21,11539.89
2019-02-22,11622.65
2019-02-25,11534.75
2019-02-26,11613.83
2019-02-27,11480.42
2019-02-28,11229.69
2019-03-01,11121.63
2019-03-06,11014.33
2019-03-07,11040.94
2019-03-08,11240.36
2019-03-11,11612.78
2019-03-12,11624.79
2019-03-13,11729.71
2019-03-14,11629.64
2019-03-15,11704.5
2019-03-18,11760.73
2019-03-19,11623.61
2019-03-20,11382.43
2019-03-21,11167.43
2019-03-22,10812.32
2019-03-25,10837.78
2019-03-26,10965.57
2019-03-27,10513.31
2019-03-28,10891.02
2019-03-29,11004.45
2019-04-01,11060.89
2019-04-02,10975.89
2019-04-03,10850.37
2019-04-04,11050.46
2019-04-05,11193.96
2019-04-08,11194.84
2019-04-09,11054.65
2019-04-10,11034.18
2019-04-11,10865.83
2019-04-12,10723.8
2019-04-15,10733.58
2019-04-16,10804.01
2019-04-17,10674.99
2019-04-18,10817.64
2019-04-22,10820.02
2019-04-23,11046.9
2019-04-24,11017.17
2019-04-25,11202.72
2019-04-26,11154.86
2019-04-29,11111.76
2019-04-30,11142.39
2019-05-02,11139.27
2019-05-03,11133.73
2019-05-06,10948.64
2019-05-07,10897.68
2019-05-08,11065.74
2019-05-09,10989.94
2019-05-10,10899.86
2019-05-13,10647.57
2019-05-14,10645.74
2019-05-15,10573.83
2019-05-16,10402.39
2019-05-17,10376.52
2019-05-20,10682.45
2019-05-21,11098.83
2019-05-22,11042.75
2019-05-23,11045.76
2019-05-24,10981.82
2019-05-27,11090.8
2019-05-28,11348.83
2019-05-29,11479.25
2019-05-30,11648.16
2019-05-31,11628.26
2019-06-03,11640.45
2019-06-04,11664.45
2019-06-05,11461.4
2019-06-06,11678.99
2019-06-07,11709.47
2019-06-10,11601.6
2019-06-11,11692.66
2019-06-12,11610.66
2019-06-13,11497.5
2019-06-14,11332.9
2019-06-17,11319.15
2019-06-18,11639.52
2019-06-19,11730.05
2019-06-21,12031.62
2019-06-24,12058.1
2019-06-25,11846.84
2019-06-26,11996.62
2019-06-27,12013.71
2019-06-28,12005.39
2019-07-01,12048.82
2019-07-02,11970.93
2019-07-03,12168.43
2019-07-04,12412.73
2019-07-05,12541.6
2019-07-08,12529.73
2019-07-10,12617.31
2019-07-11,12476.88
2019-07-12,12228.08
2019-07-15,12183.75
2019-07-16,12254.11
2019-07-17,12265.46
2019-07-18,12429.57
2019-07-19,12205.26
2019-07-22,12367.32
2019-07-23,12349.7
2019-07-24,12526.14
2019-07-25,12146.86
2019-07-26,12172.77
2019-07-29,12223.65
2019-07-30,12091.46
2019-07-31,11854.86
2019-08-01,11890.45
2019-08-02,11893.01
2019-08-05,11645.73
2019-08-06,11961.5
2019-08-07,12216.34
2019-08-08,12397.14
2019-08-09,12369.9
2019-08-12,12020.4
2019-08-13,12246.33
2019-08-14,11938.56
2019-08-15,11866.2
2019-08-16,11951.65
2019-08-19,11893.44
2019-08-20,11859.66
2019-08-21,12056.18
2019-08-22,11920.67
2019-08-23,11635.71
2019-08-26,11459.95
2019-08-27,11598.29
2019-08-28,11668.4
2019-08-29,11850.56
2019-08-30,11994.7
2019-09-02,11832.01
2019-09-03,11646.67
2019-09-04,11794.53
2019-09-05,12031.67
2019-09-06,12313.01
2019-09-09,12327.26
2019-09-10,12207.49
2019-09-11,12237.6
2019-09-12,12256.25
2019-09-13,12155.52
2019-09-16,12093.62
2019-09-17,12290.52
2019-09-18,12377.92
2019-09-19,12242.7
2019-09-20,12351.27
2019-09-23,12305.3
2019-09-24,12157.98
2019-09-25,12209.88
2019-09-26,12408.19
2019-09-27,12376.86
2019-09-30,12245.31
2019-10-01,12088.93
2019-10-02,11752.34
2019-10-03,11789.33
2019-10-04,11872.05
2019-10-07,11592.16
2019-10-08,11562.28
2019-10-09,11809.29
2019-10-10,11878.92
2019-10-11,12098.79
2019-10-14,12224.39
2019-10-15,12183.62
2019-10-16,12369.45
2019-10-17,12367.39
2019-10-18,12356.91
2019-10-21,12516.02
2019-10-22,12784.0
2019-10-23,12907.36
2019-10-24,12923.09
2019-10-25,12984.47
2019-10-28,13164.55
2019-10-29,13003.89
2019-10-30,13079.54
2019-10-31,12846.17
2019-11-01,12890.82
2019-11-04,12909.3
2019-11-05,13018.49
2019-11-06,12924.88
2019-11-07,12943.14
2019-11-08,12718.35
2019-11-11,12842.75
2019-11-12,12674.0
2019-11-13,12571.15
2019-11-14,12675.64
2019-11-18,12556.95
2019-11-19,12475.89
2019-11-21,12642.03
2019-11-22,12765.86
2019-11-25,12580.41
2019-11-26,12315.19
2019-11-27,12472.18
2019-11-28,12522.66
2019-11-29,12545.49
2019-12-02,12592.14
2019-12-03,12666.04
2019-12-04,12935.6
2019-12-05,12948.56
2019-12-06,12868.62
2019-12-09,12884.63
2019-12-10,12760.47
2019-12-11,12695.13
2019-12-12,12799.46
2019-12-13,12861.36
2019-12-16,12708.63
2019-12-17,12952.98
2019-12-18,13207.58
2019-12-19,13297.46
2019-12-20,13270.43
2019-12-23,13289.3
2019-12-26,13439.96
2019-12-27,13298.99
2019-12-30,13220.73
2020-01-02,13612.13
2020-01-03,13505.56
2020-01-06,13374.46
2020-01-07,13299.94
2020-01-08,13160.53
2020-01-09,13036.25
2020-01-10,12901.07
2020-01-13,13005.18
2020-01-14,13023.95
2020-01-15,12839.96
2020-01-16,12918.84
2020-01-17,13135.7
2020-01-20,13033.24
2020-01-21,12738.84
2020-01-22,12974.03
2020-01-23,13249.68
2020-01-24,13140.33
2020-01-27,12829.86
2020-01-28,12984.95
2020-01-29,12821.41
2020-01-30,12905.2
2020-01-31,12722.87
2020-02-03,12763.43
2020-02-04,12770.99
2020-02-05,12928.18
2020-02-06,12817.21
2020-02-07,12781.34
2020-02-10,12712.73
2020-02-11,12985.79
2020-02-12,13020.35
2020-02-13,12842.54
2020-02-14,12721.85
2020-02-17,12745.64
2020-02-18,12737.59
2020-02-19,12937.24
2020-02-20,12743.48
2020-02-21,12629.19
2020-02-26,11876.23
2020-02-27,11775.13
2020-02-28,12048.72
2020-03-02,12146.22
2020-03-03,11874.21
2020-03-04,11760.45
2020-03-05,11210.59
2020-03-06,10983.15
2020-03-09,9937.42
2020-03-10,10438.45
2020-03-11,9647.18
2020-03-12,8394.61
2020-03-13,9467.4
2020-03-16,8209.97
2020-03-17,8638.53
2020-03-18,7880.37
2020-03-19,7743.18
2020-03-20,7488.32
2020-03-23,6926.18
2020-03-24,7837.23
2020-03-25,8415.87
2020-03-26,8679.31
2020-03-27,8203.17
2020-03-30,8403.79
2020-03-31,8116.88
2020-04-01,7726.39
2020-04-02,7876.28
2020-04-03,7586.0
2020-04-06,8140.59
2020-04-07,8441.94
2020-04-08,8709.34
2020-04-09,8640.17
2020-04-13,8794.91
2020-04-14,8913.67
2020-04-15,8742.8
2020-04-16,8544.08
2020-04-17,8667.68
2020-04-20,8597.86
2020-04-22,8641.74
2020-04-23,8462.12
2020-04-24,7791.6
2020-04-27,8102.28
2020-04-28,8614.18
2020-04-29,8768.19
2020-04-30,8410.76
2020-05-04,8151.52
2020-05-05,8232.19
2020-05-06,8093.39
2020-05-07,7774.67
2020-05-08,8008.46
2020-05-11,7906.49
2020-05-12,7670.89
2020-05-13,7647.54
2020-05-14,7932.86
2020-05-15,7778.86
2020-05-18,8201.03
2020-05-19,7968.33
2020-05-20,8018.33
2020-05-21,8467.25
2020-05-22,8455.91
2020-05-25,8987.56
2020-05-26,8791.66
2020-05-27,8932.49
2020-05-28,8828.21
2020-05-29,8779.31
2020-06-01,8981.44
2020-06-02,9357.51
2020-06-03,9805.86
2020-06-04,9938.91
2020-06-05,10038.08
2020-06-08,10463.09
2020-06-09,10347.95
2020-06-10,10008.87
2020-06-12,9801.11
2020-06-15,9640.55
2020-06-16,9801.73
2020-06-17,10009.39
2020-06-18,10131.33
2020-06-19,10242.34
2020-06-22,10098.51
2020-06-23,10151.85
2020-06-24,9909.69
2020-06-25,10157.51
2020-06-26,9890.18
2020-06-29,10194.23
2020-06-30,9926.25
2020-07-01,10132.63
2020-07-02,10178.73
2020-07-03,10248.82
2020-07-06,10545.22
2020-07-07,10296.9
2020-07-08,10635.9
2020-07-09,10498.85
2020-07-10,10619.39
2020-07-13,10524.42
2020-07-14,10675.59
2020-07-15,10785.03
2020-07-16,10678.38
2020-07-17,10905.51
2020-07-20,11135.97
2020-07-21,11154.87
2020-07-22,11088.95
2020-07-23,10881.97
2020-07-24,10890.6
2020-07-27,11204.42
2020-07-28,11105.66
2020-07-29,11289.12
2020-07-30,11118.28
2020-07-31,10850.73
2020-08-03,10926.13
2020-08-04,10627.69
2020-08-05,10658.04
2020-08-06,10820.73
2020-08-07,10651.35
2020-08-10,10709.02
2020-08-11,10577.12
2020-08-12,10533.25
2020-08-13,10317.83
2020-08-14,10322.62
2020-08-17,10002.73
2020-08-18,10304.66
2020-08-19,10140.11
2020-08-20,10251.28
2020-08-21,10234.41
2020-08-24,10332.5
2020-08-25,10329.52
2020-08-26,10121.45
2020-08-27,10212.82
2020-08-28,10346.29
2020-08-31,9993.37
2020-09-01,10233.36
2020-09-02,10228.69
2020-09-03,10256.69
2020-09-04,10286.39
2020-09-08,10085.38
2020-09-09,10137.11
2020-09-10,9856.82
2020-09-11,9712.76
2020-09-14,9941.74
2020-09-15,9798.9
2020-09-16,9789.14
2020-09-17,9781.07
2020-09-18,9543.96
2020-09-21,9440.35
2020-09-22,9531.03
2020-09-23,9338.93
2020-09-24,9607.19
2020-09-25,9557.99
2020-09-28,9442.88
2020-09-29,9253.56
2020-09-30,9344.67
2020-10-01,9411.32
2020-10-02,9376.48
2020-10-05,9557.58
2020-10-06,9447.7
2020-10-07,9353.84
2020-10-08,9766.84
2020-10-09,9737.9
2020-10-13,9734.22
2020-10-14,9797.52
2020-10-15,9727.88
2020-10-16,9528.14
2020-10-19,9708.86
2020-10-20,10041.14
2020-10-21,10101.18
2020-10-22,10338.8
2020-10-23,10234.46
2020-10-26,10296.77
2020-10-27,10002.37
2020-10-28,9535.49
2020-10-29,9603.81
2020-10-30,9341.44
2020-11-03,9484.55
2020-11-04,9743.9
2020-11-05,10017.23
2020-11-06,10047.01
2020-11-09,10455.47
2020-11-10,10798.1
2020-11-11,10789.58
2020-11-12,10503.44
2020-11-13,10720.89
2020-11-16,10990.15
2020-11-17,11057.87
2020-11-18,10910.92
2020-11-19,10973.24
2020-11-20,10891.47
2020-11-23,10936.69
2020-11-24,11237.87
2020-11-25,11203.13
2020-11-26,11112.93
2020-11-27,11115.8
2020-11-30,10923.15
2020-12-01,11303.75
2020-12-02,11450.62
2020-12-03,11455.96
2020-12-04,11521.6
2020-12-07,11563.78
2020-12-08,11521.06
2020-12-09,11453.69
2020-12-10,11830.73
2020-12-11,11875.62
2020-12-14,11819.66
2020-12-15,11927.96
2020-12-16,12164.86
2020-12-17,12179.5
2020-12-18,12114.16
2020-12-21,11884.72
2020-12-22,12045.86
2020-12-23,12200.66
2020-12-28,12401.83
2020-12-29,12413.77
2020-12-30,12276.5
2021-01-04,12035.98
2021-01-05,11951.0
2021-01-06,12043.48
2021-01-07,12455.97
2021-01-08,12598.68
2021-01-11,12319.11
2021-01-12,12445.15
2021-01-13,12296.63
2021-01-14,12493.01
2021-01-15,12094.09
2021-01-18,12157.53
2021-01-19,12053.11
2021-01-20,11890.82
2021-01-21,11675.97
2021-01-22,11543.73
2021-01-26,11385.35
2021-01-27,11360.28
2021-01-28,11808.3
2021-01-29,11477.96
2021-02-01,11709.89
2021-02-02,11761.75
2021-02-03,11889.81
2021-02-04,11936.86
2021-02-05,11938.24
2021-02-08,11820.96
2021-02-09,11858.25
2021-02-10,11627.74
2021-02-11,11671.19
2021-02-12,11644.37
2021-02-17,11616.53
2021-02-18,11475.22
2021-02-19,11438.22
2021-02-22,10823.09
2021-02-23,11195.25
2021-02-24,11150.45
2021-02-25,10863.79
2021-02-26,10690.92
2021-03-01,10549.7
2021-03-02,10809.9
2021-03-03,10868.04
2021-03-04,10978.76
2021-03-05,11226.76
2021-03-08,10688.72
2021-03-09,10738.53
2021-03-10,10966.62
2021-03-11,11104.14
2021-03-12,11001.17
2021-03-15,11033.95
2021-03-16,10850.75
2021-03-17,11172.21
2021-03-18,11225.19
2021-03-19,11405.2
2021-03-22,11382.39
2021-03-23,11259.7
2021-03-24,11063.98
2021-03-25,11212.3
2021-03-26,11288.43
2021-03-29,11263.02
2021-03-30,11452.48
2021-03-31,11371.36
2021-04-01,11118.21
2021-04-05,11242.33
2021-04-06,11239.49
2021-04-07,11218.99
2021-04-08,11209.85
2021-04-09,11168.05
2021-04-12,11387.66
2021-04-13,11320.97
2021-04-14,11386.21
2021-04-15,11347.84
2021-04-16,11486.71
2021-04-19,11361.2
2021-04-20,11296.1
2021-04-22,11251.21
2021-04-23,11418.47
2021-04-26,11403.08
2021-04-27,11369.52
2021-04-28,11708.67
2021-04-29,11490.54
2021-04-30,11461.3
2021-05-03,11609.33
2021-05-04,11260.53
2021-05-05,11456.54
2021-05-06,11388.42
2021-05-07,11593.35
2021-05-10,11654.94
2021-05-11,11649.35
2021-05-12,11392.06
2021-05-13,11598.74
2021-05-14,11762.37
2021-05-17,11770.95
2021-05-18,11776.55
2021-05-19,11835.54
2021-05-20,11948.15
2021-05-21,11961.07
2021-05-24,12161.71
2021-05-25,11986.58
2021-05-26,12109.22
2021-05-27,12104.33
2021-05-28,12227.83
2021-05-31,12248.19
2021-06-01,12466.89
2021-06-02,12620.23
2021-06-04,12779.24
2021-06-07,12911.79
2021-06-08,12714.64
2021-06-09,12733.42
2021-06-10,12695.89
2021-06-11,12584.46
2021-06-14,12616.73
2021-06-15,12688.73
2021-06-16,12858.81
2021-06-17,12844.47
2021-06-18,12740.36
2021-06-21,12728.76
2021-06-22,12626.67
2021-06-23,12594.1
2021-06-24,12569.58
2021-06-25,12270.16
2021-06-28,12284.71
2021-06-29,12263.83
2021-06-30,12193.03
2021-07-01,12057.5
2021-07-02,12216.23
2021-07-05,12052.54
2021-07-06,11904.92
2021-07-07,12049.12
2021-07-08,11910.09
2021-07-12,12187.17
2021-07-13,12210.01
2021-07-14,12343.97
2021-07-15,12256.27
2021-07-16,12052.06
2021-07-19,11944.48
2021-07-20,12059.64
2021-07-21,12119.51
2021-07-22,12023.02
2021-07-23,11944.73
2021-07-26,12044.95
2021-07-27,11978.9
2021-07-28,12115.01
2021-07-29,12020.94
2021-07-30,11713.83
2021-08-02,11845.46
2021-08-03,11962.41
2021-08-04,11699.26
2021-08-05,11635.02
2021-08-06,11879.58
2021-08-09,11941.67
2021-08-10,11785.35
2021-08-11,11725.86
2021-08-12,11366.35
2021-08-13,11498.91
2021-08-16,11275.58
2021-08-17,11162.15
2021-08-18,11114.82
2021-08-19,11207.82
2021-08-20,11240.87
2021-08-23,11207.94
2021-08-24,11454.74
2021-08-25,11441.33
2021-08-26,11245.21
2021-08-27,11501.72
2021-08-30,11367.42
2021-08-31,11445.27
2021-09-01,11483.87
2021-09-02,11136.53
2021-09-03,11059.22
2021-09-06,11203.33
2021-09-08,10577.57
2021-09-09,10804.78
2021-09-10,10716.73
2021-09-13,10962.43
2021-09-14,10937.85
2021-09-15,10814.08
2021-09-16,10803.04
2021-09-17,10560.83
2021-09-20,10235.01
2021-09-21,10292.84
2021-09-22,10565.8
2021-09-23,10731.23
2021-09-24,10625.2
2021-09-27,10752.3
2021-09-28,10381.73
2021-09-29,10467.19
2021-09-30,10364.93
2021-10-01,10697.23
2021-10-04,10313.51
2021-10-05,10382.9
2021-10-06,10403.0
2021-10-07,10331.82
2021-10-08,10549.63
2021-10-11,10273.8
2021-10-13,10465.26
2021-10-14,10446.81
2021-10-15,10778.18
2021-10-18,10804.05
2021-10-19,10416.65
2021-10-20,10714.79
2021-10-21,10426.35
2021-10-22,10092.75
2021-10-25,10300.34
2021-10-26,10014.3
2021-10-27,10077.73
2021-10-28,10001.81
2021-10-29,9779.05
2021-11-01,10119.85
2021-11-03,10193.31
2021-11-04,9845.89
2021-11-05,10062.22
2021-11-08,9928.51
2021-11-09,9918.81
2021-11-10,10192.47
2021-11-11,10291.01
2021-11-12,10228.21
2021-11-16,10056.17
2021-11-17,9963.37
2021-11-18,9856.71
2021-11-19,9849.41
2021-11-22,9622.11
2021-11-23,9724.5
2021-11-24,9917.48
2021-11-25,10110.17
2021-11-26,9764.22
2021-11-29,9729.55
2021-11-30,9573.13
2021-12-01,9450.2
2021-12-02,9774.53
2021-12-03,9805.38
2021-12-06,9934.97
2021-12-07,9948.87
2021-12-08,9976.98
2021-12-09,9689.62
2021-12-10,9884.27
2021-12-13,9707.2
2021-12-14,9664.3
2021-12-15,9709.61
2021-12-16,9707.53
2021-12-17,9556.02
2021-12-20,9330.95
2021-12-21,9245.09
2021-12-22,9300.1
2021-12-23,9282.11
2021-12-27,9342.81
2021-12-28,9289.43
2021-12-29,9210.12
2021-12-30,9205.71
2022-01-03,9211.82
2022-01-04,9230.41
2022-01-05,9057.6
2022-01-06,9175.44
2022-01-07,9333.4
2022-01-10,9311.92
2022-01-11,9428.67
2022-01-12,9461.86
2022-01-13,9526.69
2022-01-14,9714.47
2022-01-17,9736.08
2022-01-18,9722.19
2022-01-19,9763.22
2022-01-20,9974.59
2022-01-21,9998.24
2022-01-24,9925.43
2022-01-25,10233.46
2022-01-26,10356.26
2022-01-27,10567.28
2022-01-28,10654.21
2022-01-31,10781.53
2022-02-01,10775.34
2022-02-02,10572.77
2022-02-03,10601.08
2022-02-04,10628.44
2022-02-07,10541.37
2022-02-08,10593.26
2022-02-09,10395.69
2022-02-10,10464.8
2022-02-11,10644.8
2022-02-14,10713.75
2022-02-15,10944.34
2022-02-16,10970.88
2022-02-17,10837.87
2022-02-18,10877.9
2022-02-21,10657.88
2022-02-22,10727.28
2022-02-23,10683.07
2022-02-24,10571.37
2022-02-25,10639.97
2022-03-02,10514.62
2022-03-03,10623.25
2022-03-04,10390.31
2022-03-07,10045.1
2022-03-08,10037.06
2022-03-09,10530.88
2022-03-10,10382.52
2022-03-11,10274.49
2022-03-14,10310.62
2022-03-15,10285.65
2022-03-16,10495.79
2022-03-17,10686.6
2022-03-18,10797.77
2022-03-21,10887.27
2022-03-22,11145.45
2022-03-23,11142.34
2022-03-24,11279.98
2022-03-25,11397.25
2022-03-28,11355.78
2022-03-29,11520.87
2022-03-30,11499.46
2022-03-31,11441.15
2022-04-01,11531.59
2022-04-04,11476.79
2022-04-05,11181.05
2022-04-06,11127.96
2022-04-07,11180.11
2022-04-08,11169.77
2022-04-11,11027.54
2022-04-12,10840.21
2022-04-13,10907.53
2022-04-14,10917.69
2022-04-18,11052.59
2022-04-19,10960.35
2022-04-20,10991.17
2022-04-22,10762.85
2022-04-25,10716.07
2022-04-26,10335.37
2022-04-27,10306.49
2022-04-28,10293.92
2022-04-29,10072.71
2022-05-02,9946.17
2022-05-03,9948.94
2022-05-04,10078.75
2022-05-05,9745.1
2022-05-06,9766.38
2022-05-09,9762.44
2022-05-10,9751.77
2022-05-11,9827.82
2022-05-12,10065.16
2022-05-13,10106.29
2022-05-16,10225.56
2022-05-17,10386.94
2022-05-18,10173.24
2022-05-19,10219.98
2022-05-20,10378.08
2022-05-23,10531.45
2022-05-24,10596.68
2022-05-25,10480.66
2022-05-26,10613.27
2022-05-27,10694.77
2022-05-30,10623.58
2022-05-31,10702.03
2022-06-01,10555.64
2022-06-02,10623.72
2022-06-03,10469.02
2022-06-06,10361.49
2022-06-07,10241.83
2022-06-08,10104.12
2022-06-09,10084.2
2022-06-10,9874.37
2022-06-13,9710.58
2022-06-14,9655.07
2022-06-15,9771.38
2022-06-17,9630.27
2022-06-20,9823.73
2022-06-21,9742.5
2022-06-22,9754.66
2022-06-23,9601.43
2022-06-24,9560.92
2022-06-27,9659.95
2022-06-28,9534.39
2022-06-29,9420.72
2022-06-30,9328.54
2022-07-01,9399.52
2022-07-04,9302.03
2022-07-05,9353.21
2022-07-06,9308.5
2022-07-07,9441.25
2022-07-08,9461.34
2022-07-11,9217.74
2022-07-12,9204.75
2022-07-13,9087.67
2022-07-14,8997.04
2022-07-15,9091.89
2022-07-18,9182.93
2022-07-19,9412.57
2022-07-20,9401.54
2022-07-21,9546.91
2022-07-22,9434.98
2022-07-25,9525.63
2022-07-26,9474.77
2022-07-27,9560.08
2022-07-28,9696.76
2022-07-29,9664.8
2022-08-01,9582.04
2022-08-02,9672.66
2022-08-03,9823.28
2022-08-04,10118.25
2022-08-05,10264.38
2022-08-08,10447.12
2022-08-09,10533.13
2022-08-10,10712.05
2022-08-11,10761.2
2022-08-12,11067.54
2022-08-15,11070.69
2022-08-16,11126.6
2022-08-17,11091.79
2022-08-18,11046.05
2022-08-19,10880.26
2022-08-22,10775.41
2022-08-23,10860.76
2022-08-24,10859.89
2022-08-25,10984.07
2022-08-26,10886.56
2022-08-29,10905.2
2022-08-30,10854.19
2022-08-31,10630.55
2022-09-01,10757.59
2022-09-02,10910.1
2022-09-05,10990.06
2022-09-06,10764.42
2022-09-08,10822.6
2022-09-09,10927.05
2022-09-12,11077.48
2022-09-13,10910.15
2022-09-14,10876.91
2022-09-15,10822.73
2022-09-16,10754.2
2022-09-19,11098.24
2022-09-20,11391.65
2022-09-21,11238.21
2022-09-22,11397.1
2022-09-23,11236.56
2022-09-26,10890.55
2022-09-27,10836.1
2022-09-28,10847.91
2022-09-29,10833.01
2022-09-30,10959.09
2022-10-03,11658.69
2022-10-04,11640.93
2022-10-05,11744.96
2022-10-06,11709.31
2022-10-07,11624.14
2022-10-10,11547.18
2022-10-11,11376.07
2022-10-13,11277.44
2022-10-14,11218.27
2022-10-17,11348.16
2022-10-18,11542.76
2022-10-19,11609.31
2022-10-20,11736.41
2022-10-21,12062.83
2022-10-24,11515.11
2022-10-25,11394.41
2022-10-26,10995.49
2022-10-27,11301.59
2022-10-28,11400.44
2022-10-31,11714.45
2022-11-01,11776.88
2022-11-03,11788.83
2022-11-04,11851.63
2022-11-07,11598.28
2022-11-08,11585.4
2022-11-09,10990.71
2022-11-10,10440.23
2022-11-11,10233.99
2022-11-14,10293.6
2022-11-16,10099.15
2022-11-17,10006.56
2022-11-18,10069.97
2022-11-21,10143.54
2022-11-22,10036.4
2022-11-23,10026.26
2022-11-24,10362.99
2022-11-25,10037.37
2022-11-28,10000.15
2022-11-29,10156.72
2022-11-30,10252.01
2022-12-01,10154.38
2022-12-02,10285.22
2022-12-05,9956.47
2022-12-06,10072.45
2022-12-07,10016.1
2022-12-08,9738.78
2022-12-09,9663.42
2022-12-12,9480.35
2022-12-13,9198.91
2022-12-14,9328.4
2022-12-15,9333.97
2022-12-16,9341.28
2022-12-19,9685.78
2022-12-20,9937.4
2022-12-21,10016.51
2022-12-22,10020.09
2022-12-23,10338.09
2022-12-26,10211.32
2022-12-27,10050.49
2022-12-28,10313.87
2022-12-29,10253.49
2023-01-02,9901.87
2023-01-03,9593.47
2023-01-04,9663.91
2023-01-05,9956.59
2023-01-06,10154.6
2023-01-09,10138.36
2023-01-10,10410.62
2023-01-11,10615.24
2023-01-12,10462.24
2023-01-13,10380.14
2023-01-16,10200.33
2023-01-17,10392.02
2023-01-18,10529.65
2023-01-19,10535.11
2023-01-20,10427.23
2023-01-23,10214.9
2023-01-24,10322.69
2023-01-25,10442.27
2023-01-26,10445.89
2023-01-27,10234.54
2023-01-30,10304.48
2023-01-31,10403.47
2023-02-01,10238.49
2023-02-02,10251.21
2023-02-03,10030.37
2023-02-06,10053.09
2023-02-07,9927.32
2023-02-08,10383.54
2023-02-09,10121.21
2023-02-10,10030.9
2023-02-13,10243.35
2023-02-14,10166.17
2023-02-15,10342.27
2023-02-16,10392.76
2023-02-17,10319.75
2023-02-22,10150.56
2023-02-23,10149.27
2023-02-24,9881.94
2023-02-27,9820.64
2023-02-28,9824.32
2023-03-01,9687.03
2023-03-02,9521.62
2023-03-03,9533.07
2023-03-06,9778.19
2023-03-07,9861.15
2023-03-08,10120.26
2023-03-09,10013.0
2023-03-10,9777.57
2023-03-13,9686.88
2023-03-14,9666.69
2023-03-15,9704.74
2023-03-16,9879.68
2023-03-17,9578.3
2023-03-20,9515.69
2023-03-21,9586.51
2023-03-22,9526.92
2023-03-23,9275.97
2023-03-24,9396.23
2023-03-27,9479.07
2023-03-28,9528.52
2023-03-29,9553.18
2023-03-30,9776.74
2023-03-31,9697.2
2023-04-03,9569.84
2023-04-04,9755.64
2023-04-05,9751.73
2023-04-06,9722.73
2023-04-10,9822.52
2023-04-11,10231.66
2023-04-12,10423.82
2023-04-13,10404.04
2023-04-14,10505.73
2023-04-17,10490.72
2023-04-18,10467.1
2023-04-19,10292.93
2023-04-20,10353.1
2023-04-24,10321.18
2023-04-25,10388.05
2023-04-26,10227.72
2023-04-27,10370.92
2023-04-28,10460.72
2023-05-02,10192.06
2023-05-03,10210.06
2023-05-04,10366.15
2023-05-05,10746.54
2023-05-08,10860.47
2023-05-09,10901.74
2023-05-10,10985.11
2023-05-11,11135.86
2023-05-12,11112.58
2023-05-15,11165.01
2023-05-16,11056.94
2023-05-17,11181.16
2023-05-18,11197.73
2023-05-19,11263.88
2023-05-22,11130.32
2023-05-23,11180.05
2023-05-24,11054.21
2023-05-25,11302.77
2023-05-26,11343.87
2023-05-29,11326.72
2023-05-30,11182.8
2023-05-31,11088.63
2023-06-01,11345.53
2023-06-02,11537.69
2023-06-05,11603.59
2023-06-06,11680.99
2023-06-07,11768.69
2023-06-09,11947.21
2023-06-12,11992.19
2023-06-13,11944.23
2023-06-14,12100.6
2023-06-15,12132.87
2023-06-16,12141.96
2023-06-19,12308.16
2023-06-20,12333.18
2023-06-21,12431.77
2023-06-22,12199.32
2023-06-23,12213.42
2023-06-26,12130.25
2023-06-27,12060.01
2023-06-28,11977.54
2023-06-29,12195.46
2023-06-30,12223.63
2023-07-03,12446.87
2023-07-04,12351.38
2023-07-05,12379.88
2023-07-06,12109.47
2023-07-07,12305.4
2023-07-10,12194.21
2023-07-11,12086.05
2023-07-12,12058.47
2023-07-13,12243.3
2023-07-14,12123.55
2023-07-17,12294.47
2023-07-18,12268.65
2023-07-19,12165.53
2023-07-20,12265.73
2023-07-21,12550.66
2023-07-24,12375.08
2023-07-25,12345.46
2023-07-26,12393.81
2023-07-27,12154.67
2023-07-28,12288.75
2023-07-31,12378.19
2023-08-01,12318.07
2023-08-02,12309.0
2023-08-03,12288.37
2023-08-04,12023.97
2023-08-07,11998.01
2023-08-08,11941.33
2023-08-09,11860.62
2023-08-10,11894.7
2023-08-11,11892.19
2023-08-14,11820.71
2023-08-15,11742.88
2023-08-16,11684.64
2023-08-17,11533.6
2023-08-18,11631.23
2023-08-21,11533.38
2023-08-22,11739.83
2023-08-23,11926.07
2023-08-24,11732.11
2023-08-25,11592.48
2023-08-28,11828.89
2023-08-29,11962.81
2023-08-30,11755.63
2023-08-31,11574.73
2023-09-01,11645.63
2023-09-04,11601.56
2023-09-05,11437.68
2023-09-06,11298.49
2023-09-08,11285.6
2023-09-11,11521.45
2023-09-12,11639.93
2023-09-13,11708.21
2023-09-14,11751.68
2023-09-15,11692.51
2023-09-18,11652.74
2023-09-19,11554.51
2023-09-20,11658.96
2023-09-21,11349.89
2023-09-22,11299.45
2023-09-25,11304.34
2023-09-26,11133.26
2023-09-27,11106.31
2023-09-28,11354.48
2023-09-29,11366.16
2023-10-02,11238.0
2023-10-03,11049.81
2023-10-04,11281.25
2023-10-05,11320.2
2023-10-06,11449.11
2023-10-09,11372.35
2023-10-10,11460.87
2023-10-11,11574.7
2023-10-13,11383.66
2023-10-16,11479.76
2023-10-17,11280.41
2023-10-18,11142.69
2023-10-19,11192.42
2023-10-20,11145.6
2023-10-23,11206.11
2023-10-24,11265.73
2023-10-25,11229.84
2023-10-26,11451.51
2023-10-27,11203.05
2023-10-30,11088.07
2023-10-31,11043.08
2023-11-01,11192.88
2023-11-03,11647.38
2023-11-06,11710.49
2023-11-07,11949.88
2023-11-08,12034.67
2023-11-09,11918.87
2023-11-10,12095.44
2023-11-13,11944.33
2023-11-14,12139.37
2023-11-16,12332.73
2023-11-17,12267.84
2023-11-20,12371.54
2023-11-21,12308.05
2023-11-22,12434.64
2023-11-23,12548.8
2023-11-24,12472.78
2023-11-27,12500.4
2023-11-28,12632.49
2023-11-29,12662.31
2023-11-30,12851.27
2023-12-01,12894.96
2023-12-04,12869.7
2023-12-05,12924.76
2023-12-06,12749.46
2023-12-07,12832.22
2023-12-08,12990.82
2023-12-11,13000.7
2023-12-12,12899.16
2023-12-13,13284.85
2023-12-14,13481.3
2023-12-15,13516.17
2023-12-18,13586.74
2023-12-19,13609.44
2023-12-20,13423.45
2023-12-21,13502.46
2023-12-22,13604.01
2023-12-26,13710.67
2023-12-27,13756.28
2023-12-28,13803.59
2024-01-02,13606.07
2024-01-03,13556.05
2024-01-04,13376.35
2024-01-05,13610.03
2024-01-08,13686.21
2024-01-09,13508.62
2024-01-10,13418.69
2024-01-11,13421.9
2024-01-12,13474.12
2024-01-15,13556.77
2024-01-16,13405.32
2024-01-17,13349.7
2024-01-18,13310.12
2024-01-19,13344.89
2024-01-22,13208.32
2024-01-23,13333.44
2024-01-24,13300.37
2024-01-25,13229.03
2024-01-26,13267.74
2024-01-29,13199.25
2024-01-30,13074.79
2024-01-31,13167.85
2024-02-01,13288.16
2024-02-02,13263.29
2024-02-05,13401.43
2024-02-06,13816.15
2024-02-07,13439.43
2024-02-08,13140.03
2024-02-09,13142.38
2024-02-14,13064.85
2024-02-15,13063.2
2024-02-16,13050.92
2024-02-19,13169.57
2024-02-20,13378.97
2024-02-21,13347.2
2024-02-22,13302.12
2024-02-23,13175.44
2024-02-26,13207.11
2024-02-27,13357.49
2024-02-28,13337.6
2024-02-29,13218.47
2024-03-01,13151.14
2024-03-04,13082.82
2024-03-05,13078.89
2024-03-06,13180.11
2024-03-07,13148.77
2024-03-08,13187.3
2024-03-11,13197.63
2024-03-12,13351.31
2024-03-13,13397.02
2024-03-14,13349.95
2024-03-15,13263.48
2024-03-18,13228.63
2024-03-19,13217.11
2024-03-20,13406.8
2024-03-21,13229.29
2024-03-22,13036.62
2024-03-25,13023.17
2024-03-26,13138.35
2024-03-27,13246.86
2024-03-28,13221.58
2024-04-01,13001.65
2024-04-02,13012.66
2024-04-03,13036.6
2024-04-04,13107.99
2024-04-05,13107.32
2024-04-08,13268.06
2024-04-09,13390.84
2024-04-10,13091.51
2024-04-11,13094.03
2024-04-12,12920.4
2024-04-15,12741.53
2024-04-16,12617.24
2024-04-17,12578.11
2024-04-18,12533.54
2024-04-19,12510.76
2024-04-22,12516.99
2024-04-23,12528.71
2024-04-24,12478.3
2024-04-25,12418.03
2024-04-26,12663.15
2024-04-29,12663.57
2024-04-30,12514.7
2024-05-02,12657.69
2024-05-03,12856.27
2024-05-06,12900.07
2024-05-07,12932.18
2024-05-08,12945.47
2024-05-09,12541.11
2024-05-10,12567.6
2024-05-13,12697.46
2024-05-14,12815.96
2024-05-15,12813.06
2024-05-16,12846.91
2024-05-17,12799.16
2024-05-20,12762.79
2024-05-21,12745.49
2024-05-22,12487.32
2024-05-23,12361.1
2024-05-24,12338.48
2024-05-27,12350.92
2024-05-28,12301.3
2024-05-29,12218.03
2024-05-31,12100.27
2024-06-03,12179.41
2024-06-04,12205.51
2024-06-05,12204.33
2024-06-06,12422.25
2024-06-07,12230.38
2024-06-10,12100.94
2024-06-11,12213.92
2024-06-12,12053.7
2024-06-13,11994.52
2024-06-14,12059.67
2024-06-17,12160.92
2024-06-18,12104.08
2024-06-19,12153.24
2024-06-20,12109.62
2024-06-21,12187.02
2024-06-24,12314.05
2024-06-25,12266.83
2024-06-26,12207.72
2024-06-27,12250.64
2024-06-28,12163.37
2024-07-01,12144.61
2024-07-02,12184.07
2024-07-03,12272.74
2024-07-04,12356.65
2024-07-05,12354.25
2024-07-08,12329.76
2024-07-09,12318.38
2024-07-10,12441.9
2024-07-11,12528.23
2024-07-12,12661.91
2024-07-15,12656.61
2024-07-16,12698.74
2024-07-17,12817.73
2024-07-18,12655.44
2024-07-19,12643.86
2024-07-22,12721.84
2024-07-23,12646.93
2024-07-24,12597.26
2024-07-25,12514.05
2024-07-26,12621.95
2024-07-29,12631.7
2024-07-30,12564.14
2024-07-31,12538.48
2024-08-01,12524.94
2024-08-02,12462.35
2024-08-05,12599.92
2024-08-06,12813.94
2024-08-07,12888.48
2024-08-08,12990.89
2024-08-09,13294.19
2024-08-12,13448.43
2024-08-13,13719.79
2024-08-14,13866.07
2024-08-15,14031.77
2024-08-16,13957.38
2024-08-19,14265.92
2024-08-20,14341.51
2024-08-21,14333.52
2024-08-22,14115.21
2024-08-23,14226.72
2024-08-26,14236.78
2024-08-27,14135.19
2024-08-28,14286.87
2024-08-29,14197.6
2024-08-30,14203.47
2024-09-02,14153.4
2024-09-03,14219.91
2024-09-04,14372.16
2024-09-05,14445.78
2024-09-06,14197.72
2024-09-09,14295.77
2024-09-10,14275.41
2024-09-11,14134.91
2024-09-12,14011.8
2024-09-13,14092.84
2024-09-16,14114.76
2024-09-17,14071.31
2024-09-18,13987.57
2024-09-19,13847.58
2024-09-20,13567.77
2024-09-23,13370.9
2024-09-24,13382.1
2024-09-25,13359.66
2024-09-26,13503.77
2024-09-27,13529.53
2024-09-30,13389.02
2024-10-01,13341.28
2024-10-02,13489.22
2024-10-03,13298.73
2024-10-04,13329.28
2024-10-07,13317.89
2024-10-08,13375.13
2024-10-09,13175.79
2024-10-10,13184.36
2024-10-11,13134.84
2024-10-14,13280.09
2024-10-15,13337.78
2024-10-16,13376.87
2024-10-17,13340.1
2024-10-18,13346.47
2024-10-21,13338.97
2024-10-22,13239.96
2024-10-23,13272.7
2024-10-24,13346.11
2024-10-25,13254.69
2024-10-28,13409.46
2024-10-29,13281.05
2024-10-30,13284.47
2024-10-31,13094.05
2024-11-01,12922.72
2024-11-04,13136.63
2024-11-05,13229.79
2024-11-06,13128.72
2024-11-07,13044.12
2024-11-08,12841.71
2024-11-11,12856.52
2024-11-12,12836.6
2024-11-13,12807.85
2024-11-14,12757.07
2024-11-18,12765.05
2024-11-19,12837.93
2024-11-21,12621.79
2024-11-22,12744.03
2024-11-25,12746.15
2024-11-26,12892.96
2024-11-27,12521.95
2024-11-28,12064.35
2024-11-29,12071.37
2024-12-02,11969.25
2024-12-03,12093.68
2024-12-04,12217.18
2024-12-05,12404.8
2024-12-06,12232.39
2024-12-09,12236.29
2024-12-10,12394.45
2024-12-11,12623.53
2024-12-12,12354.93
2024-12-13,12210.37
2024-12-16,12010.75
2024-12-17,12117.22
2024-12-18,11736.58
2024-12-19,11846.94
2024-12-20,11996.04
2024-12-23,11843.48
2024-12-26,11919.62
2024-12-27,11859.17
2024-12-30,11829.57
2025-01-02,11804.88
2025-01-03,11625.08
2025-01-06,11917.46
2025-01-07,12027.32
2025-01-08,11918.45
2025-01-09,11935.69
2025-01-10,11756.82
2025-01-13,11810.86
2025-01-14,11938.57
2025-01-15,12418.6
2025-01-16,12343.92
2025-01-17,12353.87
2025-01-20,12399.46
2025-01-21,12454.28
2025-01-22,12501.21
2025-01-23,12501.94
2025-01-24,12478.74
2025-01-27,12795.14
2025-01-28,12787.54
2025-01-29,12731.4
2025-01-30,13095.47
2025-01-31,13111.02
2025-02-03,13063.07
2025-02-04,13037.34
2025-02-05,13160.59
2025-02-06,13294.4
2025-02-07,13067.95
2025-02-10,13123.44
2025-02-11,13259.3
2025-02-12,12963.41
2025-02-13,13007.35
2025-02-14,13432.18
2025-02-17,13480.39
2025-02-18,13533.66
2025-02-19,13342.21
2025-02-20,13255.78
2025-02-21,13202.13
2025-02-24,13033.24
2025-02-25,13115.77
2025-02-26,12983.87
2025-02-27,12984.94
2025-02-28,12702.7
2025-03-05,12907.27
2025-03-06,12927.21
2025-03-07,13049.12
2025-03-10,12950.02
2025-03-11,12855.77
2025-03-12,12899.76
2025-03-13,13291.45
2025-03-14,13820.24
2025-03-17,13977.5
2025-03-18,13952.93
2025-03-19,14056.26
2025-03-20,13992.18
2025-03-21,14087.13
2025-03-24,14049.99
2025-03-25,14132.34
2025-03-26,14198.64
2025-03-27,14163.84
2025-03-28,14051.11
2025-03-31,13856.09
2025-04-01,13935.87
2025-04-02,13979.8
2025-04-03,14196.16
2025-04-04,13781.47
2025-04-07,13706.33
2025-04-08,13597.4
2025-04-09,13879.86
2025-04-10,13718.66
2025-04-11,13811.22
2025-04-14,14014.08
2025-04-15,14051.62
2025-04-16,13976.87
2025-04-17,14036.67
2025-04-22,14178.9
2025-04-23,14447.56
2025-04-24,14684.32
2025-04-25,14771.59
2025-04-28,14867.95
2025-04-29,14894.92
2025-04-30,15141.16
2025-05-02,14998.01
2025-05-05,14901.19
2025-05-06,14755.61
2025-05-07,14817.43
2025-05-08,15577.54
2025-05-09,15853.68
2025-05-12,15602.45
2025-05-13,15927.03
2025-05-14,15925.49
2025-05-15,15986.06
2025-05-16,15623.63
2025-05-19,15662.96
2025-05-20,15761.92
2025-05-21,15478.08
2025-05-22,15408.16
2025-05-23,15453.45
2025-05-26,15508.32
2025-05-27,15667.27
2025-05-28,15619.7
2025-05-29,15462.46
2025-05-30,15377.48
2025-06-02,15297.96
2025-06-03,15467.96
2025-06-04,15310.5
2025-06-05,15089.83
2025-06-06,15034.5
2025-06-09,14901.48
2025-06-10,14846.74
2025-06-11,15013.7
2025-06-12,15084.24
2025-06-13,14997.53
2025-06-16,15303.08
2025-06-17,15379.55
2025-06-18,15372.01
2025-06-20,15226.41
2025-06-23,15110.6
2025-06-24,15295.54
2025-06-25,15183.94
2025-06-26,15327.76
2025-06-27,15315.9
2025-06-30,15610.55
2025-07-01,15662.5
2025-07-02,15491.68
2025-07-03,15770.08
2025-07-04,15798.25
2025-07-07,15619.96
2025-07-08,15543.88
2025-07-09,15337.39
2025-07-10,15073.56
2025-07-11,14952.29
2025-07-14,14876.19
2025-07-15,14911.7
2025-07-16,14921.74
2025-07-17,14999.19
2025-07-18,14580.62
2025-07-21,14581.58
2025-07-22,14494.8
2025-07-23,14720.54
2025-07-24,14531.67
2025-07-25,14521.95
2025-07-28,14292.09
2025-07-29,14323.1
2025-07-30,14442.66
2025-07-31,14376.02
2025-08-01,14210.55
2025-08-04,14341.23
2025-08-05,14355.92
2025-08-06,14469.51
2025-08-07,14628.15
2025-08-08,14713.17
2025-08-11,14711.36
2025-08-12,15124.09
2025-08-13,15027.3
2025-08-14,15088.43
2025-08-15,15195.44
2025-08-18,15372.73
2025-08-19,14786.12
2025-08-20,14753.38
2025-08-21,14675.89
2025-08-22,15065.03
2025-08-25,15023.61
2025-08-26,15002.63
2025-08-27,15205.38
2025-08-28,15499.34
2025-08-29,15563.48
2025-09-01,15510.6
2025-09-02,15284.29
2025-09-03,15256.88
2025-09-04,15448.91
2025-09-05,15752.83
2025-09-08,15596.54
2025-09-09,15579.47
2025-09-10,15626.39
2025-09-11,15746.01
2025-09-12,15584.03
2025-09-15,15721.77
2025-09-16,15762.19
2025-09-17,16011.17
2025-09-18,16015.78
2025-09-19,16099.14
2025-09-22,15992.73
2025-09-23,16149.3
2025-09-24,16064.18
2025-09-25,15878.79
2025-09-26,16044.99
2025-09-29,16192.75
2025-09-30,16222.59
2025-10-01,16002.91
2025-10-02,15801.96
2025-10-03,15812.53
2025-10-06,15695.65
2025-10-07,15398.21
2025-10-08,15582.36
2025-10-09,15631.55
2025-10-10,15455.53
2025-10-13,15541.95
2025-10-14,15513.49
2025-10-15,15578.18
2025-10-16,15509.05
2025-10-17,15630.38
2025-10-20,15797.85
2025-10-21,15640.27
2025-10-22,15742.03
2025-10-23,15796.5
2025-10-24,15812.36
2025-10-27,15929.7
2025-10-28,15998.3
2025-10-29,16294.04
2025-10-30,16202.75
2025-10-31,16250.98
2025-11-03,16400.8
2025-11-04,16473.22
2025-11-05,16759.84
2025-11-06,16755.92
2025-11-07,16761.79
2025-11-10,16916.76
2025-11-11,17244.0
2025-11-12,17258.13
2025-11-13,17344.34
2025-11-14,17320.72
2025-11-17,17192.15
2025-11-18,17009.17
2025-11-19,16850.75
2025-11-21,16847.17
2025-11-24,16856.4
2025-11-25,16998.06
2025-11-26,17396.42
2025-11-27,17378.0
2025-11-28,17627.42
2025-12-01,17499.51
2025-12-02,17805.34
2025-12-03,17671.88
2025-12-04,17961.95
2025-12-05,16898.86
2025-12-08,17126.79
2025-12-09,16970.86
2025-12-10,17143.3
2025-12-11,17267.37
2025-12-12,17396.04
2025-12-15,17632.05
2025-12-16,17069.95
2025-12-17,16771.13
2025-12-18,16887.4
2025-12-19,16954.41
2025-12-22,16832.77
2025-12-23,17147.66
2025-12-26,17192.18
2025-12-29,17189.4
2025-12-30,17296.03
2026-01-02,17198.75
2026-01-05,17608.74
2026-01-06,17847.42
2026-01-07,17558.69
2026-01-08,17624.34
2026-01-09,17680.32
2026-01-12,17587.64
2026-01-13,17346.51
2026-01-14,17642.39
2026-01-15,17830.67
2026-01-16,17790.59
2026-01-19,17789.58
2026-01-20,17844.31
2026-01-21,18569.05
2026-01-22,19042.62
2026-01-23,19338.62
2026-01-26,19468.12
2026-01-27,19913.06
2026-01-28,20284.65
2026-01-29,20163.72
2026-01-30,19868.71
2026-02-02,20130.91
2026-02-03,20243.43
2026-02-04,19559.59
2026-02-05,19723.63
2026-02-06,19953.2
2026-02-09,20360.12
2026-02-10,20297.98
2026-02-11,20513.23
2026-02-12,20395.79
2026-02-13,20263.59
2026-02-18,20376.39
2026-02-19,20711.35
2026-02-20,21029.38
2026-02-23,20597.04
2026-02-24,20911.65
2026-02-25,20880.8
2026-02-26,20792.47
2026-02-27,20601.38
2026-03-02,20644.51
2026-03-03,19757.26
2026-03-04,20160.0
2026-03-05,19470.33
2026-03-06,19206.4
2026-03-09,19281.08
2026-03-10,19733.04
2026-03-11,19740.9
2026-03-12,19083.75
2026-03-13,18843.89
2026-03-16,19044.13
2026-03-17,19028.97
2026-03-18,18756.02
2026-03-19,18754.58
2026-03-20,18265.46
2026-03-23,18994.15
2026-03-24,18957.54
2026-03-25,19304.62
2026-03-26,18871.97
2026-03-27,18503.23
2026-03-30,18444.34
2026-03-31,19312.06
2026-04-01,19595.15
2026-04-02,19481.43
2026-04-06,19534.59
2026-04-07,19505.55
2026-04-08,20333.2
2026-04-09,20630.94
2026-04-10,20761.92
