Date,Close
2000-01-03,1004.39
2000-01-04,972.56
2000-01-05,975.73
2000-01-06,975.54
2000-01-07,988.68
2000-01-10,1015.12
2000-01-11,997.5
2000-01-12,992.63
2000-01-13,968.18
2000-01-14,991.91
2000-01-17,1013.2
2000-01-18,1016.84
2000-01-19,988.99
2000-01-20,984.5
2000-01-21,973.24
2000-01-24,981.43
2000-01-26,976.51
2000-01-27,980.58
2000-01-28,972.29
2000-01-31,966.23
2000-02-01,
2000-02-02,
2000-02-03,
2000-02-04,
2000-02-07,
2000-02-08,
2000-02-09,
2000-02-10,
2000-02-11,
2000-02-14,
2000-02-15,
2000-02-16,
2000-02-17,
2000-02-18,
2000-02-21,
2000-02-22,
2000-02-23,
2000-02-24,
2000-02-25,
2000-02-28,
2000-02-29,
2000-03-01,
2000-03-02,
2000-03-03,
2000-03-08,
2000-03-09,
2000-03-10,
2000-03-13,
2000-03-14,
2000-03-15,
2000-03-16,
2000-03-17,
2000-03-20,
2000-03-21,
2000-03-22,
2000-03-23,
2000-03-24,
2000-03-27,
2000-03-28,
2000-03-29,
2000-03-30,
2000-03-31,
2000-04-03,
2000-04-04,
2000-04-05,
2000-04-06,
2000-04-07,
2000-04-10,
2000-04-11,
2000-04-12,
2000-04-13,
2000-04-14,
2000-04-17,
2000-04-18,
2000-04-19,
2000-04-20,
2000-04-24,
2000-04-25,
2000-04-26,
2000-04-27,
2000-04-28,
2000-05-02,
2000-05-03,
2000-05-04,
2000-05-05,
2000-05-08,
2000-05-09,
2000-05-10,
2000-05-11,
2000-05-12,
2000-05-15,
2000-05-16,
2000-05-17,
2000-05-18,
2000-05-19,
2000-05-22,
2000-05-23,
2000-05-24,
2000-05-25,
2000-05-26,
2000-05-29,
2000-05-30,
2000-05-31,
2000-06-01,
2000-06-02,
2000-06-05,
2000-06-06,
2000-06-07,
2000-06-08,
2000-06-09,
2000-06-12,
2000-06-13,
2000-06-14,
2000-06-15,
2000-06-16,
2000-06-19,
2000-06-20,
2000-06-21,
2000-06-23,
2000-06-26,
2000-06-27,
2000-06-28,
2000-06-29,
2000-06-30,
2000-07-03,1003.92
2000-07-04,1016.14
2000-07-05,1018.73
2000-07-06,1027.83
2000-07-07,1048.23
2000-07-10,1056.39
2000-07-11,1038.61
2000-07-12,1056.3
2000-07-13,1028.66
2000-07-14,1033.31
2000-07-17,1065.11
2000-07-18,1070.5
2000-07-19,1064.12
2000-07-20,1070.31
2000-07-21,1077.83
2000-07-24,1075.31
2000-07-25,1066.45
2000-07-26,1078.58
2000-07-27,1083.89
2000-07-28,1071.36
2000-07-31,1074.86
2000-08-01,1062.35
2000-08-02,1048.41
2000-08-03,1063.21
2000-08-04,1081.18
2000-08-07,1091.28
2000-08-08,1085.82
2000-08-09,1083.21
2000-08-10,1087.24
2000-08-11,1107.12
2000-08-14,1129.6
2000-08-15,1129.73
2000-08-16,1104.77
2000-08-17,1120.98
2000-08-18,1109.55
2000-08-21,1108.11
2000-08-22,1110.26
2000-08-23,1117.94
2000-08-24,1116.91
2000-08-25,1134.5
2000-08-28,1126.24
2000-08-29,1132.88
2000-08-30,1143.34
2000-08-31,1144.56
2000-09-01,1155.57
2000-09-04,1159.25
2000-09-05,1156.79
2000-09-06,1169.89
2000-09-08,1169.97
2000-09-11,1166.12
2000-09-12,1162.25
2000-09-13,1174.26
2000-09-14,1159.15
2000-09-15,1163.19
2000-09-18,1132.24
2000-09-19,1144.54
2000-09-20,1128.13
2000-09-21,1132.29
2000-09-22,1144.32
2000-09-25,1156.77
2000-09-26,1155.27
2000-09-27,1140.18
2000-09-28,1145.7
2000-09-29,1146.9
2000-10-02,1128.62
2000-10-03,1140.4
2000-10-04,1144.75
2000-10-05,1159.1
2000-10-06,1140.78
2000-10-09,1139.45
2000-10-10,1144.69
2000-10-11,1135.62
2000-10-13,1126.12
2000-10-16,1121.75
2000-10-17,1110.55
2000-10-18,1082.81
2000-10-19,1112.89
2000-10-20,1097.67
2000-10-23,1072.96
2000-10-24,1040.33
2000-10-25,1017.68
2000-10-26,1033.51
2000-10-27,1063.47
2000-10-30,1087.33
2000-10-31,1104.21
2000-11-01,1103.31
2000-11-03,1092.52
2000-11-06,1095.24
2000-11-07,1098.4
2000-11-08,1084.9
2000-11-09,1069.26
2000-11-10,1070.14
2000-11-13,1053.54
2000-11-14,1077.21
2000-11-16,1087.85
2000-11-17,1079.61
2000-11-20,1079.9
2000-11-21,1088.44
2000-11-22,1078.87
2000-11-23,1062.15
2000-11-24,1064.63
2000-11-27,1057.63
2000-11-28,1059.66
2000-11-29,1043.47
2000-11-30,1013.87
2000-12-01,1025.3
2000-12-04,1038.2
2000-12-05,1062.41
2000-12-06,1063.94
2000-12-07,1076.72
2000-12-08,1091.63
2000-12-11,1111.68
2000-12-12,1100.15
2000-12-13,1114.41
2000-12-14,1106.28
2000-12-15,1116.76
2000-12-18,1129.01
2000-12-19,1153.41
2000-12-20,1124.93
2000-12-21,1120.26
2000-12-22,1131.76
2000-12-26,1125.52
2000-12-27,1166.43
2000-12-28,1159.89
2001-01-02,1177.4
2001-01-03,1232.35
2001-01-04,1226.49
2001-01-05,1223.51
2001-01-08,1223.49
2001-01-09,1247.74
2001-01-10,1254.1
2001-01-11,1236.57
2001-01-12,1222.59
2001-01-15,1229.74
2001-01-16,1232.41
2001-01-17,1257.79
2001-01-18,1285.88
2001-01-19,1296.37
2001-01-22,1294.57
2001-01-23,1322.95
2001-01-24,1323.36
2001-01-26,1324.25
2001-01-29,1336.81
2001-01-30,1343.41
2001-01-31,1349.27
2001-02-01,1323.41
2001-02-02,1304.13
2001-02-05,1303.64
2001-02-06,1323.29
2001-02-07,1307.63
2001-02-08,1320.85
2001-02-09,1301.84
2001-02-12,1292.21
2001-02-13,1292.13
2001-02-14,1295.88
2001-02-15,1288.81
2001-02-16,1261.33
2001-02-19,1260.53
2001-02-20,1257.51
2001-02-21,1251.11
2001-02-22,1262.89
2001-02-23,1271.39
2001-02-28,1266.2
2001-03-01,1293.95
2001-03-02,1298.87
2001-03-05,1290.78
2001-03-06,1279.97
2001-03-07,1308.95
2001-03-08,1311.27
2001-03-09,1301.38
2001-03-12,1275.23
2001-03-13,1275.33
2001-03-14,1263.32
2001-03-15,1271.46
2001-03-16,1278.74
2001-03-19,1262.96
2001-03-20,1281.91
2001-03-21,1269.91
2001-03-22,1231.2
2001-03-23,1256.82
2001-03-26,1267.39
2001-03-27,1282.79
2001-03-28,1269.33
2001-03-29,1252.66
2001-03-30,1269.73
2001-04-02,1254.5
2001-04-03,1241.13
2001-04-04,1231.28
2001-04-05,1240.21
2001-04-06,1248.94
2001-04-09,1257.15
2001-04-10,1281.43
2001-04-11,1272.59
2001-04-12,1288.27
2001-04-16,1272.63
2001-04-17,1272.49
2001-04-18,1289.71
2001-04-19,1274.13
2001-04-20,1256.23
2001-04-23,1272.9
2001-04-24,1271.45
2001-04-25,1292.99
2001-04-26,1337.56
2001-04-27,1350.38
2001-04-30,1336.83
2001-05-02,1351.49
2001-05-03,1317.5
2001-05-04,1312.23
2001-05-07,1310.62
2001-05-08,1310.2
2001-05-09,1323.87
2001-05-10,1353.62
2001-05-11,1339.26
2001-05-14,1322.77
2001-05-15,1317.34
2001-05-16,1323.37
2001-05-17,1322.56
2001-05-18,1325.39
2001-05-21,1332.86
2001-05-22,1328.43
2001-05-23,1319.77
2001-05-24,1310.3
2001-05-25,1289.27
2001-05-28,1281.31
2001-05-29,1280.83
2001-05-30,1287.22
2001-05-31,1300.6
2001-06-01,1308.15
2001-06-04,1317.22
2001-06-05,1307.91
2001-06-06,1303.65
2001-06-07,1309.46
2001-06-08,1305.36
2001-06-11,1303.52
2001-06-12,1311.17
2001-06-13,1342.58
2001-06-15,1322.53
2001-06-18,1294.15
2001-06-19,1294.78
2001-06-20,1303.81
2001-06-21,1286.22
2001-06-22,1273.79
2001-06-25,1277.22
2001-06-26,1277.4
2001-06-27,1274.42
2001-06-28,1285.57
2001-06-29,1305.28
2001-07-02,1305.61
2001-07-03,1279.93
2001-07-04,1270.98
2001-07-05,1278.12
2001-07-06,1264.27
2001-07-10,1233.73
2001-07-11,1232.86
2001-07-12,1262.2
2001-07-13,1262.98
2001-07-16,1250.59
2001-07-17,1263.58
2001-07-18,1255.71
2001-07-19,1264.59
2001-07-20,1260.33
2001-07-23,1256.99
2001-07-24,1249.88
2001-07-25,1255.62
2001-07-26,1244.79
2001-07-27,1245.85
2001-07-30,1226.25
2001-07-31,1238.97
2001-08-01,1234.72
2001-08-02,1250.39
2001-08-03,1256.73
2001-08-06,1260.76
2001-08-07,1255.64
2001-08-08,1264.38
2001-08-09,1268.53
2001-08-10,1274.47
2001-08-13,1266.64
2001-08-14,1252.8
2001-08-15,1231.21
2001-08-16,1229.46
2001-08-17,1199.77
2001-08-20,1199.45
2001-08-21,1195.88
2001-08-22,1200.12
2001-08-23,1189.11
2001-08-24,1204.11
2001-08-27,1196.27
2001-08-28,1199.39
2001-08-29,1200.63
2001-08-30,1176.55
2001-08-31,1176.6
2001-09-03,1160.59
2001-09-04,1171.64
2001-09-05,1174.58
2001-09-06,1170.44
2001-09-10,1135.78
2001-09-11,1047.98
2001-09-12,1065.31
2001-09-13,980.25
2001-09-14,959.66
2001-09-17,998.79
2001-09-18,994.92
2001-09-19,992.78
2001-09-20,943.78
2001-09-21,937.25
2001-09-24,938.72
2001-09-25,933.82
2001-09-26,914.11
2001-09-27,933.16
2001-09-28,936.4
2001-10-01,921.7
2001-10-02,918.68
2001-10-03,908.19
2001-10-04,925.38
2001-10-05,931.56
2001-10-08,920.45
2001-10-09,935.94
2001-10-10,967.77
2001-10-11,994.77
2001-10-15,1022.75
2001-10-16,1016.96
2001-10-17,1027.34
2001-10-18,1024.63
2001-10-19,1053.21
2001-10-22,1074.48
2001-10-23,1070.69
2001-10-24,1073.65
2001-10-25,1083.96
2001-10-26,1104.93
2001-10-29,1078.61
2001-10-30,1062.1
2001-10-31,1080.27
2001-11-01,1083.27
2001-11-05,1119.79
2001-11-06,1126.34
2001-11-07,1134.38
2001-11-08,1110.97
2001-11-09,1113.86
2001-11-12,1106.77
2001-11-13,1128.25
2001-11-14,1127.89
2001-11-16,1133.2
2001-11-19,1151.99
2001-11-20,1154.3
2001-11-21,1163.78
2001-11-22,1181.32
2001-11-23,1204.58
2001-11-26,1222.88
2001-11-27,1203.85
2001-11-28,1160.68
2001-11-29,1149.16
2001-11-30,1151.79
2001-12-03,1188.66
2001-12-04,1176.53
2001-12-05,1202.58
2001-12-06,1215.32
2001-12-07,1206.55
2001-12-10,1212.33
2001-12-11,1200.27
2001-12-12,1219.29
2001-12-13,1193.51
2001-12-14,1190.81
2001-12-17,1193.85
2001-12-18,1205.77
2001-12-19,1188.98
2001-12-20,1179.76
2001-12-21,1207.54
2001-12-26,1196.52
2001-12-27,1220.38
2001-12-28,1207.66
2002-01-02,1230.93
2002-01-03,1267.12
2002-01-04,1281.4
2002-01-07,1289.11
2002-01-08,1283.9
2002-01-09,1294.75
2002-01-10,1291.47
2002-01-11,1297.71
2002-01-14,1263.68
2002-01-15,1255.53
2002-01-16,1254.15
2002-01-17,1270.91
2002-01-18,1261.83
2002-01-21,1257.22
2002-01-22,1254.6
2002-01-23,1267.13
2002-01-24,1260.24
2002-01-28,1265.6
2002-01-29,1243.3
2002-01-30,1248.72
2002-01-31,1254.53
2002-02-01,1251.43
2002-02-04,1249.53
2002-02-05,1258.36
2002-02-06,1267.59
2002-02-07,1265.94
2002-02-08,1260.63
2002-02-13,1274.53
2002-02-14,1307.76
2002-02-15,1327.9
2002-02-18,1324.13
2002-02-19,1311.53
2002-02-20,1320.56
2002-02-21,1325.46
2002-02-22,1319.84
2002-02-25,1314.69
2002-02-26,1308.97
2002-02-27,1333.26
2002-02-28,1329.71
2002-03-01,1353.61
2002-03-04,1357.92
2002-03-05,1324.28
2002-03-06,1332.46
2002-03-07,1318.97
2002-03-08,1341.47
2002-03-11,1326.47
2002-03-12,1355.14
2002-03-13,1378.99
2002-03-14,1369.36
2002-03-15,1385.13
2002-03-18,1384.42
2002-03-19,1396.8
2002-03-20,1394.42
2002-03-21,1366.45
2002-03-22,1339.9
2002-03-25,1345.96
2002-03-26,1356.3
2002-03-27,1330.1
2002-03-28,1332.67
2002-04-01,1350.12
2002-04-02,1334.35
2002-04-03,1330.85
2002-04-04,1337.63
2002-04-05,1330.27
2002-04-08,1320.25
2002-04-09,1324.69
2002-04-10,1347.92
2002-04-11,1351.12
2002-04-12,1388.95
2002-04-15,1383.81
2002-04-16,1412.82
2002-04-17,1427.51
2002-04-18,1418.15
2002-04-19,1416.66
2002-04-22,1405.79
2002-04-23,1414.95
2002-04-24,1437.66
2002-04-25,1439.68
2002-04-26,1431.88
2002-04-29,1437.46
2002-04-30,1441.4
2002-05-02,1435.56
2002-05-03,1439.3
2002-05-06,1434.72
2002-05-07,1433.5
2002-05-08,1442.91
2002-05-09,1408.16
2002-05-10,1418.41
2002-05-13,1424.26
2002-05-14,1454.95
2002-05-15,1458.14
2002-05-16,1455.14
2002-05-17,1458.75
2002-05-20,1454.71
2002-05-21,1454.98
2002-05-22,1451.19
2002-05-23,1456.1
2002-05-24,1466.37
2002-05-27,1455.5
2002-05-28,1461.23
2002-05-29,1468.78
2002-05-31,1449.29
2002-06-03,1459.13
2002-06-04,1461.99
2002-06-05,1467.76
2002-06-06,1437.66
2002-06-07,1438.7
2002-06-10,1464.27
2002-06-11,1459.84
2002-06-12,1462.54
2002-06-13,1453.22
2002-06-14,1431.34
2002-06-17,1446.7
2002-06-18,1427.81
2002-06-19,1408.57
2002-06-20,1346.4
2002-06-21,1314.34
2002-06-24,1329.77
2002-06-25,1354.6
2002-06-26,1360.55
2002-06-27,1393.24
2002-06-28,1421.68
2002-07-01,1415.42
2002-07-02,1428.72
2002-07-03,1407.46
2002-07-04,1422.3
2002-07-05,1412.31
2002-07-08,1425.48
2002-07-10,1411.37
2002-07-11,1403.82
2002-07-12,1396.63
2002-07-15,1388.7
2002-07-16,1399.41
2002-07-17,1447.11
2002-07-18,1451.34
2002-07-19,1434.89
2002-07-22,1392.57
2002-07-23,1366.36
2002-07-24,1372.26
2002-07-25,1371.15
2002-07-26,1337.96
2002-07-29,1358.94
2002-07-30,1351.93
2002-07-31,1413.68
2002-08-01,1393.22
2002-08-02,1391.36
2002-08-05,1381.51
2002-08-06,1391.37
2002-08-07,1383.89
2002-08-08,1406.74
2002-08-09,1412.19
2002-08-12,1407.26
2002-08-13,1388.3
2002-08-14,1356.98
2002-08-15,1344.32
2002-08-16,1377.39
2002-08-19,1386.27
2002-08-20,1380.62
2002-08-21,1386.4
2002-08-22,1402.13
2002-08-23,1394.43
2002-08-26,1414.19
2002-08-27,1430.5
2002-08-28,1413.99
2002-08-29,1399.41
2002-08-30,1377.48
2002-09-02,1379.36
2002-09-03,1376.99
2002-09-04,1385.29
2002-09-05,1375.53
2002-09-06,1375.39
2002-09-09,1380.93
2002-09-10,1379.81
2002-09-11,1389.7
2002-09-12,1387.84
2002-09-13,1377.41
2002-09-16,1367.75
2002-09-17,1363.66
2002-09-18,1351.45
2002-09-19,1339.56
2002-09-20,1359.9
2002-09-23,1348.7
2002-09-24,1364.58
2002-09-25,1378.45
2002-09-26,1391.67
2002-09-27,1373.59
2002-09-30,1345.87
2002-10-01,1361.93
2002-10-02,1356.88
2002-10-03,1386.3
2002-10-04,1391.2
2002-10-07,1375.9
2002-10-08,1379.24
2002-10-09,1359.79
2002-10-10,1395.22
2002-10-11,1397.52
2002-10-14,1366.56
2002-10-15,1375.41
2002-10-16,1363.65
2002-10-17,1413.62
2002-10-18,1420.9
2002-10-21,1436.71
2002-10-22,1459.49
2002-10-23,1515.65
2002-10-24,1509.45
2002-10-25,1541.55
2002-10-28,1509.78
2002-10-29,1508.16
2002-10-30,1547.69
2002-10-31,1553.57
2002-11-01,1547.47
2002-11-04,1525.19
2002-11-05,1526.76
2002-11-06,1525.86
2002-11-07,1534.62
2002-11-08,1544.3
2002-11-11,1542.53
2002-11-12,1530.7
2002-11-13,1538.77
2002-11-14,1545.22
2002-11-18,1551.8
2002-11-19,1518.93
2002-11-20,1517.82
2002-11-21,1544.59
2002-11-22,1555.38
2002-11-25,1558.47
2002-11-26,1550.96
2002-11-27,1550.73
2002-11-28,1554.43
2002-11-29,1592.42
2002-12-02,1590.34
2002-12-03,1579.82
2002-12-04,1585.95
2002-12-05,1583.98
2002-12-06,1591.65
2002-12-09,1572.51
2002-12-10,1586.97
2002-12-11,1606.56
2002-12-12,1609.36
2002-12-13,1608.42
2002-12-16,1617.99
2002-12-17,1621.46
2002-12-18,1614.87
2002-12-19,1614.69
2002-12-20,1620.18
2002-12-23,1623.58
2002-12-26,1635.84
2002-12-27,1632.87
2002-12-30,1662.99
2003-01-02,1681.68
2003-01-03,1660.22
2003-01-06,1657.98
2003-01-07,1629.5
2003-01-08,1636.88
2003-01-09,1650.42
2003-01-10,1645.26
2003-01-13,1629.38
2003-01-14,1626.72
2003-01-15,1628.33
2003-01-16,1626.9
2003-01-17,1617.51
2003-01-20,1626.33
2003-01-21,1618.71
2003-01-22,1605.95
2003-01-23,1601.44
2003-01-24,1583.48
2003-01-27,1559.81
2003-01-28,1561.3
2003-01-29,1580.65
2003-01-30,1583.8
2003-01-31,1605.96
2003-02-03,1607.39
2003-02-04,1593.56
2003-02-05,1609.62
2003-02-06,1612.3
2003-02-07,1582.7
2003-02-10,1582.81
2003-02-11,1583.55
2003-02-12,1595.66
2003-02-13,1554.71
2003-02-14,1534.86
2003-02-17,1548.51
2003-02-18,1569.73
2003-02-19,1570.81
2003-02-20,1578.89
2003-02-21,1577.21
2003-02-24,1566.44
2003-02-25,1553.72
2003-02-26,1547.18
2003-02-27,1571.71
2003-02-28,1593.5
2003-03-05,1573.35
2003-03-06,1579.61
2003-03-07,1574.7
2003-03-10,1540.38
2003-03-11,1534.56
2003-03-12,1538.38
2003-03-13,1554.9
2003-03-14,1591.61
2003-03-17,1603.6
2003-03-18,1615.18
2003-03-19,1600.55
2003-03-20,1613.73
2003-03-21,1643.29
2003-03-24,1606.28
2003-03-25,1608.37
2003-03-26,1618.26
2003-03-27,1628.64
2003-03-28,1647.8
2003-03-31,1648.76
2003-04-01,1671.75
2003-04-02,1686.58
2003-04-03,1697.87
2003-04-04,1689.93
2003-04-07,1668.37
2003-04-08,1653.39
2003-04-09,1670.23
2003-04-10,1676.15
2003-04-11,1687.98
2003-04-14,1701.91
2003-04-15,1695.53
2003-04-16,1695.84
2003-04-17,1704.77
2003-04-22,1702.61
2003-04-23,1693.71
2003-04-24,1682.79
2003-04-25,1686.1
2003-04-28,1700.42
2003-04-29,1711.16
2003-04-30,1721.12
2003-05-02,1772.71
2003-05-05,1775.3
2003-05-06,1765.46
2003-05-07,1790.46
2003-05-08,1787.69
2003-05-09,1802.75
2003-05-12,1799.41
2003-05-13,1794.14
2003-05-14,1778.29
2003-05-15,1767.89
2003-05-16,1771.19
2003-05-19,1747.2
2003-05-20,1758.26
2003-05-21,1767.6
2003-05-22,1770.29
2003-05-23,1765.64
2003-05-26,1764.5
2003-05-27,1780.53
2003-05-28,1798.23
2003-05-29,1808.15
2003-05-30,1820.57
2003-06-02,1827.34
2003-06-03,1829.23
2003-06-04,1859.55
2003-06-05,1869.63
2003-06-06,1898.11
2003-06-09,1892.25
2003-06-10,1938.82
2003-06-11,1928.37
2003-06-12,1967.44
2003-06-13,1972.99
2003-06-16,1984.59
2003-06-17,1998.27
2003-06-18,1971.27
2003-06-20,1944.69
2003-06-23,1931.56
2003-06-24,1941.24
2003-06-25,1952.85
2003-06-26,1977.25
2003-06-27,1986.77
2003-06-30,1971.94
2003-07-01,1984.79
2003-07-02,1985.85
2003-07-03,1978.13
2003-07-04,1997.46
2003-07-07,2036.62
2003-07-08,2062.57
2003-07-10,2069.38
2003-07-11,2065.95
2003-07-14,2080.67
2003-07-15,2063.37
2003-07-16,2045.51
2003-07-17,2041.5
2003-07-18,2063.72
2003-07-21,2067.72
2003-07-22,2080.67
2003-07-23,2082.74
2003-07-24,2086.49
2003-07-25,2103.75
2003-07-28,2108.14
2003-07-29,2093.61
2003-07-30,2095.45
2003-07-31,2112.66
2003-08-01,2083.78
2003-08-04,2059.8
2003-08-05,2066.2
2003-08-06,2065.17
2003-08-07,2103.35
2003-08-08,2110.87
2003-08-11,2126.24
2003-08-12,2150.98
2003-08-13,2181.34
2003-08-14,2177.26
2003-08-15,2192.89
2003-08-18,2210.73
2003-08-19,2219.39
2003-08-20,2259.55
2003-08-21,2295.6
2003-08-22,2315.12
2003-08-25,2324.72
2003-08-26,2355.4
2003-08-27,2370.11
2003-08-28,2357.44
2003-08-29,2418.91
2003-09-01,2446.59
2003-09-02,2475.47
2003-09-03,2526.98
2003-09-04,2545.72
2003-09-05,2545.51
2003-09-08,2524.95
2003-09-09,2451.23
2003-09-10,2458.41
2003-09-11,2482.5
2003-09-12,2502.77
2003-09-15,2463.87
2003-09-16,2472.95
2003-09-17,2488.87
2003-09-18,2528.26
2003-09-19,2521.33
2003-09-22,2488.54
2003-09-23,2466.46
2003-09-24,2418.2
2003-09-25,2387.71
2003-09-26,2389.35
2003-09-29,2422.34
2003-09-30,2436.52
2003-10-01,2518.9
2003-10-02,2531.39
2003-10-03,2550.92
2003-10-06,2586.23
2003-10-07,2637.14
2003-10-08,2646.54
2003-10-09,2618.4
2003-10-10,2602.39
2003-10-13,2650.81
2003-10-14,2653.34
2003-10-15,2663.61
2003-10-16,2660.44
2003-10-17,2647.96
2003-10-20,2677.8
2003-10-21,2670.11
2003-10-22,2667.29
2003-10-23,2618.38
2003-10-24,2635.97
2003-10-27,2639.5
2003-10-28,2652.81
2003-10-29,2619.96
2003-10-30,2628.77
2003-10-31,2614.74
2003-11-03,2651.65
2003-11-04,2662.8
2003-11-05,2634.31
2003-11-06,2630.82
2003-11-07,2652.74
2003-11-10,2649.12
2003-11-11,2656.41
2003-11-12,2697.96
2003-11-13,2718.49
2003-11-14,2741.16
2003-11-17,2719.75
2003-11-18,2736.61
2003-11-19,2730.7
2003-11-20,2762.91
2003-11-21,2767.7
2003-11-24,2792.1
2003-11-25,2817.91
2003-11-26,2817.91
2003-11-27,2838.5
2003-11-28,2893.66
2003-12-01,2951.73
2003-12-02,2959.96
2003-12-03,2981.55
2003-12-04,2966.74
2003-12-05,3000.72
2003-12-08,3019.77
2003-12-09,3049.26
2003-12-10,3014.48
2003-12-11,3029.93
2003-12-12,3006.8
2003-12-15,2996.32
2003-12-16,2988.23
2003-12-17,3045.29
2003-12-18,3132.72
2003-12-19,3203.67
2003-12-22,3278.47
2003-12-23,3275.72
2003-12-26,3306.96
2003-12-29,3360.88
2003-12-30,3413.29
2004-01-02,3440.72
2004-01-05,3603.35
2004-01-06,3602.99
2004-01-07,3580.13
2004-01-08,3573.24
2004-01-09,3553.51
2004-01-12,3577.19
2004-01-13,3503.88
2004-01-14,3444.99
2004-01-15,3414.41
2004-01-16,3435.13
2004-01-19,3463.3
2004-01-20,3482.33
2004-01-21,3440.68
2004-01-22,3405.42
2004-01-23,3489.24
2004-01-26,3548.71
2004-01-27,3548.49
2004-01-28,3482.67
2004-01-29,3316.37
2004-01-30,3288.51
2004-02-02,3269.2
2004-02-03,3330.34
2004-02-04,3269.71
2004-02-05,3210.37
2004-02-06,3264.56
2004-02-09,3295.16
2004-02-10,3315.2
2004-02-11,3410.72
2004-02-12,3410.1
2004-02-13,3364.55
2004-02-16,3351.97
2004-02-17,3415.18
2004-02-18,3415.47
2004-02-19,3321.64
2004-02-20,3333.58
2004-02-25,3394.59
2004-02-26,3427.38
2004-02-27,3538.36
2004-03-01,3655.57
2004-03-02,3611.79
2004-03-03,3547.48
2004-03-04,3573.44
2004-03-05,3596.75
2004-03-08,3557.23
2004-03-09,3524.67
2004-03-10,3395.25
2004-03-11,3296.53
2004-03-12,3398.12
2004-03-15,3327.66
2004-03-16,3380.79
2004-03-17,3467.59
2004-03-18,3479.79
2004-03-19,3472.59
2004-03-22,3401.67
2004-03-23,3396.41
2004-03-24,3387.95
2004-03-25,3424.82
2004-03-26,3527.68
2004-03-29,3524.64
2004-03-30,3570.25
2004-03-31,3599.35
2004-04-01,3619.39
2004-04-02,3643.2
2004-04-05,3633.6
2004-04-06,3626.97
2004-04-07,3551.83
2004-04-08,3537.63
2004-04-12,3544.15
2004-04-13,3505.95
2004-04-14,3465.28
2004-04-15,3405.75
2004-04-16,3417.11
2004-04-19,3390.54
2004-04-20,3319.46
2004-04-22,3317.1
2004-04-23,3367.42
2004-04-26,3343.3
2004-04-27,3365.25
2004-04-28,3280.44
2004-04-29,3182.8
2004-04-30,3134.54
2004-05-03,3182.5
2004-05-04,3229.74
2004-05-05,3220.45
2004-05-06,3130.96
2004-05-07,3080.43
2004-05-10,2898.47
2004-05-11,3030.63
2004-05-12,3049.39
2004-05-13,3075.29
2004-05-14,3084.26
2004-05-17,3011.19
2004-05-18,3083.22
2004-05-19,3104.92
2004-05-20,3086.31
2004-05-21,3075.41
2004-05-24,3108.44
2004-05-25,3151.66
2004-05-26,3200.19
2004-05-27,3273.37
2004-05-28,3278.23
2004-05-31,3283.89
2004-06-01,3325.31
2004-06-02,3362.27
2004-06-03,3332.85
2004-06-04,3374.37
2004-06-07,3425.29
2004-06-08,3423.4
2004-06-09,3364.96
2004-06-11,3390.17
2004-06-14,3337.55
2004-06-15,3383.3
2004-06-16,3427.15
2004-06-17,3401.2
2004-06-18,3429.26
2004-06-21,3401.36
2004-06-22,3370.94
2004-06-23,3448.6
2004-06-24,3438.54
2004-06-25,3463.37
2004-06-28,3425.36
2004-06-29,3467.42
2004-06-30,3517.38
2004-07-01,3536.72
2004-07-02,3558.46
2004-07-05,3579.88
2004-07-06,3540.24
2004-07-07,3566.79
2004-07-08,3583.86
2004-07-12,3668.63
2004-07-13,3699.36
2004-07-14,3733.31
2004-07-15,3753.35
2004-07-16,3762.27
2004-07-19,3719.1
2004-07-20,3747.7
2004-07-21,3695.84
2004-07-22,3662.62
2004-07-23,3690.99
2004-07-26,3693.84
2004-07-27,3734.68
2004-07-28,3792.74
2004-07-29,3811.29
2004-07-30,3841.59
2004-08-02,3864.22
2004-08-03,3903.68
2004-08-04,3884.71
2004-08-05,3815.11
2004-08-06,3851.41
2004-08-09,3810.31
2004-08-10,3891.74
2004-08-11,3911.47
2004-08-12,3934.97
2004-08-13,3936.2
2004-08-16,3993.58
2004-08-17,3998.74
2004-08-18,4072.54
2004-08-19,4070.23
2004-08-20,4080.27
2004-08-23,4035.55
2004-08-24,4028.98
2004-08-25,4050.24
2004-08-26,4010.94
2004-08-27,4026.91
2004-08-30,4060.41
2004-08-31,4070.9
2004-09-01,4069.33
2004-09-02,4121.4
2004-09-03,4095.25
2004-09-06,4106.31
2004-09-08,4096.4
2004-09-09,4050.19
2004-09-10,4019.38
2004-09-13,4023.77
2004-09-14,4074.53
2004-09-15,4047.42
2004-09-16,4096.37
2004-09-17,4111.71
2004-09-20,4128.14
2004-09-21,4114.78
2004-09-22,4033.41
2004-09-23,4037.48
2004-09-24,4000.65
2004-09-27,3939.97
2004-09-28,4048.8
2004-09-29,4033.17
2004-09-30,4079.54
2004-10-01,4124.9
2004-10-04,4160.45
2004-10-05,4152.57
2004-10-06,4136.25
2004-10-07,4137.61
2004-10-08,4110.87
2004-10-11,4128.35
2004-10-13,4056.6
2004-10-14,4023.19
2004-10-15,4064.79
2004-10-18,4052.66
2004-10-19,3971.53
2004-10-20,3963.97
2004-10-21,3963.82
2004-10-22,3942.18
2004-10-25,3953.71
2004-10-26,3998.96
2004-10-27,4069.84
2004-10-28,4065.3
2004-10-29,4145.33
2004-11-01,4185.16
2004-11-03,4222.85
2004-11-04,4230.73
2004-11-05,4195.62
2004-11-08,4154.5
2004-11-09,4195.89
2004-11-10,4236.33
2004-11-11,4222.93
2004-11-12,4292.98
2004-11-16,4280.19
2004-11-17,4333.33
2004-11-18,4286.45
2004-11-19,4255.65
2004-11-22,4273.39
2004-11-23,4257.18
2004-11-24,4333.69
2004-11-25,4372.33
2004-11-26,4418.64
2004-11-29,4428.64
2004-11-30,4487.96
2004-12-01,4494.46
2004-12-02,4482.28
2004-12-03,4534.12
2004-12-06,4582.15
2004-12-07,4487.59
2004-12-08,4517.57
2004-12-09,4467.23
2004-12-10,4525.29
2004-12-13,4585.86
2004-12-14,4650.86
2004-12-15,4617.18
2004-12-16,4659.46
2004-12-17,4637.13
2004-12-20,4606.37
2004-12-21,4668.58
2004-12-22,4638.91
2004-12-23,4680.53
2004-12-27,4699.74
2004-12-28,4744.32
2004-12-29,4750.87
2004-12-30,4760.3
2005-01-03,4726.95
2005-01-04,4620.62
2005-01-05,4577.12
2005-01-06,4536.11
2005-01-07,4541.18
2005-01-10,4494.3
2005-01-11,4510.79
2005-01-12,4529.97
2005-01-13,4576.73
2005-01-14,4613.25
2005-01-17,4569.6
2005-01-18,4497.84
2005-01-19,4516.6
2005-01-20,4394.8
2005-01-21,4441.9
2005-01-24,4469.11
2005-01-26,4496.91
2005-01-27,4421.96
2005-01-28,4439.43
2005-01-31,4469.55
2005-02-01,4457.71
2005-02-02,4515.12
2005-02-03,4532.84
2005-02-04,4628.65
2005-02-09,4720.74
2005-02-10,4737.38
2005-02-11,4753.56
2005-02-14,4733.69
2005-02-15,4770.72
2005-02-16,4741.89
2005-02-17,4823.16
2005-02-18,4825.85
2005-02-21,4841.11
2005-02-22,4829.28
2005-02-23,4870.15
2005-02-24,5045.33
2005-02-25,5041.5
2005-02-28,5010.91
2005-03-01,4998.26
2005-03-02,5016.32
2005-03-03,5075.56
2005-03-04,5142.52
2005-03-07,5218.75
2005-03-08,5211.32
2005-03-09,5135.43
2005-03-10,5076.7
2005-03-11,5031.7
2005-03-14,5020.17
2005-03-15,4958.92
2005-03-16,4976.73
2005-03-17,4977.57
2005-03-18,4905.99
2005-03-21,4874.91
2005-03-22,4794.38
2005-03-23,4717.64
2005-03-24,4794.35
2005-03-28,4715.42
2005-03-29,4572.51
2005-03-30,4617.9
2005-03-31,4651.34
2005-04-01,4650.21
2005-04-04,4568.62
2005-04-05,4494.52
2005-04-06,4422.26
2005-04-07,4493.25
2005-04-08,4404.37
2005-04-11,4358.99
2005-04-12,4309.57
2005-04-13,4267.18
2005-04-14,4094.83
2005-04-15,4045.24
2005-04-18,4084.26
2005-04-19,4182.62
2005-04-20,4118.32
2005-04-22,4087.49
2005-04-25,4145.76
2005-04-26,4175.58
2005-04-27,4145.99
2005-04-28,4052.7
2005-04-29,4066.2
2005-05-02,4054.42
2005-05-03,4076.44
2005-05-04,4171.47
2005-05-05,4143.13
2005-05-06,4196.5
2005-05-09,4157.36
2005-05-10,4072.65
2005-05-11,4026.32
2005-05-12,3911.68
2005-05-13,3864.84
2005-05-16,3910.13
2005-05-17,3898.84
2005-05-18,3963.31
2005-05-19,3934.72
2005-05-20,3898.6
2005-05-23,3853.36
2005-05-24,3893.59
2005-05-25,3863.53
2005-05-27,3973.3
2005-05-30,4026.81
2005-05-31,4017.79
2005-06-01,4100.64
2005-06-02,4214.94
2005-06-03,4210.79
2005-06-06,4111.88
2005-06-07,4030.35
2005-06-08,3973.39
2005-06-09,3962.97
2005-06-10,4023.36
2005-06-13,4045.96
2005-06-14,4156.27
2005-06-15,4139.28
2005-06-16,4190.71
2005-06-17,4179.53
2005-06-20,4169.5
2005-06-21,4107.99
2005-06-22,4104.51
2005-06-23,4003.66
2005-06-24,3988.24
2005-06-27,3987.96
2005-06-28,4000.17
2005-06-29,3992.46
2005-06-30,3959.83
2005-07-01,3980.98
2005-07-04,3923.13
2005-07-05,3887.74
2005-07-06,3867.51
2005-07-07,3837.48
2005-07-08,3816.96
2005-07-11,3924.34
2005-07-12,4021.93
2005-07-13,4099.41
2005-07-14,4110.33
2005-07-15,4026.5
2005-07-18,4036.78
2005-07-19,4071.26
2005-07-20,4136.89
2005-07-21,4201.48
2005-07-22,4129.37
2005-07-25,4000.99
2005-07-26,4041.23
2005-07-27,4103.18
2005-07-28,4203.7
2005-07-29,4184.56
2005-08-01,4199.4
2005-08-02,4266.29
2005-08-03,4283.84
2005-08-04,4259.32
2005-08-05,4278.46
2005-08-08,4306.8
2005-08-09,4402.67
2005-08-10,4349.24
2005-08-11,4321.69
2005-08-12,4341.86
2005-08-15,4405.99
2005-08-16,4383.4
2005-08-17,4456.66
2005-08-18,4375.55
2005-08-19,4332.92
2005-08-22,4411.98
2005-08-23,4342.91
2005-08-24,4316.96
2005-08-25,4387.59
2005-08-26,4363.72
2005-08-29,4366.6
2005-08-30,4366.17
2005-08-31,4426.29
2005-09-01,4429.26
2005-09-02,4487.47
2005-09-05,4549.5
2005-09-06,4600.45
2005-09-08,4643.14
2005-09-09,4695.75
2005-09-12,4673.4
2005-09-13,4681.97
2005-09-14,4701.15
2005-09-15,4734.2
2005-09-16,4814.18
2005-09-19,4801.89
2005-09-20,4816.11
2005-09-21,4883.15
2005-09-22,4853.42
2005-09-23,4905.39
2005-09-26,4857.86
2005-09-27,4802.74
2005-09-28,4874.49
2005-09-29,4825.33
2005-09-30,4905.92
2005-10-03,4960.43
2005-10-04,4850.73
2005-10-05,4703.2
2005-10-06,4554.75
2005-10-07,4649.11
2005-10-10,4686.72
2005-10-11,4689.21
2005-10-13,4530.76
2005-10-14,4545.22
2005-10-17,4562.74
2005-10-18,4400.29
2005-10-19,4345.52
2005-10-20,4261.29
2005-10-21,4360.1
2005-10-24,4423.45
2005-10-25,4426.24
2005-10-26,4450.69
2005-10-27,4402.16
2005-10-28,4403.84
2005-10-31,4513.82
2005-11-01,4602.85
2005-11-03,4597.2
2005-11-04,4559.74
2005-11-07,4582.38
2005-11-08,4584.91
2005-11-09,4552.52
2005-11-10,4577.7
2005-11-11,4562.35
2005-11-14,4512.7
2005-11-16,4558.68
2005-11-17,4630.42
2005-11-18,4647.97
2005-11-21,4632.36
2005-11-22,4644.54
2005-11-23,4725.12
2005-11-24,4729.77
2005-11-25,4742.76
2005-11-28,4680.55
2005-11-29,4729.76
2005-11-30,4761.98
2005-12-01,4874.86
2005-12-02,4853.16
2005-12-05,4812.33
2005-12-06,4893.55
2005-12-07,4829.79
2005-12-08,4826.56
2005-12-09,4890.61
2005-12-12,4888.62
2005-12-13,4954.61
2005-12-14,5018.63
2005-12-15,4972.75
2005-12-16,4997.16
2005-12-19,4974.99
2005-12-20,4992.3
2005-12-21,5054.46
2005-12-22,5061.69
2005-12-23,5079.64
2005-12-26,5090.98
2005-12-27,5137.59
2005-12-28,5102.0
2005-12-29,5131.6
2006-01-02,5077.16
2006-01-03,5178.36
2006-01-04,5224.9
2006-01-05,5215.75
2006-01-06,5298.53
2006-01-09,5278.81
2006-01-10,5231.52
2006-01-11,5303.26
2006-01-12,5272.16
2006-01-13,5286.26
2006-01-16,5316.78
2006-01-17,5293.41
2006-01-18,5254.36
2006-01-19,5396.17
2006-01-20,5328.68
2006-01-23,5305.65
2006-01-24,5399.79
2006-01-26,5488.23
2006-01-27,5579.33
2006-01-30,5646.86
2006-01-31,5713.73
2006-02-01,5748.73
2006-02-02,5575.84
2006-02-03,5566.47
2006-02-06,5565.77
2006-02-07,5463.18
2006-02-08,5482.35
2006-02-09,5528.36
2006-02-10,5549.34
2006-02-13,5411.6
2006-02-14,5443.31
2006-02-15,5573.37
2006-02-16,5696.76
2006-02-17,5746.48
2006-02-20,5803.46
2006-02-21,5775.49
2006-02-22,5779.56
2006-02-23,5781.49
2006-02-24,5796.83
2006-03-01,5884.82
2006-03-02,5899.48
2006-03-03,5944.79
2006-03-06,5874.17
2006-03-07,5768.56
2006-03-08,5804.11
2006-03-09,5713.92
2006-03-10,5789.44
2006-03-13,5733.65
2006-03-14,5798.77
2006-03-15,5941.44
2006-03-16,5927.85
2006-03-17,5922.54
2006-03-20,5916.23
2006-03-21,5792.99
2006-03-22,5853.52
2006-03-23,5804.93
2006-03-24,5814.25
2006-03-27,5919.87
2006-03-28,5821.67
2006-03-29,5928.58
2006-03-30,5936.76
2006-03-31,5959.12
2006-04-03,6083.19
2006-04-04,6143.63
2006-04-05,6147.22
2006-04-06,6179.75
2006-04-07,6137.61
2006-04-10,6088.78
2006-04-11,5997.52
2006-04-12,6081.63
2006-04-13,6056.93
2006-04-17,6097.22
2006-04-18,6240.18
2006-04-19,6324.88
2006-04-20,6281.54
2006-04-24,6259.98
2006-04-25,6274.89
2006-04-26,6329.56
2006-04-27,6200.63
2006-04-28,6247.2
2006-05-02,6324.63
2006-05-03,6303.27
2006-05-04,6335.85
2006-05-05,6434.45
2006-05-08,6501.74
2006-05-09,6492.21
2006-05-10,6456.13
2006-05-11,6353.69
2006-05-12,6259.74
2006-05-15,6079.59
2006-05-16,6125.69
2006-05-17,5978.13
2006-05-18,5920.82
2006-05-19,5960.75
2006-05-22,5774.54
2006-05-23,5791.45
2006-05-24,5692.16
2006-05-25,5950.97
2006-05-26,6075.62
2006-05-29,6027.06
2006-05-30,5831.37
2006-05-31,5908.3
2006-06-01,6064.52
2006-06-02,6127.72
2006-06-05,5954.96
2006-06-06,5891.57
2006-06-07,5756.32
2006-06-08,5791.98
2006-06-09,5738.98
2006-06-12,5532.44
2006-06-13,5417.44
2006-06-14,5347.62
2006-06-16,5571.52
2006-06-19,5532.42
2006-06-20,5502.84
2006-06-21,5630.56
2006-06-22,5620.04
2006-06-23,5651.36
2006-06-26,5644.64
2006-06-27,5612.16
2006-06-28,5670.87
2006-06-29,5883.78
2006-06-30,5942.61
2006-07-03,6064.02
2006-07-04,6083.4
2006-07-05,5954.59
2006-07-06,5977.69
2006-07-07,5937.99
2006-07-10,5938.08
2006-07-11,6008.85
2006-07-12,5939.84
2006-07-13,5784.22
2006-07-14,5756.32
2006-07-17,5719.06
2006-07-18,5765.04
2006-07-19,5946.39
2006-07-20,5831.4
2006-07-21,5758.9
2006-07-24,5841.75
2006-07-25,5904.44
2006-07-26,5854.72
2006-07-27,5901.61
2006-07-28,5938.17
2006-07-31,5894.74
2006-08-01,5860.3
2006-08-02,5956.05
2006-08-03,5993.0
2006-08-04,6004.43
2006-08-07,5983.93
2006-08-08,5995.81
2006-08-09,5956.91
2006-08-10,5939.96
2006-08-11,5901.27
2006-08-14,5897.69
2006-08-15,6006.1
2006-08-16,6079.02
2006-08-17,6084.38
2006-08-18,6059.56
2006-08-21,6024.94
2006-08-22,5968.06
2006-08-23,5839.48
2006-08-24,5854.6
2006-08-25,5905.18
2006-08-28,5947.52
2006-08-29,5975.76
2006-08-30,6008.37
2006-08-31,6007.82
2006-09-01,6169.05
2006-09-04,6243.91
2006-09-05,6217.02
2006-09-06,6141.83
2006-09-08,6146.66
2006-09-11,6036.22
2006-09-12,6056.83
2006-09-13,6100.43
2006-09-14,6061.49
2006-09-15,6071.14
2006-09-18,6083.29
2006-09-19,6033.53
2006-09-20,5985.23
2006-09-21,5887.62
2006-09-22,5907.95
2006-09-25,5878.31
2006-09-26,6016.83
2006-09-27,6042.49
2006-09-28,6070.63
2006-09-29,6055.55
2006-10-02,6124.29
2006-10-03,6082.29
2006-10-04,6196.74
2006-10-05,6224.66
2006-10-06,6226.18
2006-10-09,6305.11
2006-10-10,6382.91
2006-10-11,6302.6
2006-10-13,6393.84
2006-10-16,6449.82
2006-10-17,6415.33
2006-10-18,6371.34
2006-10-19,6364.54
2006-10-20,6319.12
2006-10-23,6405.07
2006-10-24,6407.3
2006-10-25,6353.95
2006-10-26,6352.97
2006-10-27,6297.93
2006-10-30,6285.74
2006-10-31,6371.84
2006-11-01,6450.28
2006-11-03,6476.71
2006-11-06,6597.71
2006-11-07,6598.47
2006-11-08,6640.71
2006-11-09,6550.21
2006-11-10,6548.37
2006-11-13,6577.36
2006-11-14,6673.12
2006-11-16,6683.56
2006-11-17,6644.59
2006-11-21,6707.54
2006-11-22,6772.68
2006-11-23,6842.75
2006-11-24,6839.25
2006-11-27,6710.38
2006-11-28,6727.66
2006-11-29,6815.25
2006-11-30,6803.3
2006-12-01,6727.26
2006-12-04,6860.9
2006-12-05,6920.46
2006-12-06,6896.0
2006-12-07,6876.89
2006-12-08,6889.9
2006-12-11,6921.52
2006-12-12,6898.99
2006-12-13,6923.22
2006-12-14,6956.68
2006-12-15,7017.01
2006-12-18,7038.53
2006-12-19,7036.39
2006-12-20,7003.6
2006-12-21,6996.51
2006-12-22,6983.01
2006-12-26,7015.24
2006-12-27,7122.39
2006-12-28,7108.08
2007-01-02,7230.29
2007-01-03,7157.21
2007-01-04,7093.64
2007-01-05,6871.49
2007-01-08,6978.5
2007-01-09,6870.98
2007-01-10,6914.31
2007-01-11,6960.43
2007-01-12,6997.14
2007-01-15,6961.4
2007-01-16,6932.59
2007-01-17,6939.74
2007-01-18,6905.53
2007-01-19,6990.98
2007-01-22,7009.56
2007-01-23,7069.52
2007-01-24,7150.86
2007-01-26,7139.75
2007-01-29,7049.29
2007-01-30,7109.58
2007-01-31,7200.25
2007-02-01,7259.9
2007-02-02,7307.03
2007-02-05,7416.2
2007-02-06,7486.89
2007-02-07,7392.28
2007-02-08,7392.16
2007-02-09,7349.38
2007-02-12,7308.54
2007-02-13,7593.94
2007-02-14,7719.02
2007-02-15,7788.45
2007-02-16,7774.56
2007-02-21,7774.07
2007-02-22,7801.57
2007-02-23,7710.7
2007-02-26,7750.87
2007-02-27,7312.55
2007-02-28,7398.94
2007-03-01,7369.77
2007-03-02,7218.06
2007-03-05,7066.91
2007-03-06,7353.16
2007-03-07,7281.92
2007-03-08,7409.64
2007-03-09,7510.82
2007-03-12,7562.16
2007-03-13,7327.74
2007-03-14,7430.2
2007-03-15,7397.73
2007-03-16,7345.43
2007-03-19,7454.99
2007-03-20,7558.29
2007-03-21,7768.28
2007-03-22,7691.71
2007-03-23,7757.45
2007-03-26,7744.83
2007-03-27,7683.44
2007-03-28,7582.77
2007-03-29,7662.87
2007-03-30,7805.96
2007-04-02,7788.28
2007-04-03,7886.37
2007-04-04,7917.81
2007-04-05,7886.04
2007-04-09,7915.15
2007-04-10,7932.94
2007-04-11,7837.32
2007-04-12,7861.18
2007-04-13,7966.83
2007-04-16,8094.94
2007-04-17,8060.87
2007-04-18,8087.47
2007-04-19,8127.82
2007-04-20,8252.01
2007-04-23,8213.44
2007-04-24,8201.69
2007-04-25,8254.96
2007-04-26,8209.05
2007-04-27,8238.69
2007-04-30,8233.68
2007-05-02,8337.79
2007-05-03,8464.85
2007-05-04,8500.96
2007-05-07,8471.28
2007-05-08,8459.98
2007-05-09,8631.56
2007-05-10,8470.32
2007-05-11,8537.05
2007-05-14,8507.39
2007-05-15,8551.06
2007-05-16,8709.17
2007-05-17,8747.45
2007-05-18,8832.6
2007-05-21,8882.78
2007-05-22,8765.32
2007-05-23,8678.11
2007-05-24,8506.3
2007-05-25,8664.1
2007-05-28,8732.73
2007-05-29,8708.55
2007-05-30,8834.66
2007-05-31,8796.74
2007-06-01,9024.4
2007-06-04,9031.2
2007-06-05,9057.83
2007-06-06,8914.61
2007-06-08,8908.23
2007-06-11,9009.74
2007-06-12,8858.13
2007-06-13,9093.09
2007-06-14,9198.44
2007-06-15,9313.47
2007-06-18,9294.8
2007-06-19,9256.67
2007-06-20,9153.48
2007-06-21,9238.17
2007-06-22,9158.27
2007-06-25,9131.73
2007-06-26,9136.97
2007-06-27,9163.32
2007-06-28,9187.52
2007-06-29,9240.27
2007-07-02,9343.52
2007-07-03,9405.62
2007-07-04,9405.59
2007-07-05,9423.31
2007-07-06,9480.15
2007-07-10,9416.04
2007-07-11,9475.74
2007-07-12,9554.8
2007-07-13,9548.01
2007-07-16,9476.12
2007-07-17,9513.78
2007-07-18,9493.15
2007-07-19,9644.2
2007-07-20,9608.67
2007-07-23,9655.71
2007-07-24,9351.14
2007-07-25,9412.94
2007-07-26,9067.92
2007-07-27,8979.73
2007-07-30,9160.28
2007-07-31,9085.09
2007-08-01,9077.36
2007-08-02,9114.66
2007-08-03,8926.71
2007-08-06,8941.6
2007-08-07,9174.99
2007-08-08,9380.11
2007-08-09,9115.57
2007-08-10,8969.6
2007-08-13,8958.67
2007-08-14,8774.15
2007-08-15,8411.05
2007-08-16,8148.42
2007-08-17,8265.16
2007-08-20,8409.99
2007-08-21,8484.63
2007-08-22,8753.76
2007-08-23,8740.53
2007-08-24,8894.09
2007-08-27,8878.19
2007-08-28,8684.39
2007-08-29,8888.44
2007-08-30,8943.43
2007-08-31,9235.91
2007-09-03,9217.32
2007-09-04,9269.84
2007-09-05,9177.73
2007-09-06,9170.33
2007-09-10,8823.12
2007-09-11,8980.91
2007-09-12,8959.55
2007-09-13,9012.34
2007-09-14,8969.93
2007-09-17,8956.74
2007-09-18,9190.35
2007-09-19,9327.03
2007-09-20,9295.15
2007-09-21,9401.1
2007-09-24,9486.9
2007-09-25,9519.81
2007-09-26,9596.25
2007-09-27,9786.88
2007-09-28,9779.78
2007-10-01,10090.03
2007-10-02,10025.68
2007-10-03,9918.59
2007-10-04,9986.34
2007-10-05,10276.76
2007-10-08,10384.1
2007-10-09,10451.92
2007-10-10,10329.53
2007-10-11,10259.91
2007-10-15,10233.92
2007-10-16,10050.72
2007-10-17,10294.86
2007-10-18,10363.44
2007-10-19,10126.1
2007-10-22,10161.81
2007-10-23,10338.21
2007-10-24,10271.58
2007-10-25,10154.32
2007-10-26,10362.57
2007-10-29,10368.47
2007-10-30,10366.1
2007-10-31,10441.2
2007-11-01,10326.55
2007-11-05,10349.64
2007-11-06,10475.23
2007-11-07,10321.45
2007-11-08,9980.37
2007-11-09,10011.68
2007-11-12,9683.58
2007-11-13,9831.93
2007-11-14,10053.93
2007-11-16,10061.98
2007-11-19,9758.2
2007-11-21,9438.06
2007-11-22,9437.85
2007-11-23,9525.4
2007-11-26,9207.51
2007-11-27,9408.57
2007-11-28,9804.3
2007-11-29,9849.8
2007-11-30,10045.43
2007-12-03,10062.71
2007-12-04,10071.02
2007-12-05,10219.28
2007-12-06,10338.96
2007-12-07,10339.59
2007-12-10,10423.06
2007-12-11,10225.29
2007-12-12,10159.74
2007-12-13,9892.68
2007-12-14,9932.76
2007-12-17,9582.85
2007-12-18,9680.33
2007-12-19,9754.27
2007-12-20,9671.61
2007-12-21,9874.77
2007-12-26,9990.76
2007-12-27,9982.3
2007-12-28,9957.43
2008-01-02,9778.31
2008-01-03,9901.38
2008-01-04,9647.16
2008-01-07,9529.71
2008-01-08,9601.26
2008-01-09,9657.72
2008-01-10,9801.01
2008-01-11,9624.05
2008-01-14,9682.99
2008-01-15,9401.97
2008-01-16,9201.76
2008-01-17,8890.4
2008-01-18,8975.38
2008-01-21,8454.06
2008-01-22,8799.28
2008-01-23,8524.47
2008-01-24,8944.8
2008-01-28,9123.88
2008-01-29,9268.34
2008-01-30,9332.71
2008-01-31,9250.33
2008-02-01,9619.69
2008-02-06,9337.51
2008-02-07,9374.64
2008-02-08,9396.25
2008-02-11,9685.79
2008-02-12,9852.68
2008-02-13,9894.93
2008-02-14,9823.87
2008-02-15,9757.6
2008-02-18,9950.68
2008-02-19,9956.47
2008-02-20,10170.02
2008-02-21,10276.93
2008-02-22,10311.58
2008-02-25,10360.67
2008-02-26,10396.09
2008-02-27,10428.1
2008-02-28,10453.71
2008-02-29,10223.39
2008-03-03,10408.71
2008-03-04,10285.9
2008-03-05,10374.39
2008-03-06,10203.29
2008-03-07,10039.19
2008-03-10,9726.02
2008-03-11,10024.05
2008-03-12,10056.32
2008-03-13,10156.11
2008-03-14,10232.43
2008-03-17,9989.05
2008-03-18,10274.72
2008-03-19,9860.6
2008-03-20,9855.83
2008-03-24,10000.28
2008-03-25,10202.5
2008-03-26,10140.33
2008-03-27,9974.17
2008-03-28,9897.84
2008-03-31,9920.11
2008-04-01,10245.51
2008-04-02,10268.29
2008-04-03,10464.07
2008-04-04,10602.73
2008-04-07,10599.55
2008-04-08,10682.76
2008-04-09,10476.93
2008-04-10,10547.7
2008-04-11,10381.58
2008-04-14,10268.5
2008-04-15,10358.34
2008-04-16,10648.58
2008-04-17,10509.32
2008-04-18,10556.55
2008-04-22,10649.24
2008-04-23,10636.25
2008-04-24,10576.7
2008-04-25,10621.12
2008-04-28,10813.6
2008-04-29,10489.53
2008-04-30,11085.73
2008-05-02,11249.68
2008-05-05,11341.99
2008-05-06,11438.08
2008-05-07,11337.19
2008-05-08,11518.26
2008-05-09,11540.22
2008-05-12,11725.36
2008-05-13,11727.42
2008-05-14,11673.19
2008-05-15,11908.74
2008-05-16,12186.27
2008-05-19,12271.56
2008-05-20,12201.98
2008-05-21,11933.7
2008-05-23,11879.8
2008-05-26,11981.28
2008-05-27,11916.55
2008-05-28,12173.48
2008-05-29,11933.32
2008-05-30,12008.41
2008-06-02,11868.67
2008-06-03,11702.52
2008-06-04,11514.6
2008-06-05,11936.75
2008-06-06,11778.58
2008-06-09,11690.29
2008-06-10,11468.96
2008-06-11,11296.04
2008-06-12,11454.69
2008-06-13,11308.78
2008-06-16,11271.25
2008-06-17,11472.81
2008-06-18,11189.06
2008-06-19,11219.52
2008-06-20,10835.69
2008-06-23,10691.61
2008-06-24,10517.09
2008-06-25,10732.92
2008-06-26,10466.52
2008-06-27,10471.42
2008-06-30,10592.79
2008-07-01,10332.74
2008-07-02,9870.52
2008-07-03,9480.18
2008-07-04,9328.48
2008-07-07,9498.04
2008-07-08,9618.6
2008-07-10,9834.88
2008-07-11,9808.81
2008-07-14,9939.48
2008-07-15,9936.45
2008-07-16,10156.94
2008-07-17,9815.8
2008-07-18,9685.24
2008-07-21,9914.53
2008-07-22,9757.35
2008-07-23,9747.72
2008-07-24,9367.53
2008-07-25,9200.81
2008-07-28,9202.66
2008-07-29,9431.84
2008-07-30,9841.68
2008-07-31,9750.15
2008-08-01,9473.96
2008-08-04,9138.87
2008-08-05,9322.46
2008-08-06,9463.5
2008-08-07,9329.74
2008-08-08,9266.7
2008-08-11,8983.18
2008-08-12,8856.63
2008-08-13,8881.77
2008-08-14,8981.79
2008-08-15,8788.94
2008-08-18,8637.44
2008-08-19,8604.87
2008-08-20,8903.59
2008-08-21,9014.53
2008-08-22,9011.74
2008-08-25,8813.53
2008-08-26,8801.84
2008-08-27,8923.92
2008-08-28,9119.72
2008-08-29,9100.94
2008-09-01,9084.56
2008-09-02,8885.13
2008-09-03,8679.48
2008-09-04,8251.02
2008-09-05,8329.35
2008-09-08,8186.57
2008-09-09,7833.18
2008-09-10,8090.66
2008-09-11,8276.92
2008-09-12,8334.31
2008-09-15,7796.14
2008-09-16,7831.43
2008-09-17,7274.85
2008-09-18,7571.68
2008-09-19,8304.0
2008-09-22,8099.26
2008-09-23,7770.34
2008-09-24,7744.06
2008-09-25,7913.3
2008-09-26,7542.67
2008-09-29,6793.99
2008-09-30,7216.57
2008-10-01,7183.33
2008-10-02,6738.97
2008-10-03,6491.95
2008-10-06,6117.11
2008-10-07,5795.16
2008-10-08,5487.38
2008-10-09,5282.2
2008-10-10,5102.13
2008-10-13,5742.84
2008-10-14,5842.11
2008-10-15,5191.07
2008-10-16,5273.47
2008-10-17,5311.01
2008-10-20,5737.97
2008-10-21,5666.65
2008-10-22,5086.17
2008-10-23,4976.07
2008-10-24,4670.76
2008-10-27,4445.58
2008-10-28,4978.08
2008-10-29,5125.12
2008-10-30,5445.61
2008-10-31,5384.88
2008-11-03,5426.97
2008-11-04,5691.76
2008-11-05,5358.0
2008-11-06,5208.0
2008-11-07,5234.4
2008-11-10,5177.43
2008-11-11,5277.8
2008-11-12,4959.88
2008-11-13,5192.98
2008-11-14,5145.35
2008-11-17,5069.89
2008-11-18,4881.04
2008-11-19,4740.74
2008-11-21,4581.13
2008-11-24,4823.41
2008-11-25,4896.72
2008-11-26,5062.86
2008-11-27,5078.63
2008-11-28,5077.8
2008-12-01,4862.91
2008-12-02,4904.8
2008-12-03,4917.48
2008-12-04,4919.93
2008-12-05,4912.94
2008-12-08,5292.33
2008-12-09,5319.89
2008-12-10,5505.6
2008-12-11,5430.32
2008-12-12,5525.76
2008-12-15,5406.86
2008-12-16,5599.04
2008-12-17,5535.92
2008-12-18,5603.8
2008-12-19,5495.09
2008-12-22,5303.38
2008-12-23,5157.34
2008-12-26,5159.54
2008-12-29,5181.03
2008-12-30,5306.64
2009-01-02,5656.34
2009-01-05,5805.82
2009-01-06,5914.5
2009-01-07,5809.68
2009-01-08,6023.39
2009-01-09,5962.05
2009-01-12,5677.61
2009-01-13,5679.36
2009-01-14,5506.86
2009-01-15,5642.18
2009-01-16,5716.93
2009-01-19,5629.52
2009-01-20,5447.4
2009-01-21,5558.87
2009-01-22,5501.43
2009-01-23,5444.17
2009-01-26,5426.25
2009-01-27,5423.29
2009-01-28,5485.11
2009-01-29,5430.82
2009-01-30,5403.13
2009-02-02,5350.12
2009-02-03,5494.61
2009-02-04,5571.26
2009-02-05,5658.69
2009-02-06,5820.65
2009-02-09,5707.65
2009-02-10,5575.56
2009-02-11,5533.52
2009-02-12,5458.33
2009-02-13,5567.0
2009-02-16,5591.08
2009-02-17,5351.15
2009-02-18,5357.7
2009-02-19,5322.12
2009-02-20,5189.68
2009-02-25,5075.65
2009-02-26,5022.28
2009-02-27,4975.95
2009-03-02,4688.84
2009-03-03,4727.94
2009-03-04,4897.18
2009-03-05,4747.86
2009-03-06,4717.4
2009-03-09,4633.01
2009-03-10,4862.69
2009-03-11,4869.72
2009-03-12,4942.43
2009-03-13,4907.54
2009-03-16,4842.07
2009-03-17,4899.35
2009-03-18,5011.31
2009-03-19,5058.59
2009-03-20,5073.26
2009-03-23,5350.55
2009-03-24,5272.41
2009-03-25,5320.84
2009-03-26,5501.53
2009-03-27,5432.8
2009-03-30,5257.63
2009-03-31,5358.79
2009-04-01,5478.03
2009-04-02,5686.63
2009-04-03,5807.61
2009-04-06,5796.39
2009-04-07,5729.95
2009-04-08,5746.35
2009-04-09,5938.13
2009-04-13,6006.16
2009-04-14,5991.15
2009-04-15,5983.62
2009-04-16,6120.49
2009-04-17,6145.17
2009-04-20,5958.02
2009-04-22,6107.93
2009-04-23,6193.59
2009-04-24,6326.49
2009-04-27,6185.02
2009-04-28,6209.91
2009-04-29,6351.52
2009-04-30,6418.24
2009-05-04,6791.74
2009-05-05,6859.29
2009-05-06,7022.88
2009-05-07,6841.46
2009-05-08,7043.96
2009-05-11,6990.44
2009-05-12,6877.45
2009-05-13,6628.12
2009-05-14,6668.91
2009-05-15,6629.3
2009-05-18,6961.27
2009-05-19,7012.69
2009-05-20,6995.27
2009-05-21,6858.6
2009-05-22,6917.54
2009-05-25,6971.48
2009-05-26,7110.66
2009-05-27,7137.36
2009-05-28,7325.97
2009-05-29,7420.04
2009-06-01,7632.74
2009-06-02,7611.48
2009-06-03,7350.36
2009-06-04,7474.4
2009-06-05,7459.92
2009-06-08,7486.88
2009-06-09,7426.6
2009-06-10,7428.31
2009-06-12,7437.46
2009-06-15,7196.79
2009-06-16,7051.56
2009-06-17,7066.04
2009-06-18,7080.22
2009-06-19,7125.61
2009-06-22,6857.39
2009-06-23,6965.21
2009-06-24,7004.22
2009-06-25,7218.91
2009-06-26,7255.77
2009-06-29,7296.66
2009-06-30,7216.6
2009-07-01,7229.33
2009-07-02,7188.41
2009-07-03,7201.5
2009-07-06,7233.72
2009-07-07,7105.13
2009-07-08,7074.37
2009-07-10,7021.99
2009-07-13,6979.87
2009-07-14,6939.08
2009-07-15,7267.02
2009-07-16,7427.33
2009-07-17,7448.2
2009-07-20,7614.79
2009-07-21,7642.39
2009-07-22,7600.24
2009-07-23,7764.73
2009-07-24,7760.52
2009-07-27,7820.2
2009-07-28,7847.28
2009-07-29,7778.07
2009-07-30,7917.37
2009-07-31,8002.01
2009-08-03,8198.88
2009-08-04,8191.03
2009-08-05,8233.03
2009-08-06,8178.82
2009-08-07,8226.55
2009-08-10,8360.06
2009-08-11,8263.62
2009-08-12,8406.86
2009-08-13,8452.42
2009-08-14,8369.53
2009-08-17,8179.85
2009-08-18,8193.16
2009-08-19,8215.76
2009-08-20,8365.2
2009-08-21,8505.63
2009-08-24,8521.65
2009-08-25,8437.72
2009-08-26,8477.5
2009-08-27,8524.62
2009-08-28,8533.7
2009-08-31,8380.31
2009-09-01,8238.77
2009-09-02,8154.02
2009-09-03,8216.03
2009-09-04,8316.09
2009-09-08,8509.73
2009-09-09,8485.07
2009-09-10,8569.19
2009-09-11,8554.09
2009-09-14,8633.63
2009-09-15,8717.07
2009-09-16,8904.69
2009-09-17,8868.91
2009-09-18,8956.4
2009-09-21,9013.27
2009-09-22,9078.46
2009-09-23,8948.4
2009-09-24,8888.42
2009-09-25,8888.22
2009-09-28,8994.22
2009-09-29,8931.92
2009-09-30,8975.59
2009-10-01,8854.27
2009-10-02,8946.44
2009-10-05,9144.06
2009-10-06,9271.37
2009-10-07,9259.42
2009-10-08,9409.67
2009-10-09,9457.72
2009-10-13,9605.23
2009-10-14,9863.62
2009-10-15,9969.19
2009-10-16,9871.94
2009-10-19,10047.27
2009-10-20,9764.22
2009-10-21,9815.42
2009-10-22,9873.43
2009-10-23,9715.5
2009-10-26,9663.41
2009-10-27,9388.26
2009-10-28,8940.16
2009-10-29,9395.07
2009-10-30,9100.88
2009-11-03,9140.06
2009-11-04,9352.15
2009-11-05,9463.81
2009-11-06,9415.71
2009-11-09,9628.91
2009-11-10,9669.26
2009-11-11,9699.15
2009-11-12,9355.46
2009-11-13,9369.12
2009-11-16,9575.96
2009-11-17,9630.88
2009-11-18,9535.0
2009-11-19,9475.95
2009-11-23,9513.83
2009-11-24,9534.34
2009-11-25,9597.92
2009-11-26,9457.83
2009-11-27,9519.28
2009-11-30,9532.37
2009-12-01,9677.79
2009-12-02,9756.33
2009-12-03,9740.91
2009-12-04,9695.59
2009-12-07,9896.51
2009-12-08,9783.6
2009-12-09,9804.19
2009-12-10,9871.62
2009-12-11,9984.89
2009-12-14,9971.04
2009-12-15,9977.38
2009-12-16,9855.17
2009-12-17,9728.04
2009-12-18,9653.42
2009-12-21,9529.8
2009-12-22,9829.82
2009-12-23,9839.12
2009-12-28,9889.49
2009-12-29,9957.06
2009-12-30,10020.22
2010-01-04,10195.78
2010-01-05,10268.76
2010-01-06,10354.94
2010-01-07,10295.92
2010-01-08,10327.7
2010-01-11,10367.09
2010-01-12,10310.75
2010-01-13,10350.93
2010-01-14,10396.71
2010-01-15,10271.58
2010-01-18,10273.84
2010-01-19,10402.98
2010-01-20,10185.15
2010-01-21,9889.47
2010-01-22,9864.08
2010-01-26,9739.22
2010-01-27,9700.77
2010-01-28,9742.76
2010-01-29,9744.44
2010-02-01,9861.77
2010-02-02,10010.5
2010-02-03,10050.19
2010-02-04,9655.74
2010-02-05,9415.37
2010-02-08,9458.96
2010-02-09,9624.97
2010-02-10,9662.67
2010-02-11,9862.09
2010-02-12,9755.86
2010-02-17,10043.05
2010-02-18,10104.1
2010-02-19,10073.63
2010-02-22,10028.72
2010-02-23,9863.04
2010-02-24,9793.27
2010-02-25,9899.43
2010-02-26,9904.09
2010-03-01,10024.18
2010-03-02,10065.79
2010-03-03,10076.4
2010-03-04,10072.82
2010-03-05,10132.6
2010-03-08,10156.68
2010-03-09,10275.41
2010-03-10,10343.07
2010-03-11,10342.06
2010-03-12,10260.91
2010-03-15,10192.29
2010-03-16,10325.3
2010-03-17,10327.28
2010-03-18,10338.44
2010-03-19,10231.79
2010-03-22,10182.28
2010-03-23,10248.25
2010-03-24,10163.59
2010-03-25,10100.65
2010-03-26,10201.02
2010-03-29,10398.8
2010-03-30,10406.22
2010-03-31,10433.44
2010-04-01,10580.32
2010-04-05,10637.09
2010-04-06,10617.98
2010-04-07,10573.81
2010-04-08,10695.54
2010-04-09,10675.59
2010-04-12,10580.8
2010-04-13,10636.59
2010-04-14,10681.86
2010-04-15,10633.85
2010-04-16,10476.76
2010-04-19,10369.28
2010-04-20,10379.79
2010-04-22,10418.91
2010-04-23,10517.28
2010-04-26,10460.66
2010-04-27,10119.22
2010-04-28,10022.38
2010-04-29,10178.8
2010-04-30,10125.09
2010-05-03,10097.04
2010-05-04,9834.18
2010-05-05,9767.28
2010-05-06,9583.29
2010-05-07,9446.24
2010-05-10,9812.85
2010-05-11,9724.67
2010-05-12,9857.84
2010-05-13,9814.01
2010-05-14,9606.14
2010-05-17,9477.34
2010-05-18,9247.73
2010-05-19,9086.35
2010-05-20,8841.18
2010-05-21,9172.52
2010-05-24,9152.7
2010-05-25,9037.1
2010-05-26,9117.17
2010-05-27,9423.3
2010-05-28,9420.45
2010-05-31,9508.68
2010-06-01,9345.64
2010-06-02,9494.3
2010-06-04,9275.16
2010-06-07,9211.87
2010-06-08,9300.03
2010-06-09,9277.45
2010-06-10,9532.78
2010-06-11,9619.12
2010-06-14,9646.28
2010-06-15,9794.69
2010-06-16,9853.4
2010-06-17,9835.0
2010-06-18,9827.41
2010-06-21,9921.96
2010-06-22,9943.94
2010-06-23,10038.74
2010-06-24,9905.93
2010-06-25,10006.54
2010-06-28,10019.91
2010-06-29,9705.25
2010-06-30,9514.28
2010-07-01,9583.38
2010-07-02,9621.07
2010-07-05,9528.17
2010-07-06,9716.19
2010-07-07,9800.78
2010-07-08,9845.67
2010-07-12,9763.58
2010-07-13,9833.48
2010-07-14,9808.27
2010-07-15,9825.48
2010-07-16,9689.27
2010-07-19,9840.02
2010-07-20,9982.94
2010-07-21,10020.89
2010-07-22,10207.44
2010-07-23,10292.05
2010-07-26,10316.17
2010-07-27,10355.55
2010-07-28,10360.99
2010-07-29,10390.33
2010-07-30,10440.9
2010-08-02,10530.39
2010-08-03,10480.79
2010-08-04,10553.48
2010-08-05,10525.16
2010-08-06,10411.59
2010-08-09,10373.92
2010-08-10,10293.53
2010-08-11,10074.54
2010-08-12,10101.65
2010-08-13,10092.52
2010-08-16,10145.28
2010-08-17,10237.16
2010-08-18,10271.36
2010-08-19,10208.8
2010-08-20,10150.87
2010-08-23,10084.68
2010-08-24,9995.95
2010-08-25,9919.7
2010-08-26,9808.8
2010-08-27,10052.57
2010-08-30,9895.77
2010-08-31,10022.84
2010-09-01,10251.92
2010-09-02,10207.96
2010-09-03,10142.18
2010-09-06,10134.57
2010-09-08,10211.49
2010-09-09,10266.35
2010-09-10,10313.15
2010-09-13,10445.57
2010-09-14,10475.97
2010-09-15,10565.86
2010-09-16,10543.8
2010-09-17,10453.11
2010-09-20,10594.59
2010-09-21,10511.73
2010-09-22,10586.83
2010-09-23,10611.59
2010-09-24,10484.67
2010-09-27,10612.79
2010-09-28,10701.59
2010-09-29,10629.89
2010-09-30,10621.72
2010-10-01,10773.06
2010-10-04,10782.89
2010-10-05,10907.3
2010-10-06,10862.16
2010-10-07,10730.1
2010-10-08,10839.47
2010-10-11,10896.27
2010-10-13,10991.05
2010-10-14,10961.82
2010-10-15,10968.73
2010-10-18,10952.18
2010-10-19,10701.65
2010-10-20,10690.5
2010-10-21,10736.73
2010-10-22,10720.56
2010-10-25,10741.46
2010-10-26,10763.38
2010-10-27,10733.03
2010-10-28,10795.82
2010-10-29,10945.23
2010-11-01,10982.48
2010-11-03,11029.54
2010-11-04,11203.78
2010-11-05,11173.62
2010-11-08,11205.9
2010-11-09,11033.28
2010-11-10,11014.04
2010-11-11,10957.24
2010-11-12,10833.7
2010-11-16,10627.58
2010-11-17,10743.49
2010-11-18,10909.88
2010-11-19,10930.17
2010-11-22,10781.11
2010-11-23,10488.47
2010-11-24,10755.79
2010-11-25,10697.34
2010-11-26,10537.31
2010-11-29,10470.95
2010-11-30,10497.59
2010-12-01,10706.31
2010-12-02,10754.12
2010-12-03,10776.22
2010-12-06,10771.46
2010-12-07,10764.79
2010-12-08,10634.98
2010-12-09,10581.85
2010-12-10,10706.15
2010-12-13,10867.26
2010-12-14,10804.84
2010-12-15,10676.26
2010-12-16,10635.24
2010-12-17,10778.07
2010-12-20,10639.38
2010-12-21,10887.26
2010-12-22,10876.0
2010-12-23,10905.5
2010-12-27,10774.49
2010-12-28,10743.88
2010-12-29,10876.93
2010-12-30,10945.52
2011-01-03,11041.76
2011-01-04,11098.23
2011-01-05,11155.36
2011-01-06,11096.61
2011-01-07,11079.48
2011-01-10,11068.36
2011-01-11,11119.3
2011-01-12,11206.17
2011-01-13,11057.2
2011-01-14,11042.56
2011-01-17,11038.34
2011-01-18,11014.22
2011-01-19,10895.84
2011-01-20,10843.56
2011-01-21,10725.85
2011-01-24,10814.31
2011-01-26,10698.33
2011-01-27,10555.13
2011-01-28,10314.32
2011-01-31,10331.42
2011-02-01,10536.21
2011-02-02,10374.33
2011-02-03,10378.04
2011-02-04,10143.44
2011-02-07,10230.92
2011-02-08,10319.26
2011-02-09,10052.85
2011-02-10,10021.49
2011-02-11,10238.26
2011-02-14,10351.2
2011-02-15,10361.08
2011-02-16,10540.0
2011-02-17,10527.57
2011-02-18,10689.04
2011-02-21,10527.5
2011-02-22,10322.18
2011-02-23,10206.05
2011-02-24,10200.05
2011-02-25,10205.05
2011-02-28,10265.88
2011-03-01,10174.62
2011-03-02,10323.28
2011-03-03,10449.59
2011-03-04,10389.65
2011-03-09,10367.71
2011-03-10,10265.87
2011-03-11,10386.53
2011-03-14,10453.21
2011-03-15,10474.49
2011-03-16,10301.51
2011-03-17,10277.29
2011-03-18,10400.69
2011-03-21,10358.15
2011-03-22,10446.55
2011-03-23,10494.3
2011-03-24,10457.2
2011-03-25,10445.54
2011-03-28,10349.77
2011-03-29,10384.85
2011-03-30,10461.66
2011-03-31,10539.55
2011-04-01,10701.14
2011-04-04,10710.43
2011-04-05,10750.1
2011-04-06,10620.12
2011-04-07,10627.2
2011-04-08,10543.87
2011-04-11,10537.83
2011-04-12,10364.59
2011-04-13,10299.75
2011-04-14,10303.1
2011-04-15,10321.56
2011-04-18,10246.42
2011-04-19,10373.8
2011-04-20,10497.66
2011-04-25,10536.07
2011-04-26,10623.23
2011-04-27,10500.49
2011-04-28,10394.77
2011-04-29,10475.77
2011-05-02,10391.88
2011-05-03,10236.91
2011-05-04,10095.8
2011-05-05,10119.27
2011-05-06,10323.38
2011-05-09,10298.95
2011-05-10,10252.33
2011-05-11,10136.14
2011-05-12,10229.28
2011-05-13,10145.45
2011-05-16,10039.34
2011-05-17,10128.65
2011-05-18,10014.57
2011-05-19,9917.27
2011-05-20,9927.75
2011-05-23,9860.91
2011-05-24,9968.2
2011-05-25,10009.33
2011-05-26,10043.59
2011-05-27,10075.32
2011-05-30,10035.76
2011-05-31,10193.28
2011-06-01,9990.6
2011-06-02,10087.85
2011-06-03,10116.06
2011-06-06,9926.15
2011-06-07,9940.14
2011-06-08,9878.52
2011-06-09,9911.87
2011-06-10,9771.56
2011-06-13,9651.08
2011-06-14,9713.59
2011-06-15,9628.35
2011-06-16,9500.99
2011-06-17,9512.15
2011-06-20,9551.33
2011-06-21,9617.46
2011-06-22,9571.07
2011-06-24,9536.69
2011-06-27,9622.68
2011-06-28,9750.4
2011-06-29,9804.35
2011-06-30,9778.65
2011-07-01,9901.11
2011-07-04,9975.55
2011-07-05,9884.76
2011-07-06,9786.22
2011-07-07,9693.49
2011-07-08,9557.59
2011-07-11,9362.52
2011-07-12,9253.09
2011-07-13,9450.47
2011-07-14,9374.56
2011-07-15,9275.06
2011-07-18,9192.93
2011-07-19,9225.79
2011-07-20,9207.63
2011-07-21,9365.82
2011-07-22,9342.09
2011-07-25,9204.88
2011-07-26,9056.14
2011-07-27,8867.61
2011-07-28,8962.74
2011-07-29,8955.57
2011-08-01,8876.92
2011-08-02,8713.37
2011-08-03,8619.1
2011-08-04,8145.22
2011-08-05,8290.36
2011-08-08,7701.46
2011-08-09,8073.1
2011-08-10,8126.29
2011-08-11,8564.17
2011-08-12,8620.95
2011-08-15,8775.85
2011-08-16,8752.82
2011-08-17,8816.67
2011-08-18,8596.48
2011-08-19,8568.42
2011-08-22,8579.78
2011-08-23,8870.87
2011-08-24,8846.28
2011-08-25,8708.04
2011-08-26,8682.35
2011-08-29,8935.24
2011-08-30,9052.13
2011-08-31,9268.83
2011-09-01,9421.8
2011-09-02,9214.53
2011-09-05,8971.68
2011-09-06,9216.86
2011-09-08,9377.74
2011-09-09,9117.78
2011-09-12,9117.72
2011-09-13,9116.23
2011-09-14,9239.02
2011-09-15,9214.67
2011-09-16,9321.15
2011-09-19,9361.87
2011-09-20,9145.33
2011-09-21,9101.66
2011-09-22,8702.64
2011-09-23,8756.09
2011-09-26,8825.32
2011-09-27,8819.59
2011-09-28,8727.08
2011-09-29,8795.78
2011-09-30,8683.1
2011-10-03,8442.93
2011-10-04,8441.62
2011-10-05,8523.97
2011-10-06,8706.1
2011-10-07,8594.47
2011-10-10,8861.33
2011-10-11,8912.02
2011-10-13,9040.68
2011-10-14,9101.43
2011-10-17,8982.37
2011-10-18,9204.76
2011-10-19,9247.43
2011-10-20,9068.64
2011-10-21,9236.21
2011-10-24,9436.59
2011-10-25,9362.19
2011-10-26,9459.03
2011-10-27,9706.83
2011-10-28,9790.65
2011-10-31,9627.7
2011-11-01,9435.19
2011-11-03,9473.49
2011-11-04,9552.18
2011-11-07,9588.26
2011-11-08,9576.81
2011-11-09,9414.19
2011-11-10,9372.26
2011-11-11,9603.94
2011-11-14,9522.51
2011-11-16,9571.43
2011-11-17,9330.2
2011-11-18,9283.67
2011-11-21,9219.94
2011-11-22,9170.49
2011-11-23,9048.95
2011-11-24,9137.09
2011-11-25,9154.1
2011-11-28,9326.17
2011-11-29,9208.22
2011-11-30,9401.52
2011-12-01,9611.03
2011-12-02,9505.97
2011-12-05,9653.78
2011-12-06,9787.51
2011-12-07,9703.42
2011-12-08,9522.43
2011-12-09,9583.59
2011-12-12,9480.18
2011-12-13,9583.94
2011-12-14,9462.21
2011-12-15,9498.67
2011-12-16,9496.32
2011-12-19,9405.19
2011-12-20,9562.64
2011-12-21,9525.74
2011-12-22,9586.13
2011-12-23,9668.71
2011-12-26,9666.35
2011-12-27,9743.74
2011-12-28,9562.91
2011-12-29,9618.4
2012-01-02,9685.71
2012-01-03,9862.99
2012-01-04,9810.21
2012-01-05,9756.29
2012-01-06,9793.9
2012-01-09,9795.32
2012-01-10,9865.77
2012-01-11,9895.89
2012-01-12,9899.64
2012-01-13,9790.52
2012-01-16,9889.58
2012-01-17,9961.89
2012-01-18,10081.4
2012-01-19,10140.42
2012-01-20,10221.79
2012-01-23,10178.76
2012-01-24,10169.85
2012-01-26,10289.78
2012-01-27,10238.97
2012-01-30,10214.87
2012-01-31,10234.93
2012-02-01,10508.21
2012-02-02,10482.33
2012-02-03,10617.42
2012-02-06,10579.83
2012-02-07,10635.68
2012-02-08,10589.55
2012-02-09,10567.1
2012-02-10,10458.68
2012-02-13,10675.27
2012-02-14,10576.98
2012-02-15,10686.45
2012-02-16,10802.3
2012-02-17,10874.08
2012-02-22,10853.21
2012-02-23,10764.32
2012-02-24,10787.45
2012-02-27,10746.52
2012-02-28,10831.18
2012-02-29,10895.05
2012-03-01,11066.85
2012-03-02,11237.72
2012-03-05,11188.81
2012-03-06,10952.9
2012-03-07,11142.89
2012-03-08,11316.46
2012-03-09,11377.62
2012-03-12,11430.14
2012-03-13,11715.29
2012-03-14,11755.57
2012-03-15,11675.71
2012-03-16,11602.56
2012-03-19,11638.63
2012-03-20,11594.19
2012-03-21,11531.18
2012-03-22,11396.84
2012-03-23,11464.73
2012-03-26,11713.57
2012-03-27,11551.95
2012-03-28,11322.68
2012-03-29,11351.26
2012-03-30,11238.63
2012-04-02,11399.34
2012-04-03,11291.28
2012-04-04,11248.21
2012-04-05,11244.51
2012-04-09,11139.59
2012-04-10,11014.7
2012-04-11,10987.09
2012-04-12,11173.63
2012-04-13,11066.15
2012-04-16,11098.27
2012-04-17,11304.93
2012-04-18,11455.5
2012-04-19,11448.1
2012-04-20,11438.31
2012-04-23,11198.81
2012-04-24,11319.26
2012-04-25,11372.51
2012-04-26,11415.35
2012-04-27,11353.78
2012-04-30,11287.34
2012-05-02,11269.56
2012-05-03,11279.82
2012-05-04,11039.91
2012-05-07,11133.12
2012-05-08,10949.7
2012-05-09,10840.75
2012-05-10,10838.76
2012-05-11,10815.59
2012-05-14,10559.35
2012-05-15,10347.86
2012-05-16,10279.89
2012-05-17,10042.52
2012-05-18,10034.26
2012-05-21,10246.14
2012-05-22,10108.95
2012-05-23,9956.87
2012-05-24,9911.53
2012-05-25,9993.88
2012-05-28,10132.41
2012-05-29,10012.13
2012-05-30,9903.9
2012-05-31,9936.67
2012-06-01,9684.24
2012-06-04,9682.25
2012-06-05,9527.26
2012-06-06,9869.26
2012-06-08,9880.52
2012-06-11,9835.24
2012-06-12,9993.4
2012-06-13,10044.91
2012-06-14,10049.04
2012-06-15,10108.26
2012-06-18,10159.59
2012-06-19,10307.86
2012-06-20,10284.41
2012-06-21,10000.59
2012-06-22,9944.76
2012-06-25,9806.68
2012-06-26,9771.53
2012-06-27,9758.4
2012-06-28,9771.54
2012-06-29,10081.35
2012-07-02,9973.02
2012-07-03,10193.85
2012-07-04,10253.45
2012-07-05,10200.37
2012-07-06,10027.6
2012-07-10,9754.94
2012-07-11,9722.71
2012-07-12,9675.62
2012-07-13,9741.11
2012-07-16,9595.56
2012-07-17,9717.2
2012-07-18,9869.38
2012-07-19,9990.78
2012-07-20,9788.93
2012-07-23,9633.32
2012-07-24,9542.69
2012-07-25,9499.61
2012-07-26,9813.33
2012-07-27,10195.83
2012-07-30,10326.9
2012-07-31,10191.21
2012-08-01,10131.5
2012-08-02,10021.5
2012-08-03,10297.86
2012-08-06,10537.22
2012-08-07,10398.32
2012-08-08,10541.12
2012-08-09,10432.87
2012-08-10,10513.62
2012-08-13,10484.58
2012-08-14,10434.77
2012-08-15,10461.08
2012-08-16,10678.55
2012-08-17,10633.68
2012-08-20,10622.62
2012-08-21,10563.44
2012-08-22,10683.25
2012-08-23,10627.64
2012-08-24,10623.28
2012-08-27,10573.26
2012-08-28,10619.99
2012-08-29,10473.53
2012-08-30,10497.0
2012-08-31,10571.82
2012-09-03,10573.44
2012-09-04,10429.93
2012-09-05,10576.94
2012-09-06,10822.4
2012-09-10,10747.44
2012-09-11,10918.86
2012-09-12,11065.48
2012-09-13,11411.65
2012-09-14,11431.67
2012-09-17,11377.05
2012-09-18,11310.16
2012-09-19,11334.34
2012-09-20,11382.18
2012-09-21,11425.73
2012-09-24,11500.74
2012-09-25,11317.1
2012-09-26,11355.5
2012-09-27,11342.42
2012-09-28,11257.49
2012-10-01,11388.47
2012-10-02,11370.39
2012-10-03,11263.73
2012-10-04,11284.16
2012-10-05,11414.36
2012-10-08,11556.71
2012-10-09,11451.5
2012-10-10,11421.24
2012-10-11,11518.93
2012-10-15,11597.96
2012-10-16,11655.5
2012-10-17,11699.99
2012-10-18,11719.98
2012-10-19,11536.91
2012-10-22,11534.36
2012-10-23,11435.01
2012-10-24,11364.94
2012-10-25,11360.14
2012-10-26,11275.82
2012-10-29,11343.94
2012-10-30,11361.01
2012-10-31,11303.34
2012-11-01,11476.72
2012-11-05,11515.56
2012-11-06,11713.1
2012-11-07,11587.18
2012-11-08,11464.08
2012-11-09,11341.49
2012-11-12,11333.62
2012-11-13,11432.84
2012-11-14,11249.99
2012-11-16,11258.37
2012-11-19,11440.56
2012-11-21,11547.52
2012-11-22,11555.56
2012-11-23,11761.57
2012-11-26,11640.5
2012-11-27,11573.25
2012-11-28,11640.51
2012-11-29,11711.08
2012-11-30,11723.89
2012-12-03,11865.59
2012-12-04,11799.58
2012-12-05,11778.29
2012-12-06,11810.42
2012-12-07,11880.74
2012-12-10,11982.16
2012-12-11,12035.03
2012-12-12,12004.53
2012-12-13,11967.23
2012-12-14,11917.02
2012-12-17,11977.61
2012-12-18,12171.45
2012-12-19,12161.56
2012-12-20,12143.61
2012-12-21,12085.58
2012-12-26,12091.99
2012-12-27,12091.08
2012-12-28,12147.36
2013-01-02,12430.1
2013-01-03,12544.63
2013-01-04,12428.83
2013-01-07,12390.54
2013-01-08,12262.82
2013-01-09,12375.8
2013-01-10,12333.27
2013-01-11,12293.72
2013-01-14,12390.8
2013-01-15,12313.49
2013-01-16,12405.65
2013-01-17,12554.07
2013-01-18,12568.79
2013-01-21,12560.61
2013-01-22,12517.24
2013-01-23,12638.05
2013-01-24,12595.62
2013-01-28,12388.6
2013-01-29,12532.26
2013-01-30,12453.15
2013-01-31,12554.95
2013-02-01,12524.84
2013-02-04,12484.11
2013-02-05,12519.31
2013-02-06,12472.91
2013-02-07,12364.87
2013-02-08,12321.87
2013-02-13,12348.29
2013-02-14,12319.42
2013-02-15,12245.39
2013-02-18,12170.08
2013-02-19,12180.13
2013-02-20,12002.36
2013-02-21,11914.44
2013-02-22,12094.56
2013-02-25,12041.82
2013-02-26,12154.93
2013-02-27,12100.98
2013-02-28,12184.91
2013-03-01,12115.05
2013-03-04,12116.1
2013-03-05,12030.28
2013-03-06,12288.05
2013-03-07,12280.84
2013-03-08,12278.34
2013-03-11,12267.9
2013-03-12,12234.1
2013-03-13,12127.94
2013-03-14,12083.49
2013-03-15,11942.05
2013-03-18,11949.1
2013-03-19,11856.23
2013-03-20,11847.02
2013-03-21,11785.56
2013-03-22,11788.64
2013-03-25,11649.58
2013-03-26,11880.04
2013-03-27,11904.08
2013-03-28,11986.89
2013-04-01,11981.22
2013-04-02,11831.4
2013-04-03,11829.62
2013-04-04,11767.97
2013-04-05,11888.47
2013-04-08,11960.92
2013-04-09,11984.2
2013-04-10,12032.98
2013-04-11,11953.16
2013-04-12,11792.34
2013-04-15,11393.95
2013-04-16,11582.04
2013-04-17,11429.49
2013-04-18,11614.69
2013-04-19,11720.23
2013-04-22,11683.34
2013-04-23,11912.32
2013-04-24,11821.75
2013-04-25,11744.43
2013-04-26,11571.92
2013-04-29,11616.39
2013-04-30,12023.1
2013-05-02,11880.25
2013-05-03,11962.06
2013-05-06,11946.09
2013-05-07,12021.93
2013-05-08,11942.66
2013-05-09,11974.48
2013-05-10,11961.82
2013-05-13,11905.66
2013-05-14,11976.21
2013-05-15,12027.43
2013-05-16,12043.82
2013-05-17,12130.25
2013-05-20,12151.47
2013-05-21,12198.75
2013-05-22,12172.66
2013-05-23,12142.99
2013-05-24,12162.9
2013-05-27,12185.4
2013-05-28,12194.85
2013-05-29,12041.98
2013-05-31,11875.3
2013-06-03,11824.92
2013-06-04,11779.96
2013-06-05,11644.95
2013-06-06,11647.8
2013-06-07,11540.68
2013-06-10,11423.15
2013-06-11,11132.74
2013-06-12,11094.07
2013-06-13,11202.82
2013-06-14,11127.75
2013-06-17,11206.66
2013-06-18,11260.02
2013-06-19,11044.05
2013-06-20,11093.11
2013-06-21,11027.72
2013-06-24,10859.56
2013-06-25,11000.35
2013-06-26,11112.25
2013-06-27,11263.69
2013-06-28,11346.24
2013-07-01,11488.39
2013-07-02,11175.26
2013-07-03,11151.2
2013-07-04,11199.11
2013-07-05,11174.36
2013-07-08,11135.96
2013-07-10,11198.22
2013-07-11,11334.05
2013-07-12,11213.05
2013-07-15,11400.28
2013-07-16,11416.8
2013-07-17,11430.64
2013-07-18,11433.53
2013-07-19,11392.83
2013-07-22,11578.04
2013-07-23,11595.19
2013-07-24,11474.96
2013-07-25,11582.03
2013-07-26,11594.91
2013-07-29,11641.55
2013-07-30,11532.45
2013-07-31,11619.19
2013-08-01,11833.98
2013-08-02,11716.32
2013-08-05,11695.72
2013-08-06,11505.03
2013-08-07,11501.99
2013-08-08,11715.9
2013-08-09,11802.62
2013-08-12,11868.66
2013-08-13,11937.41
2013-08-14,11991.44
2013-08-15,12008.39
2013-08-16,12283.03
2013-08-19,12428.92
2013-08-20,12154.3
2013-08-21,12074.72
2013-08-22,12149.91
2013-08-23,12177.14
2013-08-26,12063.04
2013-08-27,11877.2
2013-08-28,11874.45
2013-08-29,12026.16
2013-08-30,12156.22
2013-09-02,12327.65
2013-09-03,12144.36
2013-09-04,12235.88
2013-09-05,12266.23
2013-09-06,12329.1
2013-09-09,12590.03
2013-09-10,12669.24
2013-09-11,12677.57
2013-09-12,12526.4
2013-09-13,12557.17
2013-09-16,12561.23
2013-09-17,12549.77
2013-09-18,12723.17
2013-09-19,12684.12
2013-09-20,12532.78
2013-09-23,12547.57
2013-09-24,12525.61
2013-09-25,12532.36
2013-09-26,12595.47
2013-09-27,12575.37
2013-09-30,12357.18
2013-10-01,12456.34
2013-10-02,12455.02
2013-10-03,12317.7
2013-10-04,12433.94
2013-10-07,12453.18
2013-10-08,12416.32
2013-10-09,12461.88
2013-10-10,12558.96
2013-10-11,12677.6
2013-10-14,12795.55
2013-10-15,12751.76
2013-10-16,12708.39
2013-10-17,12653.82
2013-10-18,12621.35
2013-10-21,12682.56
2013-10-22,12821.75
2013-10-23,12633.18
2013-10-24,12591.26
2013-10-25,12524.39
2013-10-28,12515.98
2013-10-29,12337.91
2013-10-30,12375.18
2013-10-31,12428.68
2013-11-01,12471.31
2013-11-04,12437.64
2013-11-05,12400.83
2013-11-06,12392.54
2013-11-07,12413.35
2013-11-08,12480.03
2013-11-11,12510.31
2013-11-12,12389.61
2013-11-13,12422.47
2013-11-14,12630.78
2013-11-18,12731.42
2013-11-19,12511.58
2013-11-21,12468.66
2013-11-22,12487.36
2013-11-25,12385.51
2013-11-26,12376.91
2013-11-27,12442.6
2013-11-28,12433.51
2013-11-29,12521.64
2013-12-02,12455.63
2013-12-03,12262.06
2013-12-04,12072.18
2013-12-05,12244.65
2013-12-06,12205.82
2013-12-09,12345.96
2013-12-10,12297.73
2013-12-11,12215.7
2013-12-12,12121.73
2013-12-13,12063.17
2013-12-16,12094.33
2013-12-17,12119.63
2013-12-18,12231.35
2013-12-19,12423.16
2013-12-20,12428.71
2013-12-23,12455.13
2013-12-26,12411.52
2013-12-27,12436.67
2013-12-30,12539.01
2014-01-02,12366.36
2014-01-03,12298.6
2014-01-06,12258.45
2014-01-07,12322.0
2014-01-08,12284.96
2014-01-09,12038.34
2014-01-10,12071.57
2014-01-13,12056.68
2014-01-14,12122.15
2014-01-15,12200.65
2014-01-16,12091.84
2014-01-17,11969.25
2014-01-20,11898.46
2014-01-21,11803.42
2014-01-22,11969.14
2014-01-23,11761.67
2014-01-24,11688.92
2014-01-27,11576.96
2014-01-28,11589.67
2014-01-29,11580.99
2014-01-30,11452.52
2014-01-31,11499.56
2014-02-03,11122.58
2014-02-04,11216.43
2014-02-05,11063.73
2014-02-06,11322.61
2014-02-07,11451.39
2014-02-10,11239.84
2014-02-11,11411.22
2014-02-12,11307.06
2014-02-13,11309.97
2014-02-14,11428.99
2014-02-17,11267.08
2014-02-18,10934.89
2014-02-19,11067.78
2014-02-20,11149.16
2014-02-21,11091.58
2014-02-24,11097.04
2014-02-25,10993.52
2014-02-26,11038.67
2014-02-27,11220.52
2014-02-28,11164.86
2014-03-05,11177.91
2014-03-06,11216.53
2014-03-07,11059.3
2014-03-10,10917.94
2014-03-11,10955.83
2014-03-12,10985.48
2014-03-13,10888.41
2014-03-14,10868.84
2014-03-17,10924.15
2014-03-18,11128.76
2014-03-19,11124.95
2014-03-20,11152.71
2014-03-21,11181.45
2014-03-24,11231.35
2014-03-25,11221.36
2014-03-26,11130.19
2014-03-27,11451.24
2014-03-28,11395.74
2014-03-31,11450.31
2014-04-01,11391.02
2014-04-02,11591.5
2014-04-03,11533.49
2014-04-04,11451.65
2014-04-07,11468.2
2014-04-08,11447.37
2014-04-09,11378.86
2014-04-10,11420.81
2014-04-11,11566.18
2014-04-14,11541.47
2014-04-15,11359.43
2014-04-16,11525.72
2014-04-17,11638.89
2014-04-22,11633.05
2014-04-23,11526.34
2014-04-24,11411.8
2014-04-25,11348.71
2014-04-28,11338.44
2014-04-29,11417.15
2014-04-30,11271.7
2014-05-02,11399.43
2014-05-05,11516.54
2014-05-06,11594.62
2014-05-07,11578.79
2014-05-08,11556.26
2014-05-09,11561.42
2014-05-12,11689.49
2014-05-13,11659.14
2014-05-14,11683.42
2014-05-15,11596.1
2014-05-16,11618.37
2014-05-19,11444.82
2014-05-20,11275.62
2014-05-21,11306.67
2014-05-22,11446.05
2014-05-23,11368.86
2014-05-26,11490.87
2014-05-27,11319.18
2014-05-28,11378.99
2014-05-29,11332.12
2014-05-30,11191.81
2014-06-02,11359.86
2014-06-03,11487.35
2014-06-04,11453.41
2014-06-05,11366.46
2014-06-06,11518.53
2014-06-09,11720.41
2014-06-10,11741.72
2014-06-11,11699.97
2014-06-13,11574.24
2014-06-16,11520.55
2014-06-17,11527.18
2014-06-18,11698.86
2014-06-20,11622.39
2014-06-23,11512.92
2014-06-24,11570.86
2014-06-25,11463.98
2014-06-26,11427.36
2014-06-27,11376.5
2014-06-30,11446.57
2014-07-01,11466.26
2014-07-02,11527.75
2014-07-03,11749.76
2014-07-04,11797.58
2014-07-07,11734.19
2014-07-08,11673.0
2014-07-10,11669.26
2014-07-11,11729.95
2014-07-14,11826.08
2014-07-15,11840.0
2014-07-16,11855.87
2014-07-17,11857.32
2014-07-18,11991.33
2014-07-21,12070.98
2014-07-22,12073.63
2014-07-23,11965.02
2014-07-24,12064.64
2014-07-25,12000.24
2014-07-28,12005.47
2014-07-29,11883.11
2014-07-30,11843.86
2014-07-31,11630.89
2014-08-01,11741.33
2014-08-04,11791.51
2014-08-05,11719.13
2014-08-06,11745.16
2014-08-07,11704.25
2014-08-08,11714.92
2014-08-11,11862.64
2014-08-12,11840.03
2014-08-13,11771.02
2014-08-14,11759.25
2014-08-15,11809.75
2014-08-18,11921.64
2014-08-19,12004.85
2014-08-20,12090.64
2014-08-21,12118.54
2014-08-22,12021.21
2014-08-25,12243.52
2014-08-26,12323.35
2014-08-27,12422.96
2014-08-28,12277.97
2014-08-29,12349.93
2014-09-01,12174.45
2014-09-02,12311.18
2014-09-03,12458.18
2014-09-04,12468.26
2014-09-05,12324.42
2014-09-08,12074.05
2014-09-09,11976.88
2014-09-10,12004.07
2014-09-11,12076.83
2014-09-12,11899.05
2014-09-15,12062.26
2014-09-16,12178.3
2014-09-17,12079.99
2014-09-18,12142.34
2014-09-19,12153.82
2014-09-22,12013.52
2014-09-23,12007.52
2014-09-24,12019.33
2014-09-25,11935.55
2014-09-26,12088.08
2014-09-29,11887.85
2014-09-30,11853.07
2014-10-01,11723.17
2014-10-02,11823.11
2014-10-03,11984.8
2014-10-06,12233.83
2014-10-07,12189.6
2014-10-08,12148.12
2014-10-09,12130.25
2014-10-10,11866.41
2014-10-13,12027.91
2014-10-14,12047.21
2014-10-15,11878.35
2014-10-16,11642.53
2014-10-17,11850.21
2014-10-20,11720.8
2014-10-21,11469.31
2014-10-22,11524.83
2014-10-23,11408.98
2014-10-24,11553.88
2014-10-27,11507.79
2014-10-28,11714.63
2014-10-29,11654.91
2014-10-30,11754.66
2014-10-31,12333.71
2014-11-03,12223.72
2014-11-04,12384.13
2014-11-05,12342.75
2014-11-06,12254.19
2014-11-07,12341.34
2014-11-10,12222.61
2014-11-11,12173.74
2014-11-12,12323.87
2014-11-13,12063.51
2014-11-14,12086.29
2014-11-17,12015.26
2014-11-18,12177.55
2014-11-19,12390.66
2014-11-21,12649.2
2014-11-24,12579.19
2014-11-25,12502.42
2014-11-26,12367.66
2014-11-27,12361.35
2014-11-28,12498.45
2014-12-01,12016.59
2014-12-02,11853.83
2014-12-03,12035.51
2014-12-04,11890.95
2014-12-05,11953.34
2014-12-08,11701.33
2014-12-09,11638.41
2014-12-10,11621.33
2014-12-11,11709.79
2014-12-12,11349.33
2014-12-15,11243.18
2014-12-16,11341.88
2014-12-17,11700.31
2014-12-18,11687.73
2014-12-19,11928.43
2014-12-22,11911.91
2014-12-23,12051.82
2014-12-26,11892.3
2014-12-29,12046.79
2014-12-30,11961.78
2015-01-02,11715.84
2015-01-05,11468.46
2015-01-06,11603.28
2015-01-07,11939.82
2015-01-08,11884.42
2015-01-09,11683.26
2015-01-12,11698.22
2015-01-13,11546.32
2015-01-14,11466.61
2015-01-15,11566.16
2015-01-16,11770.59
2015-01-19,11561.93
2015-01-20,11483.14
2015-01-21,11695.33
2015-01-22,11776.87
2015-01-23,11708.79
2015-01-26,11725.53
2015-01-27,11726.58
2015-01-28,11724.08
2015-01-29,11919.29
2015-01-30,11931.99
2015-02-02,11991.03
2015-02-03,12096.02
2015-02-04,12082.16
2015-02-05,12136.4
2015-02-06,12172.5
2015-02-09,12275.52
2015-02-10,12194.7
2015-02-11,12123.76
2015-02-12,12238.59
2015-02-13,12278.69
2015-02-18,12448.14
2015-02-19,12509.59
2015-02-20,12517.99
2015-02-23,12581.25
2015-02-24,12569.43
2015-02-25,12557.11
2015-02-26,12647.32
2015-02-27,12493.01
2015-03-02,12464.99
2015-03-03,12540.56
2015-03-04,12467.28
2015-03-05,12495.17
2015-03-06,12528.95
2015-03-09,12552.44
2015-03-10,12395.66
2015-03-11,12439.21
2015-03-12,12457.98
2015-03-13,12541.97
2015-03-16,12498.69
2015-03-17,12703.0
2015-03-18,12868.62
2015-03-19,12926.81
2015-03-20,13027.11
2015-03-23,12978.78
2015-03-24,12875.55
2015-03-25,13018.35
2015-03-26,12854.58
2015-03-27,12832.69
2015-03-30,13017.28
2015-03-31,12947.86
2015-04-01,13104.54
2015-04-02,13166.3
2015-04-06,13328.35
2015-04-07,13388.66
2015-04-08,13389.54
2015-04-09,13371.69
2015-04-10,13389.85
2015-04-13,13333.16
2015-04-14,13155.59
2015-04-15,13241.93
2015-04-16,13223.81
2015-04-17,13082.74
2015-04-20,13051.07
2015-04-22,13103.63
2015-04-23,13217.48
2015-04-24,13159.37
2015-04-27,13007.28
2015-04-28,13004.78
2015-04-29,13164.36
2015-04-30,13354.65
2015-05-04,13586.09
2015-05-05,13682.61
2015-05-06,13618.52
2015-05-07,13519.16
2015-05-08,13689.92
2015-05-11,13713.48
2015-05-12,13600.12
2015-05-13,13534.4
2015-05-14,13579.1
2015-05-15,13643.59
2015-05-18,13511.22
2015-05-19,13541.21
2015-05-20,13426.34
2015-05-21,13446.9
2015-05-22,13371.23
2015-05-25,13451.83
2015-05-26,13225.56
2015-05-27,13359.5
2015-05-28,13311.43
2015-05-29,13103.46
2015-06-01,13174.5
2015-06-02,13328.09
2015-06-03,13210.52
2015-06-05,13271.25
2015-06-08,13213.41
2015-06-09,13237.69
2015-06-10,13400.02
2015-06-11,13345.65
2015-06-12,13295.01
2015-06-15,13199.7
2015-06-16,13293.86
2015-06-17,13233.8
2015-06-18,13342.92
2015-06-19,13339.61
2015-06-22,13387.84
2015-06-23,13355.97
2015-06-24,13281.93
2015-06-25,13153.16
2015-06-26,13334.92
2015-06-29,13120.64
2015-06-30,13170.76
2015-07-01,13044.56
2015-07-02,13093.36
2015-07-03,13057.23
2015-07-06,13032.72
2015-07-07,13180.22
2015-07-08,13164.38
2015-07-10,13213.43
2015-07-13,13263.49
2015-07-14,13231.53
2015-07-15,13191.83
2015-07-16,13249.79
2015-07-17,13144.12
2015-07-20,13012.19
2015-07-21,12970.74
2015-07-22,12944.28
2015-07-23,12924.82
2015-07-24,12787.88
2015-07-27,12593.01
2015-07-28,12765.05
2015-07-29,12746.11
2015-07-30,12795.05
2015-07-31,13160.92
2015-08-03,13072.47
2015-08-04,13171.77
2015-08-05,13303.26
2015-08-06,13239.52
2015-08-07,13003.72
2015-08-10,13051.52
2015-08-11,13016.4
2015-08-12,12835.26
2015-08-13,12874.85
2015-08-14,12747.14
2015-08-17,12665.22
2015-08-18,12724.36
2015-08-19,12572.61
2015-08-20,12565.64
2015-08-21,12316.1
2015-08-24,12063.78
2015-08-25,12125.11
2015-08-26,12447.75
2015-08-27,12693.79
2015-08-28,12667.3
2015-08-31,12682.06
2015-09-01,12558.72
2015-09-02,12957.05
2015-09-03,13133.81
2015-09-04,13234.39
2015-09-08,13252.92
2015-09-09,13078.92
2015-09-10,13140.21
2015-09-11,13195.55
2015-09-14,13207.4
2015-09-15,13234.41
2015-09-16,13353.1
2015-09-17,13451.43
2015-09-18,13298.2
2015-09-21,13239.67
2015-09-22,13274.95
2015-09-23,13213.29
2015-09-24,13151.58
2015-09-25,13194.58
2015-09-28,13131.76
2015-09-29,13150.27
2015-09-30,13240.13
2015-10-01,13273.27
2015-10-02,13481.48
2015-10-05,13636.17
2015-10-06,13461.4
2015-10-07,13499.14
2015-10-08,13377.16
2015-10-09,13374.14
2015-10-13,13132.35
2015-10-14,12951.22
2015-10-15,13179.28
2015-10-16,13371.66
2015-10-19,13359.42
2015-10-20,13310.06
2015-10-21,13378.14
2015-10-22,13518.31
2015-10-23,13498.99
2015-10-26,13445.93
2015-10-27,13583.35
2015-10-28,13479.09
2015-10-29,13142.5
2015-10-30,12881.29
2015-11-03,13088.04
2015-11-04,13048.44
2015-11-05,13136.86
2015-11-06,12912.49
2015-11-09,12801.61
2015-11-10,12736.86
2015-11-11,12993.08
2015-11-12,12949.76
2015-11-13,12999.26
2015-11-16,12991.46
2015-11-17,13062.19
2015-11-18,13068.6
2015-11-19,13222.62
2015-11-23,13236.55
2015-11-24,13208.68
2015-11-25,13200.94
2015-11-26,13202.95
2015-11-27,13079.27
2015-11-30,12884.87
2015-12-01,12805.41
2015-12-02,12845.98
2015-12-03,13056.56
2015-12-04,12900.66
2015-12-07,12994.89
2015-12-08,12738.26
2015-12-09,12797.42
2015-12-10,12810.41
2015-12-11,12809.52
2015-12-14,12681.28
2015-12-15,12579.96
2015-12-16,12632.34
2015-12-17,12693.39
2015-12-18,12563.08
2015-12-21,12568.87
2015-12-22,12674.69
2015-12-23,12789.53
2015-12-28,12756.1
2015-12-29,12666.06
2015-12-30,12590.97
2016-01-04,12246.2
2016-01-05,12258.65
2016-01-06,12046.01
2016-01-07,11764.19
2016-01-08,11861.13
2016-01-11,11704.58
2016-01-12,11666.57
2016-01-13,11502.38
2016-01-14,11430.45
2016-01-15,11216.19
2016-01-18,11096.55
2016-01-19,11184.86
2016-01-20,11069.31
2016-01-21,11164.23
2016-01-22,11277.03
2016-01-26,11021.94
2016-01-27,11198.88
2016-01-28,11214.6
2016-01-29,11780.91
2016-02-01,11760.09
2016-02-02,11443.78
2016-02-03,11590.35
2016-02-04,11825.75
2016-02-05,11840.46
2016-02-10,11772.91
2016-02-11,11528.79
2016-02-12,11595.72
2016-02-15,11647.0
2016-02-16,11939.19
2016-02-17,12053.6
2016-02-18,12149.52
2016-02-19,12179.46
2016-02-22,12504.52
2016-02-23,12347.27
2016-02-24,12290.18
2016-02-25,12207.02
2016-02-26,11943.2
2016-02-29,12170.01
2016-03-01,12366.91
2016-03-02,12334.62
2016-03-03,12277.94
2016-03-04,12254.96
2016-03-07,12364.84
2016-03-08,12233.44
2016-03-09,12235.42
2016-03-10,12281.48
2016-03-11,12120.7
2016-03-14,12097.22
2016-03-15,12001.78
2016-03-16,12207.54
2016-03-17,12530.46
2016-03-18,12532.77
2016-03-21,12661.45
2016-03-22,12690.47
2016-03-23,12461.48
2016-03-24,12413.3
2016-03-28,12534.54
2016-03-29,12552.01
2016-03-30,12484.63
2016-03-31,12227.83
2016-04-01,12307.11
2016-04-04,11924.65
2016-04-05,11932.14
2016-04-06,11816.63
2016-04-07,11863.77
2016-04-08,11852.12
2016-04-11,11655.3
2016-04-12,11849.7
2016-04-13,12108.3
2016-04-14,12106.5
2016-04-15,12297.12
2016-04-18,12259.26
2016-04-19,12396.99
2016-04-20,12380.97
2016-04-22,12279.95
2016-04-25,12172.56
2016-04-26,12360.27
2016-04-27,12540.24
2016-04-28,12423.6
2016-04-29,12316.64
2016-05-02,12268.85
2016-05-03,12096.13
2016-05-04,12154.57
2016-05-05,12022.99
2016-05-06,11956.73
2016-05-09,11781.7
2016-05-10,12168.99
2016-05-11,12022.6
2016-05-12,12241.73
2016-05-13,12035.12
2016-05-16,12149.52
2016-05-17,11980.37
2016-05-18,11939.89
2016-05-19,11873.25
2016-05-20,11833.18
2016-05-23,11684.01
2016-05-24,11704.77
2016-05-25,11809.52
2016-05-27,11770.52
2016-05-30,11697.97
2016-05-31,11711.98
2016-06-01,11824.23
2016-06-02,11953.16
2016-06-03,12055.51
2016-06-06,11986.26
2016-06-07,11884.53
2016-06-08,12021.39
2016-06-09,11846.04
2016-06-10,11553.42
2016-06-13,11594.14
2016-06-14,11311.83
2016-06-15,11297.16
2016-06-16,11362.88
2016-06-17,11330.09
2016-06-20,11399.56
2016-06-21,11481.96
2016-06-22,11271.08
2016-06-23,11580.47
2016-06-24,11273.8
2016-06-27,11229.47
2016-06-28,11138.89
2016-06-29,11270.89
2016-06-30,11338.94
2016-07-01,11553.27
2016-07-04,11756.63
2016-07-05,11596.9
2016-07-06,11647.52
2016-07-07,11602.87
2016-07-08,11725.53
2016-07-11,11795.44
2016-07-12,11863.02
2016-07-13,11912.08
2016-07-14,11959.27
2016-07-15,11952.99
2016-07-18,12065.81
2016-07-19,12190.58
2016-07-20,12111.94
2016-07-21,12194.72
2016-07-22,12356.53
2016-07-25,12344.75
2016-07-26,12344.53
2016-07-27,12393.46
2016-07-28,12478.14
2016-07-29,12510.23
2016-08-01,12468.54
2016-08-02,12279.87
2016-08-03,12336.23
2016-08-04,12449.47
2016-08-05,12537.98
2016-08-08,12605.3
2016-08-09,12643.16
2016-08-10,12539.95
2016-08-11,12718.43
2016-08-12,12769.67
2016-08-15,12953.89
2016-08-16,12870.66
2016-08-17,12880.13
2016-08-18,12878.29
2016-08-19,12909.57
2016-08-22,12649.9
2016-08-23,12744.38
2016-08-24,12702.85
2016-08-25,12620.43
2016-08-26,12618.82
2016-08-29,12752.46
2016-08-30,12784.9
2016-08-31,12736.03
2016-09-01,12818.66
2016-09-02,13079.38
2016-09-05,12992.31
2016-09-06,13081.45
2016-09-08,13202.31
2016-09-09,12903.58
2016-09-12,12912.66
2016-09-13,12704.29
2016-09-14,12753.29
2016-09-15,12810.3
2016-09-16,12689.46
2016-09-19,12721.45
2016-09-20,12710.27
2016-09-21,12804.73
2016-09-22,12874.21
2016-09-23,12919.79
2016-09-26,12767.33
2016-09-27,12823.43
2016-09-28,13028.76
2016-09-29,12917.13
2016-09-30,12944.45
2016-10-03,13108.32
2016-10-04,13043.91
2016-10-05,13269.94
2016-10-06,13316.55
2016-10-07,13298.92
2016-10-10,13367.76
2016-10-11,13246.48
2016-10-13,13105.69
2016-10-14,13211.57
2016-10-17,13260.18
2016-10-18,13383.0
2016-10-19,13289.22
2016-10-20,13257.12
2016-10-21,13307.73
2016-10-24,13322.56
2016-10-25,13235.41
2016-10-26,13064.92
2016-10-27,13042.8
2016-10-28,13095.09
2016-10-31,13077.69
2016-11-01,12846.16
2016-11-03,12531.01
2016-11-04,12419.85
2016-11-07,12794.43
2016-11-08,12795.7
2016-11-09,12751.12
2016-11-10,12743.32
2016-11-11,12431.28
2016-11-14,12604.65
2016-11-16,12701.15
2016-11-17,12777.97
2016-11-18,12740.2
2016-11-21,12741.7
2016-11-22,12782.2
2016-11-23,12947.48
2016-11-24,12858.66
2016-11-25,12892.0
2016-11-28,13091.71
2016-11-29,12853.38
2016-11-30,12778.36
2016-12-01,12280.34
2016-12-02,12416.24
2016-12-05,12340.31
2016-12-06,12736.46
2016-12-07,12874.8
2016-12-08,12695.36
2016-12-09,12634.65
2016-12-12,12371.44
2016-12-13,12429.69
2016-12-14,12316.67
2016-12-15,12413.11
2016-12-16,12393.56
2016-12-19,12150.97
2016-12-20,12124.16
2016-12-21,12200.74
2016-12-22,12055.58
2016-12-23,12124.11
2016-12-26,12253.04
2016-12-27,12352.72
2016-12-28,12464.1
2016-12-29,12559.25
2017-01-02,12474.31
2017-01-03,12830.8
2017-01-04,12752.3
2017-01-05,12851.5
2017-01-06,12685.51
2017-01-09,12688.38
2017-01-10,12721.66
2017-01-11,12746.39
2017-01-12,12999.87
2017-01-13,12921.96
2017-01-16,12949.89
2017-01-17,13060.34
2017-01-18,13006.71
2017-01-19,12971.31
2017-01-20,13074.72
2017-01-23,13214.25
2017-01-24,13251.86
2017-01-26,13243.11
2017-01-27,13195.02
2017-01-30,12907.44
2017-01-31,12968.81
2017-02-01,13004.29
2017-02-02,13057.54
2017-02-03,13110.99
2017-02-06,12887.81
2017-02-07,12902.79
2017-02-08,12890.96
2017-02-09,12918.73
2017-02-10,13114.42
2017-02-13,13203.91
2017-02-14,13201.35
2017-02-15,13454.96
2017-02-16,13398.2
2017-02-17,13324.74
2017-02-20,13348.25
2017-02-21,13360.04
2017-02-22,13245.57
2017-02-23,13061.47
2017-02-24,13012.34
2017-03-01,13048.48
2017-03-02,12852.94
2017-03-03,12989.54
2017-03-06,12899.78
2017-03-07,12737.55
2017-03-08,12712.8
2017-03-09,12834.74
2017-03-10,12806.87
2017-03-13,12933.56
2017-03-14,12782.74
2017-03-15,12955.37
2017-03-16,13040.06
2017-03-17,12666.06
2017-03-20,12794.3
2017-03-21,12490.63
2017-03-22,12438.12
2017-03-23,12484.03
2017-03-24,12466.21
2017-03-27,12547.06
2017-03-28,12649.26
2017-03-29,12722.7
2017-03-30,12650.21
2017-03-31,12691.48
2017-04-03,12652.34
2017-04-04,12721.67
2017-04-05,12551.33
2017-04-06,12494.95
2017-04-07,12558.98
2017-04-10,12532.47
2017-04-11,12523.88
2017-04-12,12443.45
2017-04-13,12382.98
2017-04-17,12527.23
2017-04-18,12528.22
2017-04-19,12445.17
2017-04-20,12507.37
2017-04-24,12626.22
2017-04-25,12740.03
2017-04-26,12735.68
2017-04-27,12666.67
2017-04-28,12799.16
2017-05-02,13110.16
2017-05-03,13112.47
2017-05-04,12967.13
2017-05-05,13034.3
2017-05-08,13039.24
2017-05-09,13269.12
2017-05-10,13531.71
2017-05-11,13552.63
2017-05-12,13576.12
2017-05-15,13585.64
2017-05-16,13455.88
2017-05-17,13185.67
2017-05-18,12527.28
2017-05-19,12658.61
2017-05-22,12526.77
2017-05-23,12800.68
2017-05-24,12858.56
2017-05-25,13156.08
2017-05-26,13182.91
2017-05-29,13155.16
2017-05-30,13115.12
2017-05-31,12905.74
2017-06-01,12829.74
2017-06-02,12817.62
2017-06-05,12890.91
2017-06-06,12970.13
2017-06-07,12917.2
2017-06-08,12799.07
2017-06-09,12567.02
2017-06-12,12485.77
2017-06-13,12527.16
2017-06-14,12447.22
2017-06-16,12351.4
2017-06-19,12409.07
2017-06-20,12290.64
2017-06-21,12280.92
2017-06-22,12292.73
2017-06-23,12294.34
2017-06-26,12369.02
2017-06-27,12281.1
2017-06-28,12311.43
2017-06-29,12321.88
2017-06-30,12442.8
2017-07-03,12486.31
2017-07-04,12461.78
2017-07-05,12480.13
2017-07-06,12285.32
2017-07-07,12284.27
2017-07-10,12415.72
2017-07-11,12524.66
2017-07-12,12635.49
2017-07-13,12775.57
2017-07-14,12825.34
2017-07-17,12878.76
2017-07-18,12835.49
2017-07-19,12830.68
2017-07-20,12826.13
2017-07-21,12738.41
2017-07-24,12784.14
2017-07-25,12803.92
2017-07-26,12747.97
2017-07-27,12843.09
2017-07-28,12816.51
2017-07-31,12848.06
2017-08-01,12963.95
2017-08-02,13150.67
2017-08-03,13120.23
2017-08-04,13180.24
2017-08-07,13388.74
2017-08-08,13359.88
2017-08-09,13333.18
2017-08-10,13243.84
2017-08-11,13454.87
2017-08-14,13611.52
2017-08-15,13619.33
2017-08-16,13709.96
2017-08-17,13565.85
2017-08-18,13587.89
2017-08-21,13605.49
2017-08-22,13746.39
2017-08-23,13805.99
2017-08-24,13951.55
2017-08-25,13980.83
2017-08-28,14041.28
2017-08-29,14073.22
2017-08-30,14083.46
2017-08-31,14075.36
2017-09-01,14254.44
2017-09-04,14384.99
2017-09-05,14371.5
2017-09-06,14564.0
2017-09-08,14510.59
2017-09-11,14722.91
2017-09-12,14820.84
2017-09-13,14916.95
2017-09-14,14951.72
2017-09-15,15234.5
2017-09-18,15249.35
2017-09-19,15266.56
2017-09-20,15268.02
2017-09-21,15164.62
2017-09-22,15093.83
2017-09-25,14818.42
2017-09-26,14733.21
2017-09-27,14689.35
2017-09-28,14612.18
2017-09-29,14728.38
2017-10-02,14718.28
2017-10-03,15148.82
2017-10-04,15232.87
2017-10-05,15196.65
2017-10-06,15135.09
2017-10-09,15083.54
2017-10-10,15337.35
2017-10-11,15399.5
2017-10-13,15528.01
2017-10-16,15446.91
2017-10-17,15199.86
2017-10-18,15264.62
2017-10-19,15162.4
2017-10-20,15203.48
2017-10-23,15049.53
2017-10-24,15218.31
2017-10-25,15179.94
2017-10-26,15043.87
2017-10-27,15004.83
2017-10-30,14822.77
2017-10-31,14824.43
2017-11-01,14721.77
2017-11-03,14686.81
2017-11-06,14634.94
2017-11-07,14290.17
2017-11-08,14561.21
2017-11-09,14538.08
2017-11-10,14270.14
2017-11-13,14340.68
2017-11-14,14147.29
2017-11-16,14384.4
2017-11-17,14557.37
2017-11-21,14759.21
2017-11-22,14695.2
2017-11-23,14625.84
2017-11-24,14533.54
2017-11-27,14494.21
2017-11-28,14434.62
2017-11-29,14276.18
2017-11-30,14123.76
2017-12-01,14139.78
2017-12-04,14285.53
2017-12-05,14269.78
2017-12-06,14398.78
2017-12-07,14253.94
2017-12-08,14393.7
2017-12-11,14403.81
2017-12-12,14590.67
2017-12-13,14446.69
2017-12-14,14386.59
2017-12-15,14422.22
2017-12-18,14458.74
2017-12-19,14369.5
2017-12-20,14486.5
2017-12-21,14881.56
2017-12-22,14876.72
2017-12-26,15050.06
2017-12-27,15131.57
2017-12-28,15087.79
2018-01-02,15386.97
2018-01-03,15360.96
2018-01-04,15506.2
2018-01-05,15574.04
2018-01-08,15651.37
2018-01-09,15628.17
2018-01-10,15546.3
2018-01-11,15788.67
2018-01-12,15785.35
2018-01-15,15887.28
2018-01-16,15862.2
2018-01-17,15939.69
2018-01-18,15822.14
2018-01-19,15885.09
2018-01-22,15859.12
2018-01-23,15620.8
2018-01-24,15855.6
2018-01-26,15967.87
2018-01-29,15948.58
2018-01-30,15949.91
2018-01-31,15836.08
2018-02-01,16021.29
2018-02-02,15876.48
2018-02-05,15525.69
2018-02-06,15674.58
2018-02-07,15585.89
2018-02-08,15320.15
2018-02-09,15195.05
2018-02-14,15634.89
2018-02-15,15633.58
2018-02-16,15737.91
2018-02-19,15915.69
2018-02-20,16007.41
2018-02-21,16018.73
2018-02-22,16049.64
2018-02-23,16011.78
2018-02-26,16035.34
2018-02-27,15974.5
2018-02-28,15844.06
2018-03-01,15882.01
2018-03-02,15924.82
2018-03-05,15589.93
2018-03-06,15494.76
2018-03-07,15634.25
2018-03-08,15636.67
2018-03-09,15931.42
2018-03-12,16132.37
2018-03-13,16156.74
2018-03-14,16167.84
2018-03-15,15901.2
2018-03-16,15892.1
2018-03-19,15867.8
2018-03-20,15833.27
2018-03-21,15961.3
2018-03-22,15956.43
2018-03-23,15837.94
2018-03-26,15917.79
2018-03-27,15706.83
2018-03-28,15643.42
2018-03-29,15967.66
2018-04-02,15830.74
2018-04-03,15894.26
2018-04-04,15914.98
2018-04-05,16012.96
2018-04-06,15908.23
2018-04-09,15722.64
2018-04-10,15908.68
2018-04-11,15970.41
2018-04-12,16039.18
2018-04-13,15906.05
2018-04-16,15753.13
2018-04-17,15924.76
2018-04-18,16154.8
2018-04-19,16207.19
2018-04-20,16257.6
2018-04-23,16199.8
2018-04-24,16140.22
2018-04-25,16102.62
2018-04-26,16261.25
2018-04-27,16171.32
2018-04-30,16108.66
2018-05-02,15998.36
2018-05-03,15798.75
2018-05-04,15751.67
2018-05-07,15620.61
2018-05-08,15678.67
2018-05-09,15948.26
2018-05-10,16047.7
2018-05-11,16100.73
2018-05-14,16150.5
2018-05-15,16235.26
2018-05-16,16342.3
2018-05-17,16011.71
2018-05-18,15969.57
2018-05-21,15816.57
2018-05-22,15785.65
2018-05-23,15636.19
2018-05-24,15883.84
2018-05-25,15662.28
2018-05-28,15199.05
2018-05-29,15046.27
2018-05-30,15093.67
2018-06-01,15387.63
2018-06-04,15669.78
2018-06-05,15537.55
2018-06-06,15639.66
2018-06-07,15170.88
2018-06-08,14840.2
2018-06-11,14763.27
2018-06-12,14885.01
2018-06-13,14792.95
2018-06-14,14842.08
2018-06-15,14792.2
2018-06-18,14689.32
2018-06-19,14653.69
2018-06-20,14689.83
2018-06-21,14523.18
2018-06-22,14593.23
2018-06-25,14582.35
2018-06-26,14498.87
2018-06-27,14404.66
2018-06-28,14481.11
2018-06-29,14559.87
2018-07-02,14662.88
2018-07-03,14822.79
2018-07-04,15009.69
2018-07-05,14987.18
2018-07-06,15011.62
2018-07-10,15058.76
2018-07-11,14916.25
2018-07-12,15089.16
2018-07-13,15072.4
2018-07-16,15214.64
2018-07-17,15458.55
2018-07-18,15353.71
2018-07-19,15365.23
2018-07-20,15311.1
2018-07-23,15287.46
2018-07-24,15461.55
2018-07-25,15521.76
2018-07-26,15487.53
2018-07-27,15556.66
2018-07-30,15535.24
2018-07-31,15445.65
2018-08-01,15434.27
2018-08-02,15438.79
2018-08-03,15543.89
2018-08-06,15493.47
2018-08-07,15406.2
2018-08-08,15383.52
2018-08-09,15275.84
2018-08-10,14961.88
2018-08-13,15138.26
2018-08-14,15303.82
2018-08-15,15101.64
2018-08-16,15034.58
2018-08-17,15065.01
2018-08-20,15177.15
2018-08-21,15151.62
2018-08-22,15396.16
2018-08-23,15396.29
2018-08-24,15505.71
2018-08-27,15614.77
2018-08-28,15675.0
2018-08-29,15703.71
2018-08-30,15516.57
2018-08-31,15468.31
2018-09-03,15477.63
2018-09-04,15374.57
2018-09-05,15465.45
2018-09-06,15609.97
2018-09-10,15530.8
2018-09-11,15360.76
2018-09-12,15287.04
2018-09-13,15149.04
2018-09-14,15170.79
2018-09-17,15330.25
2018-09-18,15512.11
2018-09-19,15423.27
2018-09-20,15279.79
2018-09-21,15380.61
2018-09-24,15132.74
2018-09-25,15310.92
2018-09-26,15446.65
2018-09-27,15451.05
2018-09-28,15367.59
2018-10-01,15216.06
2018-10-02,15301.84
2018-10-03,15285.88
2018-10-04,14998.75
2018-10-05,14877.43
2018-10-08,15091.96
2018-10-09,14917.62
2018-10-10,14701.76
2018-10-11,14603.22
2018-10-15,14572.03
2018-10-16,14911.64
2018-10-17,14874.0
2018-10-18,14760.8
2018-10-19,14827.51
2018-10-22,14968.4
2018-10-23,14987.44
2018-10-24,14694.14
2018-10-25,14639.01
2018-10-26,14599.38
2018-10-29,14422.83
2018-10-30,14748.44
2018-10-31,15017.42
2018-11-01,15095.8
2018-11-05,15303.89
2018-11-06,15285.8
2018-11-07,15201.56
2018-11-08,14797.63
2018-11-09,14786.45
2018-11-12,14618.63
2018-11-13,14568.04
2018-11-14,14924.86
2018-11-16,15225.01
2018-11-19,15027.94
2018-11-21,15028.87
2018-11-22,15172.52
2018-11-23,14893.33
2018-11-26,14930.96
2018-11-27,15082.54
2018-11-28,15179.15
2018-11-29,15338.75
2018-11-30,15438.23
2018-12-03,15563.8
2018-12-04,15290.85
2018-12-05,15398.58
2018-12-06,15321.06
2018-12-07,15135.25
2018-12-10,14880.27
2018-12-11,14853.32
2018-12-12,14988.27
2018-12-13,15173.03
2018-12-14,15108.17
2018-12-17,15031.67
2018-12-18,15121.11
2018-12-19,14966.46
2018-12-20,14805.81
2018-12-21,14966.85
2018-12-26,14876.28
2018-12-27,14772.8
2018-12-28,15095.22
2019-01-02,15506.54
2019-01-03,15509.27
2019-01-04,15630.04
2019-01-07,15506.98
2019-01-08,15523.34
2019-01-09,15792.48
2019-01-10,15866.86
2019-01-11,15953.11
2019-01-14,16063.01
2019-01-15,16127.73
2019-01-16,16272.28
2019-01-17,16330.63
2019-01-18,16439.72
2019-01-21,16573.85
2019-01-22,16294.03
2019-01-23,16441.84
2019-01-24,16715.31
2019-01-28,16913.83
2019-01-29,16811.28
2019-01-30,16978.01
2019-01-31,16736.25
2019-02-01,16932.16
2019-02-04,17089.44
2019-02-05,17279.27
2019-02-06,16756.0
2019-02-07,16800.15
2019-02-08,16720.47
2019-02-11,16719.36
2019-02-12,16705.99
2019-02-13,16607.16
2019-02-14,16735.88
2019-02-15,16749.44
2019-02-18,16672.64
2019-02-19,16778.72
2019-02-20,16661.08
2019-02-21,16668.86
2019-02-22,16833.9
2019-02-25,16875.06
2019-02-26,16937.43
2019-02-27,16762.61
2019-02-28,16378.05
2019-03-01,16427.94
2019-03-06,16234.86
2019-03-07,16222.56
2019-03-08,16234.77
2019-03-11,16492.71
2019-03-12,16398.22
2019-03-13,16517.14
2019-03-14,16475.92
2019-03-15,16706.37
2019-03-18,17042.48
2019-03-19,16870.6
2019-03-20,16666.65
2019-03-21,16546.81
2019-03-22,16189.33
2019-03-25,16115.49
2019-03-26,16461.07
2019-03-27,16054.56
2019-03-28,16360.47
2019-03-29,16512.96
2019-04-01,16776.55
2019-04-02,16671.22
2019-04-03,16561.92
2019-04-04,16706.84
2019-04-05,16869.69
2019-04-08,16908.59
2019-04-09,16790.78
2019-04-10,16722.44
2019-04-11,16562.63
2019-04-12,16569.07
2019-04-15,16659.51
2019-04-16,16944.68
2019-04-17,16794.87
2019-04-18,16716.05
2019-04-22,16877.51
2019-04-23,17146.2
2019-04-24,17011.78
2019-04-25,17495.46
2019-04-26,17311.64
2019-04-29,17358.23
2019-04-30,17372.58
2019-05-02,17178.71
2019-05-03,17329.59
2019-05-06,17263.56
2019-05-07,17063.96
2019-05-08,17211.99
2019-05-09,17285.39
2019-05-10,16967.29
2019-05-13,16538.68
2019-05-14,16767.73
2019-05-15,16643.7
2019-05-16,16616.47
2019-05-17,16793.51
2019-05-20,17039.02
2019-05-21,17156.9
2019-05-22,17301.6
2019-05-23,17121.85
2019-05-24,17049.61
2019-05-27,17141.56
2019-05-28,17212.67
2019-05-29,16910.38
2019-05-30,17040.82
2019-05-31,16919.63
2019-06-03,16699.0
2019-06-04,16698.03
2019-06-05,16552.62
2019-06-06,16615.14
2019-06-07,16606.39
2019-06-10,16747.23
2019-06-11,16890.67
2019-06-12,16828.75
2019-06-13,17076.91
2019-06-14,16968.64
2019-06-17,16964.79
2019-06-18,17146.85
2019-06-19,17331.57
2019-06-21,17590.75
2019-06-24,17636.03
2019-06-25,17397.84
2019-06-26,17369.49
2019-06-27,17413.67
2019-06-28,17459.31
2019-07-01,17641.12
2019-07-02,17752.25
2019-07-03,18026.05
2019-07-04,18281.71
2019-07-05,18456.19
2019-07-08,18498.0
2019-07-10,18726.26
2019-07-11,18399.39
2019-07-12,18174.06
2019-07-15,18271.12
2019-07-16,18154.64
2019-07-17,18152.04
2019-07-18,18270.63
2019-07-19,18154.53
2019-07-22,18164.34
2019-07-23,18170.85
2019-07-24,18186.15
2019-07-25,18299.45
2019-07-26,18453.88
2019-07-29,18579.4
2019-07-30,18704.9
2019-07-31,18551.37
2019-08-01,18759.32
2019-08-02,18783.29
2019-08-05,18465.48
2019-08-06,18819.96
2019-08-07,18840.95
2019-08-08,19030.55
2019-08-09,19078.72
2019-08-12,19032.28
2019-08-13,19166.6
2019-08-14,18621.27
2019-08-15,18487.93
2019-08-16,18648.5
2019-08-19,18556.45
2019-08-20,18417.24
2019-08-21,18591.0
2019-08-22,18458.23
2019-08-23,17985.16
2019-08-26,17742.67
2019-08-27,17837.55
2019-08-28,18120.71
2019-08-29,18553.72
2019-08-30,18661.98
2019-09-02,18555.36
2019-09-03,18377.46
2019-09-04,18562.66
2019-09-05,18655.27
2019-09-06,18546.25
2019-09-09,18587.42
2019-09-10,18707.87
2019-09-11,18794.34
2019-09-12,19069.15
2019-09-13,19104.57
2019-09-16,19124.89
2019-09-17,19294.2
2019-09-18,19273.18
2019-09-19,19248.82
2019-09-20,19408.55
2019-09-23,19419.15
2019-09-24,19543.78
2019-09-25,19704.47
2019-09-26,19609.46
2019-09-27,19483.33
2019-09-30,19447.97
2019-10-01,19441.02
2019-10-02,18944.06
2019-10-03,18947.0
2019-10-04,19200.36
2019-10-07,18827.25
2019-10-08,18600.85
2019-10-09,18517.56
2019-10-10,18608.99
2019-10-11,18904.44
2019-10-14,18866.35
2019-10-15,18952.06
2019-10-16,19007.84
2019-10-17,18971.41
2019-10-18,18895.62
2019-10-21,19224.34
2019-10-22,19274.09
2019-10-23,19129.04
2019-10-24,19011.18
2019-10-25,18544.21
2019-10-28,18529.98
2019-10-29,18483.16
2019-10-30,18579.78
2019-10-31,18458.14
2019-11-01,18745.43
2019-11-04,19155.86
2019-11-05,19133.16
2019-11-06,18934.18
2019-11-07,19355.09
2019-11-08,19172.29
2019-11-11,19320.59
2019-11-12,18991.11
2019-11-13,18894.07
2019-11-14,18848.66
2019-11-18,18952.36
2019-11-19,18995.52
2019-11-21,19189.42
2019-11-22,19300.31
2019-11-25,19654.86
2019-11-26,19586.62
2019-11-27,19681.2
2019-11-28,19810.78
2019-11-29,19854.27
2019-12-02,19900.6
2019-12-03,19925.65
2019-12-04,20016.2
2019-12-05,20080.71
2019-12-06,20319.17
2019-12-09,20086.89
2019-12-10,20105.29
2019-12-11,20226.8
2019-12-12,20405.06
2019-12-13,20621.9
2019-12-16,20663.28
2019-12-17,20536.72
2019-12-18,20699.92
2019-12-19,20818.58
2019-12-20,20958.18
2019-12-23,21137.33
2019-12-26,21424.79
2019-12-27,21381.3
2019-12-30,21187.16
2020-01-02,21767.5
2020-01-03,21864.04
2020-01-06,21748.67
2020-01-07,21885.52
2020-01-08,22014.94
2020-01-09,22035.74
2020-01-10,22097.91
2020-01-13,22564.32
2020-01-14,22609.43
2020-01-15,22458.76
2020-01-16,22490.84
2020-01-17,22674.36
2020-01-20,22865.86
2020-01-21,22694.7
2020-01-22,23142.21
2020-01-23,23115.74
2020-01-24,22978.56
2020-01-27,21931.48
2020-01-28,22255.34
2020-01-29,21983.57
2020-01-30,21799.71
2020-01-31,21426.53
2020-02-03,21655.67
2020-02-04,21776.29
2020-02-05,21728.91
2020-02-06,21518.65
2020-02-07,20998.17
2020-02-10,20654.64
2020-02-11,21247.94
2020-02-12,21495.6
2020-02-13,21578.62
2020-02-14,21386.72
2020-02-17,21551.6
2020-02-18,21397.8
2020-02-19,21821.92
2020-02-20,21553.86
2020-02-21,21640.26
2020-02-26,20194.02
2020-02-27,19306.17
2020-02-28,19278.97
2020-03-02,19957.86
2020-03-03,19796.77
2020-03-04,20491.8
2020-03-05,19582.03
2020-03-06,18740.47
2020-03-09,16711.32
2020-03-10,17666.44
2020-03-11,16350.36
2020-03-12,13610.85
2020-03-13,15232.32
2020-03-16,12950.03
2020-03-17,13401.15
2020-03-18,11926.08
2020-03-19,12933.52
2020-03-20,12936.48
2020-03-23,12654.94
2020-03-24,13298.28
2020-03-25,14130.52
2020-03-26,14609.43
2020-03-27,14224.42
2020-03-30,14249.17
2020-03-31,13915.24
2020-04-01,13767.93
2020-04-02,14066.48
2020-04-03,13560.73
2020-04-06,14095.73
2020-04-07,14374.62
2020-04-08,14636.78
2020-04-09,14355.39
2020-04-13,14545.92
2020-04-14,14895.28
2020-04-15,14851.51
2020-04-16,14754.38
2020-04-17,14909.28
2020-04-20,14928.19
2020-04-22,15296.48
2020-04-23,15275.76
2020-04-24,14766.61
2020-04-27,15505.19
2020-04-28,15845.96
2020-04-29,16105.35
2020-04-30,15716.73
2020-05-04,15523.08
2020-05-05,15578.71
2020-05-06,15611.33
2020-05-07,15884.77
2020-05-08,16059.18
2020-05-11,16010.13
2020-05-12,15812.26
2020-05-13,16004.03
2020-05-14,16012.17
2020-05-15,15554.95
2020-05-18,15613.06
2020-05-19,15541.44
2020-05-20,15645.59
2020-05-21,15517.64
2020-05-22,15413.7
2020-05-25,15784.09
2020-05-26,15961.21
2020-05-27,16767.24
2020-05-28,16598.29
2020-05-29,16491.37
2020-06-01,16705.56
2020-06-02,17035.8
2020-06-03,17180.37
2020-06-04,17471.52
2020-06-05,17612.65
2020-06-08,18290.21
2020-06-09,18053.84
2020-06-10,17681.67
2020-06-12,17234.41
2020-06-15,17182.2
2020-06-16,17356.02
2020-06-17,17834.2
2020-06-18,17912.83
2020-06-19,18032.05
2020-06-22,17889.15
2020-06-23,17954.1
2020-06-24,17805.69
2020-06-25,18063.94
2020-06-26,17713.05
2020-06-29,17873.79
2020-06-30,17898.38
2020-07-01,18097.84
2020-07-02,18166.32
2020-07-03,18329.23
2020-07-06,18477.93
2020-07-07,18470.34
2020-07-08,18787.89
2020-07-09,18661.84
2020-07-10,18840.58
2020-07-13,18385.12
2020-07-14,18403.92
2020-07-15,18713.38
2020-07-16,18493.32
2020-07-17,18989.74
2020-07-20,19268.82
2020-07-21,19280.76
2020-07-22,19590.16
2020-07-23,19373.98
2020-07-24,19540.63
2020-07-27,19847.3
2020-07-28,19776.78
2020-07-29,20008.63
2020-07-30,19968.75
2020-07-31,19523.91
2020-08-03,19545.13
2020-08-04,19297.03
2020-08-05,19723.27
2020-08-06,19949.41
2020-08-07,19747.9
2020-08-10,19910.0
2020-08-11,19855.83
2020-08-12,19959.11
2020-08-13,19864.95
2020-08-14,20310.43
2020-08-17,20137.93
2020-08-18,20539.99
2020-08-19,20388.98
2020-08-20,20581.72
2020-08-21,20615.4
2020-08-24,20583.88
2020-08-25,20440.59
2020-08-26,20211.05
2020-08-27,20135.58
2020-08-28,20348.56
2020-08-31,19864.94
2020-09-01,20324.89
2020-09-02,20271.01
2020-09-03,19896.84
2020-09-04,19877.61
2020-09-08,19655.1
2020-09-09,19980.79
2020-09-10,19734.14
2020-09-11,19622.97
2020-09-14,20165.77
2020-09-15,20645.37
2020-09-16,20255.1
2020-09-17,20473.37
2020-09-18,20178.81
2020-09-21,19987.21
2020-09-22,19984.3
2020-09-23,19496.03
2020-09-24,19676.2
2020-09-25,19767.54
2020-09-28,19283.86
2020-09-29,19239.02
2020-09-30,19513.57
2020-10-01,19670.58
2020-10-02,19487.58
2020-10-05,19947.82
2020-10-06,20082.08
2020-10-07,20283.64
2020-10-08,20502.17
2020-10-09,20423.06
2020-10-13,20739.86
2020-10-14,21016.68
2020-10-15,21168.59
2020-10-16,21379.49
2020-10-19,21141.32
2020-10-20,21507.69
2020-10-21,21293.39
2020-10-22,21579.8
2020-10-23,21569.31
2020-10-26,21535.14
2020-10-27,21286.5
2020-10-28,20486.76
2020-10-29,20482.37
2020-10-30,19822.5
2020-11-03,20353.48
2020-11-04,20638.96
2020-11-05,21187.01
2020-11-06,21123.45
2020-11-09,21187.39
2020-11-10,21246.06
2020-11-11,21238.03
2020-11-12,21042.44
2020-11-13,21698.49
2020-11-16,21828.79
2020-11-17,21799.41
2020-11-18,21542.85
2020-11-19,21487.85
2020-11-20,21407.33
2020-11-23,21586.77
2020-11-24,21738.27
2020-11-25,21900.36
2020-11-26,22110.57
2020-11-27,22235.38
2020-11-30,21867.76
2020-12-01,22207.52
2020-12-02,22120.3
2020-12-03,21908.21
2020-12-04,21965.55
2020-12-07,22002.16
2020-12-08,22157.12
2020-12-09,21911.85
2020-12-10,22016.41
2020-12-11,22054.28
2020-12-14,21999.73
2020-12-15,22455.55
2020-12-16,22812.92
2020-12-17,23042.95
2020-12-18,23136.46
2020-12-21,22706.52
2020-12-22,22914.66
2020-12-23,22964.38
2020-12-28,23227.52
2020-12-29,23417.76
2020-12-30,23390.13
2021-01-04,23327.95
2021-01-05,23616.16
2021-01-06,23685.93
2021-01-07,24335.02
2021-01-08,24997.71
2021-01-11,24479.44
2021-01-12,24965.88
2021-01-13,24577.8
2021-01-14,24745.78
2021-01-15,24199.13
2021-01-18,24722.44
2021-01-19,24551.55
2021-01-20,24381.54
2021-01-21,24005.52
2021-01-22,23897.44
2021-01-26,23871.83
2021-01-27,23568.05
2021-01-28,23929.61
2021-01-29,23250.39
2021-02-01,23620.69
2021-02-02,23704.84
2021-02-03,24157.13
2021-02-04,24025.21
2021-02-05,24249.31
2021-02-08,24229.37
2021-02-09,24275.56
2021-02-10,24173.48
2021-02-11,24586.03
2021-02-12,24554.49
2021-02-17,24821.18
2021-02-18,24570.6
2021-02-19,24722.64
2021-02-22,24463.51
2021-02-23,24594.4
2021-02-24,25085.63
2021-02-25,24094.11
2021-02-26,23633.38
2021-03-01,23885.26
2021-03-02,23946.32
2021-03-03,24006.48
2021-03-04,24140.94
2021-03-05,24751.16
2021-03-08,23962.7
2021-03-09,24442.21
2021-03-10,24226.62
2021-03-11,24501.04
2021-03-12,24469.72
2021-03-15,24691.99
2021-03-16,24791.34
2021-03-17,25242.51
2021-03-18,24762.06
2021-03-19,25018.42
2021-03-22,24765.36
2021-03-23,24394.95
2021-03-24,24142.47
2021-03-25,24407.1
2021-03-26,24654.62
2021-03-29,24819.97
2021-03-30,25202.06
2021-03-31,25049.77
2021-04-01,24847.34
2021-04-05,25175.98
2021-04-06,25518.13
2021-04-07,25528.76
2021-04-08,25928.36
2021-04-09,26043.6
2021-04-12,26335.8
2021-04-13,26485.59
2021-04-14,26769.41
2021-04-15,27168.2
2021-04-16,26882.91
2021-04-19,26973.28
2021-04-20,26820.25
2021-04-22,26779.87
2021-04-23,26965.55
2021-04-26,27108.36
2021-04-27,26818.96
2021-04-28,26356.69
2021-04-29,26241.02
2021-04-30,25971.63
2021-05-03,25719.65
2021-05-04,25653.64
2021-05-05,26171.42
2021-05-06,26467.16
2021-05-07,26729.96
2021-05-10,26715.61
2021-05-11,26973.8
2021-05-12,26337.84
2021-05-13,26192.4
2021-05-14,26214.8
2021-05-17,26570.59
2021-05-18,26544.55
2021-05-19,26452.93
2021-05-20,26363.24
2021-05-21,26430.59
2021-05-24,26419.87
2021-05-25,26372.29
2021-05-26,26326.29
2021-05-27,26565.09
2021-05-28,26624.89
2021-05-31,26646.89
2021-06-01,27360.16
2021-06-02,27422.92
2021-06-04,27357.51
2021-06-07,27458.27
2021-06-08,27132.81
2021-06-09,27318.27
2021-06-10,27412.93
2021-06-11,27425.79
2021-06-14,27661.87
2021-06-15,27626.45
2021-06-16,27156.69
2021-06-17,26726.11
2021-06-18,26873.93
2021-06-21,27064.83
2021-06-22,26850.3
2021-06-23,26711.94
2021-06-24,27118.58
2021-06-25,26499.1
2021-06-28,26773.8
2021-06-29,26781.45
2021-06-30,26626.26
2021-07-01,26612.4
2021-07-02,27082.18
2021-07-05,27208.04
2021-07-06,26849.75
2021-07-07,27302.18
2021-07-08,26838.71
2021-07-12,27370.7
2021-07-13,27363.54
2021-07-14,27231.31
2021-07-15,26977.01
2021-07-16,26637.03
2021-07-19,26382.18
2021-07-20,26727.23
2021-07-21,26905.48
2021-07-22,27013.44
2021-07-23,26760.47
2021-07-26,27084.07
2021-07-27,26691.64
2021-07-28,26903.79
2021-07-29,26911.69
2021-07-30,26347.27
2021-08-02,26652.13
2021-08-03,26759.29
2021-08-04,26653.6
2021-08-05,26292.4
2021-08-06,26565.59
2021-08-09,26734.89
2021-08-10,26650.3
2021-08-11,26671.93
2021-08-12,26235.91
2021-08-13,26421.64
2021-08-16,25903.53
2021-08-17,25517.44
2021-08-18,25370.51
2021-08-19,25760.74
2021-08-20,26055.95
2021-08-23,26131.22
2021-08-24,26628.84
2021-08-25,26980.01
2021-08-26,26518.2
2021-08-27,26740.14
2021-08-30,26643.79
2021-08-31,26364.6
2021-09-01,26525.62
2021-09-02,25843.07
2021-09-03,25971.05
2021-09-06,26272.61
2021-09-08,25605.23
2021-09-09,26162.9
2021-09-10,25992.31
2021-09-13,26293.37
2021-09-14,26328.71
2021-09-15,26029.41
2021-09-16,25682.2
2021-09-17,25080.65
2021-09-20,24631.55
2021-09-21,24846.43
2021-09-22,25294.63
2021-09-23,25861.33
2021-09-24,25850.41
2021-09-27,25882.1
2021-09-28,25272.89
2021-09-29,25609.18
2021-09-30,25686.32
2021-10-01,25828.14
2021-10-04,25305.45
2021-10-05,25097.36
2021-10-06,24956.62
2021-10-07,24853.13
2021-10-08,25315.23
2021-10-11,25306.1
2021-10-13,25845.05
2021-10-14,25702.29
2021-10-15,25777.86
2021-10-18,25665.94
2021-10-19,24884.94
2021-10-20,24868.27
2021-10-21,24394.54
2021-10-22,24450.78
2021-10-25,24789.1
2021-10-26,24433.17
2021-10-27,24266.95
2021-10-28,24470.48
2021-10-29,24377.75
2021-11-01,24408.99
2021-11-03,24631.34
2021-11-04,24529.06
2021-11-05,24696.25
2021-11-08,24588.98
2021-11-09,24733.19
2021-11-10,24526.65
2021-11-11,24845.8
2021-11-12,24382.26
2021-11-16,24059.75
2021-11-17,23824.8
2021-11-18,23857.5
2021-11-19,24020.08
2021-11-22,23649.03
2021-11-23,23716.81
2021-11-24,23677.91
2021-11-25,23802.43
2021-11-26,23084.15
2021-11-29,23125.73
2021-11-30,22944.24
2021-12-01,22743.8
2021-12-02,23337.1
2021-12-03,23234.59
2021-12-06,23745.47
2021-12-07,24001.47
2021-12-08,24315.79
2021-12-09,24024.54
2021-12-10,24278.67
2021-12-13,24128.93
2021-12-14,24214.7
2021-12-15,24429.2
2021-12-16,24555.67
2021-12-17,24545.44
2021-12-20,24071.43
2021-12-21,24303.07
2021-12-22,24182.21
2021-12-23,24261.34
2021-12-27,24263.74
2021-12-28,24297.79
2021-12-29,24167.45
2021-12-30,24323.03
2022-01-03,23965.32
2022-01-04,23855.56
2022-01-05,23230.15
2022-01-06,23180.94
2022-01-07,23021.26
2022-01-10,22964.33
2022-01-11,23126.75
2022-01-12,23664.91
2022-01-13,23521.92
2022-01-14,23735.56
2022-01-17,23356.34
2022-01-18,23246.41
2022-01-19,23413.03
2022-01-20,23444.78
2022-01-21,23272.33
2022-01-24,23190.52
2022-01-25,23286.62
2022-01-26,23251.4
2022-01-27,23654.21
2022-01-28,23496.02
2022-01-31,23545.18
2022-02-01,23622.45
2022-02-02,23275.67
2022-02-03,22955.57
2022-02-04,22974.64
2022-02-07,23141.39
2022-02-08,23218.19
2022-02-09,23564.61
2022-02-10,23483.55
2022-02-11,23213.36
2022-02-14,23348.6
2022-02-15,23630.63
2022-02-16,23379.36
2022-02-17,23048.9
2022-02-18,22696.6
2022-02-21,22290.63
2022-02-22,22532.73
2022-02-23,22076.07
2022-02-24,22128.38
2022-02-25,22371.64
2022-03-02,22510.9
2022-03-03,22520.64
2022-03-04,22580.92
2022-03-07,21978.21
2022-03-08,22042.56
2022-03-09,22903.5
2022-03-10,22550.95
2022-03-11,22159.14
2022-03-14,21890.68
2022-03-15,21771.85
2022-03-16,22443.42
2022-03-17,23025.56
2022-03-18,23556.97
2022-03-21,23282.58
2022-03-22,23382.95
2022-03-23,23193.87
2022-03-24,23560.4
2022-03-25,23217.15
2022-03-28,23441.63
2022-03-29,23730.94
2022-03-30,23732.95
2022-03-31,23744.78
2022-04-01,23897.19
2022-04-04,23826.71
2022-04-05,23527.58
2022-04-06,23314.8
2022-04-07,23276.09
2022-04-08,23308.43
2022-04-11,22978.3
2022-04-12,22767.78
2022-04-13,22779.4
2022-04-14,22644.25
2022-04-18,22522.94
2022-04-19,22562.32
2022-04-20,22207.59
2022-04-22,21883.95
2022-04-25,21895.03
2022-04-26,21318.66
2022-04-27,21747.17
2022-04-28,21859.08
2022-04-29,21346.07
2022-05-02,21161.21
2022-05-03,21134.96
2022-05-04,21287.39
2022-05-05,20833.94
2022-05-06,20536.1
2022-05-09,20294.85
2022-05-10,20070.15
2022-05-11,20233.94
2022-05-12,20469.15
2022-05-13,20965.16
2022-05-16,20989.41
2022-05-17,21299.85
2022-05-18,20590.91
2022-05-19,20559.91
2022-05-20,20718.87
2022-05-23,21038.9
2022-05-24,21047.53
2022-05-25,20875.77
2022-05-26,21175.55
2022-05-27,21326.38
2022-05-30,21148.82
2022-05-31,21258.78
2022-06-01,21414.79
2022-06-02,21650.81
2022-06-03,21397.36
2022-06-06,21293.63
2022-06-07,21205.15
2022-06-08,20730.8
2022-06-09,20488.18
2022-06-10,20266.95
2022-06-13,19626.57
2022-06-14,19341.7
2022-06-15,19365.75
2022-06-17,18816.33
2022-06-20,18769.75
2022-06-21,18934.87
2022-06-22,18940.32
2022-06-23,18915.23
2022-06-24,19346.15
2022-06-27,19454.92
2022-06-28,19393.96
2022-06-29,19174.09
2022-06-30,18875.38
2022-07-01,19066.04
2022-07-04,19027.67
2022-07-05,19110.79
2022-07-06,19286.1
2022-07-07,19525.06
2022-07-08,19344.17
2022-07-11,19027.64
2022-07-12,19024.9
2022-07-13,19176.8
2022-07-14,18985.52
2022-07-15,18920.5
2022-07-18,18739.2
2022-07-19,19134.62
2022-07-20,19115.89
2022-07-21,19193.57
2022-07-22,19271.15
2022-07-25,19416.91
2022-07-26,19372.65
2022-07-27,19772.6
2022-07-28,19878.3
2022-07-29,19882.69
2022-08-01,19652.8
2022-08-02,19829.99
2022-08-03,19854.93
2022-08-04,20170.04
2022-08-05,20164.16
2022-08-08,20367.52
2022-08-09,20193.21
2022-08-10,20640.49
2022-08-11,20504.09
2022-08-12,20712.64
2022-08-15,20750.46
2022-08-16,20964.3
2022-08-17,21088.61
2022-08-18,21127.23
2022-08-19,20708.19
2022-08-22,20288.66
2022-08-23,20566.86
2022-08-24,20620.8
2022-08-25,20711.46
2022-08-26,20323.87
2022-08-29,20221.77
2022-08-30,20006.87
2022-08-31,19740.3
2022-09-01,19772.3
2022-09-02,20082.49
2022-09-05,20277.81
2022-09-06,20070.42
2022-09-08,19893.87
2022-09-09,20277.52
2022-09-12,20512.05
2022-09-13,19953.68
2022-09-14,19850.12
2022-09-15,19746.62
2022-09-16,19632.99
2022-09-19,19943.97
2022-09-20,19994.77
2022-09-21,19799.23
2022-09-22,20019.54
2022-09-23,19590.99
2022-09-26,19233.52
2022-09-27,19259.09
2022-09-28,19362.12
2022-09-29,19132.22
2022-09-30,19543.69
2022-10-03,20307.32
2022-10-04,20261.88
2022-10-05,20234.89
2022-10-06,20309.31
2022-10-07,19976.2
2022-10-10,20245.26
2022-10-11,20069.93
2022-10-13,20126.21
2022-10-14,19753.98
2022-10-17,20068.74
2022-10-18,20432.79
2022-10-19,20389.02
2022-10-20,20489.78
2022-10-21,20791.58
2022-10-24,20631.66
2022-10-25,20429.79
2022-10-26,20516.59
2022-10-27,20875.99
2022-10-28,20997.12
2022-10-31,21269.26
2022-11-01,21219.79
2022-11-03,21364.4
2022-11-04,21746.22
2022-11-07,21466.15
2022-11-08,21646.93
2022-11-09,21558.16
2022-11-10,21010.92
2022-11-11,21858.98
2022-11-14,21777.41
2022-11-16,21230.33
2022-11-17,21005.61
2022-11-18,20857.48
2022-11-21,20935.78
2022-11-22,20894.22
2022-11-23,20865.52
2022-11-24,21251.75
2022-11-25,20850.69
2022-11-28,20586.82
2022-11-29,20696.0
2022-11-30,20820.16
2022-12-01,20552.59
2022-12-02,20787.6
2022-12-05,20381.23
2022-12-06,20484.71
2022-12-07,20470.73
2022-12-08,20155.33
2022-12-09,20205.07
2022-12-12,19925.96
2022-12-13,19564.0
2022-12-14,19749.95
2022-12-15,19551.49
2022-12-16,19404.06
2022-12-19,19537.96
2022-12-20,19816.27
2022-12-21,19701.46
2022-12-22,19759.74
2022-12-23,19725.71
2022-12-26,19539.71
2022-12-27,19658.68
2022-12-28,19989.43
2022-12-29,20032.94
2023-01-02,19722.68
2023-01-03,19496.17
2023-01-04,19677.72
2023-01-05,19993.68
2023-01-06,20129.95
2023-01-09,20287.49
2023-01-10,20473.6
2023-01-11,20515.03
2023-01-12,20452.84
2023-01-13,20319.96
2023-01-16,19897.08
2023-01-17,20323.99
2023-01-18,20367.86
2023-01-19,20300.44
2023-01-20,20066.65
2023-01-23,20013.09
2023-01-24,20216.06
2023-01-25,20371.6
2023-01-26,20358.69
2023-01-27,20090.47
2023-01-30,20058.03
2023-01-31,20286.1
2023-02-01,20157.01
2023-02-02,19739.74
2023-02-03,19696.02
2023-02-06,19512.71
2023-02-07,19488.76
2023-02-08,19632.74
2023-02-09,19327.86
2023-02-10,19304.13
2023-02-13,19482.2
2023-02-14,19333.08
2023-02-15,19676.62
2023-02-16,19565.13
2023-02-17,19550.2
2023-02-22,19192.48
2023-02-23,19415.59
2023-02-24,19247.85
2023-02-27,19311.11
2023-02-28,19487.67
2023-03-01,19601.53
2023-03-02,19539.13
2023-03-03,19628.84
2023-03-06,19788.25
2023-03-07,19703.29
2023-03-08,19996.22
2023-03-09,19701.41
2023-03-10,19417.47
2023-03-13,19366.58
2023-03-14,19398.58
2023-03-15,19274.61
2023-03-16,19484.1
2023-03-17,19406.86
2023-03-20,19083.73
2023-03-21,19050.86
2023-03-22,18946.5
2023-03-23,18711.98
2023-03-24,18975.77
2023-03-27,19039.74
2023-03-28,19351.56
2023-03-29,19480.4
2023-03-30,19682.58
2023-03-31,19194.87
2023-04-03,19083.33
2023-04-04,19071.76
2023-04-05,18680.44
2023-04-06,18579.65
2023-04-10,18774.33
2023-04-11,19416.11
2023-04-12,19427.16
2023-04-13,19242.87
2023-04-14,19082.22
2023-04-17,19178.04
2023-04-18,19126.72
2023-04-19,18925.61
2023-04-20,19011.57
2023-04-24,18811.64
2023-04-25,18589.82
2023-04-26,18474.58
2023-04-27,18571.86
2023-04-28,19042.75
2023-05-02,18866.35
2023-05-03,18943.54
2023-05-04,18756.57
2023-05-05,19183.46
2023-05-08,19294.64
2023-05-09,19479.73
2023-05-10,19349.31
2023-05-11,19418.01
2023-05-12,19327.63
2023-05-15,19542.46
2023-05-16,19379.45
2023-05-17,19599.03
2023-05-18,19864.55
2023-05-19,20094.85
2023-05-22,20231.12
2023-05-23,20115.76
2023-05-24,19811.65
2023-05-25,19863.57
2023-05-26,20122.24
2023-05-29,20018.3
2023-05-30,19787.97
2023-05-31,19786.43
2023-06-01,19842.78
2023-06-02,20199.9
2023-06-05,20264.45
2023-06-06,20620.9
2023-06-07,20609.43
2023-06-09,20704.95
2023-06-12,20819.12
2023-06-13,20759.75
2023-06-14,21079.28
2023-06-15,21217.49
2023-06-16,21122.01
2023-06-19,21204.65
2023-06-20,21145.28
2023-06-21,21018.81
2023-06-22,20860.81
2023-06-23,20866.83
2023-06-26,20657.97
2023-06-27,20588.37
2023-06-28,20369.28
2023-06-29,20627.4
2023-06-30,20775.3
2023-07-03,20861.25
2023-07-04,20793.65
2023-07-05,20981.93
2023-07-06,20621.92
2023-07-07,20865.86
2023-07-10,20701.82
2023-07-11,20487.19
2023-07-12,20659.71
2023-07-13,20840.41
2023-07-14,20624.95
2023-07-17,20581.09
2023-07-18,20621.45
2023-07-19,20680.09
2023-07-20,20803.13
2023-07-21,21074.65
2023-07-24,21480.12
2023-07-25,21513.81
2023-07-26,21615.44
2023-07-27,21459.54
2023-07-28,21639.6
2023-07-31,21902.71
2023-08-01,21955.09
2023-08-02,21957.08
2023-08-03,21971.21
2023-08-04,22093.84
2023-08-07,22006.67
2023-08-08,21795.66
2023-08-09,21585.73
2023-08-10,21624.83
2023-08-11,21626.24
2023-08-14,21496.86
2023-08-15,21558.42
2023-08-16,21241.54
2023-08-17,21048.83
2023-08-18,21095.39
2023-08-21,20887.86
2023-08-22,21085.89
2023-08-23,21139.02
2023-08-24,20895.22
2023-08-25,20764.81
2023-08-28,21002.31
2023-08-29,21121.42
2023-08-30,21009.42
2023-08-31,20628.58
2023-09-01,20861.21
2023-09-04,20926.83
2023-09-05,20847.78
2023-09-06,20637.61
2023-09-08,20390.95
2023-09-11,20567.01
2023-09-12,20709.22
2023-09-13,20811.14
2023-09-14,20740.68
2023-09-15,20715.85
2023-09-18,20628.15
2023-09-19,20612.1
2023-09-20,20809.49
2023-09-21,20513.92
2023-09-22,20352.54
2023-09-25,20446.55
2023-09-26,20277.22
2023-09-27,20222.77
2023-09-28,20306.47
2023-09-29,20391.45
2023-10-02,20260.42
2023-10-03,20099.81
2023-10-04,20119.44
2023-10-05,19892.07
2023-10-06,19975.93
2023-10-09,20034.41
2023-10-10,20308.0
2023-10-11,20246.81
2023-10-13,19977.12
2023-10-16,20006.43
2023-10-17,19819.09
2023-10-18,19446.34
2023-10-19,19378.47
2023-10-20,19310.15
2023-10-23,19423.43
2023-10-24,19474.84
2023-10-25,19026.56
2023-10-26,19371.49
2023-10-27,18980.28
2023-10-30,18938.29
2023-10-31,19243.48
2023-11-01,19455.76
2023-11-03,19958.14
2023-11-06,20181.08
2023-11-07,20262.09
2023-11-08,20143.52
2023-11-09,20074.95
2023-11-10,20454.88
2023-11-13,20332.75
2023-11-14,20743.71
2023-11-16,21085.8
2023-11-17,21093.0
2023-11-20,21150.72
2023-11-21,21002.51
2023-11-22,21216.27
2023-11-23,21292.94
2023-11-24,21031.98
2023-11-27,21242.64
2023-11-28,21412.72
2023-11-29,21380.05
2023-11-30,21420.46
2023-12-01,21703.72
2023-12-04,21567.29
2023-12-05,21690.33
2023-12-06,21494.07
2023-12-07,21550.2
2023-12-08,21632.37
2023-12-11,21676.53
2023-12-12,21653.77
2023-12-13,22228.62
2023-12-14,22223.12
2023-12-15,22077.59
2023-12-18,22213.51
2023-12-19,22375.78
2023-12-20,22297.01
2023-12-21,22441.76
2023-12-22,22517.05
2023-12-26,22565.79
2023-12-27,22671.78
2023-12-28,22699.65
2024-01-02,22385.87
2024-01-03,22238.79
2024-01-04,21950.65
2024-01-05,21962.62
2024-01-08,22136.68
2024-01-09,21813.1
2024-01-10,21818.18
2024-01-11,21599.7
2024-01-12,21676.83
2024-01-15,21676.81
2024-01-16,21297.36
2024-01-17,21222.13
2024-01-18,21020.28
2024-01-19,21248.59
2024-01-22,21232.21
2024-01-23,21585.01
2024-01-24,21477.85
2024-01-25,21544.39
2024-01-26,21592.18
2024-01-29,21331.89
2024-01-30,21165.93
2024-01-31,21172.85
2024-02-01,21158.52
2024-02-02,21104.14
2024-02-05,21208.21
2024-02-06,21519.58
2024-02-07,21506.41
2024-02-08,21283.87
2024-02-09,21142.88
2024-02-14,21044.83
2024-02-15,21065.47
2024-02-16,21210.05
2024-02-19,21197.64
2024-02-20,21398.78
2024-02-21,21680.07
2024-02-22,21670.09
2024-02-23,21526.69
2024-02-26,21796.29
2024-02-27,22338.76
2024-02-28,22340.7
2024-02-29,22083.56
2024-03-01,22256.98
2024-03-04,22285.49
2024-03-05,22463.61
2024-03-06,22317.26
2024-03-07,22291.62
2024-03-08,22487.26
2024-03-11,22438.45
2024-03-12,22706.49
2024-03-13,22884.65
2024-03-14,22973.6
2024-03-15,22805.82
2024-03-18,22850.5
2024-03-19,23213.25
2024-03-20,23429.71
2024-03-21,23441.27
2024-03-22,23325.37
2024-03-25,23134.04
2024-03-26,23173.72
2024-03-27,23266.01
2024-03-28,23333.11
2024-04-01,23127.22
2024-04-02,23140.36
2024-04-03,23153.53
2024-04-04,23185.45
2024-04-05,22976.89
2024-04-08,23198.35
2024-04-09,23452.44
2024-04-10,23136.98
2024-04-11,23089.09
2024-04-12,22673.4
2024-04-15,22781.14
2024-04-16,22732.12
2024-04-17,22533.82
2024-04-18,22535.09
2024-04-19,22608.32
2024-04-22,22617.2
2024-04-23,22432.61
2024-04-24,22409.23
2024-04-25,22390.49
2024-04-26,22683.99
2024-04-29,22737.86
2024-04-30,22554.63
2024-05-02,22685.4
2024-05-03,23016.61
2024-05-06,22902.83
2024-05-07,22692.89
2024-05-08,22789.37
2024-05-09,22714.57
2024-05-10,22528.12
2024-05-13,22611.34
2024-05-14,22687.32
2024-05-15,23142.64
2024-05-16,23418.46
2024-05-17,23423.29
2024-05-20,23385.42
2024-05-21,23280.78
2024-05-22,22930.47
2024-05-23,22869.06
2024-05-24,22728.62
2024-05-27,22693.99
2024-05-28,22489.48
2024-05-29,22330.88
2024-05-31,22170.02
2024-06-03,22053.44
2024-06-04,22041.25
2024-06-05,21892.75
2024-06-06,22225.42
2024-06-07,22121.37
2024-06-10,22091.7
2024-06-11,22194.48
2024-06-12,22142.13
2024-06-13,22040.37
2024-06-14,21969.46
2024-06-17,21793.08
2024-06-18,21984.1
2024-06-19,22256.77
2024-06-20,22367.86
2024-06-21,22626.95
2024-06-24,22809.0
2024-06-25,22919.63
2024-06-26,23106.0
2024-06-27,23639.12
2024-06-28,23501.85
2024-07-01,23592.47
2024-07-02,23649.29
2024-07-03,23560.65
2024-07-04,23664.12
2024-07-05,23432.0
2024-07-08,23558.72
2024-07-09,23628.21
2024-07-10,23611.61
2024-07-11,24006.19
2024-07-12,24137.66
2024-07-15,24399.75
2024-07-16,24411.48
2024-07-17,24563.56
2024-07-18,24171.29
2024-07-19,24194.52
2024-07-22,24163.43
2024-07-23,24002.68
2024-07-24,23858.87
2024-07-25,23791.47
2024-07-26,24089.2
2024-07-29,24033.15
2024-07-30,24055.9
2024-07-31,24543.1
2024-08-01,24725.06
2024-08-02,24138.59
2024-08-05,23901.86
2024-08-06,23817.59
2024-08-07,24030.81
2024-08-08,24580.65
2024-08-09,24919.36
2024-08-12,24980.89
2024-08-13,25180.49
2024-08-14,25448.44
2024-08-15,25730.84
2024-08-16,25610.27
2024-08-19,25899.12
2024-08-20,26122.05
2024-08-21,26351.14
2024-08-22,26270.66
2024-08-23,26268.57
2024-08-26,26304.75
2024-08-27,26259.32
2024-08-28,26276.02
2024-08-29,26095.4
2024-08-30,26160.35
2024-09-02,25762.25
2024-09-03,25681.73
2024-09-04,26227.1
2024-09-05,26351.68
2024-09-06,26002.15
2024-09-09,25906.7
2024-09-10,26094.14
2024-09-11,26140.0
2024-09-12,26115.9
2024-09-13,26288.33
2024-09-16,26106.31
2024-09-17,26193.8
2024-09-18,25937.34
2024-09-19,25940.96
2024-09-20,25541.63
2024-09-23,25582.95
2024-09-24,25939.67
2024-09-25,25823.58
2024-09-26,26145.96
2024-09-27,26046.61
2024-09-30,25888.12
2024-10-01,26292.04
2024-10-02,26436.72
2024-10-03,26013.89
2024-10-04,26081.57
2024-10-07,25953.91
2024-10-08,26002.31
2024-10-09,25794.38
2024-10-10,25805.67
2024-10-11,25486.37
2024-10-14,25796.54
2024-10-15,25966.96
2024-10-16,26252.09
2024-10-17,26136.3
2024-10-18,26117.09
2024-10-21,26206.45
2024-10-22,26245.59
2024-10-23,26179.48
2024-10-24,26244.18
2024-10-25,26200.68
2024-10-28,26552.79
2024-10-29,26705.2
2024-10-30,26479.87
2024-10-31,26282.44
2024-11-01,26173.19
2024-11-04,26686.06
2024-11-05,26711.33
2024-11-06,26935.34
2024-11-07,26636.02
2024-11-08,26469.72
2024-11-11,26663.96
2024-11-12,26613.84
2024-11-13,26783.72
2024-11-14,26606.49
2024-11-18,26418.23
2024-11-19,26458.46
2024-11-21,26457.01
2024-11-22,26862.67
2024-11-25,26733.53
2024-11-26,26843.36
2024-11-27,26598.0
2024-11-28,26515.08
2024-11-29,27020.8
2024-12-02,27168.13
2024-12-03,27557.34
2024-12-04,27876.12
2024-12-05,28111.77
2024-12-06,28028.57
2024-12-09,28237.44
2024-12-10,28166.49
2024-12-11,28369.61
2024-12-12,27569.28
2024-12-13,27355.46
2024-12-16,27429.24
2024-12-17,27750.27
2024-12-18,26943.06
2024-12-19,26887.36
2024-12-20,26746.45
2024-12-23,26454.29
2024-12-26,26483.25
2024-12-27,26165.23
2024-12-30,25991.64
2025-01-02,25976.13
2025-01-03,25601.45
2025-01-06,25747.52
2025-01-07,25961.8
2025-01-08,25637.9
2025-01-09,25682.17
2025-01-10,25408.02
2025-01-13,25395.65
2025-01-14,25331.75
2025-01-15,25880.8
2025-01-16,25417.89
2025-01-17,25625.21
2025-01-20,25874.38
2025-01-21,26046.09
2025-01-22,25971.71
2025-01-23,26110.53
2025-01-24,26094.41
2025-01-27,25988.86
2025-01-28,25946.14
2025-01-29,25891.66
2025-01-30,26399.56
2025-01-31,26174.22
2025-02-03,26037.81
2025-02-04,25599.4
2025-02-05,26011.68
2025-02-06,26118.2
2025-02-07,25645.77
2025-02-10,25849.69
2025-02-11,25724.44
2025-02-12,25256.29
2025-02-13,25303.07
2025-02-14,25785.98
2025-02-17,25562.21
2025-02-18,25540.36
2025-02-19,25315.07
2025-02-20,25172.72
2025-02-21,25188.55
2025-02-24,24818.1
2025-02-25,24956.37
2025-02-26,24690.37
2025-02-27,25365.62
2025-02-28,25035.02
2025-03-05,25455.56
2025-03-06,25453.35
2025-03-07,25756.87
2025-03-10,25762.27
2025-03-11,25372.38
2025-03-12,25577.09
2025-03-13,25670.23
2025-03-14,25822.84
2025-03-17,26082.5
2025-03-18,26649.62
2025-03-19,26943.86
2025-03-20,26774.26
2025-03-21,26837.99
2025-03-24,26413.83
2025-03-25,26354.18
2025-03-26,26218.23
2025-03-27,26407.21
2025-03-28,26046.84
2025-03-31,25740.15
2025-04-01,25948.09
2025-04-02,25810.14
2025-04-03,25579.83
2025-04-04,25008.94
2025-04-07,24761.36
2025-04-08,24630.07
2025-04-09,25558.84
2025-04-10,25268.01
2025-04-11,25280.45
2025-04-14,25780.65
2025-04-15,25846.83
2025-04-16,25860.95
2025-04-17,26052.02
2025-04-22,26175.37
2025-04-23,26580.5
2025-04-24,27009.03
2025-04-25,27212.16
2025-04-28,27280.41
2025-04-29,27138.03
2025-04-30,26592.37
2025-05-02,26479.13
2025-05-05,26000.41
2025-05-06,26065.56
2025-05-07,26090.43
2025-05-08,26420.97
2025-05-09,26008.41
2025-05-12,26241.48
2025-05-13,26580.58
2025-05-14,26499.18
2025-05-15,26725.71
2025-05-16,26866.01
2025-05-19,26911.3
2025-05-20,27002.79
2025-05-21,26611.02
2025-05-22,26659.03
2025-05-23,26718.33
2025-05-26,26667.63
2025-05-27,26887.57
2025-05-28,26780.33
2025-05-29,26664.83
2025-05-30,26203.15
2025-06-02,26187.71
2025-06-03,26272.18
2025-06-04,26426.64
2025-06-05,26456.77
2025-06-06,26440.62
2025-06-09,26786.56
2025-06-10,26654.13
2025-06-11,26534.22
2025-06-12,26588.74
2025-06-13,26369.42
2025-06-16,26702.9
2025-06-17,26321.63
2025-06-18,26560.83
2025-06-20,26312.69
2025-06-23,26390.71
2025-06-24,26336.38
2025-06-25,26062.17
2025-06-26,26463.15
2025-06-27,26307.89
2025-06-30,26694.56
2025-07-01,26863.27
2025-07-02,26882.06
2025-07-03,27217.98
2025-07-04,27359.05
2025-07-07,27158.02
2025-07-08,26980.5
2025-07-09,26620.23
2025-07-10,26463.56
2025-07-11,26244.48
2025-07-14,26103.45
2025-07-15,26236.72
2025-07-16,26304.55
2025-07-17,26301.93
2025-07-18,25944.72
2025-07-21,26052.71
2025-07-22,26021.2
2025-07-23,25929.39
2025-07-24,25402.21
2025-07-25,25465.52
2025-07-28,25186.7
2025-07-29,25377.69
2025-07-30,25955.96
2025-07-31,25815.07
2025-08-01,25588.33
2025-08-04,25551.58
2025-08-05,25435.32
2025-08-06,25730.87
2025-08-07,26079.34
2025-08-08,26024.5
2025-08-11,25808.05
2025-08-12,25813.62
2025-08-13,25674.64
2025-08-14,25711.95
2025-08-15,25538.89
2025-08-18,25679.8
2025-08-19,25359.04
2025-08-20,25303.39
2025-08-21,25291.9
2025-08-22,25945.93
2025-08-25,25886.98
2025-08-26,25912.59
2025-08-27,26009.3
2025-08-28,26213.42
2025-08-29,26265.81
2025-09-01,26221.92
2025-09-02,26175.76
2025-09-03,26011.96
2025-09-04,26287.88
2025-09-05,26684.41
2025-09-08,26418.09
2025-09-09,26475.43
2025-09-10,26398.89
2025-09-11,26528.19
2025-09-12,26285.78
2025-09-15,26260.85
2025-09-16,26419.47
2025-09-17,26504.27
2025-09-18,26461.28
2025-09-19,26366.77
2025-09-22,26401.67
2025-09-23,26291.08
2025-09-24,26282.34
2025-09-25,26140.74
2025-09-26,26151.43
2025-09-29,26050.84
2025-09-30,26056.98
2025-10-01,26004.22
2025-10-02,25665.39
2025-10-03,25797.96
2025-10-06,25604.1
2025-10-07,25227.65
2025-10-08,25338.81
2025-10-09,25341.94
2025-10-10,25215.32
2025-10-13,25513.46
2025-10-14,25670.74
2025-10-15,25629.65
2025-10-16,25755.28
2025-10-17,26080.59
2025-10-20,26243.19
2025-10-21,26431.17
2025-10-22,26420.59
2025-10-23,26771.75
2025-10-24,26841.38
2025-10-27,27021.66
2025-10-28,27381.47
2025-10-29,27286.61
2025-10-30,27389.74
2025-10-31,27574.34
2025-11-03,27598.33
2025-11-04,27576.51
2025-11-05,27957.51
2025-11-06,27709.51
2025-11-07,27988.15
2025-11-10,28029.39
2025-11-11,28380.74
2025-11-12,28327.4
2025-11-13,28244.82
2025-11-14,28387.66
2025-11-17,28432.54
2025-11-18,28254.06
2025-11-19,28095.97
2025-11-21,27799.17
2025-11-24,27883.01
2025-11-25,27845.29
2025-11-26,28234.13
2025-11-27,28189.84
2025-11-28,28348.03
2025-12-01,28352.51
2025-12-02,28637.52
2025-12-03,28912.51
2025-12-04,29099.65
2025-12-05,28638.07
2025-12-08,28873.95
2025-12-09,28995.88
2025-12-10,29372.09
2025-12-11,29254.48
2025-12-12,29517.96
2025-12-15,29722.79
2025-12-16,29583.99
2025-12-17,29309.06
2025-12-18,29487.77
2025-12-19,29482.36
2025-12-22,29377.11
2025-12-23,29756.99
2025-12-26,29933.84
2025-12-29,29930.6
2025-12-30,29889.66
2026-01-02,29670.77
2026-01-05,29967.76
2026-01-06,30082.69
2026-01-07,29975.31
2026-01-08,29821.32
2026-01-09,30144.33
2026-01-12,30486.86
2026-01-13,30330.09
2026-01-14,30616.29
2026-01-15,30624.56
2026-01-16,30467.89
2026-01-19,30408.94
2026-01-20,30392.43
2026-01-21,31022.99
2026-01-22,31728.98
2026-01-23,32200.35
2026-01-26,32243.3
2026-01-27,32617.35
2026-01-28,32425.83
2026-01-29,31848.06
2026-01-30,31758.04
2026-02-02,31988.36
2026-02-03,32489.85
2026-02-04,31686.26
2026-02-05,31881.62
2026-02-06,31862.12
2026-02-09,32393.51
2026-02-10,32331.22
2026-02-11,33083.5
2026-02-12,33115.79
2026-02-13,32956.52
2026-02-18,32897.73
2026-02-19,32789.07
2026-02-20,32916.44
2026-02-23,32806.37
2026-02-24,33126.79
2026-02-25,32863.45
2026-02-26,32878.11
2026-02-27,32573.6
2026-03-02,32219.66
2026-03-03,31302.9
2026-03-04,31481.92
2026-03-05,30620.26
2026-03-06,29997.08
2026-03-09,30123.44
2026-03-10,30396.32
2026-03-11,30218.08
2026-03-12,28942.17
2026-03-13,28725.57
2026-03-16,28998.08
2026-03-17,29050.08
2026-03-18,28798.84
2026-03-19,28760.04
2026-03-20,28004.59
2026-03-23,29246.66
2026-03-24,29248.73
2026-03-25,29738.08
2026-03-26,29251.43
2026-03-27,28949.99
2026-03-30,29264.38
2026-03-31,30279.24
2026-04-01,30650.25
2026-04-02,30436.9
2026-04-06,30419.68
2026-04-07,30062.48
2026-04-08,31085.28
2026-04-09,31412.01
2026-04-10,31515.09
