Date,Close
2002-12-30,1000.0
2003-01-02,1001.73
2003-01-03,1004.98
2003-01-06,1027.02
2003-01-07,1014.15
2003-01-08,1011.42
2003-01-09,1012.86
2003-01-10,1018.97
2003-01-13,1008.2
2003-01-14,1010.57
2003-01-15,998.34
2003-01-16,1006.34
2003-01-17,996.8
2003-01-20,985.51
2003-01-21,970.45
2003-01-22,955.03
2003-01-23,955.88
2003-01-24,935.82
2003-01-27,919.07
2003-01-28,913.54
2003-01-29,933.14
2003-01-30,925.23
2003-01-31,945.68
2003-02-03,
2003-02-04,
2003-02-05,
2003-02-06,
2003-02-07,
2003-02-10,
2003-02-11,
2003-02-12,
2003-02-13,
2003-02-14,
2003-02-17,
2003-02-18,
2003-02-19,
2003-02-20,
2003-02-21,
2003-02-24,
2003-02-25,
2003-02-26,
2003-02-27,
2003-02-28,
2003-03-05,955.08
2003-03-06,978.47
2003-03-07,972.98
2003-03-10,953.06
2003-03-11,947.9
2003-03-12,953.25
2003-03-13,967.85
2003-03-14,971.83
2003-03-17,970.55
2003-03-18,981.13
2003-03-19,979.26
2003-03-20,984.85
2003-03-21,1005.53
2003-03-24,991.45
2003-03-25,1001.98
2003-03-26,1006.87
2003-03-27,1010.69
2003-03-28,1012.75
2003-03-31,1009.76
2003-04-01,1010.86
2003-04-02,1015.95
2003-04-03,1024.77
2003-04-04,1045.51
2003-04-07,1068.8
2003-04-08,1063.56
2003-04-09,1055.45
2003-04-10,1038.51
2003-04-11,1037.41
2003-04-14,1051.83
2003-04-15,1074.4
2003-04-16,1076.38
2003-04-17,1092.49
2003-04-22,1097.18
2003-04-23,1099.58
2003-04-24,1091.7
2003-04-25,1091.53
2003-04-28,1113.43
2003-04-29,1129.75
2003-04-30,1121.49
2003-05-02,1133.3
2003-05-05,1141.59
2003-05-06,1136.55
2003-05-07,1168.1
2003-05-08,1168.34
2003-05-09,1198.19
2003-05-12,1208.72
2003-05-13,1207.16
2003-05-14,1205.84
2003-05-15,1188.33
2003-05-16,1198.77
2003-05-19,1180.92
2003-05-20,1164.78
2003-05-21,1184.42
2003-05-22,1187.4
2003-05-23,1192.11
2003-05-26,1164.82
2003-05-27,1196.93
2003-05-28,1206.42
2003-05-29,1223.09
2003-05-30,1213.93
2003-06-02,1198.14
2003-06-03,1205.17
2003-06-04,1213.1
2003-06-05,1218.12
2003-06-06,1231.59
2003-06-09,1238.19
2003-06-10,1230.81
2003-06-11,1233.28
2003-06-12,1242.85
2003-06-13,1238.91
2003-06-16,1234.77
2003-06-17,1229.65
2003-06-18,1205.25
2003-06-20,1188.99
2003-06-23,1187.89
2003-06-24,1199.43
2003-06-25,1189.56
2003-06-26,1191.99
2003-06-27,1186.27
2003-06-30,1180.62
2003-07-01,1202.46
2003-07-02,1198.5
2003-07-03,1194.75
2003-07-04,1200.49
2003-07-07,1199.42
2003-07-08,1220.56
2003-07-10,1213.22
2003-07-11,1206.98
2003-07-14,1230.69
2003-07-15,1226.46
2003-07-16,1220.9
2003-07-17,1231.79
2003-07-18,1232.27
2003-07-21,1231.38
2003-07-22,1244.33
2003-07-23,1257.45
2003-07-24,1264.53
2003-07-25,1278.85
2003-07-28,1279.01
2003-07-29,1270.27
2003-07-30,1257.91
2003-07-31,1274.39
2003-08-01,1256.55
2003-08-04,1234.96
2003-08-05,1252.67
2003-08-06,1237.18
2003-08-07,1271.12
2003-08-08,1293.92
2003-08-11,1284.74
2003-08-12,1287.61
2003-08-13,1309.34
2003-08-14,1340.4
2003-08-15,1340.55
2003-08-18,1358.11
2003-08-19,1357.57
2003-08-20,1380.56
2003-08-21,1403.96
2003-08-22,1418.25
2003-08-25,1425.19
2003-08-26,1466.23
2003-08-27,1487.93
2003-08-28,1480.28
2003-08-29,1488.17
2003-09-01,1501.11
2003-09-02,1510.67
2003-09-03,1539.62
2003-09-04,1545.69
2003-09-05,1559.21
2003-09-08,1542.17
2003-09-09,1509.17
2003-09-10,1538.97
2003-09-11,1561.58
2003-09-12,1549.64
2003-09-15,1529.71
2003-09-16,1521.62
2003-09-17,1519.93
2003-09-18,1528.16
2003-09-19,1531.47
2003-09-22,1515.8
2003-09-23,1509.58
2003-09-24,1478.0
2003-09-25,1438.38
2003-09-26,1432.04
2003-09-29,1435.11
2003-09-30,1436.83
2003-10-01,1490.4
2003-10-02,1513.53
2003-10-03,1538.73
2003-10-06,1544.08
2003-10-07,1552.95
2003-10-08,1565.9
2003-10-09,1540.53
2003-10-10,1540.65
2003-10-13,1565.59
2003-10-14,1569.48
2003-10-15,1553.26
2003-10-16,1568.75
2003-10-17,1573.52
2003-10-20,1591.46
2003-10-21,1604.25
2003-10-22,1591.35
2003-10-23,1558.94
2003-10-24,1575.24
2003-10-27,1580.72
2003-10-28,1590.64
2003-10-29,1567.93
2003-10-30,1567.42
2003-10-31,1569.05
2003-11-03,1604.35
2003-11-04,1611.45
2003-11-05,1609.48
2003-11-06,1618.4
2003-11-07,1615.49
2003-11-10,1597.15
2003-11-11,1598.91
2003-11-12,1607.45
2003-11-13,1585.26
2003-11-14,1603.44
2003-11-17,1592.01
2003-11-18,1603.62
2003-11-19,1610.27
2003-11-20,1625.59
2003-11-21,1636.78
2003-11-24,1654.62
2003-11-25,1670.73
2003-11-26,1685.32
2003-11-27,1718.04
2003-11-28,1746.01
2003-12-01,1765.3
2003-12-02,1769.07
2003-12-03,1788.94
2003-12-04,1777.04
2003-12-05,1803.75
2003-12-08,1803.79
2003-12-09,1827.18
2003-12-10,1816.98
2003-12-11,1867.88
2003-12-12,1849.9
2003-12-15,1833.26
2003-12-16,1832.48
2003-12-17,1884.28
2003-12-18,1919.68
2003-12-19,1929.2
2003-12-22,1955.87
2003-12-23,1967.88
2003-12-26,1986.36
2003-12-29,2027.17
2003-12-30,2041.88
2004-01-02,2060.07
2004-01-05,2183.12
2004-01-06,2176.44
2004-01-07,2162.36
2004-01-08,2160.15
2004-01-09,2168.87
2004-01-12,2185.8
2004-01-13,2181.55
2004-01-14,2134.12
2004-01-15,2089.7
2004-01-16,2080.88
2004-01-19,2098.58
2004-01-20,2103.04
2004-01-21,2071.97
2004-01-22,2083.4
2004-01-23,2141.43
2004-01-26,2194.19
2004-01-27,2179.69
2004-01-28,2135.17
2004-01-29,2019.8
2004-01-30,1996.18
2004-02-02,2012.45
2004-02-03,2039.25
2004-02-04,1989.52
2004-02-05,1947.19
2004-02-06,2014.04
2004-02-09,2025.72
2004-02-10,2020.35
2004-02-11,2111.63
2004-02-12,2086.27
2004-02-13,2066.02
2004-02-16,2045.09
2004-02-17,2066.35
2004-02-18,2085.29
2004-02-19,2004.74
2004-02-20,2015.94
2004-02-25,2038.82
2004-02-26,2022.3
2004-02-27,2078.52
2004-03-01,2130.3
2004-03-02,2134.64
2004-03-03,2140.18
2004-03-04,2132.63
2004-03-05,2149.58
2004-03-08,2151.39
2004-03-09,2130.99
2004-03-10,2042.94
2004-03-11,1986.2
2004-03-12,2060.26
2004-03-15,2045.45
2004-03-16,2061.64
2004-03-17,2087.06
2004-03-18,2098.58
2004-03-19,2100.26
2004-03-22,2054.26
2004-03-23,2020.87
2004-03-24,1992.42
2004-03-25,1981.88
2004-03-26,2021.97
2004-03-29,2055.26
2004-03-30,2107.2
2004-03-31,2101.35
2004-04-01,2145.48
2004-04-02,2168.35
2004-04-05,2166.8
2004-04-06,2165.66
2004-04-07,2119.64
2004-04-08,2112.42
2004-04-12,2123.44
2004-04-13,2112.71
2004-04-14,2104.27
2004-04-15,2046.81
2004-04-16,2064.12
2004-04-19,2058.26
2004-04-20,2020.04
2004-04-22,1990.63
2004-04-23,2024.93
2004-04-26,1990.05
2004-04-27,1984.41
2004-04-28,1919.42
2004-04-29,1845.85
2004-04-30,1844.01
2004-05-03,1856.2
2004-05-04,1891.12
2004-05-05,1898.48
2004-05-06,1834.98
2004-05-07,1788.56
2004-05-10,1690.42
2004-05-11,1767.55
2004-05-12,1770.69
2004-05-13,1799.17
2004-05-14,1816.08
2004-05-17,1789.73
2004-05-18,1825.05
2004-05-19,1876.6
2004-05-20,1859.85
2004-05-21,1856.19
2004-05-24,1878.59
2004-05-25,1907.96
2004-05-26,1929.61
2004-05-27,1991.72
2004-05-28,1986.18
2004-05-31,1980.42
2004-06-01,2003.77
2004-06-02,2022.78
2004-06-03,1996.82
2004-06-04,2026.56
2004-06-07,2081.42
2004-06-08,2071.48
2004-06-09,2038.06
2004-06-11,2032.16
2004-06-14,1999.73
2004-06-15,2053.16
2004-06-16,2083.86
2004-06-17,2061.69
2004-06-18,2072.42
2004-06-21,2092.4
2004-06-22,2068.19
2004-06-23,2108.3
2004-06-24,2111.54
2004-06-25,2122.16
2004-06-28,2111.58
2004-06-29,2163.41
2004-06-30,2182.49
2004-07-01,2221.64
2004-07-02,2216.75
2004-07-05,2220.72
2004-07-06,2182.33
2004-07-07,2173.11
2004-07-08,2154.52
2004-07-12,2227.53
2004-07-13,2240.61
2004-07-14,2243.45
2004-07-15,2248.82
2004-07-16,2280.78
2004-07-19,2261.91
2004-07-20,2283.03
2004-07-21,2236.15
2004-07-22,2208.9
2004-07-23,2219.44
2004-07-26,2199.99
2004-07-27,2259.65
2004-07-28,2264.22
2004-07-29,2264.45
2004-07-30,2263.96
2004-08-02,2285.22
2004-08-03,2299.19
2004-08-04,2318.84
2004-08-05,2245.38
2004-08-06,2290.75
2004-08-09,2268.6
2004-08-10,2330.3
2004-08-11,2329.18
2004-08-12,2342.48
2004-08-13,2350.48
2004-08-16,2377.29
2004-08-17,2412.05
2004-08-18,2478.13
2004-08-19,2499.04
2004-08-20,2518.12
2004-08-23,2482.3
2004-08-24,2488.76
2004-08-25,2498.48
2004-08-26,2465.48
2004-08-27,2469.78
2004-08-30,2488.6
2004-08-31,2478.89
2004-09-01,2464.51
2004-09-02,2482.43
2004-09-03,2459.51
2004-09-06,2458.45
2004-09-08,2480.49
2004-09-09,2465.96
2004-09-10,2453.55
2004-09-13,2446.63
2004-09-14,2493.0
2004-09-15,2491.18
2004-09-16,2547.78
2004-09-17,2585.56
2004-09-20,2597.85
2004-09-21,2591.04
2004-09-22,2555.51
2004-09-23,2538.87
2004-09-24,2528.5
2004-09-27,2515.51
2004-09-28,2553.1
2004-09-29,2550.46
2004-09-30,2562.14
2004-10-01,2625.93
2004-10-04,2661.49
2004-10-05,2666.42
2004-10-06,2660.86
2004-10-07,2645.56
2004-10-08,2660.37
2004-10-11,2675.76
2004-10-13,2644.38
2004-10-14,2603.99
2004-10-15,2622.97
2004-10-18,2612.16
2004-10-19,2587.78
2004-10-20,2581.46
2004-10-21,2656.33
2004-10-22,2656.1
2004-10-25,2644.51
2004-10-26,2654.47
2004-10-27,2679.27
2004-10-28,2691.33
2004-10-29,2698.41
2004-11-01,2704.47
2004-11-03,2722.09
2004-11-04,2746.95
2004-11-05,2728.09
2004-11-08,2680.26
2004-11-09,2703.05
2004-11-10,2756.79
2004-11-11,2747.94
2004-11-12,2778.26
2004-11-16,2749.78
2004-11-17,2779.39
2004-11-18,2749.31
2004-11-19,2749.82
2004-11-22,2767.83
2004-11-23,2743.97
2004-11-24,2772.74
2004-11-25,2792.11
2004-11-26,2825.19
2004-11-29,2842.15
2004-11-30,2882.67
2004-12-01,2927.81
2004-12-02,2978.64
2004-12-03,3025.33
2004-12-06,3050.92
2004-12-07,3007.59
2004-12-08,3010.0
2004-12-09,2980.21
2004-12-10,3063.14
2004-12-13,3138.43
2004-12-14,3155.8
2004-12-15,3128.56
2004-12-16,3129.43
2004-12-17,3085.36
2004-12-20,3056.42
2004-12-21,3094.74
2004-12-22,3119.9
2004-12-23,3162.92
2004-12-27,3168.28
2004-12-28,3199.71
2004-12-29,3205.93
2004-12-30,3193.81
2005-01-03,3247.69
2005-01-04,3179.48
2005-01-05,3143.38
2005-01-06,3097.41
2005-01-07,3112.37
2005-01-10,3085.78
2005-01-11,3069.01
2005-01-12,3046.9
2005-01-13,3101.26
2005-01-14,3103.5
2005-01-17,3074.16
2005-01-18,3064.15
2005-01-19,3090.11
2005-01-20,3014.23
2005-01-21,2999.69
2005-01-24,3028.03
2005-01-26,3029.56
2005-01-27,3004.15
2005-01-28,3023.48
2005-01-31,3077.48
2005-02-01,3077.01
2005-02-02,3155.62
2005-02-03,3249.36
2005-02-04,3376.47
2005-02-09,3379.47
2005-02-10,3364.47
2005-02-11,3373.68
2005-02-14,3442.56
2005-02-15,3467.36
2005-02-16,3419.69
2005-02-17,3459.24
2005-02-18,3423.72
2005-02-21,3390.66
2005-02-22,3424.98
2005-02-23,3448.06
2005-02-24,3580.51
2005-02-25,3558.0
2005-02-28,3540.89
2005-03-01,3571.86
2005-03-02,3589.03
2005-03-03,3655.66
2005-03-04,3725.47
2005-03-07,3770.79
2005-03-08,3739.15
2005-03-09,3698.61
2005-03-10,3662.0
2005-03-11,3628.51
2005-03-14,3605.36
2005-03-15,3575.1
2005-03-16,3609.71
2005-03-17,3622.76
2005-03-18,3561.6
2005-03-21,3483.29
2005-03-22,3432.62
2005-03-23,3351.18
2005-03-24,3427.86
2005-03-28,3347.88
2005-03-29,3265.06
2005-03-30,3295.12
2005-03-31,3311.5
2005-04-01,3313.66
2005-04-04,3281.13
2005-04-05,3272.42
2005-04-06,3259.62
2005-04-07,3305.44
2005-04-08,3277.01
2005-04-11,3270.96
2005-04-12,3266.9
2005-04-13,3265.84
2005-04-14,3169.52
2005-04-15,3129.56
2005-04-18,3141.57
2005-04-19,3226.36
2005-04-20,3162.0
2005-04-22,3151.92
2005-04-25,3196.43
2005-04-26,3261.87
2005-04-27,3289.63
2005-04-28,3177.31
2005-04-29,3235.01
2005-05-02,3270.79
2005-05-03,3251.04
2005-05-04,3346.5
2005-05-05,3322.98
2005-05-06,3326.73
2005-05-09,3331.78
2005-05-10,3251.05
2005-05-11,3216.11
2005-05-12,3145.72
2005-05-13,3134.01
2005-05-16,3176.36
2005-05-17,3184.01
2005-05-18,3221.17
2005-05-19,3198.78
2005-05-20,3153.58
2005-05-23,3114.99
2005-05-24,3129.36
2005-05-25,3140.07
2005-05-27,3194.08
2005-05-30,3228.5
2005-05-31,3240.87
2005-06-01,3286.32
2005-06-02,3381.95
2005-06-03,3385.22
2005-06-06,3337.84
2005-06-07,3291.89
2005-06-08,3253.37
2005-06-09,3219.02
2005-06-10,3259.75
2005-06-13,3233.72
2005-06-14,3285.86
2005-06-15,3247.05
2005-06-16,3276.48
2005-06-17,3300.1
2005-06-20,3290.31
2005-06-21,3248.07
2005-06-22,3234.07
2005-06-23,3160.0
2005-06-24,3176.41
2005-06-27,3199.11
2005-06-28,3243.87
2005-06-29,3235.79
2005-06-30,3249.32
2005-07-01,3280.63
2005-07-04,3247.41
2005-07-05,3205.45
2005-07-06,3173.98
2005-07-07,3164.72
2005-07-08,3166.21
2005-07-11,3242.63
2005-07-12,3281.69
2005-07-13,3335.24
2005-07-14,3341.03
2005-07-15,3288.07
2005-07-18,3324.24
2005-07-19,3311.12
2005-07-20,3352.23
2005-07-21,3364.35
2005-07-22,3308.61
2005-07-25,3187.06
2005-07-26,3239.05
2005-07-27,3313.95
2005-07-28,3382.75
2005-07-29,3384.37
2005-08-01,3430.0
2005-08-02,3529.88
2005-08-03,3504.99
2005-08-04,3513.24
2005-08-05,3524.35
2005-08-08,3569.15
2005-08-09,3632.85
2005-08-10,3660.57
2005-08-11,3607.33
2005-08-12,3612.35
2005-08-15,3695.87
2005-08-16,3683.4
2005-08-17,3727.09
2005-08-18,3680.5
2005-08-19,3612.29
2005-08-22,3684.94
2005-08-23,3642.1
2005-08-24,3656.81
2005-08-25,3733.02
2005-08-26,3690.94
2005-08-29,3723.03
2005-08-30,3731.21
2005-08-31,3789.94
2005-09-01,3793.79
2005-09-02,3851.48
2005-09-05,3876.08
2005-09-06,3956.13
2005-09-08,3959.29
2005-09-09,4007.49
2005-09-12,3984.33
2005-09-13,3915.95
2005-09-14,3897.68
2005-09-15,3947.5
2005-09-16,4005.02
2005-09-19,4053.16
2005-09-20,4081.41
2005-09-21,4146.49
2005-09-22,4116.58
2005-09-23,4141.72
2005-09-26,4123.57
2005-09-27,4069.49
2005-09-28,4109.71
2005-09-29,4106.92
2005-09-30,4161.65
2005-10-03,4225.14
2005-10-04,4223.99
2005-10-05,4102.54
2005-10-06,3985.73
2005-10-07,4102.67
2005-10-10,4110.46
2005-10-11,4168.71
2005-10-13,4034.66
2005-10-14,4018.32
2005-10-17,4107.64
2005-10-18,4007.49
2005-10-19,3947.44
2005-10-20,3843.03
2005-10-21,3921.23
2005-10-24,4005.6
2005-10-25,3945.64
2005-10-26,4008.59
2005-10-27,3931.17
2005-10-28,3981.64
2005-10-31,4126.02
2005-11-01,4217.97
2005-11-03,4229.64
2005-11-04,4226.28
2005-11-07,4263.48
2005-11-08,4295.48
2005-11-09,4295.77
2005-11-10,4336.17
2005-11-11,4322.58
2005-11-14,4320.47
2005-11-16,4361.47
2005-11-17,4453.4
2005-11-18,4409.71
2005-11-21,4422.81
2005-11-22,4453.15
2005-11-23,4509.23
2005-11-24,4508.6
2005-11-25,4553.55
2005-11-28,4507.39
2005-11-29,4505.06
2005-11-30,4529.26
2005-12-01,4640.39
2005-12-02,4687.42
2005-12-05,4730.97
2005-12-06,4847.82
2005-12-07,4770.93
2005-12-08,4663.43
2005-12-09,4681.69
2005-12-12,4687.98
2005-12-13,4721.77
2005-12-14,4733.49
2005-12-15,4718.51
2005-12-16,4740.27
2005-12-19,4694.49
2005-12-20,4690.65
2005-12-21,4775.56
2005-12-22,4799.86
2005-12-23,4804.44
2005-12-26,4772.73
2005-12-27,4814.69
2005-12-28,4769.74
2005-12-29,4799.12
2006-01-02,4788.78
2006-01-03,4923.5
2006-01-04,5037.99
2006-01-05,5031.94
2006-01-06,5115.42
2006-01-09,5097.26
2006-01-10,5064.44
2006-01-11,5158.5
2006-01-12,5153.67
2006-01-13,5200.07
2006-01-16,5265.25
2006-01-17,5217.75
2006-01-18,5160.92
2006-01-19,5353.25
2006-01-20,5320.26
2006-01-23,5305.43
2006-01-24,5450.03
2006-01-26,5614.64
2006-01-27,5649.0
2006-01-30,5707.92
2006-01-31,5734.61
2006-02-01,5783.64
2006-02-02,5651.95
2006-02-03,5601.96
2006-02-06,5633.01
2006-02-07,5478.96
2006-02-08,5481.82
2006-02-09,5588.36
2006-02-10,5685.87
2006-02-13,5584.94
2006-02-14,5585.85
2006-02-15,5657.9
2006-02-16,5859.02
2006-02-17,5834.88
2006-02-20,5856.99
2006-02-21,5835.65
2006-02-22,5806.81
2006-02-23,5774.91
2006-02-24,5839.85
2006-03-01,5993.0
2006-03-02,5982.45
2006-03-03,5995.95
2006-03-06,5873.51
2006-03-07,5729.7
2006-03-08,5665.19
2006-03-09,5542.52
2006-03-10,5631.49
2006-03-13,5695.41
2006-03-14,5764.26
2006-03-15,5845.63
2006-03-16,5885.1
2006-03-17,5899.31
2006-03-20,5904.77
2006-03-21,5791.8
2006-03-22,5910.58
2006-03-23,5840.23
2006-03-24,5845.4
2006-03-27,5791.77
2006-03-28,5623.75
2006-03-29,5683.05
2006-03-30,5673.42
2006-03-31,5666.5
2006-04-03,5812.55
2006-04-04,5892.69
2006-04-05,5913.53
2006-04-06,5916.11
2006-04-07,5863.74
2006-04-10,5774.22
2006-04-11,5684.75
2006-04-12,5673.03
2006-04-13,5655.97
2006-04-17,5673.25
2006-04-18,5769.11
2006-04-19,5865.83
2006-04-20,5899.9
2006-04-24,5866.1
2006-04-25,5873.05
2006-04-26,5953.61
2006-04-27,5872.28
2006-04-28,5918.56
2006-05-02,6041.36
2006-05-03,6048.63
2006-05-04,6117.57
2006-05-05,6209.91
2006-05-08,6320.69
2006-05-09,6325.43
2006-05-10,6286.02
2006-05-11,6165.0
2006-05-12,6107.47
2006-05-15,5920.24
2006-05-16,5930.0
2006-05-17,5791.52
2006-05-18,5711.77
2006-05-19,5679.05
2006-05-22,5482.29
2006-05-23,5445.65
2006-05-24,5303.1
2006-05-25,5554.78
2006-05-26,5702.79
2006-05-29,5663.74
2006-05-30,5416.61
2006-05-31,5461.85
2006-06-01,5641.53
2006-06-02,5652.9
2006-06-05,5507.55
2006-06-06,5413.2
2006-06-07,5229.17
2006-06-08,5196.08
2006-06-09,5198.24
2006-06-12,4967.44
2006-06-13,4845.35
2006-06-14,4823.95
2006-06-16,5055.41
2006-06-19,5038.28
2006-06-20,5062.17
2006-06-21,5193.79
2006-06-22,5143.19
2006-06-23,5200.96
2006-06-26,5188.8
2006-06-27,5115.19
2006-06-28,5117.75
2006-06-29,5391.91
2006-06-30,5475.3
2006-07-03,5635.28
2006-07-04,5638.16
2006-07-05,5499.49
2006-07-06,5530.26
2006-07-07,5477.15
2006-07-10,5460.12
2006-07-11,5504.79
2006-07-12,5423.52
2006-07-13,5266.13
2006-07-14,5223.57
2006-07-17,5160.29
2006-07-18,5175.11
2006-07-19,5460.18
2006-07-20,5387.8
2006-07-21,5359.42
2006-07-24,5491.92
2006-07-25,5567.75
2006-07-26,5549.04
2006-07-27,5563.62
2006-07-28,5629.59
2006-07-31,5614.85
2006-08-01,5542.81
2006-08-02,5594.72
2006-08-03,5602.41
2006-08-04,5678.79
2006-08-07,5645.65
2006-08-08,5638.38
2006-08-09,5600.15
2006-08-10,5650.29
2006-08-11,5597.13
2006-08-14,5558.06
2006-08-15,5720.66
2006-08-16,5793.09
2006-08-17,5804.28
2006-08-18,5761.95
2006-08-21,5670.73
2006-08-22,5644.12
2006-08-23,5524.67
2006-08-24,5521.92
2006-08-25,5524.37
2006-08-28,5641.57
2006-08-29,5659.21
2006-08-30,5697.4
2006-08-31,5714.3
2006-09-01,5856.79
2006-09-04,5916.9
2006-09-05,5844.69
2006-09-06,5767.03
2006-09-08,5798.15
2006-09-11,5701.7
2006-09-12,5805.67
2006-09-13,5862.88
2006-09-14,5813.26
2006-09-15,5858.14
2006-09-18,5866.1
2006-09-19,5787.83
2006-09-20,5717.72
2006-09-21,5584.08
2006-09-22,5569.2
2006-09-25,5606.95
2006-09-26,5704.45
2006-09-27,5736.46
2006-09-28,5769.75
2006-09-29,5758.78
2006-10-02,5850.61
2006-10-03,5799.16
2006-10-04,6002.63
2006-10-05,6059.25
2006-10-06,6045.05
2006-10-09,6089.71
2006-10-10,6138.42
2006-10-11,6090.23
2006-10-13,6176.48
2006-10-16,6202.16
2006-10-17,6153.14
2006-10-18,6171.29
2006-10-19,6180.37
2006-10-20,6138.49
2006-10-23,6254.06
2006-10-24,6260.56
2006-10-25,6249.67
2006-10-26,6233.43
2006-10-27,6185.32
2006-10-30,6115.11
2006-10-31,6141.17
2006-11-01,6194.14
2006-11-03,6234.43
2006-11-06,6346.48
2006-11-07,6328.28
2006-11-08,6354.14
2006-11-09,6233.73
2006-11-10,6225.57
2006-11-13,6269.51
2006-11-14,6392.44
2006-11-16,6404.83
2006-11-17,6417.52
2006-11-21,6438.25
2006-11-22,6526.48
2006-11-23,6556.54
2006-11-24,6502.46
2006-11-27,6382.38
2006-11-28,6394.33
2006-11-29,6498.89
2006-11-30,6488.12
2006-12-01,6430.51
2006-12-04,6585.31
2006-12-05,6648.17
2006-12-06,6660.92
2006-12-07,6614.24
2006-12-08,6642.08
2006-12-11,6673.21
2006-12-12,6640.29
2006-12-13,6695.38
2006-12-14,6747.6
2006-12-15,6795.31
2006-12-18,6760.2
2006-12-19,6733.18
2006-12-20,6745.21
2006-12-21,6741.79
2006-12-22,6709.33
2006-12-26,6768.05
2006-12-27,6906.19
2006-12-28,6966.45
2007-01-02,7100.39
2007-01-03,7064.11
2007-01-04,7042.89
2007-01-05,6786.11
2007-01-08,6907.65
2007-01-09,6794.02
2007-01-10,6782.35
2007-01-11,6862.41
2007-01-12,6905.36
2007-01-15,6909.35
2007-01-16,6903.67
2007-01-17,6937.95
2007-01-18,6908.85
2007-01-19,7039.22
2007-01-22,7047.78
2007-01-23,7082.0
2007-01-24,7150.58
2007-01-26,7131.11
2007-01-29,6994.86
2007-01-30,7036.28
2007-01-31,7073.32
2007-02-01,7091.46
2007-02-02,7122.94
2007-02-05,7154.26
2007-02-06,7160.86
2007-02-07,7135.43
2007-02-08,7162.66
2007-02-09,7080.18
2007-02-12,7031.4
2007-02-13,7156.12
2007-02-14,7292.12
2007-02-15,7273.62
2007-02-16,7240.02
2007-02-21,7261.85
2007-02-22,7317.3
2007-02-23,7220.79
2007-02-26,7262.35
2007-02-27,6876.31
2007-02-28,6947.16
2007-03-01,6919.66
2007-03-02,6735.02
2007-03-05,6565.42
2007-03-06,6849.4
2007-03-07,6781.21
2007-03-08,6897.68
2007-03-09,6976.64
2007-03-12,6986.86
2007-03-13,6761.49
2007-03-14,6818.35
2007-03-15,6808.19
2007-03-16,6735.6
2007-03-19,6900.7
2007-03-20,6974.12
2007-03-21,7178.79
2007-03-22,7147.39
2007-03-23,7173.42
2007-03-26,7161.21
2007-03-27,7096.41
2007-03-28,6944.67
2007-03-29,7025.45
2007-03-30,7103.81
2007-04-02,7027.31
2007-04-03,7167.02
2007-04-04,7220.3
2007-04-05,7235.33
2007-04-09,7260.75
2007-04-10,7268.64
2007-04-11,7173.55
2007-04-12,7195.95
2007-04-13,7241.77
2007-04-16,7398.87
2007-04-17,7445.01
2007-04-18,7444.95
2007-04-19,7495.2
2007-04-20,7592.09
2007-04-23,7549.01
2007-04-24,7504.87
2007-04-25,7617.33
2007-04-26,7574.1
2007-04-27,7604.05
2007-04-30,7532.31
2007-05-02,7642.06
2007-05-03,7758.21
2007-05-04,7823.12
2007-05-07,7849.18
2007-05-08,7888.9
2007-05-09,8075.26
2007-05-10,7920.02
2007-05-11,8006.36
2007-05-14,7914.68
2007-05-15,7938.0
2007-05-16,8124.45
2007-05-17,8154.69
2007-05-18,8232.13
2007-05-21,8255.93
2007-05-22,8185.29
2007-05-23,8164.24
2007-05-24,7980.35
2007-05-25,8116.31
2007-05-28,8220.13
2007-05-29,8157.86
2007-05-30,8220.2
2007-05-31,8212.2
2007-06-01,8380.22
2007-06-04,8355.52
2007-06-05,8342.73
2007-06-06,8187.15
2007-06-08,8190.39
2007-06-11,8239.7
2007-06-12,8082.16
2007-06-13,8220.07
2007-06-14,8320.04
2007-06-15,8465.72
2007-06-18,8468.39
2007-06-19,8431.26
2007-06-20,8371.75
2007-06-21,8430.54
2007-06-22,8384.01
2007-06-25,8341.59
2007-06-26,8307.55
2007-06-27,8333.84
2007-06-28,8374.41
2007-06-29,8409.38
2007-07-02,8527.84
2007-07-03,8569.76
2007-07-04,8552.46
2007-07-05,8562.29
2007-07-06,8601.4
2007-07-10,8572.95
2007-07-11,8639.25
2007-07-12,8822.34
2007-07-13,8844.31
2007-07-16,8899.76
2007-07-17,8936.69
2007-07-18,8938.14
2007-07-19,9064.1
2007-07-20,8965.42
2007-07-23,9039.36
2007-07-24,8717.6
2007-07-25,8687.99
2007-07-26,8408.41
2007-07-27,8272.13
2007-07-30,8422.68
2007-07-31,8400.04
2007-08-01,8370.83
2007-08-02,8433.02
2007-08-03,8252.5
2007-08-06,8272.38
2007-08-07,8378.63
2007-08-08,8549.2
2007-08-09,8350.05
2007-08-10,8282.71
2007-08-13,8199.66
2007-08-14,8014.82
2007-08-15,7671.71
2007-08-16,7417.09
2007-08-17,7586.39
2007-08-20,7692.3
2007-08-21,7737.06
2007-08-22,7949.06
2007-08-23,7935.76
2007-08-24,8093.97
2007-08-27,8108.73
2007-08-28,7884.38
2007-08-29,7993.23
2007-08-30,7951.32
2007-08-31,8245.49
2007-09-03,8274.65
2007-09-04,8272.4
2007-09-05,8125.34
2007-09-06,8087.92
2007-09-10,7778.74
2007-09-11,7851.8
2007-09-12,7827.11
2007-09-13,7975.69
2007-09-14,7976.06
2007-09-17,7888.2
2007-09-18,8205.75
2007-09-19,8319.33
2007-09-20,8285.45
2007-09-21,8350.71
2007-09-24,8436.66
2007-09-25,8481.87
2007-09-26,8651.19
2007-09-27,8834.48
2007-09-28,8794.18
2007-10-01,9003.82
2007-10-02,9033.8
2007-10-03,8820.03
2007-10-04,8917.92
2007-10-05,9181.89
2007-10-08,9246.82
2007-10-09,9359.45
2007-10-10,9246.81
2007-10-11,9077.25
2007-10-15,9028.3
2007-10-16,8846.66
2007-10-17,9042.47
2007-10-18,9081.4
2007-10-19,8838.02
2007-10-22,8895.79
2007-10-23,9087.1
2007-10-24,9036.12
2007-10-25,8961.47
2007-10-26,9199.44
2007-10-29,9208.44
2007-10-30,9127.89
2007-10-31,9287.18
2007-11-01,9114.98
2007-11-05,9025.46
2007-11-06,9171.53
2007-11-07,9015.91
2007-11-08,8755.77
2007-11-09,8846.12
2007-11-12,8611.87
2007-11-13,8770.9
2007-11-14,8937.87
2007-11-16,8960.38
2007-11-19,8600.3
2007-11-21,8251.56
2007-11-22,8261.02
2007-11-23,8306.69
2007-11-26,8116.11
2007-11-27,8200.69
2007-11-28,8599.16
2007-11-29,8680.91
2007-11-30,8915.47
2007-12-03,8884.05
2007-12-04,8879.1
2007-12-05,9030.49
2007-12-06,9113.38
2007-12-07,9150.24
2007-12-10,9132.98
2007-12-11,8993.42
2007-12-12,8926.85
2007-12-13,8709.64
2007-12-14,8692.19
2007-12-17,8328.05
2007-12-18,8488.08
2007-12-19,8541.48
2007-12-20,8493.09
2007-12-21,8606.13
2007-12-26,8720.54
2007-12-27,8665.77
2007-12-28,8655.45
2008-01-02,8436.06
2008-01-03,8415.98
2008-01-04,8229.21
2008-01-07,8176.54
2008-01-08,8251.44
2008-01-09,8238.47
2008-01-10,8287.19
2008-01-11,8106.71
2008-01-14,8111.9
2008-01-15,7808.92
2008-01-16,7658.58
2008-01-17,7476.45
2008-01-18,7453.11
2008-01-21,7057.71
2008-01-22,7210.6
2008-01-23,6979.09
2008-01-24,7423.17
2008-01-28,7480.38
2008-01-29,7557.77
2008-01-30,7564.04
2008-01-31,7431.45
2008-02-01,7504.76
2008-02-06,7285.79
2008-02-07,7216.22
2008-02-08,7192.16
2008-02-11,7415.92
2008-02-12,7620.07
2008-02-13,7736.32
2008-02-14,7628.54
2008-02-15,7602.68
2008-02-18,7761.03
2008-02-19,7675.41
2008-02-20,7879.6
2008-02-21,7873.94
2008-02-22,7972.07
2008-02-25,8066.12
2008-02-26,8173.71
2008-02-27,8252.79
2008-02-28,8262.05
2008-02-29,8078.99
2008-03-03,8213.74
2008-03-04,8075.26
2008-03-05,8243.92
2008-03-06,8036.15
2008-03-07,7892.39
2008-03-10,7712.69
2008-03-11,7966.49
2008-03-12,7900.82
2008-03-13,7866.16
2008-03-14,7798.36
2008-03-17,7545.32
2008-03-18,7779.25
2008-03-19,7458.12
2008-03-20,7464.13
2008-03-24,7539.04
2008-03-25,7695.44
2008-03-26,7669.11
2008-03-27,7549.55
2008-03-28,7463.12
2008-03-31,7498.91
2008-04-01,7687.57
2008-04-02,7742.22
2008-04-03,7836.39
2008-04-04,7886.76
2008-04-07,7899.82
2008-04-08,7916.74
2008-04-09,7756.76
2008-04-10,7731.74
2008-04-11,7639.8
2008-04-14,7494.62
2008-04-15,7500.37
2008-04-16,7738.67
2008-04-17,7795.76
2008-04-18,7858.08
2008-04-22,7863.15
2008-04-23,7790.53
2008-04-24,7814.13
2008-04-25,7927.47
2008-04-28,8019.83
2008-04-29,7841.49
2008-04-30,8457.19
2008-05-02,8802.82
2008-05-05,8858.02
2008-05-06,8705.01
2008-05-07,8588.19
2008-05-08,8681.37
2008-05-09,8656.31
2008-05-12,8781.89
2008-05-13,8699.01
2008-05-14,8641.06
2008-05-15,8784.93
2008-05-16,8889.2
2008-05-19,8952.02
2008-05-20,8892.23
2008-05-21,8738.37
2008-05-23,8690.01
2008-05-26,8686.05
2008-05-27,8760.3
2008-05-28,9021.26
2008-05-29,8932.51
2008-05-30,9117.53
2008-06-02,8917.42
2008-06-03,8748.69
2008-06-04,8664.88
2008-06-05,8925.95
2008-06-06,8706.66
2008-06-09,8638.63
2008-06-10,8465.17
2008-06-11,8323.44
2008-06-12,8441.09
2008-06-13,8462.74
2008-06-16,8477.48
2008-06-17,8613.15
2008-06-18,8423.48
2008-06-19,8384.23
2008-06-20,8175.49
2008-06-23,8112.35
2008-06-24,7998.81
2008-06-25,8173.78
2008-06-26,7910.18
2008-06-27,7893.92
2008-06-30,7968.56
2008-07-01,7766.47
2008-07-02,7550.98
2008-07-03,7333.94
2008-07-04,7319.46
2008-07-07,7341.94
2008-07-08,7446.4
2008-07-10,7481.78
2008-07-11,7391.87
2008-07-14,7454.01
2008-07-15,7449.71
2008-07-16,7734.56
2008-07-17,7589.51
2008-07-18,7608.39
2008-07-21,7641.98
2008-07-22,7595.28
2008-07-23,7635.17
2008-07-24,7456.19
2008-07-25,7389.4
2008-07-28,7317.06
2008-07-29,7495.27
2008-07-30,7691.71
2008-07-31,7680.25
2008-08-01,7513.71
2008-08-04,7249.55
2008-08-05,7401.79
2008-08-06,7519.15
2008-08-07,7430.29
2008-08-08,7350.41
2008-08-11,7139.0
2008-08-12,7038.61
2008-08-13,6966.67
2008-08-14,7046.69
2008-08-15,6940.63
2008-08-18,6857.4
2008-08-19,6863.24
2008-08-20,7058.76
2008-08-21,7056.14
2008-08-22,7074.06
2008-08-25,6906.76
2008-08-26,6850.64
2008-08-27,6982.98
2008-08-28,7136.09
2008-08-29,7073.73
2008-09-01,7023.34
2008-09-02,7002.8
2008-09-03,6902.97
2008-09-04,6632.35
2008-09-05,6686.8
2008-09-08,6633.0
2008-09-09,6386.15
2008-09-10,6491.08
2008-09-11,6551.06
2008-09-12,6613.98
2008-09-15,6183.46
2008-09-16,6172.0
2008-09-17,5785.64
2008-09-18,6041.15
2008-09-19,6565.25
2008-09-22,6344.59
2008-09-23,6170.67
2008-09-24,6131.11
2008-09-25,6325.95
2008-09-26,6216.18
2008-09-29,5662.72
2008-09-30,6102.55
2008-10-01,6129.49
2008-10-02,5749.6
2008-10-03,5488.96
2008-10-06,5170.4
2008-10-07,4978.86
2008-10-08,4825.44
2008-10-09,4633.73
2008-10-10,4423.97
2008-10-13,5167.69
2008-10-14,5324.01
2008-10-15,4813.04
2008-10-16,4711.98
2008-10-17,4608.21
2008-10-20,4919.5
2008-10-21,4850.82
2008-10-22,4349.92
2008-10-23,4143.03
2008-10-24,3851.48
2008-10-27,3664.06
2008-10-28,4070.69
2008-10-29,4316.81
2008-10-30,4692.16
2008-10-31,4639.34
2008-11-03,4840.23
2008-11-04,5105.11
2008-11-05,4784.38
2008-11-06,4590.33
2008-11-07,4650.47
2008-11-10,4648.1
2008-11-11,4664.93
2008-11-12,4393.8
2008-11-13,4647.76
2008-11-14,4611.92
2008-11-17,4588.76
2008-11-18,4367.14
2008-11-19,4261.34
2008-11-21,3991.25
2008-11-24,4318.21
2008-11-25,4420.46
2008-11-26,4663.57
2008-11-27,4677.24
2008-11-28,4749.93
2008-12-01,4558.66
2008-12-02,4626.01
2008-12-03,4627.6
2008-12-04,4630.81
2008-12-05,4688.78
2008-12-08,4985.43
2008-12-09,4982.4
2008-12-10,5020.04
2008-12-11,4938.87
2008-12-12,5031.05
2008-12-15,4834.21
2008-12-16,5060.71
2008-12-17,5066.63
2008-12-18,5050.51
2008-12-19,4982.0
2008-12-22,4829.88
2008-12-23,4665.39
2008-12-26,4673.46
2008-12-29,4691.97
2008-12-30,4765.85
2009-01-02,5071.4
2009-01-05,5136.92
2009-01-06,5245.14
2009-01-07,5073.46
2009-01-08,5161.04
2009-01-09,5142.46
2009-01-12,4946.42
2009-01-13,4906.2
2009-01-14,4686.05
2009-01-15,4799.38
2009-01-16,4773.68
2009-01-19,4756.39
2009-01-20,4559.3
2009-01-21,4685.63
2009-01-22,4616.35
2009-01-23,4647.89
2009-01-26,4659.54
2009-01-27,4628.9
2009-01-28,4775.69
2009-01-29,4691.49
2009-01-30,4655.3
2009-02-02,4578.78
2009-02-03,4646.1
2009-02-04,4686.38
2009-02-05,4794.46
2009-02-06,4986.31
2009-02-09,4913.65
2009-02-10,4799.23
2009-02-11,4792.31
2009-02-12,4752.78
2009-02-13,4866.46
2009-02-16,4883.38
2009-02-17,4692.2
2009-02-18,4669.03
2009-02-19,4644.72
2009-02-20,4535.6
2009-02-25,4502.97
2009-02-26,4490.67
2009-02-27,4466.58
2009-03-02,4272.85
2009-03-03,4287.63
2009-03-04,4449.0
2009-03-05,4348.17
2009-03-06,4365.11
2009-03-09,4309.8
2009-03-10,4544.06
2009-03-11,4538.36
2009-03-12,4608.79
2009-03-13,4614.36
2009-03-16,4596.99
2009-03-17,4682.04
2009-03-18,4783.94
2009-03-19,4743.57
2009-03-20,4693.25
2009-03-23,4957.61
2009-03-24,4852.99
2009-03-25,4893.15
2009-03-26,5037.5
2009-03-27,5016.24
2009-03-30,4874.71
2009-03-31,4904.05
2009-04-01,5004.52
2009-04-02,5184.09
2009-04-03,5313.3
2009-04-06,5318.27
2009-04-07,5308.79
2009-04-08,5372.91
2009-04-09,5518.92
2009-04-13,5529.04
2009-04-14,5427.28
2009-04-15,5431.27
2009-04-16,5569.54
2009-04-17,5564.44
2009-04-20,5406.37
2009-04-22,5440.38
2009-04-23,5569.74
2009-04-24,5720.93
2009-04-27,5622.2
2009-04-28,5641.29
2009-04-29,5865.42
2009-04-30,5864.79
2009-05-04,6171.87
2009-05-05,6211.89
2009-05-06,6278.27
2009-05-07,6048.22
2009-05-08,6190.76
2009-05-11,6106.03
2009-05-12,6062.47
2009-05-13,5887.56
2009-05-14,6006.24
2009-05-15,5962.91
2009-05-18,6239.94
2009-05-19,6201.63
2009-05-20,6183.07
2009-05-21,6087.28
2009-05-22,6173.06
2009-05-25,6211.84
2009-05-26,6324.95
2009-05-27,6339.19
2009-05-28,6468.99
2009-05-29,6496.65
2009-06-01,6629.62
2009-06-02,6631.27
2009-06-03,6437.62
2009-06-04,6586.27
2009-06-05,6547.53
2009-06-08,6581.83
2009-06-09,6515.15
2009-06-10,6530.24
2009-06-12,6597.2
2009-06-15,6388.7
2009-06-16,6340.87
2009-06-17,6325.88
2009-06-18,6338.71
2009-06-19,6425.8
2009-06-22,6241.8
2009-06-23,6199.45
2009-06-24,6224.54
2009-06-25,6391.99
2009-06-26,6429.64
2009-06-29,6482.37
2009-06-30,6424.76
2009-07-01,6467.63
2009-07-02,6428.64
2009-07-03,6416.15
2009-07-06,6425.89
2009-07-07,6322.83
2009-07-08,6256.08
2009-07-10,6244.92
2009-07-13,6292.29
2009-07-14,6258.52
2009-07-15,6496.54
2009-07-16,6573.49
2009-07-17,6547.05
2009-07-20,6680.19
2009-07-21,6653.52
2009-07-22,6649.11
2009-07-23,6777.91
2009-07-24,6829.17
2009-07-27,6830.5
2009-07-28,6853.62
2009-07-29,6806.82
2009-07-30,6914.65
2009-07-31,6951.38
2009-08-03,7068.95
2009-08-04,7088.72
2009-08-05,7174.18
2009-08-06,7088.34
2009-08-07,7177.62
2009-08-10,7275.22
2009-08-11,7138.47
2009-08-12,7177.28
2009-08-13,7143.18
2009-08-14,7058.92
2009-08-17,6898.7
2009-08-18,7012.58
2009-08-19,7089.48
2009-08-20,7165.81
2009-08-21,7242.04
2009-08-24,7234.72
2009-08-25,7230.97
2009-08-26,7302.89
2009-08-27,7306.28
2009-08-28,7315.86
2009-08-31,7233.52
2009-09-01,7103.02
2009-09-02,7041.44
2009-09-03,7066.91
2009-09-04,7212.35
2009-09-08,7359.92
2009-09-09,7384.51
2009-09-10,7444.02
2009-09-11,7466.15
2009-09-14,7520.31
2009-09-15,7579.82
2009-09-16,7710.61
2009-09-17,7720.8
2009-09-18,7793.82
2009-09-21,7798.43
2009-09-22,7840.69
2009-09-23,7724.27
2009-09-24,7696.6
2009-09-25,7733.98
2009-09-28,7855.94
2009-09-29,7907.47
2009-09-30,7975.83
2009-10-01,7911.38
2009-10-02,8008.32
2009-10-05,8191.54
2009-10-06,8194.35
2009-10-07,8113.7
2009-10-08,8248.7
2009-10-09,8304.37
2009-10-13,8379.3
2009-10-14,8534.85
2009-10-15,8580.92
2009-10-16,8520.41
2009-10-19,8588.21
2009-10-20,8307.76
2009-10-21,8305.97
2009-10-22,8394.7
2009-10-23,8287.21
2009-10-26,8262.66
2009-10-27,8053.78
2009-10-28,7669.22
2009-10-29,8070.02
2009-10-30,7835.13
2009-11-03,8002.51
2009-11-04,8176.55
2009-11-05,8246.02
2009-11-06,8210.06
2009-11-09,8385.86
2009-11-10,8384.86
2009-11-11,8398.3
2009-11-12,8184.9
2009-11-13,8314.9
2009-11-16,8436.07
2009-11-17,8472.84
2009-11-18,8372.69
2009-11-19,8290.9
2009-11-23,8372.9
2009-11-24,8414.94
2009-11-25,8497.81
2009-11-26,8306.39
2009-11-27,8381.72
2009-11-30,8450.4
2009-12-01,8650.29
2009-12-02,8731.33
2009-12-03,8681.12
2009-12-04,8639.09
2009-12-07,8776.35
2009-12-08,8707.49
2009-12-09,8684.59
2009-12-10,8771.87
2009-12-11,8845.03
2009-12-14,8797.0
2009-12-15,8793.09
2009-12-16,8702.47
2009-12-17,8544.06
2009-12-18,8557.92
2009-12-21,8514.47
2009-12-22,8617.0
2009-12-23,8613.11
2009-12-28,8665.75
2009-12-29,8732.87
2009-12-30,8812.73
2010-01-04,9020.23
2010-01-05,9040.34
2010-01-06,9064.97
2010-01-07,9036.12
2010-01-08,9005.83
2010-01-11,9036.13
2010-01-12,9018.8
2010-01-13,9044.98
2010-01-14,8957.11
2010-01-15,8842.19
2010-01-18,8887.48
2010-01-19,8957.34
2010-01-20,8756.41
2010-01-21,8544.22
2010-01-22,8557.5
2010-01-26,8522.4
2010-01-27,8418.09
2010-01-28,8491.54
2010-01-29,8446.45
2010-02-01,8585.37
2010-02-02,8692.78
2010-02-03,8723.7
2010-02-04,8371.09
2010-02-05,8176.72
2010-02-08,8188.67
2010-02-09,8420.1
2010-02-10,8473.6
2010-02-11,8586.6
2010-02-12,8540.57
2010-02-17,8693.08
2010-02-18,8728.23
2010-02-19,8684.64
2010-02-22,8627.95
2010-02-23,8487.19
2010-02-24,8431.16
2010-02-25,8417.83
2010-02-26,8506.86
2010-03-01,8585.22
2010-03-02,8628.01
2010-03-03,8618.47
2010-03-04,8608.81
2010-03-05,8674.58
2010-03-08,8645.61
2010-03-09,8720.88
2010-03-10,8768.79
2010-03-11,8778.53
2010-03-12,8676.66
2010-03-15,8635.17
2010-03-16,8719.26
2010-03-17,8667.52
2010-03-18,8687.9
2010-03-19,8639.47
2010-03-22,8678.2
2010-03-23,8653.97
2010-03-24,8547.17
2010-03-25,8562.69
2010-03-26,8610.17
2010-03-29,8723.33
2010-03-30,8757.61
2010-03-31,8824.05
2010-04-01,8901.64
2010-04-05,8909.24
2010-04-06,8876.24
2010-04-07,8839.93
2010-04-08,9017.96
2010-04-09,8984.72
2010-04-12,8896.06
2010-04-13,8902.05
2010-04-14,8934.06
2010-04-15,8897.31
2010-04-16,8746.27
2010-04-19,8700.54
2010-04-20,8745.6
2010-04-22,8756.63
2010-04-23,8755.91
2010-04-26,8686.36
2010-04-27,8465.16
2010-04-28,8504.94
2010-04-29,8651.65
2010-04-30,8660.47
2010-05-03,8675.97
2010-05-04,8435.79
2010-05-05,8416.87
2010-05-06,8261.91
2010-05-07,8178.08
2010-05-10,8518.83
2010-05-11,8394.75
2010-05-12,8490.19
2010-05-13,8445.39
2010-05-14,8269.61
2010-05-17,8265.11
2010-05-18,8039.77
2010-05-19,7826.6
2010-05-20,7672.42
2010-05-21,7928.58
2010-05-24,7892.52
2010-05-25,7744.53
2010-05-26,7922.33
2010-05-27,8110.03
2010-05-28,8086.54
2010-05-31,8217.1
2010-06-01,8072.25
2010-06-02,8227.88
2010-06-04,8101.84
2010-06-07,8014.59
2010-06-08,8089.55
2010-06-09,8038.5
2010-06-10,8219.44
2010-06-11,8304.0
2010-06-14,8283.42
2010-06-15,8425.13
2010-06-16,8479.64
2010-06-17,8462.34
2010-06-18,8492.08
2010-06-21,8534.32
2010-06-22,8531.46
2010-06-23,8575.66
2010-06-24,8418.01
2010-06-25,8526.24
2010-06-28,8493.34
2010-06-29,8194.57
2010-06-30,8072.88
2010-07-01,8204.92
2010-07-02,8253.35
2010-07-05,8159.5
2010-07-06,8323.81
2010-07-07,8527.97
2010-07-08,8588.89
2010-07-12,8572.43
2010-07-13,8689.93
2010-07-14,8662.22
2010-07-15,8688.33
2010-07-16,8522.06
2010-07-19,8658.54
2010-07-20,8733.7
2010-07-21,8731.8
2010-07-22,8909.44
2010-07-23,8992.93
2010-07-26,8993.16
2010-07-27,9021.0
2010-07-28,9126.23
2010-07-29,9167.76
2010-07-30,9264.23
2010-08-02,9337.41
2010-08-03,9192.35
2010-08-04,9198.19
2010-08-05,9218.59
2010-08-06,9210.34
2010-08-09,9217.31
2010-08-10,9149.53
2010-08-11,8994.31
2010-08-12,9026.45
2010-08-13,9049.81
2010-08-16,9121.47
2010-08-17,9206.56
2010-08-18,9232.75
2010-08-19,9164.89
2010-08-20,9158.1
2010-08-23,9098.25
2010-08-24,8985.94
2010-08-25,8958.18
2010-08-26,8829.38
2010-08-27,9046.75
2010-08-30,8928.18
2010-08-31,9071.68
2010-09-01,9250.31
2010-09-02,9167.16
2010-09-03,9096.67
2010-09-06,9083.59
2010-09-08,9124.2
2010-09-09,9161.61
2010-09-10,9198.69
2010-09-13,9379.39
2010-09-14,9423.38
2010-09-15,9502.18
2010-09-16,9440.73
2010-09-17,9380.82
2010-09-20,9493.71
2010-09-21,9436.38
2010-09-22,9499.99
2010-09-23,9558.43
2010-09-24,9457.87
2010-09-27,9517.27
2010-09-28,9575.78
2010-09-29,9614.75
2010-09-30,9706.24
2010-10-01,9825.85
2010-10-04,9853.28
2010-10-05,10038.37
2010-10-06,9983.28
2010-10-07,9944.62
2010-10-08,10093.85
2010-10-11,10133.09
2010-10-13,10275.96
2010-10-14,10194.62
2010-10-15,10209.51
2010-10-18,10158.53
2010-10-19,9936.01
2010-10-20,10029.51
2010-10-21,9979.41
2010-10-22,9968.5
2010-10-25,9991.19
2010-10-26,10090.39
2010-10-27,9983.84
2010-10-28,9930.34
2010-10-29,10025.37
2010-11-01,10154.32
2010-11-03,10227.01
2010-11-04,10365.66
2010-11-05,10336.47
2010-11-08,10322.85
2010-11-09,10157.06
2010-11-10,10150.2
2010-11-11,10052.46
2010-11-12,10011.5
2010-11-16,9862.93
2010-11-17,9917.84
2010-11-18,10050.84
2010-11-19,10099.44
2010-11-22,9941.59
2010-11-23,9726.18
2010-11-24,9929.1
2010-11-25,9916.86
2010-11-26,9810.7
2010-11-29,9752.13
2010-11-30,9743.62
2010-12-01,9928.46
2010-12-02,9958.98
2010-12-03,9887.79
2010-12-06,9817.19
2010-12-07,9809.31
2010-12-08,9701.35
2010-12-09,9601.92
2010-12-10,9625.97
2010-12-13,9704.65
2010-12-14,9703.73
2010-12-15,9618.19
2010-12-16,9540.24
2010-12-17,9636.6
2010-12-20,9509.3
2010-12-21,9629.97
2010-12-22,9707.41
2010-12-23,9725.79
2010-12-27,9615.42
2010-12-28,9638.2
2010-12-29,9775.21
2010-12-30,9845.38
2011-01-03,9919.03
2011-01-04,9949.65
2011-01-05,10028.28
2011-01-06,9913.31
2011-01-07,9812.38
2011-01-10,9835.21
2011-01-11,9866.01
2011-01-12,10007.65
2011-01-13,9878.12
2011-01-14,9908.63
2011-01-17,9843.58
2011-01-18,9848.02
2011-01-19,9752.31
2011-01-20,9646.22
2011-01-21,9586.32
2011-01-24,9647.94
2011-01-26,9549.73
2011-01-27,9455.99
2011-01-28,9245.15
2011-01-31,9167.91
2011-02-01,9310.3
2011-02-02,9156.14
2011-02-03,9103.81
2011-02-04,8883.92
2011-02-07,8936.88
2011-02-08,9058.63
2011-02-09,8872.84
2011-02-10,8898.43
2011-02-11,9115.88
2011-02-14,9228.22
2011-02-15,9244.52
2011-02-16,9423.61
2011-02-17,9460.26
2011-02-18,9505.54
2011-02-21,9396.97
2011-02-22,9234.47
2011-02-23,9238.0
2011-02-24,9242.95
2011-02-25,9229.97
2011-02-28,9352.14
2011-03-01,9214.39
2011-03-02,9297.34
2011-03-03,9436.43
2011-03-04,9429.28
2011-03-09,9369.25
2011-03-10,9180.41
2011-03-11,9256.72
2011-03-14,9325.65
2011-03-15,9348.49
2011-03-16,9219.11
2011-03-17,9213.19
2011-03-18,9300.64
2011-03-21,9293.73
2011-03-22,9466.43
2011-03-23,9451.2
2011-03-24,9449.91
2011-03-25,9457.34
2011-03-28,9428.21
2011-03-29,9434.06
2011-03-30,9588.1
2011-03-31,9731.91
2011-04-01,9826.36
2011-04-04,9817.4
2011-04-05,9830.9
2011-04-06,9753.75
2011-04-07,9793.31
2011-04-08,9687.11
2011-04-11,9638.84
2011-04-12,9520.05
2011-04-13,9508.35
2011-04-14,9460.88
2011-04-15,9485.92
2011-04-18,9368.91
2011-04-19,9457.16
2011-04-20,9594.76
2011-04-25,9580.85
2011-04-26,9631.02
2011-04-27,9535.58
2011-04-28,9413.94
2011-04-29,9487.86
2011-05-02,9418.6
2011-05-03,9250.3
2011-05-04,9171.49
2011-05-05,9194.15
2011-05-06,9386.06
2011-05-09,9430.9
2011-05-10,9469.22
2011-05-11,9369.31
2011-05-12,9395.42
2011-05-13,9277.51
2011-05-16,9191.62
2011-05-17,9237.81
2011-05-18,9110.41
2011-05-19,9058.56
2011-05-20,9055.5
2011-05-23,9020.26
2011-05-24,9158.76
2011-05-25,9144.15
2011-05-26,9267.77
2011-05-27,9282.19
2011-05-30,9254.61
2011-05-31,9349.91
2011-06-01,9191.09
2011-06-02,9281.65
2011-06-03,9307.11
2011-06-06,9165.59
2011-06-07,9235.87
2011-06-08,9177.75
2011-06-09,9186.59
2011-06-10,9078.4
2011-06-13,9034.34
2011-06-14,9081.0
2011-06-15,9037.47
2011-06-16,8948.22
2011-06-17,8957.96
2011-06-20,8957.77
2011-06-21,8981.78
2011-06-22,8973.88
2011-06-24,8954.35
2011-06-27,8958.48
2011-06-28,9115.27
2011-06-29,9145.15
2011-06-30,9157.85
2011-07-01,9239.78
2011-07-04,9309.21
2011-07-05,9244.74
2011-07-06,9159.97
2011-07-07,9071.98
2011-07-08,8950.55
2011-07-11,8754.57
2011-07-12,8654.09
2011-07-13,8798.56
2011-07-14,8658.0
2011-07-15,8609.41
2011-07-18,8489.88
2011-07-19,8549.82
2011-07-20,8597.37
2011-07-21,8738.18
2011-07-22,8751.32
2011-07-25,8654.49
2011-07-26,8567.31
2011-07-27,8394.37
2011-07-28,8460.9
2011-07-29,8526.65
2011-08-01,8500.04
2011-08-02,8262.63
2011-08-03,8091.97
2011-08-04,7710.86
2011-08-05,7758.73
2011-08-08,7144.72
2011-08-09,7505.59
2011-08-10,7489.22
2011-08-11,7726.42
2011-08-12,7769.96
2011-08-15,7921.5
2011-08-16,7888.93
2011-08-17,8010.94
2011-08-18,7764.55
2011-08-19,7658.39
2011-08-22,7637.84
2011-08-23,7765.77
2011-08-24,7755.44
2011-08-25,7699.05
2011-08-26,7757.22
2011-08-29,7960.98
2011-08-30,8054.88
2011-08-31,8252.96
2011-09-01,8589.21
2011-09-02,8385.84
2011-09-05,8145.82
2011-09-06,8334.62
2011-09-08,8486.22
2011-09-09,8237.29
2011-09-12,8162.0
2011-09-13,8127.55
2011-09-14,8204.48
2011-09-15,8244.3
2011-09-16,8359.78
2011-09-19,8309.83
2011-09-20,8233.35
2011-09-21,8178.66
2011-09-22,7825.09
2011-09-23,7820.79
2011-09-26,7905.81
2011-09-27,8007.89
2011-09-28,7931.2
2011-09-29,7984.19
2011-09-30,7904.2
2011-10-03,7727.43
2011-10-04,7659.73
2011-10-05,7713.98
2011-10-06,7875.85
2011-10-07,7757.31
2011-10-10,8021.14
2011-10-11,8070.72
2011-10-13,8182.37
2011-10-14,8224.01
2011-10-17,8136.6
2011-10-18,8286.92
2011-10-19,8332.22
2011-10-20,8221.0
2011-10-21,8383.11
2011-10-24,8518.34
2011-10-25,8419.7
2011-10-26,8511.38
2011-10-27,8737.14
2011-10-28,8747.5
2011-10-31,8642.45
2011-11-01,8507.39
2011-11-03,8586.15
2011-11-04,8604.11
2011-11-07,8652.08
2011-11-08,8636.17
2011-11-09,8479.01
2011-11-10,8412.17
2011-11-11,8563.64
2011-11-14,8561.98
2011-11-16,8594.54
2011-11-17,8374.08
2011-11-18,8296.61
2011-11-21,8213.0
2011-11-22,8170.16
2011-11-23,8050.28
2011-11-24,8108.14
2011-11-25,8097.66
2011-11-28,8234.58
2011-11-29,8158.13
2011-11-30,8465.14
2011-12-01,8659.85
2011-12-02,8619.54
2011-12-05,8725.52
2011-12-06,8795.1
2011-12-07,8718.16
2011-12-08,8624.69
2011-12-09,8691.38
2011-12-12,8610.76
2011-12-13,8629.3
2011-12-14,8538.06
2011-12-15,8511.97
2011-12-16,8524.31
2011-12-19,8461.51
2011-12-20,8629.31
2011-12-21,8609.88
2011-12-22,8688.99
2011-12-23,8753.25
2011-12-26,8748.43
2011-12-27,8801.37
2011-12-28,8651.87
2011-12-29,8708.87
2012-01-02,8757.31
2012-01-03,8899.91
2012-01-04,8907.24
2012-01-05,8832.05
2012-01-06,8850.46
2012-01-09,8892.88
2012-01-10,8954.75
2012-01-11,8960.01
2012-01-12,8957.9
2012-01-13,8892.03
2012-01-16,8986.92
2012-01-17,9031.08
2012-01-18,9190.33
2012-01-19,9229.51
2012-01-20,9279.09
2012-01-23,9228.0
2012-01-24,9206.99
2012-01-26,9310.85
2012-01-27,9308.84
2012-01-30,9270.63
2012-01-31,9262.19
2012-02-01,9439.23
2012-02-02,9460.05
2012-02-03,9545.97
2012-02-06,9548.51
2012-02-07,9632.89
2012-02-08,9668.06
2012-02-09,9616.56
2012-02-10,9509.46
2012-02-13,9690.65
2012-02-14,9667.56
2012-02-15,9721.42
2012-02-16,9793.8
2012-02-17,9835.94
2012-02-22,9844.92
2012-02-23,9756.0
2012-02-24,9758.25
2012-02-27,9690.98
2012-02-28,9821.74
2012-02-29,9868.77
2012-03-01,10015.5
2012-03-02,10112.45
2012-03-05,10033.34
2012-03-06,9831.83
2012-03-07,9980.34
2012-03-08,10140.47
2012-03-09,10195.97
2012-03-12,10147.3
2012-03-13,10312.44
2012-03-14,10309.62
2012-03-15,10265.65
2012-03-16,10250.76
2012-03-19,10245.76
2012-03-20,10161.62
2012-03-21,10141.0
2012-03-22,9992.03
2012-03-23,9997.35
2012-03-26,10138.85
2012-03-27,10100.57
2012-03-28,9952.82
2012-03-29,9901.2
2012-03-30,9834.25
2012-04-02,9958.21
2012-04-03,9881.35
2012-04-04,9750.16
2012-04-05,9733.84
2012-04-09,9629.09
2012-04-10,9502.49
2012-04-11,9446.5
2012-04-12,9649.67
2012-04-13,9481.24
2012-04-16,9472.66
2012-04-17,9533.06
2012-04-18,9568.74
2012-04-19,9574.19
2012-04-20,9580.64
2012-04-23,9459.62
2012-04-24,9493.95
2012-04-25,9405.68
2012-04-26,9466.68
2012-04-27,9482.7
2012-04-30,9514.47
2012-05-02,9515.89
2012-05-03,9496.3
2012-05-04,9395.37
2012-05-07,9456.68
2012-05-08,9374.83
2012-05-09,9292.98
2012-05-10,9342.22
2012-05-11,9381.02
2012-05-14,9136.12
2012-05-15,9000.08
2012-05-16,8901.1
2012-05-17,8652.46
2012-05-18,8657.37
2012-05-21,8945.18
2012-05-22,8819.78
2012-05-23,8733.54
2012-05-24,8659.21
2012-05-25,8754.64
2012-05-28,8863.22
2012-05-29,8799.34
2012-05-30,8721.89
2012-05-31,8870.39
2012-06-01,8720.57
2012-06-04,8698.73
2012-06-05,8580.92
2012-06-06,8846.67
2012-06-08,8853.06
2012-06-11,8844.21
2012-06-12,9019.99
2012-06-13,9065.62
2012-06-14,9052.66
2012-06-15,9135.84
2012-06-18,9154.44
2012-06-19,9280.99
2012-06-20,9224.27
2012-06-21,8992.39
2012-06-22,8954.53
2012-06-25,8788.48
2012-06-26,8765.0
2012-06-27,8766.23
2012-06-28,8716.76
2012-06-29,8953.34
2012-07-02,8990.89
2012-07-03,9118.04
2012-07-04,9141.55
2012-07-05,9162.09
2012-07-06,9062.98
2012-07-10,8847.88
2012-07-11,8817.42
2012-07-12,8794.03
2012-07-13,8882.42
2012-07-16,8820.24
2012-07-17,8872.79
2012-07-18,8983.57
2012-07-19,9090.19
2012-07-20,8988.33
2012-07-23,8814.0
2012-07-24,8860.47
2012-07-25,8866.8
2012-07-26,9052.33
2012-07-27,9390.43
2012-07-30,9497.27
2012-07-31,9370.79
2012-08-01,9363.82
2012-08-02,9281.32
2012-08-03,9519.89
2012-08-06,9672.41
2012-08-07,9623.13
2012-08-08,9744.37
2012-08-09,9682.46
2012-08-10,9777.79
2012-08-13,9752.4
2012-08-14,9690.35
2012-08-15,9724.06
2012-08-16,9868.29
2012-08-17,9848.13
2012-08-20,9829.77
2012-08-21,9797.55
2012-08-22,9838.66
2012-08-23,9752.4
2012-08-24,9750.0
2012-08-27,9725.49
2012-08-28,9772.11
2012-08-29,9623.81
2012-08-30,9618.39
2012-08-31,9546.79
2012-09-03,9624.96
2012-09-04,9527.69
2012-09-05,9602.42
2012-09-06,9774.74
2012-09-10,9736.71
2012-09-11,9811.27
2012-09-12,9856.92
2012-09-13,10056.66
2012-09-14,10091.6
2012-09-17,10083.42
2012-09-18,10036.55
2012-09-19,10048.9
2012-09-20,10055.15
2012-09-21,10075.24
2012-09-24,10123.23
2012-09-25,9858.38
2012-09-26,9854.4
2012-09-27,9839.28
2012-09-28,9736.5
2012-10-01,9822.85
2012-10-02,9801.74
2012-10-03,9720.63
2012-10-04,9730.29
2012-10-05,9785.24
2012-10-08,9830.62
2012-10-09,9729.38
2012-10-10,9666.14
2012-10-11,9770.31
2012-10-15,9784.14
2012-10-16,9825.18
2012-10-17,9847.03
2012-10-18,9813.49
2012-10-19,9732.51
2012-10-22,9692.08
2012-10-23,9555.05
2012-10-24,9580.85
2012-10-25,9653.51
2012-10-26,9590.13
2012-10-29,9613.56
2012-10-30,9685.37
2012-10-31,9637.45
2012-11-01,9872.92
2012-11-05,9845.91
2012-11-06,9967.87
2012-11-07,9851.41
2012-11-08,9741.84
2012-11-09,9700.92
2012-11-12,9658.42
2012-11-13,9737.5
2012-11-14,9621.03
2012-11-16,9618.99
2012-11-19,9776.16
2012-11-21,9805.27
2012-11-22,9847.8
2012-11-23,9974.8
2012-11-26,9883.0
2012-11-27,9800.53
2012-11-28,9836.24
2012-11-29,9931.24
2012-11-30,9935.62
2012-12-03,10019.57
2012-12-04,9962.45
2012-12-05,9979.9
2012-12-06,9986.99
2012-12-07,10056.25
2012-12-10,10104.11
2012-12-11,10150.4
2012-12-12,10134.86
2012-12-13,10126.57
2012-12-14,10114.98
2012-12-17,10127.55
2012-12-18,10218.56
2012-12-19,10345.66
2012-12-20,10348.87
2012-12-21,10375.48
2012-12-26,10340.7
2012-12-27,10296.95
2012-12-28,10383.77
2013-01-02,10581.11
2013-01-03,10736.78
2013-01-04,10670.95
2013-01-07,10597.02
2013-01-08,10547.56
2013-01-09,10640.74
2013-01-10,10602.8
2013-01-11,10583.5
2013-01-14,10655.15
2013-01-15,10550.73
2013-01-16,10593.12
2013-01-17,10711.13
2013-01-18,10703.04
2013-01-21,10721.09
2013-01-22,10721.85
2013-01-23,10736.61
2013-01-24,10676.56
2013-01-28,10529.46
2013-01-29,10572.87
2013-01-30,10475.52
2013-01-31,10569.17
2013-02-01,10616.57
2013-02-04,10525.04
2013-02-05,10578.95
2013-02-06,10501.69
2013-02-07,10433.48
2013-02-08,10461.29
2013-02-13,10467.69
2013-02-14,10437.47
2013-02-15,10531.77
2013-02-18,10521.86
2013-02-19,10461.24
2013-02-20,10328.73
2013-02-21,10322.5
2013-02-22,10472.6
2013-02-25,10468.02
2013-02-26,10445.39
2013-02-27,10491.57
2013-02-28,10565.75
2013-03-01,10549.71
2013-03-04,10541.14
2013-03-05,10521.46
2013-03-06,10655.6
2013-03-07,10684.15
2013-03-08,10777.33
2013-03-11,10737.8
2013-03-12,10684.98
2013-03-13,10638.5
2013-03-14,10594.24
2013-03-15,10563.45
2013-03-18,10534.83
2013-03-19,10484.41
2013-03-20,10476.54
2013-03-21,10396.17
2013-03-22,10329.91
2013-03-25,10307.43
2013-03-26,10433.45
2013-03-27,10501.68
2013-03-28,10625.64
2013-04-01,10557.52
2013-04-02,10449.56
2013-04-03,10494.69
2013-04-04,10351.0
2013-04-05,10384.78
2013-04-08,10412.09
2013-04-09,10520.94
2013-04-10,10634.67
2013-04-11,10586.0
2013-04-12,10472.35
2013-04-15,10227.76
2013-04-16,10404.3
2013-04-17,10218.99
2013-04-18,10216.79
2013-04-19,10325.39
2013-04-22,10335.11
2013-04-23,10441.2
2013-04-24,10434.1
2013-04-25,10419.07
2013-04-26,10250.32
2013-04-29,10272.31
2013-04-30,10497.73
2013-05-02,10454.87
2013-05-03,10492.19
2013-05-06,10458.01
2013-05-07,10612.22
2013-05-08,10619.03
2013-05-09,10603.91
2013-05-10,10586.82
2013-05-13,10480.4
2013-05-14,10539.32
2013-05-15,10604.43
2013-05-16,10608.6
2013-05-17,10689.35
2013-05-20,10766.1
2013-05-21,10841.34
2013-05-22,10906.08
2013-05-23,10828.6
2013-05-24,10824.56
2013-05-27,10828.54
2013-05-28,10849.3
2013-05-29,10664.32
2013-05-31,10621.47
2013-06-03,10542.28
2013-06-04,10528.71
2013-06-05,10343.32
2013-06-06,10339.62
2013-06-07,10218.26
2013-06-10,10171.78
2013-06-11,9915.92
2013-06-12,9849.4
2013-06-13,9914.35
2013-06-14,9780.79
2013-06-17,9823.34
2013-06-18,9830.69
2013-06-19,9607.91
2013-06-20,9581.64
2013-06-21,9439.77
2013-06-24,9262.2
2013-06-25,9359.48
2013-06-26,9467.24
2013-06-27,9623.13
2013-06-28,9676.63
2013-07-01,9698.36
2013-07-02,9368.59
2013-07-03,9301.44
2013-07-04,9369.74
2013-07-05,9290.62
2013-07-08,9284.64
2013-07-10,9336.83
2013-07-11,9540.18
2013-07-12,9438.55
2013-07-15,9598.64
2013-07-16,9617.65
2013-07-17,9693.66
2013-07-18,9715.02
2013-07-19,9653.99
2013-07-22,9813.55
2013-07-23,9855.51
2013-07-24,9782.04
2013-07-25,9842.72
2013-07-26,9827.12
2013-07-29,9814.77
2013-07-30,9787.96
2013-07-31,9765.81
2013-08-01,9926.14
2013-08-02,9848.68
2013-08-05,9795.0
2013-08-06,9618.83
2013-08-07,9590.44
2013-08-08,9800.23
2013-08-09,9890.9
2013-08-12,9956.45
2013-08-13,10015.55
2013-08-14,9977.31
2013-08-15,9890.01
2013-08-16,9905.95
2013-08-19,9848.36
2013-08-20,9750.62
2013-08-21,9701.78
2013-08-22,9747.07
2013-08-23,9913.46
2013-08-26,9805.83
2013-08-27,9622.95
2013-08-28,9623.28
2013-08-29,9725.42
2013-08-30,9841.96
2013-09-02,9969.78
2013-09-03,9862.66
2013-09-04,9925.27
2013-09-05,10018.11
2013-09-06,10151.96
2013-09-09,10372.66
2013-09-10,10396.41
2013-09-11,10373.09
2013-09-12,10281.07
2013-09-13,10358.08
2013-09-16,10363.66
2013-09-17,10412.85
2013-09-18,10639.74
2013-09-19,10597.57
2013-09-20,10398.75
2013-09-23,10486.71
2013-09-24,10491.8
2013-09-25,10470.12
2013-09-26,10453.35
2013-09-27,10553.07
2013-09-30,10356.25
2013-10-01,10490.74
2013-10-02,10487.13
2013-10-03,10405.6
2013-10-04,10461.83
2013-10-07,10480.01
2013-10-08,10449.91
2013-10-09,10552.63
2013-10-10,10633.75
2013-10-11,10678.37
2013-10-14,10766.32
2013-10-15,10753.87
2013-10-16,10785.55
2013-10-17,10788.97
2013-10-18,10849.63
2013-10-21,10847.38
2013-10-22,10933.44
2013-10-23,10812.4
2013-10-24,10774.29
2013-10-25,10726.43
2013-10-28,10754.58
2013-10-29,10770.95
2013-10-30,10791.65
2013-10-31,10828.52
2013-11-01,10792.67
2013-11-04,10845.08
2013-11-05,10744.75
2013-11-06,10632.15
2013-11-07,10563.64
2013-11-08,10432.28
2013-11-11,10477.5
2013-11-12,10394.85
2013-11-13,10474.79
2013-11-14,10671.78
2013-11-18,10744.46
2013-11-19,10542.58
2013-11-21,10505.57
2013-11-22,10489.28
2013-11-25,10405.08
2013-11-26,10428.46
2013-11-27,10523.2
2013-11-28,10531.39
2013-11-29,10623.44
2013-12-02,10474.26
2013-12-03,10278.22
2013-12-04,10184.03
2013-12-05,10222.19
2013-12-06,10247.65
2013-12-09,10289.85
2013-12-10,10240.82
2013-12-11,10088.32
2013-12-12,10100.26
2013-12-13,10091.49
2013-12-16,10106.15
2013-12-17,10126.58
2013-12-18,10148.44
2013-12-19,10290.19
2013-12-20,10250.64
2013-12-23,10262.0
2013-12-26,10245.53
2013-12-27,10265.23
2013-12-30,10325.94
2014-01-02,10194.22
2014-01-03,10187.09
2014-01-06,10158.93
2014-01-07,10097.41
2014-01-08,10114.59
2014-01-09,9890.77
2014-01-10,9942.02
2014-01-13,9902.36
2014-01-14,9975.71
2014-01-15,10013.33
2014-01-16,9934.65
2014-01-17,9825.32
2014-01-20,9779.35
2014-01-21,9775.84
2014-01-22,9874.64
2014-01-23,9702.44
2014-01-24,9581.91
2014-01-27,9591.34
2014-01-28,9612.59
2014-01-29,9512.95
2014-01-30,9450.03
2014-01-31,9535.9
2014-02-03,9284.27
2014-02-04,9457.86
2014-02-05,9378.75
2014-02-06,9564.9
2014-02-07,9626.65
2014-02-10,9547.52
2014-02-11,9662.91
2014-02-12,9599.82
2014-02-13,9535.44
2014-02-14,9614.77
2014-02-17,9513.2
2014-02-18,9347.14
2014-02-19,9452.29
2014-02-20,9477.06
2014-02-21,9515.51
2014-02-24,9555.79
2014-02-25,9461.67
2014-02-26,9479.61
2014-02-27,9664.87
2014-02-28,9614.5
2014-03-05,9581.47
2014-03-06,9702.29
2014-03-07,9558.54
2014-03-10,9434.91
2014-03-11,9488.04
2014-03-12,9481.51
2014-03-13,9407.73
2014-03-14,9311.19
2014-03-17,9383.58
2014-03-18,9585.35
2014-03-19,9649.29
2014-03-20,9752.37
2014-03-21,9766.23
2014-03-24,9890.63
2014-03-25,9911.58
2014-03-26,9912.34
2014-03-27,10183.93
2014-03-28,10194.92
2014-03-31,10335.92
2014-04-01,10318.72
2014-04-02,10551.4
2014-04-03,10475.16
2014-04-04,10398.8
2014-04-07,10542.97
2014-04-08,10450.66
2014-04-09,10391.72
2014-04-10,10404.89
2014-04-11,10532.26
2014-04-14,10480.2
2014-04-15,10322.72
2014-04-16,10471.87
2014-04-17,10622.67
2014-04-22,10636.71
2014-04-23,10543.32
2014-04-24,10593.15
2014-04-25,10552.87
2014-04-28,10522.81
2014-04-29,10639.19
2014-04-30,10647.5
2014-05-02,10828.57
2014-05-05,10928.24
2014-05-06,10957.3
2014-05-07,11014.78
2014-05-08,10944.63
2014-05-09,10887.4
2014-05-12,11023.3
2014-05-13,11003.77
2014-05-14,11062.89
2014-05-15,10976.5
2014-05-16,11027.91
2014-05-19,10915.49
2014-05-20,10764.84
2014-05-21,10686.51
2014-05-22,10795.55
2014-05-23,10736.29
2014-05-26,10778.57
2014-05-27,10661.74
2014-05-28,10774.53
2014-05-29,10711.77
2014-05-30,10572.92
2014-06-02,10611.89
2014-06-03,10712.44
2014-06-04,10697.63
2014-06-05,10655.85
2014-06-06,10901.88
2014-06-09,11144.27
2014-06-10,11216.45
2014-06-11,11307.52
2014-06-13,11268.4
2014-06-16,11267.37
2014-06-17,11224.61
2014-06-18,11351.97
2014-06-20,11249.58
2014-06-23,11175.09
2014-06-24,11279.95
2014-06-25,11091.09
2014-06-26,11067.28
2014-06-27,11011.3
2014-06-30,10994.38
2014-07-01,10989.11
2014-07-02,10900.56
2014-07-03,11033.73
2014-07-04,11080.01
2014-07-07,11049.28
2014-07-08,11002.22
2014-07-10,11188.85
2014-07-11,11236.26
2014-07-14,11397.26
2014-07-15,11411.06
2014-07-16,11271.84
2014-07-17,11240.07
2014-07-18,11470.95
2014-07-21,11591.55
2014-07-22,11677.49
2014-07-23,11615.24
2014-07-24,11720.22
2014-07-25,11662.92
2014-07-28,11645.07
2014-07-29,11547.11
2014-07-30,11469.17
2014-07-31,11293.51
2014-08-01,11355.28
2014-08-04,11482.27
2014-08-05,11419.49
2014-08-06,11403.27
2014-08-07,11354.4
2014-08-08,11265.24
2014-08-11,11452.12
2014-08-12,11457.66
2014-08-13,11396.76
2014-08-14,11486.99
2014-08-15,11629.65
2014-08-18,11738.36
2014-08-19,11908.59
2014-08-20,11936.18
2014-08-21,11987.7
2014-08-22,11892.27
2014-08-25,12119.44
2014-08-26,12179.04
2014-08-27,12395.0
2014-08-28,12313.5
2014-08-29,12532.97
2014-09-01,12500.88
2014-09-02,12619.47
2014-09-03,12629.96
2014-09-04,12465.41
2014-09-05,12485.37
2014-09-08,12212.89
2014-09-09,12090.71
2014-09-10,12000.84
2014-09-11,12031.0
2014-09-12,11753.76
2014-09-15,11912.0
2014-09-16,12100.83
2014-09-17,12078.46
2014-09-18,11941.59
2014-09-19,11841.4
2014-09-22,11655.24
2014-09-23,11621.29
2014-09-24,11677.67
2014-09-25,11492.0
2014-09-26,11748.1
2014-09-29,11320.59
2014-09-30,11221.27
2014-10-01,11005.25
2014-10-02,11099.82
2014-10-03,11277.54
2014-10-06,11740.48
2014-10-07,11744.2
2014-10-08,11700.1
2014-10-09,11771.71
2014-10-10,11416.05
2014-10-13,11834.03
2014-10-14,11845.43
2014-10-15,11509.19
2014-10-16,11226.01
2014-10-17,11519.4
2014-10-20,11279.52
2014-10-21,10895.53
2014-10-22,10896.4
2014-10-23,10544.85
2014-10-24,10748.28
2014-10-27,10652.66
2014-10-28,11075.42
2014-10-29,10901.95
2014-10-30,11271.21
2014-10-31,11683.27
2014-11-03,11560.71
2014-11-04,11697.94
2014-11-05,11569.43
2014-11-06,11336.21
2014-11-07,11440.93
2014-11-10,11364.4
2014-11-11,11347.28
2014-11-12,11446.63
2014-11-13,11228.02
2014-11-14,11243.52
2014-11-17,11161.41
2014-11-18,11423.98
2014-11-19,11719.86
2014-11-21,12175.53
2014-11-24,12032.6
2014-11-25,12056.53
2014-11-26,11997.21
2014-11-27,11974.63
2014-11-28,12005.74
2014-12-01,11518.3
2014-12-02,11411.59
2014-12-03,11523.33
2014-12-04,11351.15
2014-12-05,11467.09
2014-12-08,11134.32
2014-12-09,11136.78
2014-12-10,11039.61
2014-12-11,11134.49
2014-12-12,10740.87
2014-12-15,10564.04
2014-12-16,10496.34
2014-12-17,10890.82
2014-12-18,10844.36
2014-12-19,11049.51
2014-12-22,11097.2
2014-12-23,11191.71
2014-12-26,11103.14
2014-12-29,11207.48
2014-12-30,11105.13
2015-01-02,10822.25
2015-01-05,10645.11
2015-01-06,10715.85
2015-01-07,11003.63
2015-01-08,11052.81
2015-01-09,10757.51
2015-01-12,10612.55
2015-01-13,10568.49
2015-01-14,10587.53
2015-01-15,10594.89
2015-01-16,10811.16
2015-01-19,10534.31
2015-01-20,10523.33
2015-01-21,10787.27
2015-01-22,10798.29
2015-01-23,10723.99
2015-01-26,10712.29
2015-01-27,10730.87
2015-01-28,10600.45
2015-01-29,10644.19
2015-01-30,10467.56
2015-02-02,10570.8
2015-02-03,10737.72
2015-02-04,10842.75
2015-02-05,10853.15
2015-02-06,10779.29
2015-02-09,10851.47
2015-02-10,10720.67
2015-02-11,10595.0
2015-02-12,10851.72
2015-02-13,11054.85
2015-02-18,11179.79
2015-02-19,11251.58
2015-02-20,11220.13
2015-02-23,11278.46
2015-02-24,11377.56
2015-02-25,11424.97
2015-02-26,11463.14
2015-02-27,11340.54
2015-03-02,11255.98
2015-03-03,11282.86
2015-03-04,11137.0
2015-03-05,11134.83
2015-03-06,11033.31
2015-03-09,10844.13
2015-03-10,10698.5
2015-03-11,10826.68
2015-03-12,10851.51
2015-03-13,10780.18
2015-03-16,10831.97
2015-03-17,11096.53
2015-03-18,11407.44
2015-03-19,11319.38
2015-03-20,11474.65
2015-03-23,11438.07
2015-03-24,11375.38
2015-03-25,11418.8
2015-03-26,11195.32
2015-03-27,11089.24
2015-03-30,11331.07
2015-03-31,11370.69
2015-04-01,11623.0
2015-04-02,11766.16
2015-04-06,11916.64
2015-04-07,11854.51
2015-04-08,11886.97
2015-04-09,11821.76
2015-04-10,11899.42
2015-04-13,11848.33
2015-04-14,11781.36
2015-04-15,11916.03
2015-04-16,11890.79
2015-04-17,11719.19
2015-04-20,11666.9
2015-04-22,11785.43
2015-04-23,11988.78
2015-04-24,12098.08
2015-04-27,11896.53
2015-04-28,11939.46
2015-04-29,11909.52
2015-04-30,12033.85
2015-05-04,12156.15
2015-05-05,12185.0
2015-05-06,12072.76
2015-05-07,12091.89
2015-05-08,12223.41
2015-05-11,12191.11
2015-05-12,12144.71
2015-05-13,12051.55
2015-05-14,12165.76
2015-05-15,12315.77
2015-05-18,12134.67
2015-05-19,12059.75
2015-05-20,11960.81
2015-05-21,11945.5
2015-05-22,11775.96
2015-05-25,11835.51
2015-05-26,11612.72
2015-05-27,11754.92
2015-05-28,11694.9
2015-05-29,11431.05
2015-06-01,11503.73
2015-06-02,11712.91
2015-06-03,11558.39
2015-06-05,11455.13
2015-06-08,11448.34
2015-06-09,11413.46
2015-06-10,11611.84
2015-06-11,11565.14
2015-06-12,11487.31
2015-06-15,11471.43
2015-06-16,11596.9
2015-06-17,11502.43
2015-06-18,11689.65
2015-06-19,11587.73
2015-06-22,11648.64
2015-06-23,11654.2
2015-06-24,11644.4
2015-06-25,11566.45
2015-06-26,11696.73
2015-06-29,11515.61
2015-06-30,11586.59
2015-07-01,11571.31
2015-07-02,11667.0
2015-07-03,11600.72
2015-07-06,11525.72
2015-07-07,11561.18
2015-07-08,11473.56
2015-07-10,11645.78
2015-07-13,11710.94
2015-07-14,11755.28
2015-07-15,11725.3
2015-07-16,11733.17
2015-07-17,11611.87
2015-07-20,11498.51
2015-07-21,11476.05
2015-07-22,11404.01
2015-07-23,11109.99
2015-07-24,11013.08
2015-07-27,10952.92
2015-07-28,11047.24
2015-07-29,11127.3
2015-07-30,11085.99
2015-07-31,11304.79
2015-08-03,11182.86
2015-08-04,11118.19
2015-08-05,11126.46
2015-08-06,10997.38
2015-08-07,10763.98
2015-08-10,10886.7
2015-08-11,10860.38
2015-08-12,10706.48
2015-08-13,10672.63
2015-08-14,10592.39
2015-08-17,10545.73
2015-08-18,10628.88
2015-08-19,10468.27
2015-08-20,10420.41
2015-08-21,10255.01
2015-08-24,10012.1
2015-08-25,10032.21
2015-08-26,10365.33
2015-08-27,10644.02
2015-08-28,10495.8
2015-08-31,10298.51
2015-09-01,10092.19
2015-09-02,10238.28
2015-09-03,10438.52
2015-09-04,10240.78
2015-09-08,10264.14
2015-09-09,10270.99
2015-09-10,10208.43
2015-09-11,10252.95
2015-09-14,10513.41
2015-09-15,10567.85
2015-09-16,10787.38
2015-09-17,10797.91
2015-09-18,10470.94
2015-09-21,10319.93
2015-09-22,10300.69
2015-09-23,10129.38
2015-09-24,10124.23
2015-09-25,10050.39
2015-09-28,9925.38
2015-09-29,9950.34
2015-09-30,10125.6
2015-10-01,10170.0
2015-10-02,10520.4
2015-10-05,10629.91
2015-10-06,10628.6
2015-10-07,10817.78
2015-10-08,10837.53
2015-10-09,10864.42
2015-10-13,10568.4
2015-10-14,10428.68
2015-10-15,10494.63
2015-10-16,10520.9
2015-10-19,10604.42
2015-10-20,10521.96
2015-10-21,10504.38
2015-10-22,10660.2
2015-10-23,10615.96
2015-10-26,10558.28
2015-10-27,10583.33
2015-10-28,10527.2
2015-10-29,10267.13
2015-10-30,10220.54
2015-11-03,10611.45
2015-11-04,10580.6
2015-11-05,10725.08
2015-11-06,10533.51
2015-11-09,10395.97
2015-11-10,10381.85
2015-11-11,10589.07
2015-11-12,10567.56
2015-11-13,10495.47
2015-11-16,10540.55
2015-11-17,10674.53
2015-11-18,10695.22
2015-11-19,10867.71
2015-11-23,10876.89
2015-11-24,10851.94
2015-11-25,10604.61
2015-11-26,10661.34
2015-11-27,10416.07
2015-11-30,10210.06
2015-12-01,10249.78
2015-12-02,10226.45
2015-12-03,10575.19
2015-12-04,10388.47
2015-12-07,10406.97
2015-12-08,10248.94
2015-12-09,10572.3
2015-12-10,10439.65
2015-12-11,10404.86
2015-12-14,10258.32
2015-12-15,10235.8
2015-12-16,10251.47
2015-12-17,10368.6
2015-12-18,10026.39
2015-12-21,9919.5
2015-12-22,9955.35
2015-12-23,10041.39
2015-12-28,10040.82
2015-12-29,10004.49
2015-12-30,9914.93
2016-01-04,9598.15
2016-01-05,9693.42
2016-01-06,9621.7
2016-01-07,9404.7
2016-01-08,9407.81
2016-01-11,9270.59
2016-01-12,9248.82
2016-01-13,9153.02
2016-01-14,9219.82
2016-01-15,9044.6
2016-01-18,8955.4
2016-01-19,8970.84
2016-01-20,8884.11
2016-01-21,8889.33
2016-01-22,8965.01
2016-01-26,8843.72
2016-01-27,8961.37
2016-01-28,9032.38
2016-01-29,9430.36
2016-02-01,9514.17
2016-02-02,9119.69
2016-02-03,9327.94
2016-02-04,9541.53
2016-02-05,9512.18
2016-02-10,9491.97
2016-02-11,9253.11
2016-02-12,9328.88
2016-02-15,9386.8
2016-02-16,9574.83
2016-02-17,9673.57
2016-02-18,9668.51
2016-02-19,9696.15
2016-02-22,10003.99
2016-02-23,9886.62
2016-02-24,9814.57
2016-02-25,9823.71
2016-02-26,9743.08
2016-02-29,9989.68
2016-03-01,10243.86
2016-03-02,10359.8
2016-03-03,10764.93
2016-03-04,11082.79
2016-03-07,11052.4
2016-03-08,11146.33
2016-03-09,11083.92
2016-03-10,11326.07
2016-03-11,11346.25
2016-03-14,11242.0
2016-03-15,10845.07
2016-03-16,10867.77
2016-03-17,11559.21
2016-03-18,11534.93
2016-03-21,11627.83
2016-03-22,11559.52
2016-03-23,11301.94
2016-03-24,11233.99
2016-03-28,11461.7
2016-03-29,11552.3
2016-03-30,11560.62
2016-03-31,11280.92
2016-04-01,11404.47
2016-04-04,11066.59
2016-04-05,11089.8
2016-04-06,10898.21
2016-04-07,11000.32
2016-04-08,11359.29
2016-04-11,11284.86
2016-04-12,11572.08
2016-04-13,11770.92
2016-04-14,11669.07
2016-04-15,11794.3
2016-04-18,11729.96
2016-04-19,11801.27
2016-04-20,11724.88
2016-04-22,11595.18
2016-04-25,11451.36
2016-04-26,11695.22
2016-04-27,11964.12
2016-04-28,11888.42
2016-04-29,11782.57
2016-05-02,11680.75
2016-05-03,11435.69
2016-05-04,11559.12
2016-05-05,11411.93
2016-05-06,11387.46
2016-05-09,11346.75
2016-05-10,11776.11
2016-05-11,11730.69
2016-05-12,11918.75
2016-05-13,11650.06
2016-05-16,11609.71
2016-05-17,11363.21
2016-05-18,11357.9
2016-05-19,11279.03
2016-05-20,11221.1
2016-05-23,11141.95
2016-05-24,11148.34
2016-05-25,11140.96
2016-05-27,11080.29
2016-05-30,11046.12
2016-05-31,10949.39
2016-06-01,11056.46
2016-06-02,11246.78
2016-06-03,11361.98
2016-06-06,11285.37
2016-06-07,11300.48
2016-06-08,11490.13
2016-06-09,11444.82
2016-06-10,11109.68
2016-06-13,11170.01
2016-06-14,10977.86
2016-06-15,11012.86
2016-06-16,11125.55
2016-06-17,11100.69
2016-06-20,11275.13
2016-06-21,11385.74
2016-06-22,11230.94
2016-06-23,11523.3
2016-06-24,11257.9
2016-06-27,11079.43
2016-06-28,11199.47
2016-06-29,11399.67
2016-06-30,11538.68
2016-07-01,11635.76
2016-07-04,11715.36
2016-07-05,11612.93
2016-07-06,11590.34
2016-07-07,11635.89
2016-07-08,11876.59
2016-07-11,12003.56
2016-07-12,12020.05
2016-07-13,12137.6
2016-07-14,12361.65
2016-07-15,12400.17
2016-07-18,12574.86
2016-07-19,12660.22
2016-07-20,12649.59
2016-07-21,12614.01
2016-07-22,12708.34
2016-07-25,12662.5
2016-07-26,12606.95
2016-07-27,12624.59
2016-07-28,12580.81
2016-07-29,12781.24
2016-08-01,12733.92
2016-08-02,12588.37
2016-08-03,12736.52
2016-08-04,12877.85
2016-08-05,12925.54
2016-08-08,12859.8
2016-08-09,12879.55
2016-08-10,12752.6
2016-08-11,13034.74
2016-08-12,13032.56
2016-08-15,13151.34
2016-08-16,13045.76
2016-08-17,13140.02
2016-08-18,13094.68
2016-08-19,13078.55
2016-08-22,12827.34
2016-08-23,12816.62
2016-08-24,12796.91
2016-08-25,12785.46
2016-08-26,12804.86
2016-08-29,13004.89
2016-08-30,13016.78
2016-08-31,12918.07
2016-09-01,12919.18
2016-09-02,13168.93
2016-09-05,13142.5
2016-09-06,13274.56
2016-09-08,13294.29
2016-09-09,12846.26
2016-09-12,12924.54
2016-09-13,12642.2
2016-09-14,12661.66
2016-09-15,12841.19
2016-09-16,12697.29
2016-09-19,12753.42
2016-09-20,12822.83
2016-09-21,12924.99
2016-09-22,13046.11
2016-09-23,12989.75
2016-09-26,12859.73
2016-09-27,12957.09
2016-09-28,13099.93
2016-09-29,12893.56
2016-09-30,12896.7
2016-10-03,13143.21
2016-10-04,13143.08
2016-10-05,13312.55
2016-10-06,13366.48
2016-10-07,13461.28
2016-10-10,13523.83
2016-10-11,13415.42
2016-10-13,13454.36
2016-10-14,13544.58
2016-10-17,13720.0
2016-10-18,13927.56
2016-10-19,13837.54
2016-10-20,13895.97
2016-10-21,13891.27
2016-10-24,13838.03
2016-10-25,13753.19
2016-10-26,13688.47
2016-10-27,13794.3
2016-10-28,13827.26
2016-10-31,14060.45
2016-11-01,13722.46
2016-11-03,13415.11
2016-11-04,13390.85
2016-11-07,13811.96
2016-11-08,13822.49
2016-11-09,13551.95
2016-11-10,12965.1
2016-11-11,12650.47
2016-11-14,12728.29
2016-11-16,13004.94
2016-11-17,12838.98
2016-11-18,12912.11
2016-11-21,13020.18
2016-11-22,13130.98
2016-11-23,13070.17
2016-11-24,12992.06
2016-11-25,12985.46
2016-11-28,13180.42
2016-11-29,12893.54
2016-11-30,13035.66
2016-12-01,12470.37
2016-12-02,12565.49
2016-12-05,12487.3
2016-12-06,12722.52
2016-12-07,12792.11
2016-12-08,12682.25
2016-12-09,12664.36
2016-12-12,12343.48
2016-12-13,12450.15
2016-12-14,12267.51
2016-12-15,12271.09
2016-12-16,12303.75
2016-12-19,12119.26
2016-12-20,12217.08
2016-12-21,12254.92
2016-12-22,12278.17
2016-12-23,12419.71
2016-12-26,12539.79
2016-12-27,12555.45
2016-12-28,12774.49
2016-12-29,12912.81
2017-01-02,12804.68
2017-01-03,13229.07
2017-01-04,13234.08
2017-01-05,13285.26
2017-01-06,13234.97
2017-01-09,13242.01
2017-01-10,13246.61
2017-01-11,13253.25
2017-01-12,13555.51
2017-01-13,13452.76
2017-01-16,13454.88
2017-01-17,13641.17
2017-01-18,13533.41
2017-01-19,13505.2
2017-01-20,13599.03
2017-01-23,13827.4
2017-01-24,13815.84
2017-01-26,14004.74
2017-01-27,13971.54
2017-01-30,13704.22
2017-01-31,13772.06
2017-02-01,13776.51
2017-02-02,13761.35
2017-02-03,13912.11
2017-02-06,13750.83
2017-02-07,13815.89
2017-02-08,13937.79
2017-02-09,13994.22
2017-02-10,14139.64
2017-02-13,14216.18
2017-02-14,14185.89
2017-02-15,14509.39
2017-02-16,14475.83
2017-02-17,14474.15
2017-02-20,14555.68
2017-02-21,14715.53
2017-02-22,14652.9
2017-02-23,14464.08
2017-02-24,14330.83
2017-03-01,14360.49
2017-03-02,14247.28
2017-03-03,14444.92
2017-03-06,14423.47
2017-03-07,14288.25
2017-03-08,14108.47
2017-03-09,14035.98
2017-03-10,14113.82
2017-03-13,14271.28
2017-03-14,14141.85
2017-03-15,14362.82
2017-03-16,14330.07
2017-03-17,14021.99
2017-03-20,14085.93
2017-03-21,13800.48
2017-03-22,13872.26
2017-03-23,13891.86
2017-03-24,13984.64
2017-03-27,14033.79
2017-03-28,14075.92
2017-03-29,14238.7
2017-03-30,14178.15
2017-03-31,14135.74
2017-04-03,14215.85
2017-04-04,14297.84
2017-04-05,14137.69
2017-04-06,14015.78
2017-04-07,14086.54
2017-04-10,14095.07
2017-04-11,14095.28
2017-04-12,14038.89
2017-04-13,13824.94
2017-04-17,14185.97
2017-04-18,14201.38
2017-04-19,14053.8
2017-04-20,14035.54
2017-04-24,14183.36
2017-04-25,14278.44
2017-04-26,14261.31
2017-04-27,14307.45
2017-04-28,14450.71
2017-05-02,14770.26
2017-05-03,14695.78
2017-05-04,14466.47
2017-05-05,14610.51
2017-05-08,14600.42
2017-05-09,14765.1
2017-05-10,14984.79
2017-05-11,15038.04
2017-05-12,15147.6
2017-05-15,15151.66
2017-05-16,15178.11
2017-05-17,14919.74
2017-05-18,13510.44
2017-05-19,13778.49
2017-05-22,13465.0
2017-05-23,13707.68
2017-05-24,13880.76
2017-05-25,13885.71
2017-05-26,14113.57
2017-05-29,14038.57
2017-05-30,14092.17
2017-05-31,13872.93
2017-06-01,13800.81
2017-06-02,13833.21
2017-06-05,13794.66
2017-06-06,13922.53
2017-06-07,14051.2
2017-06-08,13928.23
2017-06-09,13799.25
2017-06-12,13678.03
2017-06-13,13719.43
2017-06-14,13810.2
2017-06-16,13814.8
2017-06-19,13889.0
2017-06-20,13621.85
2017-06-21,13581.78
2017-06-22,13640.54
2017-06-23,13606.47
2017-06-26,13844.27
2017-06-27,13691.09
2017-06-28,13738.86
2017-06-29,13788.42
2017-06-30,13959.65
2017-07-03,14029.09
2017-07-04,14023.26
2017-07-05,14054.02
2017-07-06,13893.08
2017-07-07,13875.59
2017-07-10,14000.86
2017-07-11,14145.05
2017-07-12,14365.42
2017-07-13,14510.7
2017-07-14,14555.5
2017-07-17,14517.01
2017-07-18,14544.73
2017-07-19,14476.9
2017-07-20,14508.73
2017-07-21,14500.12
2017-07-24,14551.01
2017-07-25,14581.94
2017-07-26,14480.61
2017-07-27,14539.51
2017-07-28,14543.99
2017-07-31,14604.16
2017-08-01,14776.32
2017-08-02,14882.31
2017-08-03,14843.91
2017-08-04,14838.86
2017-08-07,15015.87
2017-08-08,15028.81
2017-08-09,14977.77
2017-08-10,14847.55
2017-08-11,14991.35
2017-08-14,15201.13
2017-08-15,15225.72
2017-08-16,15258.33
2017-08-17,15116.56
2017-08-18,15253.48
2017-08-21,15240.52
2017-08-22,15498.73
2017-08-23,15603.61
2017-08-24,15719.94
2017-08-25,15705.49
2017-08-28,15690.33
2017-08-29,15770.78
2017-08-30,15716.02
2017-08-31,15679.98
2017-09-01,15889.16
2017-09-04,15925.06
2017-09-05,15929.49
2017-09-06,16177.94
2017-09-08,16193.9
2017-09-11,16447.83
2017-09-12,16433.48
2017-09-13,16516.32
2017-09-14,16565.12
2017-09-15,16845.57
2017-09-18,16887.33
2017-09-19,16871.04
2017-09-20,16837.99
2017-09-21,16793.09
2017-09-22,16771.06
2017-09-25,16517.79
2017-09-26,16514.26
2017-09-27,16379.78
2017-09-28,16315.46
2017-09-29,16548.88
2017-10-02,16564.54
2017-10-03,17029.55
2017-10-04,17037.32
2017-10-05,17037.7
2017-10-06,16941.67
2017-10-09,16878.4
2017-10-10,17128.9
2017-10-11,17068.78
2017-10-13,17037.73
2017-10-16,16972.95
2017-10-17,16822.05
2017-10-18,16969.31
2017-10-19,16859.95
2017-10-20,16908.12
2017-10-23,16660.73
2017-10-24,16819.21
2017-10-25,16906.09
2017-10-26,16721.89
2017-10-27,16738.35
2017-10-30,16465.16
2017-10-31,16348.52
2017-11-01,16204.73
2017-11-03,16184.7
2017-11-06,16184.17
2017-11-07,15799.51
2017-11-08,16252.67
2017-11-09,15934.19
2017-11-10,15713.0
2017-11-13,15792.07
2017-11-14,15562.19
2017-11-16,15942.73
2017-11-17,16156.42
2017-11-21,16432.17
2017-11-22,16354.5
2017-11-23,16309.16
2017-11-24,16224.66
2017-11-27,16216.53
2017-11-28,16198.35
2017-11-29,15901.27
2017-11-30,15726.54
2017-12-01,15758.34
2017-12-04,15899.34
2017-12-05,15821.23
2017-12-06,15981.87
2017-12-07,15824.0
2017-12-08,15872.6
2017-12-11,15858.93
2017-12-12,16052.86
2017-12-13,15892.39
2017-12-14,15777.73
2017-12-15,15831.65
2017-12-18,15891.35
2017-12-19,15787.47
2017-12-20,15900.44
2017-12-21,16252.91
2017-12-22,16275.67
2017-12-26,16367.57
2017-12-27,16463.92
2017-12-28,16562.36
2018-01-02,16857.83
2018-01-03,16867.93
2018-01-04,17013.9
2018-01-05,17110.75
2018-01-08,17151.96
2018-01-09,17028.52
2018-01-10,16893.63
2018-01-11,17114.64
2018-01-12,17109.15
2018-01-15,17197.48
2018-01-16,17201.6
2018-01-17,17445.53
2018-01-18,17420.78
2018-01-19,17490.27
2018-01-22,17583.52
2018-01-23,17364.97
2018-01-24,17971.68
2018-01-26,18340.14
2018-01-29,18135.41
2018-01-30,18117.25
2018-01-31,18219.76
2018-02-01,18273.92
2018-02-02,17986.72
2018-02-05,17574.39
2018-02-06,17934.34
2018-02-07,17731.72
2018-02-08,17471.02
2018-02-09,17341.43
2018-02-14,17893.24
2018-02-15,18029.64
2018-02-16,18075.5
2018-02-19,18102.45
2018-02-20,18294.01
2018-02-21,18412.85
2018-02-22,18518.66
2018-02-23,18643.67
2018-02-26,18655.66
2018-02-27,18491.16
2018-02-28,18137.18
2018-03-01,18169.75
2018-03-02,18198.24
2018-03-05,18210.0
2018-03-06,18118.71
2018-03-07,18087.66
2018-03-08,17958.62
2018-03-09,18252.56
2018-03-12,18375.38
2018-03-13,18289.2
2018-03-14,18179.8
2018-03-15,18025.8
2018-03-16,18011.41
2018-03-19,17835.52
2018-03-20,17875.79
2018-03-21,17971.21
2018-03-22,17951.54
2018-03-23,17855.02
2018-03-26,17979.62
2018-03-27,17727.94
2018-03-28,17763.5
2018-03-29,18089.71
2018-04-02,17944.61
2018-04-03,17919.1
2018-04-04,17864.58
2018-04-05,18023.02
2018-04-06,17991.5
2018-04-09,17714.69
2018-04-10,17860.78
2018-04-11,17973.51
2018-04-12,18068.62
2018-04-13,17850.17
2018-04-16,17574.28
2018-04-17,17835.26
2018-04-18,18161.12
2018-04-19,18124.67
2018-04-20,18077.88
2018-04-23,18098.27
2018-04-24,18060.92
2018-04-25,18024.46
2018-04-26,18233.73
2018-04-27,18240.67
2018-04-30,18148.92
2018-05-02,17818.75
2018-05-03,17517.94
2018-05-04,17478.1
2018-05-07,17363.58
2018-05-08,17410.18
2018-05-09,17551.28
2018-05-10,17824.41
2018-05-11,17676.71
2018-05-14,17662.26
2018-05-15,17645.23
2018-05-16,17937.14
2018-05-17,17326.57
2018-05-18,17232.77
2018-05-21,17001.07
2018-05-22,17225.28
2018-05-23,16844.06
2018-05-24,16662.97
2018-05-25,16418.39
2018-05-28,15657.09
2018-05-29,15826.6
2018-05-30,15980.34
2018-06-01,16070.22
2018-06-04,16366.07
2018-06-05,15964.56
2018-06-06,15847.63
2018-06-07,15356.4
2018-06-08,15192.17
2018-06-11,15047.63
2018-06-12,15140.95
2018-06-13,15009.69
2018-06-14,14848.17
2018-06-15,14732.56
2018-06-18,14530.66
2018-06-19,14860.44
2018-06-20,15024.83
2018-06-21,14628.17
2018-06-22,14744.01
2018-06-25,14808.34
2018-06-26,14920.29
2018-06-27,14765.27
2018-06-28,14990.33
2018-06-29,15200.2
2018-07-02,15192.24
2018-07-03,15363.99
2018-07-04,15577.91
2018-07-05,15528.19
2018-07-06,15649.89
2018-07-10,15639.56
2018-07-11,15566.17
2018-07-12,15862.09
2018-07-13,16015.78
2018-07-16,16015.58
2018-07-17,16320.88
2018-07-18,16189.61
2018-07-19,16205.51
2018-07-20,16452.65
2018-07-23,16350.84
2018-07-24,16567.89
2018-07-25,16783.93
2018-07-26,16553.72
2018-07-27,16647.69
2018-07-30,16735.6
2018-07-31,16530.22
2018-08-01,16550.37
2018-08-02,16626.01
2018-08-03,17008.09
2018-08-06,16933.05
2018-08-07,16795.7
2018-08-08,16550.9
2018-08-09,16464.97
2018-08-10,16003.51
2018-08-13,16191.65
2018-08-14,16438.19
2018-08-15,16119.87
2018-08-16,16080.6
2018-08-17,15903.32
2018-08-20,15967.56
2018-08-21,15729.28
2018-08-22,16089.43
2018-08-23,15814.2
2018-08-24,15939.16
2018-08-27,16289.07
2018-08-28,16204.67
2018-08-29,16382.36
2018-08-30,15986.31
2018-08-31,16071.44
2018-09-03,15992.23
2018-09-04,15708.73
2018-09-05,15791.3
2018-09-06,16048.44
2018-09-10,16065.94
2018-09-11,15693.36
2018-09-12,15763.69
2018-09-13,15670.67
2018-09-14,15829.09
2018-09-17,16105.39
2018-09-18,16386.81
2018-09-19,16359.98
2018-09-20,16334.99
2018-09-21,16608.86
2018-09-24,16324.01
2018-09-25,16454.36
2018-09-26,16449.53
2018-09-27,16745.68
2018-09-28,16616.95
2018-10-01,16455.79
2018-10-02,17090.67
2018-10-03,17449.09
2018-10-04,17399.8
2018-10-05,17272.23
2018-10-08,18037.62
2018-10-09,18072.35
2018-10-10,17586.13
2018-10-11,17444.22
2018-10-15,17534.92
2018-10-16,18012.02
2018-10-17,18064.01
2018-10-18,17708.27
2018-10-19,17787.6
2018-10-22,18083.28
2018-10-23,18042.01
2018-10-24,17619.32
2018-10-25,17873.41
2018-10-26,18197.46
2018-10-29,17785.78
2018-10-30,18401.1
2018-10-31,18505.54
2018-11-01,18718.44
2018-11-05,18962.7
2018-11-06,18755.22
2018-11-07,18577.31
2018-11-08,18161.51
2018-11-09,18148.24
2018-11-12,18142.28
2018-11-13,18036.16
2018-11-14,18251.97
2018-11-16,18756.01
2018-11-19,18636.62
2018-11-21,18499.09
2018-11-22,18550.5
2018-11-23,18305.22
2018-11-26,18147.68
2018-11-27,18619.64
2018-11-28,18918.24
2018-11-29,19023.65
2018-11-30,18967.35
2018-12-03,19040.55
2018-12-04,18802.91
2018-12-05,18903.51
2018-12-06,18878.77
2018-12-07,18741.94
2018-12-10,18285.12
2018-12-11,18396.49
2018-12-12,18527.27
2018-12-13,18680.7
2018-12-14,18618.0
2018-12-17,18378.99
2018-12-18,18445.71
2018-12-19,18270.25
2018-12-20,18213.73
2018-12-21,18311.94
2018-12-26,18207.11
2018-12-27,18291.37
2018-12-28,18805.43
2019-01-02,19408.34
2019-01-03,19513.96
2019-01-04,19546.79
2019-01-07,19518.77
2019-01-08,19595.3
2019-01-09,19923.62
2019-01-10,19944.01
2019-01-11,19898.85
2019-01-14,20081.42
2019-01-15,20003.92
2019-01-16,20070.91
2019-01-17,20284.13
2019-01-18,20422.14
2019-01-21,20401.95
2019-01-22,20238.86
2019-01-23,20556.03
2019-01-24,20801.5
2019-01-28,20299.08
2019-01-29,20325.63
2019-01-30,20610.26
2019-01-31,20731.68
2019-02-01,20803.48
2019-02-04,20966.55
2019-02-05,20886.88
2019-02-06,20141.93
2019-02-07,20031.94
2019-02-08,20271.47
2019-02-11,20041.65
2019-02-12,20420.5
2019-02-13,20350.12
2019-02-14,20805.44
2019-02-15,20716.54
2019-02-18,20531.41
2019-02-19,20764.16
2019-02-20,20531.65
2019-02-21,20578.84
2019-02-22,20769.89
2019-02-25,20637.07
2019-02-26,20706.32
2019-02-27,20636.53
2019-02-28,20349.38
2019-03-01,20172.09
2019-03-06,20102.33
2019-03-07,20116.68
2019-03-08,20359.7
2019-03-11,20886.69
2019-03-12,20864.12
2019-03-13,21075.22
2019-03-14,21027.3
2019-03-15,21127.69
2019-03-18,21276.21
2019-03-19,21203.05
2019-03-20,20876.36
2019-03-21,20601.72
2019-03-22,19982.83
2019-03-25,19977.46
2019-03-26,20301.25
2019-03-27,19600.57
2019-03-28,20099.66
2019-03-29,20330.48
2019-04-01,20468.55
2019-04-02,20348.19
2019-04-03,20158.87
2019-04-04,20495.56
2019-04-05,20669.17
2019-04-08,20713.55
2019-04-09,20477.09
2019-04-10,20406.11
2019-04-11,20174.77
2019-04-12,19792.73
2019-04-15,19807.12
2019-04-16,20070.17
2019-04-17,19868.62
2019-04-18,20123.07
2019-04-22,20117.57
2019-04-23,20400.51
2019-04-24,20227.53
2019-04-25,20518.03
2019-04-26,20449.48
2019-04-29,20432.67
2019-04-30,20472.09
2019-05-02,20348.59
2019-05-03,20441.62
2019-05-06,20225.83
2019-05-07,20118.43
2019-05-08,20388.81
2019-05-09,20256.88
2019-05-10,20149.67
2019-05-13,19624.91
2019-05-14,19688.53
2019-05-15,19593.9
2019-05-16,19244.07
2019-05-17,19236.02
2019-05-20,19654.08
2019-05-21,20163.54
2019-05-22,20128.37
2019-05-23,20030.48
2019-05-24,19970.08
2019-05-27,20219.62
2019-05-28,20573.17
2019-05-29,20626.17
2019-05-30,20818.3
2019-05-31,20739.87
2019-06-03,20743.88
2019-06-04,20809.97
2019-06-05,20525.34
2019-06-06,20751.58
2019-06-07,20903.28
2019-06-10,20821.08
2019-06-11,21114.86
2019-06-12,20987.69
2019-06-13,21100.09
2019-06-14,20958.97
2019-06-17,20881.94
2019-06-18,21253.28
2019-06-19,21452.49
2019-06-21,21806.7
2019-06-24,21836.73
2019-06-25,21423.65
2019-06-26,21548.32
2019-06-27,21551.61
2019-06-28,21634.82
2019-07-01,21709.07
2019-07-02,21560.68
2019-07-03,21830.58
2019-07-04,22188.91
2019-07-05,22323.71
2019-07-08,22468.99
2019-07-10,22749.16
2019-07-11,22610.81
2019-07-12,22347.45
2019-07-15,22317.24
2019-07-16,22315.24
2019-07-17,22344.32
2019-07-18,22530.54
2019-07-19,22272.48
2019-07-22,22383.05
2019-07-23,22337.18
2019-07-24,22422.52
2019-07-25,22017.66
2019-07-26,22038.93
2019-07-29,22160.7
2019-07-30,22080.3
2019-07-31,21862.17
2019-08-01,21925.52
2019-08-02,22033.73
2019-08-05,21503.83
2019-08-06,21968.25
2019-08-07,22126.95
2019-08-08,22471.89
2019-08-09,22474.83
2019-08-12,22059.46
2019-08-13,22365.62
2019-08-14,21754.34
2019-08-15,21459.25
2019-08-16,21606.36
2019-08-19,21507.47
2019-08-20,21468.22
2019-08-21,21888.53
2019-08-22,21662.05
2019-08-23,21138.58
2019-08-26,20849.76
2019-08-27,21062.6
2019-08-28,21279.26
2019-08-29,21769.99
2019-08-30,21948.41
2019-09-02,21856.84
2019-09-03,21636.74
2019-09-04,21924.3
2019-09-05,22147.87
2019-09-06,22291.88
2019-09-09,22275.7
2019-09-10,22245.91
2019-09-11,22380.12
2019-09-12,22547.75
2019-09-13,22388.93
2019-09-16,22410.9
2019-09-17,22607.86
2019-09-18,22626.17
2019-09-19,22618.56
2019-09-20,22726.03
2019-09-23,22670.93
2019-09-24,22516.35
2019-09-25,22616.44
2019-09-26,22812.91
2019-09-27,22765.76
2019-09-30,22727.11
2019-10-01,22564.95
2019-10-02,21939.3
2019-10-03,22065.41
2019-10-04,22254.7
2019-10-07,21848.82
2019-10-08,21723.33
2019-10-09,22020.39
2019-10-10,22135.62
2019-10-11,22586.35
2019-10-14,22698.88
2019-10-15,22693.52
2019-10-16,22892.82
2019-10-17,22822.33
2019-10-18,22784.23
2019-10-21,23044.72
2019-10-22,23342.69
2019-10-23,23382.02
2019-10-24,23246.49
2019-10-25,23399.44
2019-10-28,23582.17
2019-10-29,23465.84
2019-10-30,23659.51
2019-10-31,23414.76
2019-11-01,23655.61
2019-11-04,23756.81
2019-11-05,23705.89
2019-11-06,23659.45
2019-11-07,23921.37
2019-11-08,23525.39
2019-11-11,23684.85
2019-11-12,23335.37
2019-11-13,23181.17
2019-11-14,23319.58
2019-11-18,23251.46
2019-11-19,23161.98
2019-11-21,23512.4
2019-11-22,23764.31
2019-11-25,23707.54
2019-11-26,23415.96
2019-11-27,23560.3
2019-11-28,23696.73
2019-11-29,23686.75
2019-12-02,23828.06
2019-12-03,23870.46
2019-12-04,24142.38
2019-12-05,24236.08
2019-12-06,24347.32
2019-12-09,24321.4
2019-12-10,24264.21
2019-12-11,24358.62
2019-12-12,24617.61
2019-12-13,24714.94
2019-12-16,24596.34
2019-12-17,24747.31
2019-12-18,25135.36
2019-12-19,25327.04
2019-12-20,25325.52
2019-12-23,25507.5
2019-12-26,25824.18
2019-12-27,25706.66
2019-12-30,25560.09
2020-01-02,26198.14
2020-01-03,26078.48
2020-01-06,25907.64
2020-01-07,25848.2
2020-01-08,25740.69
2020-01-09,25690.25
2020-01-10,25602.49
2020-01-13,25988.71
2020-01-14,26091.82
2020-01-15,25858.38
2020-01-16,25920.27
2020-01-17,26306.03
2020-01-20,26407.66
2020-01-21,26024.8
2020-01-22,26284.14
2020-01-23,26576.77
2020-01-24,26306.37
2020-01-27,25447.6
2020-01-28,25887.93
2020-01-29,25665.48
2020-01-30,25664.08
2020-01-31,25275.22
2020-02-03,25519.47
2020-02-04,25741.48
2020-02-05,25871.47
2020-02-06,25686.59
2020-02-07,25343.48
2020-02-10,25034.61
2020-02-11,25696.56
2020-02-12,26002.44
2020-02-13,25804.8
2020-02-14,25524.02
2020-02-17,25737.9
2020-02-18,25681.12
2020-02-19,26040.82
2020-02-20,25631.22
2020-02-21,25443.19
2020-02-26,23639.29
2020-02-27,23061.48
2020-02-28,23313.28
2020-03-02,23887.56
2020-03-03,23635.8
2020-03-04,23998.53
2020-03-05,22798.52
2020-03-06,21809.79
2020-03-09,19096.21
2020-03-10,20508.04
2020-03-11,18947.96
2020-03-12,16122.37
2020-03-13,18327.5
2020-03-16,15763.81
2020-03-17,16459.02
2020-03-18,14619.27
2020-03-19,14974.36
2020-03-20,14709.51
2020-03-23,13933.06
2020-03-24,15329.87
2020-03-25,16519.3
2020-03-26,17136.77
2020-03-27,16196.25
2020-03-30,16419.17
2020-03-31,16042.63
2020-04-01,15548.11
2020-04-02,15807.94
2020-04-03,15237.85
2020-04-06,16234.4
2020-04-07,16746.16
2020-04-08,17267.96
2020-04-09,17092.22
2020-04-13,17315.28
2020-04-14,17580.68
2020-04-15,17368.85
2020-04-16,17180.1
2020-04-17,17442.97
2020-04-20,17476.51
2020-04-22,17899.35
2020-04-23,17672.33
2020-04-24,16700.15
2020-04-27,17345.71
2020-04-28,18049.87
2020-04-29,18463.94
2020-04-30,17847.62
2020-05-04,17447.63
2020-05-05,17565.9
2020-05-06,17477.25
2020-05-07,17248.37
2020-05-08,17680.25
2020-05-11,17428.67
2020-05-12,17155.55
2020-05-13,17133.89
2020-05-14,17371.61
2020-05-15,17079.17
2020-05-18,17888.46
2020-05-19,17812.43
2020-05-20,17933.49
2020-05-21,18352.15
2020-05-22,18148.51
2020-05-25,18915.96
2020-05-26,18873.01
2020-05-27,19405.82
2020-05-28,19211.12
2020-05-29,19300.2
2020-06-01,19595.9
2020-06-02,20133.58
2020-06-03,20625.2
2020-06-04,20805.84
2020-06-05,20959.54
2020-06-08,21606.44
2020-06-09,21412.51
2020-06-10,20946.2
2020-06-12,20533.05
2020-06-15,20470.67
2020-06-16,20707.03
2020-06-17,21147.93
2020-06-18,21285.88
2020-06-19,21406.09
2020-06-22,21154.68
2020-06-23,21310.36
2020-06-24,20961.07
2020-06-25,21293.61
2020-06-26,20813.94
2020-06-29,21241.19
2020-06-30,21111.91
2020-07-01,21386.82
2020-07-02,21404.56
2020-07-03,21545.24
2020-07-06,22023.27
2020-07-07,21756.07
2020-07-08,22192.46
2020-07-09,22046.41
2020-07-10,22252.92
2020-07-13,21997.63
2020-07-14,22381.9
2020-07-15,22660.98
2020-07-16,22396.46
2020-07-17,22879.02
2020-07-20,23231.58
2020-07-21,23195.57
2020-07-22,23183.72
2020-07-23,22740.18
2020-07-24,22710.81
2020-07-27,23130.28
2020-07-28,23036.27
2020-07-29,23375.9
2020-07-30,23302.7
2020-07-31,22882.65
2020-08-03,22855.99
2020-08-04,22500.61
2020-08-05,22888.42
2020-08-06,23188.76
2020-08-07,22904.96
2020-08-10,23015.75
2020-08-11,22767.57
2020-08-12,22724.57
2020-08-13,22396.13
2020-08-14,22584.2
2020-08-17,22162.47
2020-08-18,22734.64
2020-08-19,22478.71
2020-08-20,22628.41
2020-08-21,22639.05
2020-08-24,22774.27
2020-08-25,22756.49
2020-08-26,22433.39
2020-08-27,22433.75
2020-08-28,22758.37
2020-08-31,22171.33
2020-09-01,22779.42
2020-09-02,22736.85
2020-09-03,22456.96
2020-09-04,22577.89
2020-09-08,22334.01
2020-09-09,22584.5
2020-09-10,22028.0
2020-09-11,21913.9
2020-09-14,22352.92
2020-09-15,22339.09
2020-09-16,22225.08
2020-09-17,22271.19
2020-09-18,21891.8
2020-09-21,21583.39
2020-09-22,21659.27
2020-09-23,21343.28
2020-09-24,21617.43
2020-09-25,21602.56
2020-09-28,21095.9
2020-09-29,20847.59
2020-09-30,21075.37
2020-10-01,21298.08
2020-10-02,20980.09
2020-10-05,21398.32
2020-10-06,21266.4
2020-10-07,21233.52
2020-10-08,21762.46
2020-10-09,21703.97
2020-10-13,21905.95
2020-10-14,22104.16
2020-10-15,22057.19
2020-10-16,21901.27
2020-10-19,21982.44
2020-10-20,22390.18
2020-10-21,22383.92
2020-10-22,22652.07
2020-10-23,22494.39
2020-10-26,22414.1
2020-10-27,22134.91
2020-10-28,21180.68
2020-10-29,21478.38
2020-10-30,20900.76
2020-11-03,21318.63
2020-11-04,21802.7
2020-11-05,22441.16
2020-11-06,22516.57
2020-11-09,22983.08
2020-11-10,23232.79
2020-11-11,23191.91
2020-11-12,22693.4
2020-11-13,23200.23
2020-11-16,23542.12
2020-11-17,23698.62
2020-11-18,23492.58
2020-11-19,23623.67
2020-11-20,23522.34
2020-11-23,23792.03
2020-11-24,24298.28
2020-11-25,24414.73
2020-11-26,24439.66
2020-11-27,24527.75
2020-11-30,24158.9
2020-12-01,24666.93
2020-12-02,24778.6
2020-12-03,24894.53
2020-12-04,25179.89
2020-12-07,25109.61
2020-12-08,25143.38
2020-12-09,24939.83
2020-12-10,25355.5
2020-12-11,25371.17
2020-12-14,25304.31
2020-12-15,25633.14
2020-12-16,26013.84
2020-12-17,26117.82
2020-12-18,26015.17
2020-12-21,25547.19
2020-12-22,25716.96
2020-12-23,25987.3
2020-12-28,26280.54
2020-12-29,26328.59
2020-12-30,26275.24
2021-01-04,26303.14
2021-01-05,26410.82
2021-01-06,26326.34
2021-01-07,27104.47
2021-01-08,27678.39
2021-01-11,27368.19
2021-01-12,27483.12
2021-01-13,27089.12
2021-01-14,27455.58
2021-01-15,26786.84
2021-01-18,26975.79
2021-01-19,26877.85
2021-01-20,26665.57
2021-01-21,26429.46
2021-01-22,26231.32
2021-01-26,26023.19
2021-01-27,25789.35
2021-01-28,26448.94
2021-01-29,25656.69
2021-02-01,26211.87
2021-02-02,26327.17
2021-02-03,26726.59
2021-02-04,26641.64
2021-02-05,26914.79
2021-02-08,26866.51
2021-02-09,26811.38
2021-02-10,26548.88
2021-02-11,26693.28
2021-02-12,26766.76
2021-02-17,26968.72
2021-02-18,26776.15
2021-02-19,26664.66
2021-02-22,25464.2
2021-02-23,25983.51
2021-02-24,26081.18
2021-02-25,25343.03
2021-02-26,24856.08
2021-03-01,25035.01
2021-03-02,25289.52
2021-03-03,25146.26
2021-03-04,25368.46
2021-03-05,25945.96
2021-03-08,24906.91
2021-03-09,24980.28
2021-03-10,25244.3
2021-03-11,25806.92
2021-03-12,25577.27
2021-03-15,25739.09
2021-03-16,25565.82
2021-03-17,26086.57
2021-03-18,25655.06
2021-03-19,25960.34
2021-03-22,25692.99
2021-03-23,25346.68
2021-03-24,25132.04
2021-03-25,25452.29
2021-03-26,25682.48
2021-03-29,25821.34
2021-03-30,26117.84
2021-03-31,26132.05
2021-04-01,25890.8
2021-04-05,26467.79
2021-04-06,26478.97
2021-04-07,26567.97
2021-04-08,26679.72
2021-04-09,26523.26
2021-04-12,26808.39
2021-04-13,26882.7
2021-04-14,27127.42
2021-04-15,27247.21
2021-04-16,27355.67
2021-04-19,27320.12
2021-04-20,27110.27
2021-04-22,26931.81
2021-04-23,27242.15
2021-04-26,27260.35
2021-04-27,27097.8
2021-04-28,27481.47
2021-04-29,27328.73
2021-04-30,27075.13
2021-05-03,27118.22
2021-05-04,26851.38
2021-05-05,27225.26
2021-05-06,27321.78
2021-05-07,27761.33
2021-05-10,27689.57
2021-05-11,27938.7
2021-05-12,27177.33
2021-05-13,27345.56
2021-05-14,27566.98
2021-05-17,27850.18
2021-05-18,27830.49
2021-05-19,27666.26
2021-05-20,27716.26
2021-05-21,27652.01
2021-05-24,27981.13
2021-05-25,27722.18
2021-05-26,27993.16
2021-05-27,28077.97
2021-05-28,28334.41
2021-05-31,28550.41
2021-06-01,28835.86
2021-06-02,29130.42
2021-06-04,29207.68
2021-06-07,29272.36
2021-06-08,29056.9
2021-06-09,29142.4
2021-06-10,29185.48
2021-06-11,29117.66
2021-06-14,29257.18
2021-06-15,29194.74
2021-06-16,28982.96
2021-06-17,28735.81
2021-06-18,28866.09
2021-06-21,29071.76
2021-06-22,29061.15
2021-06-23,29065.12
2021-06-24,29268.28
2021-06-25,28917.86
2021-06-28,28913.4
2021-06-29,28959.16
2021-06-30,28910.01
2021-07-01,28614.21
2021-07-02,29079.33
2021-07-05,28896.27
2021-07-06,28540.31
2021-07-07,28910.82
2021-07-08,28600.67
2021-07-12,29039.01
2021-07-13,29176.9
2021-07-14,29237.93
2021-07-15,29064.79
2021-07-16,28747.36
2021-07-19,28383.88
2021-07-20,28601.02
2021-07-21,28717.48
2021-07-22,28821.81
2021-07-23,28590.99
2021-07-26,28750.91
2021-07-27,28383.24
2021-07-28,28760.92
2021-07-29,28631.8
2021-07-30,27710.76
2021-08-02,27873.2
2021-08-03,28158.96
2021-08-04,27797.61
2021-08-05,27684.4
2021-08-06,27887.14
2021-08-09,27923.58
2021-08-10,27808.52
2021-08-11,27747.78
2021-08-12,27488.97
2021-08-13,27536.5
2021-08-16,27071.15
2021-08-17,26733.58
2021-08-18,26431.9
2021-08-19,26452.18
2021-08-20,26669.16
2021-08-23,26527.8
2021-08-24,27147.02
2021-08-25,27266.51
2021-08-26,26817.7
2021-08-27,27304.77
2021-08-30,27079.65
2021-08-31,26780.89
2021-09-01,26872.26
2021-09-02,26359.49
2021-09-03,26388.77
2021-09-06,26555.2
2021-09-08,25591.12
2021-09-09,25967.72
2021-09-10,25763.88
2021-09-13,26232.15
2021-09-14,26167.44
2021-09-15,25917.02
2021-09-16,25596.18
2021-09-17,25097.87
2021-09-20,24454.4
2021-09-21,24795.35
2021-09-22,25274.24
2021-09-23,25625.81
2021-09-24,25452.97
2021-09-27,25517.21
2021-09-28,24718.3
2021-09-29,24920.77
2021-09-30,24925.92
2021-10-01,25351.8
2021-10-04,24794.82
2021-10-05,24764.76
2021-10-06,24814.16
2021-10-07,24848.1
2021-10-08,25330.46
2021-10-11,25209.83
2021-10-13,25440.26
2021-10-14,25386.3
2021-10-15,25737.13
2021-10-18,25676.12
2021-10-19,24845.46
2021-10-20,24813.96
2021-10-21,24107.3
2021-10-22,23796.77
2021-10-25,24361.72
2021-10-26,23814.69
2021-10-27,23768.88
2021-10-28,23506.62
2021-10-29,22993.12
2021-11-01,23445.17
2021-11-03,23397.51
2021-11-04,22895.91
2021-11-05,23169.75
2021-11-08,23221.68
2021-11-09,23351.9
2021-11-10,23455.28
2021-11-11,23873.7
2021-11-12,23581.22
2021-11-16,23084.28
2021-11-17,22738.23
2021-11-18,22592.8
2021-11-19,22757.89
2021-11-22,22598.52
2021-11-23,22922.9
2021-11-24,23124.18
2021-11-25,23407.38
2021-11-26,22616.79
2021-11-29,22757.9
2021-11-30,22546.08
2021-12-01,22269.9
2021-12-02,23084.28
2021-12-03,23237.13
2021-12-06,23681.7
2021-12-07,23842.67
2021-12-08,24002.76
2021-12-09,23621.44
2021-12-10,23953.18
2021-12-13,23893.23
2021-12-14,23708.95
2021-12-15,23852.2
2021-12-16,24067.42
2021-12-17,23827.67
2021-12-20,23353.97
2021-12-21,23485.79
2021-12-22,23395.43
2021-12-23,23304.99
2021-12-27,23476.63
2021-12-28,23324.56
2021-12-29,23157.57
2021-12-30,23361.15
2022-01-03,23135.67
2022-01-04,22993.43
2022-01-05,22400.96
2022-01-06,22542.37
2022-01-07,22860.23
2022-01-10,22640.34
2022-01-11,23076.68
2022-01-12,23517.64
2022-01-13,23454.08
2022-01-14,23760.74
2022-01-17,23633.76
2022-01-18,23686.71
2022-01-19,24006.03
2022-01-20,24289.66
2022-01-21,24232.22
2022-01-24,23986.48
2022-01-25,24501.38
2022-01-26,24769.13
2022-01-27,25034.37
2022-01-28,24902.73
2022-01-31,24972.92
2022-02-01,25257.51
2022-02-02,24993.79
2022-02-03,24928.65
2022-02-04,25056.56
2022-02-07,25019.01
2022-02-08,25077.21
2022-02-09,25111.37
2022-02-10,25329.86
2022-02-11,25344.61
2022-02-14,25407.13
2022-02-15,25585.05
2022-02-16,25688.54
2022-02-17,25294.27
2022-02-18,25149.16
2022-02-21,24882.04
2022-02-22,25149.32
2022-02-23,24971.91
2022-02-24,24891.04
2022-02-25,25233.72
2022-03-02,25767.8
2022-03-03,25775.23
2022-03-04,25628.78
2022-03-07,25013.07
2022-03-08,24916.38
2022-03-09,25465.47
2022-03-10,25490.45
2022-03-11,25041.71
2022-03-14,24581.16
2022-03-15,24362.5
2022-03-16,24829.03
2022-03-17,25250.0
2022-03-18,25768.09
2022-03-21,25970.15
2022-03-22,26201.94
2022-03-23,26280.4
2022-03-24,26657.88
2022-03-25,26673.03
2022-03-28,26571.15
2022-03-29,26846.69
2022-03-30,26873.71
2022-03-31,26783.35
2022-04-01,27147.86
2022-04-04,27105.85
2022-04-05,26549.89
2022-04-06,26383.53
2022-04-07,26530.53
2022-04-08,26374.99
2022-04-11,26035.9
2022-04-12,25866.99
2022-04-13,26007.25
2022-04-14,25861.83
2022-04-18,25751.66
2022-04-19,25632.86
2022-04-20,25454.03
2022-04-22,24671.95
2022-04-25,24560.85
2022-04-26,24053.88
2022-04-27,24337.58
2022-04-28,24495.72
2022-04-29,24039.14
2022-05-02,23741.93
2022-05-03,23714.18
2022-05-04,24124.86
2022-05-05,23465.33
2022-05-06,23410.44
2022-05-09,22897.01
2022-05-10,22892.56
2022-05-11,23196.12
2022-05-12,23460.57
2022-05-13,23740.2
2022-05-16,24036.23
2022-05-17,24160.41
2022-05-18,23603.2
2022-05-19,23777.29
2022-05-20,24099.28
2022-05-23,24510.6
2022-05-24,24533.51
2022-05-25,24559.09
2022-05-26,24853.51
2022-05-27,24881.68
2022-05-30,24712.4
2022-05-31,24747.06
2022-06-01,24775.29
2022-06-02,25001.35
2022-06-03,24715.93
2022-06-06,24491.14
2022-06-07,24480.57
2022-06-08,24088.34
2022-06-09,23801.45
2022-06-10,23434.47
2022-06-13,22761.14
2022-06-14,22630.17
2022-06-15,22815.76
2022-06-17,22113.58
2022-06-20,22071.15
2022-06-21,22023.4
2022-06-22,21960.44
2022-06-23,21643.28
2022-06-24,21755.24
2022-06-27,22226.64
2022-06-28,22204.89
2022-06-29,21983.6
2022-06-30,21712.76
2022-07-01,21777.58
2022-07-04,21712.65
2022-07-05,21614.21
2022-07-06,21727.15
2022-07-07,22194.48
2022-07-08,22093.48
2022-07-11,21623.82
2022-07-12,21639.38
2022-07-13,21516.28
2022-07-14,21056.21
2022-07-15,21169.79
2022-07-18,21259.48
2022-07-19,21548.25
2022-07-20,21597.96
2022-07-21,21756.45
2022-07-22,21737.28
2022-07-25,22033.01
2022-07-26,21912.61
2022-07-27,22298.05
2022-07-28,22575.85
2022-07-29,22719.43
2022-08-01,22519.45
2022-08-02,22777.63
2022-08-03,22883.55
2022-08-04,23357.82
2022-08-05,23515.07
2022-08-08,23956.37
2022-08-09,23988.84
2022-08-10,24365.91
2022-08-11,24255.16
2022-08-12,24968.06
2022-08-15,25030.36
2022-08-16,25140.24
2022-08-17,25137.79
2022-08-18,25122.46
2022-08-19,24599.59
2022-08-22,24395.39
2022-08-23,24970.17
2022-08-24,24976.36
2022-08-25,25148.15
2022-08-26,24889.02
2022-08-29,24913.67
2022-08-30,24471.05
2022-08-31,24295.69
2022-09-01,24488.35
2022-09-02,24577.45
2022-09-05,24889.67
2022-09-06,24322.77
2022-09-08,24360.64
2022-09-09,24884.36
2022-09-12,25118.91
2022-09-13,24524.86
2022-09-14,24504.88
2022-09-15,24388.76
2022-09-16,24248.41
2022-09-19,24810.11
2022-09-20,24946.23
2022-09-21,24824.37
2022-09-22,25272.34
2022-09-23,24723.94
2022-09-26,24134.38
2022-09-27,23988.5
2022-09-28,24011.29
2022-09-29,23831.43
2022-09-30,24372.44
2022-10-03,25716.6
2022-10-04,25763.7
2022-10-05,26020.76
2022-10-06,26114.35
2022-10-07,25870.97
2022-10-10,25768.06
2022-10-11,25522.06
2022-10-13,25443.93
2022-10-14,24961.7
2022-10-17,25260.62
2022-10-18,25728.99
2022-10-19,25850.02
2022-10-20,26014.44
2022-10-21,26628.03
2022-10-24,25734.72
2022-10-25,25439.72
2022-10-26,25000.02
2022-10-27,25384.04
2022-10-28,25346.26
2022-10-31,25666.19
2022-11-01,25876.97
2022-11-03,25868.91
2022-11-04,26099.13
2022-11-07,25462.64
2022-11-08,25620.29
2022-11-09,25049.26
2022-11-10,24186.85
2022-11-11,24695.78
2022-11-14,24938.54
2022-11-16,24287.83
2022-11-17,24150.97
2022-11-18,23948.94
2022-11-21,24109.42
2022-11-22,23912.95
2022-11-23,23864.52
2022-11-24,24537.71
2022-11-25,23900.56
2022-11-28,23840.24
2022-11-29,24346.87
2022-11-30,24684.63
2022-12-01,24336.83
2022-12-02,24608.74
2022-12-05,24034.98
2022-12-06,24191.83
2022-12-07,23923.35
2022-12-08,23520.64
2022-12-09,23563.06
2022-12-12,23077.77
2022-12-13,22653.52
2022-12-14,22672.92
2022-12-15,22712.59
2022-12-16,22508.52
2022-12-19,22948.44
2022-12-20,23454.89
2022-12-21,23610.9
2022-12-22,23642.74
2022-12-23,24162.43
2022-12-26,23952.43
2022-12-27,23911.11
2022-12-28,24286.35
2022-12-29,24170.56
2023-01-02,23457.41
2023-01-03,22965.62
2023-01-04,23183.37
2023-01-05,23708.92
2023-01-06,24025.07
2023-01-09,24052.38
2023-01-10,24471.92
2023-01-11,24802.34
2023-01-12,24681.87
2023-01-13,24501.71
2023-01-16,24156.81
2023-01-17,24593.12
2023-01-18,24783.81
2023-01-19,24952.87
2023-01-20,24796.75
2023-01-23,24737.71
2023-01-24,25022.18
2023-01-25,25295.3
2023-01-26,25299.29
2023-01-27,24896.83
2023-01-30,24890.3
2023-01-31,25143.91
2023-02-01,24882.15
2023-02-02,24443.22
2023-02-03,24095.05
2023-02-06,24108.83
2023-02-07,23957.93
2023-02-08,24400.8
2023-02-09,23977.88
2023-02-10,23993.54
2023-02-13,24151.0
2023-02-14,23970.72
2023-02-15,24372.5
2023-02-16,24445.69
2023-02-17,24259.23
2023-02-22,23851.0
2023-02-23,23934.05
2023-02-24,23518.25
2023-02-27,23486.1
2023-02-28,23322.32
2023-03-01,23243.14
2023-03-02,23038.26
2023-03-03,23172.43
2023-03-06,23306.78
2023-03-07,23214.06
2023-03-08,23731.71
2023-03-09,23457.2
2023-03-10,23134.1
2023-03-13,23007.43
2023-03-14,22921.75
2023-03-15,22771.02
2023-03-16,22935.38
2023-03-17,22661.46
2023-03-20,22409.12
2023-03-21,22449.77
2023-03-22,22284.62
2023-03-23,21726.7
2023-03-24,21929.56
2023-03-27,22094.12
2023-03-28,22357.41
2023-03-29,22473.33
2023-03-30,22901.97
2023-03-31,22517.53
2023-04-03,22433.09
2023-04-04,22474.26
2023-04-05,22262.96
2023-04-06,22225.71
2023-04-10,22442.34
2023-04-11,23432.9
2023-04-12,23547.3
2023-04-13,23466.0
2023-04-14,23423.26
2023-04-17,23380.68
2023-04-18,23378.88
2023-04-19,22841.31
2023-04-20,22931.06
2023-04-24,22807.5
2023-04-25,22619.12
2023-04-26,22448.8
2023-04-27,22601.3
2023-04-28,22970.38
2023-05-02,22375.61
2023-05-03,22357.42
2023-05-04,22423.0
2023-05-05,23141.8
2023-05-08,23369.91
2023-05-09,23575.43
2023-05-10,23633.7
2023-05-11,23835.46
2023-05-12,23903.25
2023-05-15,24020.31
2023-05-16,23816.22
2023-05-17,24162.42
2023-05-18,24359.93
2023-05-19,24481.89
2023-05-22,24343.6
2023-05-23,24279.49
2023-05-24,24044.39
2023-05-25,24324.51
2023-05-26,24561.12
2023-05-29,24448.63
2023-05-30,24140.94
2023-05-31,24005.57
2023-06-01,24538.75
2023-06-02,24957.01
2023-06-05,24993.08
2023-06-06,25368.39
2023-06-07,25602.62
2023-06-09,25918.32
2023-06-12,25967.97
2023-06-13,25817.93
2023-06-14,26346.78
2023-06-15,26390.53
2023-06-16,26330.58
2023-06-19,26576.09
2023-06-20,26533.2
2023-06-21,26709.29
2023-06-22,26367.27
2023-06-23,26344.45
2023-06-26,26207.07
2023-06-27,26026.28
2023-06-28,25835.34
2023-06-29,26240.4
2023-06-30,26152.53
2023-07-03,26530.04
2023-07-04,26421.55
2023-07-05,26521.37
2023-07-06,26078.6
2023-07-07,26427.43
2023-07-10,26200.95
2023-07-11,26147.19
2023-07-12,26174.46
2023-07-13,26502.95
2023-07-14,26142.44
2023-07-17,26263.79
2023-07-18,26217.7
2023-07-19,26156.29
2023-07-20,26268.74
2023-07-21,26717.24
2023-07-24,27000.57
2023-07-25,27177.25
2023-07-26,27245.26
2023-07-27,26716.57
2023-07-28,26761.63
2023-07-31,27167.19
2023-08-01,27006.27
2023-08-02,26909.85
2023-08-03,26953.23
2023-08-04,26726.7
2023-08-07,26690.8
2023-08-08,26614.47
2023-08-09,26454.96
2023-08-10,26431.82
2023-08-11,26343.69
2023-08-14,26048.09
2023-08-15,25954.71
2023-08-16,25865.37
2023-08-17,25671.73
2023-08-18,25763.47
2023-08-21,25560.1
2023-08-22,25987.5
2023-08-23,26400.04
2023-08-24,26135.13
2023-08-25,25863.84
2023-08-28,26121.0
2023-08-29,26430.98
2023-08-30,26240.87
2023-08-31,25844.67
2023-09-01,26382.5
2023-09-04,26353.03
2023-09-05,26264.66
2023-09-06,25974.68
2023-09-08,25830.77
2023-09-11,26157.94
2023-09-12,26442.26
2023-09-13,26475.83
2023-09-14,26751.73
2023-09-15,26609.65
2023-09-18,26504.78
2023-09-19,26391.39
2023-09-20,26561.63
2023-09-21,25994.88
2023-09-22,25959.01
2023-09-25,25901.08
2023-09-26,25473.81
2023-09-27,25547.17
2023-09-28,25858.78
2023-09-29,26046.81
2023-10-02,25684.63
2023-10-03,25306.61
2023-10-04,25339.01
2023-10-05,25273.21
2023-10-06,25455.22
2023-10-09,25684.03
2023-10-10,26050.15
2023-10-11,26079.37
2023-10-13,25819.53
2023-10-16,25992.8
2023-10-17,25876.38
2023-10-18,25490.18
2023-10-19,25471.98
2023-10-20,25280.54
2023-10-23,25192.73
2023-10-24,25415.68
2023-10-25,25193.08
2023-10-26,25604.62
2023-10-27,25277.12
2023-10-30,25068.78
2023-10-31,25165.46
2023-11-01,25547.4
2023-11-03,26275.99
2023-11-06,26286.71
2023-11-07,26471.68
2023-11-08,26444.98
2023-11-09,26433.89
2023-11-10,26795.86
2023-11-13,26739.25
2023-11-14,27331.94
2023-11-16,27629.97
2023-11-17,27678.16
2023-11-20,27931.05
2023-11-21,27857.83
2023-11-22,27940.68
2023-11-23,28056.97
2023-11-24,27835.98
2023-11-27,27847.58
2023-11-28,28066.22
2023-11-29,27994.41
2023-11-30,28245.7
2023-12-01,28433.76
2023-12-04,28108.56
2023-12-05,28111.13
2023-12-06,27829.62
2023-12-07,27936.76
2023-12-08,28203.12
2023-12-11,28154.63
2023-12-12,28049.41
2023-12-13,28719.95
2023-12-14,29060.99
2023-12-15,28931.45
2023-12-18,29113.18
2023-12-19,29277.05
2023-12-20,29088.32
2023-12-21,29401.66
2023-12-22,29528.0
2023-12-26,29696.39
2023-12-27,29842.85
2023-12-28,29845.81
2024-01-02,29482.47
2024-01-03,29550.27
2024-01-04,29151.36
2024-01-05,29366.94
2024-01-08,29482.72
2024-01-09,29251.69
2024-01-10,29056.54
2024-01-11,29002.16
2024-01-12,29093.27
2024-01-15,29201.89
2024-01-16,28746.82
2024-01-17,28562.5
2024-01-18,28304.36
2024-01-19,28371.67
2024-01-22,28137.59
2024-01-23,28528.26
2024-01-24,28429.27
2024-01-25,28539.48
2024-01-26,28719.41
2024-01-29,28605.38
2024-01-30,28376.6
2024-01-31,28459.16
2024-02-01,28602.2
2024-02-02,28323.22
2024-02-05,28382.0
2024-02-06,28938.4
2024-02-07,28884.01
2024-02-08,28474.02
2024-02-09,28408.4
2024-02-14,28163.03
2024-02-15,28370.42
2024-02-16,28613.96
2024-02-19,28669.02
2024-02-20,28827.29
2024-02-21,28876.86
2024-02-22,28939.04
2024-02-23,28755.59
2024-02-26,28798.2
2024-02-27,29244.87
2024-02-28,28860.05
2024-02-29,28666.75
2024-03-01,28708.98
2024-03-04,28518.43
2024-03-05,28467.87
2024-03-06,28662.48
2024-03-07,28576.89
2024-03-08,28207.37
2024-03-11,27996.9
2024-03-12,28347.41
2024-03-13,28453.88
2024-03-14,28368.82
2024-03-15,28192.37
2024-03-18,28272.02
2024-03-19,28397.08
2024-03-20,28779.34
2024-03-21,28552.24
2024-03-22,28302.69
2024-03-25,28291.53
2024-03-26,28246.62
2024-03-27,28472.5
2024-03-28,28587.61
2024-04-01,28346.4
2024-04-02,28491.19
2024-04-03,28398.8
2024-04-04,28413.52
2024-04-05,28282.48
2024-04-08,28762.81
2024-04-09,28992.13
2024-04-10,28621.68
2024-04-11,28513.52
2024-04-12,28133.38
2024-04-15,27976.96
2024-04-16,27774.79
2024-04-17,27736.1
2024-04-18,27738.96
2024-04-19,27996.8
2024-04-22,28118.97
2024-04-23,28058.62
2024-04-24,27965.76
2024-04-25,27947.2
2024-04-26,28403.98
2024-04-29,28588.18
2024-04-30,28225.94
2024-05-02,28467.91
2024-05-03,28780.0
2024-05-06,28731.35
2024-05-07,28906.38
2024-05-08,29007.59
2024-05-09,28758.82
2024-05-10,28618.25
2024-05-13,28734.9
2024-05-14,28784.33
2024-05-15,28629.31
2024-05-16,28669.63
2024-05-17,28624.65
2024-05-20,28588.88
2024-05-21,28489.39
2024-05-22,28115.89
2024-05-23,27908.56
2024-05-24,27800.31
2024-05-27,27862.51
2024-05-28,27727.86
2024-05-29,27522.06
2024-05-31,27427.6
2024-06-03,27403.1
2024-06-04,27307.34
2024-06-05,27195.55
2024-06-06,27517.99
2024-06-07,27032.42
2024-06-10,27013.92
2024-06-11,27221.22
2024-06-12,26845.11
2024-06-13,26742.53
2024-06-14,26743.07
2024-06-17,26615.36
2024-06-18,26750.22
2024-06-19,26889.86
2024-06-20,26954.05
2024-06-21,27154.4
2024-06-24,27472.06
2024-06-25,27408.5
2024-06-26,27470.26
2024-06-27,27869.44
2024-06-28,27774.0
2024-07-01,27906.28
2024-07-02,27910.24
2024-07-03,28119.82
2024-07-04,28245.98
2024-07-05,28311.34
2024-07-08,28387.89
2024-07-09,28499.06
2024-07-10,28515.98
2024-07-11,28747.95
2024-07-12,28859.4
2024-07-15,28969.58
2024-07-16,28909.78
2024-07-17,28990.52
2024-07-18,28602.68
2024-07-19,28614.43
2024-07-22,28650.38
2024-07-23,28360.22
2024-07-24,28306.58
2024-07-25,28169.39
2024-07-26,28520.31
2024-07-29,28366.94
2024-07-30,28195.37
2024-07-31,28518.95
2024-08-01,28421.08
2024-08-02,28137.89
2024-08-05,28007.04
2024-08-06,28255.76
2024-08-07,28532.63
2024-08-08,28801.91
2024-08-09,29217.24
2024-08-12,29369.37
2024-08-13,29606.29
2024-08-14,29790.37
2024-08-15,29973.15
2024-08-16,29902.33
2024-08-19,30284.76
2024-08-20,30360.75
2024-08-21,30421.62
2024-08-22,30105.42
2024-08-23,30212.3
2024-08-26,30564.14
2024-08-27,30537.27
2024-08-28,30653.44
2024-08-29,30352.04
2024-08-30,30355.66
2024-09-02,30093.48
2024-09-03,29974.82
2024-09-04,30341.68
2024-09-05,30436.38
2024-09-06,29991.49
2024-09-09,30025.49
2024-09-10,29936.86
2024-09-11,30030.99
2024-09-12,29892.17
2024-09-13,30120.43
2024-09-16,30155.11
2024-09-17,30102.88
2024-09-18,29835.68
2024-09-19,29686.22
2024-09-20,29238.25
2024-09-23,29142.08
2024-09-24,29493.55
2024-09-25,29367.93
2024-09-26,29643.19
2024-09-27,29596.67
2024-09-30,29374.16
2024-10-01,29498.38
2024-10-02,29739.93
2024-10-03,29377.29
2024-10-04,29419.36
2024-10-07,29474.87
2024-10-08,29355.07
2024-10-09,28991.78
2024-10-10,29078.36
2024-10-11,29019.68
2024-10-14,29239.91
2024-10-15,29269.34
2024-10-16,29447.57
2024-10-17,29231.47
2024-10-18,29154.62
2024-10-21,29097.62
2024-10-22,28995.85
2024-10-23,28846.23
2024-10-24,29029.26
2024-10-25,28991.96
2024-10-28,29259.81
2024-10-29,29156.22
2024-10-30,29133.34
2024-10-31,28946.28
2024-11-01,28583.44
2024-11-04,29114.92
2024-11-05,29179.32
2024-11-06,29161.54
2024-11-07,28991.65
2024-11-08,28625.93
2024-11-11,28626.09
2024-11-12,28607.46
2024-11-13,28597.21
2024-11-14,28594.68
2024-11-18,28617.73
2024-11-19,28720.84
2024-11-21,28441.27
2024-11-22,28944.76
2024-11-25,28912.92
2024-11-26,29108.69
2024-11-27,28583.72
2024-11-28,27877.52
2024-11-29,28100.74
2024-12-02,27965.51
2024-12-03,28118.28
2024-12-04,28098.68
2024-12-05,28443.5
2024-12-06,27995.77
2024-12-09,28275.09
2024-12-10,28520.32
2024-12-11,28903.54
2024-12-12,28143.71
2024-12-13,27843.94
2024-12-16,27599.7
2024-12-17,27825.29
2024-12-18,26924.63
2024-12-19,27005.6
2024-12-20,27182.5
2024-12-23,26886.81
2024-12-26,26951.57
2024-12-27,26781.24
2024-12-30,26803.79
2025-01-02,26773.15
2025-01-03,26443.12
2025-01-06,26774.0
2025-01-07,27032.94
2025-01-08,26687.96
2025-01-09,26722.83
2025-01-10,26533.3
2025-01-13,26557.0
2025-01-14,26640.35
2025-01-15,27386.93
2025-01-16,27089.13
2025-01-17,27322.87
2025-01-20,27437.76
2025-01-21,27527.56
2025-01-22,27478.2
2025-01-23,27349.41
2025-01-24,27363.82
2025-01-27,27856.33
2025-01-28,27682.31
2025-01-29,27567.32
2025-01-30,28358.23
2025-01-31,28188.94
2025-02-03,28121.52
2025-02-04,27956.16
2025-02-05,28029.25
2025-02-06,28210.09
2025-02-07,27846.15
2025-02-10,28044.48
2025-02-11,28245.47
2025-02-12,27746.02
2025-02-13,27835.46
2025-02-14,28611.26
2025-02-17,28684.45
2025-02-18,28693.23
2025-02-19,28424.19
2025-02-20,28508.26
2025-02-21,28404.75
2025-02-24,28003.74
2025-02-25,28097.95
2025-02-26,27779.52
2025-02-27,27720.27
2025-02-28,27240.6
2025-03-05,27219.6
2025-03-06,27275.19
2025-03-07,27658.8
2025-03-10,27525.82
2025-03-11,27306.61
2025-03-12,27383.18
2025-03-13,27733.0
2025-03-14,28494.4
2025-03-17,28922.51
2025-03-18,29063.34
2025-03-19,29269.28
2025-03-20,29142.83
2025-03-21,29248.92
2025-03-24,29019.91
2025-03-25,29204.33
2025-03-26,29320.9
2025-03-27,29476.16
2025-03-28,29206.4
2025-03-31,28821.51
2025-04-01,29028.69
2025-04-02,29051.06
2025-04-03,29010.52
2025-04-04,28112.01
2025-04-07,27730.54
2025-04-08,27319.64
2025-04-09,28174.78
2025-04-10,27807.31
2025-04-11,28156.09
2025-04-14,28528.57
2025-04-15,28514.79
2025-04-16,28317.64
2025-04-17,28598.88
2025-04-22,28790.76
2025-04-23,29171.94
2025-04-24,29689.82
2025-04-25,29741.86
2025-04-28,29785.37
2025-04-29,29760.64
2025-04-30,29705.01
2025-05-02,29748.31
2025-05-05,29395.53
2025-05-06,29382.27
2025-05-07,29359.64
2025-05-08,30016.79
2025-05-09,30105.99
2025-05-12,30131.82
2025-05-13,30692.25
2025-05-14,30576.1
2025-05-15,30830.37
2025-05-16,30812.35
2025-05-19,30913.09
2025-05-20,31045.59
2025-05-21,30534.68
2025-05-22,30402.68
2025-05-23,30515.98
2025-05-26,30587.66
2025-05-27,30926.57
2025-05-28,30810.52
2025-05-29,30736.08
2025-05-30,30399.36
2025-06-02,30353.42
2025-06-03,30549.84
2025-06-04,30411.49
2025-06-05,30243.8
2025-06-06,30190.78
2025-06-09,30106.91
2025-06-10,30293.64
2025-06-11,30449.58
2025-06-12,30622.13
2025-06-13,30502.5
2025-06-16,30968.27
2025-06-17,30908.19
2025-06-18,30902.66
2025-06-20,30544.06
2025-06-23,30387.07
2025-06-24,30550.36
2025-06-25,30275.49
2025-06-26,30559.4
2025-06-27,30511.53
2025-06-30,30952.63
2025-07-01,31088.48
2025-07-02,30927.58
2025-07-03,31365.59
2025-07-04,31435.97
2025-07-07,31070.72
2025-07-08,31049.16
2025-07-09,30630.28
2025-07-10,30444.94
2025-07-11,30305.58
2025-07-14,30116.85
2025-07-15,30098.9
2025-07-16,30127.73
2025-07-17,30171.56
2025-07-18,29652.72
2025-07-21,29805.08
2025-07-22,29785.55
2025-07-23,30088.46
2025-07-24,29736.37
2025-07-25,29697.46
2025-07-28,29393.19
2025-07-29,29536.87
2025-07-30,29835.32
2025-07-31,29671.42
2025-08-01,29550.51
2025-08-04,29663.19
2025-08-05,29730.6
2025-08-06,30014.28
2025-08-07,30349.68
2025-08-08,30118.45
2025-08-11,30017.74
2025-08-12,30560.29
2025-08-13,30290.62
2025-08-14,30251.17
2025-08-15,30263.77
2025-08-18,30491.71
2025-08-19,29812.35
2025-08-20,29832.76
2025-08-21,29782.59
2025-08-22,30582.98
2025-08-25,30575.78
2025-08-26,30514.18
2025-08-27,30856.54
2025-08-28,31264.44
2025-08-29,31326.81
2025-09-01,31296.43
2025-09-02,31088.96
2025-09-03,31009.9
2025-09-04,31253.74
2025-09-05,31613.09
2025-09-08,31427.97
2025-09-09,31377.11
2025-09-10,31556.07
2025-09-11,31717.32
2025-09-12,31521.84
2025-09-15,31773.6
2025-09-16,31874.23
2025-09-17,32200.99
2025-09-18,32192.27
2025-09-19,32236.53
2025-09-22,32081.62
2025-09-23,32357.97
2025-09-24,32363.14
2025-09-25,32061.18
2025-09-26,32097.77
2025-09-29,32243.61
2025-09-30,32227.37
2025-10-01,32047.9
2025-10-02,31658.42
2025-10-03,31719.26
2025-10-06,31556.85
2025-10-07,31065.84
2025-10-08,31204.44
2025-10-09,31105.55
2025-10-10,30870.92
2025-10-13,31117.79
2025-10-14,31092.35
2025-10-15,31279.18
2025-10-16,31166.97
2025-10-17,31388.36
2025-10-20,31642.63
2025-10-21,31546.22
2025-10-22,31767.66
2025-10-23,31965.07
2025-10-24,32073.92
2025-10-27,32240.41
2025-10-28,32332.56
2025-10-29,32594.11
2025-10-30,32577.53
2025-10-31,32771.82
2025-11-03,32948.97
2025-11-04,32975.63
2025-11-05,33545.45
2025-11-06,33541.11
2025-11-07,33711.08
2025-11-10,33958.25
2025-11-11,34470.96
2025-11-12,34397.09
2025-11-13,34292.52
2025-11-14,34421.95
2025-11-17,34218.89
2025-11-18,34094.55
2025-11-19,33872.93
2025-11-21,33700.08
2025-11-24,33802.62
2025-11-25,33924.0
2025-11-26,34508.82
2025-11-27,34501.07
2025-11-28,34695.64
2025-12-01,34593.58
2025-12-02,35150.08
2025-12-03,35267.13
2025-12-04,35846.93
2025-12-05,34288.78
2025-12-08,34456.45
2025-12-09,34375.14
2025-12-10,34655.75
2025-12-11,34710.99
2025-12-12,35029.38
2025-12-15,35364.62
2025-12-16,34514.76
2025-12-17,34250.02
2025-12-18,34406.44
2025-12-19,34520.04
2025-12-22,34446.28
2025-12-23,34950.99
2025-12-26,35026.78
2025-12-29,34933.74
2025-12-30,35095.06
2026-01-02,34972.59
2026-01-05,35259.09
2026-01-06,35688.31
2026-01-07,35321.01
2026-01-08,35549.3
2026-01-09,35632.83
2026-01-12,35582.87
2026-01-13,35328.23
2026-01-14,36014.62
2026-01-15,36115.18
2026-01-16,35934.81
2026-01-19,35940.04
2026-01-20,36258.18
2026-01-21,37479.58
2026-01-22,38286.12
2026-01-23,38993.71
2026-01-26,38963.88
2026-01-27,39679.61
2026-01-28,40287.29
2026-01-29,39953.39
2026-01-30,39562.05
2026-02-02,39855.01
2026-02-03,40467.03
2026-02-04,39604.69
2026-02-05,39656.53
2026-02-06,39841.86
2026-02-09,40567.91
2026-02-10,40492.98
2026-02-11,41318.05
2026-02-12,40818.42
2026-02-13,40552.39
2026-02-18,40472.43
2026-02-19,41030.28
2026-02-20,41505.61
2026-02-23,41111.89
2026-02-24,41667.46
2026-02-25,41635.61
2026-02-26,41582.32
2026-02-27,41091.5
2026-03-02,41232.96
2026-03-03,39860.92
2026-03-04,40351.61
2026-03-05,39282.61
2026-03-06,39028.5
2026-03-09,39356.42
2026-03-10,39919.84
2026-03-11,40043.06
2026-03-12,39032.85
2026-03-13,38648.52
2026-03-16,39136.13
2026-03-17,39246.1
2026-03-18,39097.2
2026-03-19,39221.46
2026-03-20,38335.55
