Date,Close
2000-01-03,989.54
2000-01-04,952.05
2000-01-05,970.62
2000-01-06,974.73
2000-01-07,989.16
2000-01-10,1022.44
2000-01-11,1005.22
2000-01-12,1001.24
2000-01-13,997.08
2000-01-14,1000.77
2000-01-17,1020.32
2000-01-18,1019.81
2000-01-19,1006.1
2000-01-20,995.5
2000-01-21,990.89
2000-01-24,992.0
2000-01-26,987.81
2000-01-27,994.84
2000-01-28,976.4
2000-01-31,957.34
2000-02-01,958.02
2000-02-02,957.04
2000-02-03,973.31
2000-02-04,993.5
2000-02-07,1011.92
2000-02-08,1030.77
2000-02-09,1016.63
2000-02-10,1027.6
2000-02-11,1014.63
2000-02-14,998.09
2000-02-15,987.26
2000-02-16,1005.87
2000-02-17,1010.74
2000-02-18,995.19
2000-02-21,1012.9
2000-02-22,996.42
2000-02-23,995.74
2000-02-24,988.13
2000-02-25,983.17
2000-02-28,979.25
2000-02-29,993.11
2000-03-01,999.5
2000-03-02,989.45
2000-03-03,1008.85
2000-03-08,996.24
2000-03-09,997.75
2000-03-10,988.88
2000-03-13,954.77
2000-03-14,941.0
2000-03-15,941.19
2000-03-16,960.24
2000-03-17,958.27
2000-03-20,958.48
2000-03-21,986.11
2000-03-22,994.84
2000-03-23,1002.45
2000-03-24,1020.85
2000-03-27,1034.88
2000-03-28,1014.11
2000-03-29,1000.08
2000-03-30,995.55
2000-03-31,1007.81
2000-04-03,
2000-04-04,
2000-04-05,
2000-04-06,
2000-04-07,
2000-04-10,
2000-04-11,
2000-04-12,
2000-04-13,
2000-04-14,
2000-04-17,
2000-04-18,
2000-04-19,
2000-04-20,
2000-04-24,
2000-04-25,
2000-04-26,
2000-04-27,
2000-04-28,
2000-05-02,
2000-05-03,
2000-05-04,
2000-05-05,
2000-05-08,
2000-05-09,
2000-05-10,
2000-05-11,
2000-05-12,
2000-05-15,
2000-05-16,
2000-05-17,
2000-05-18,
2000-05-19,
2000-05-22,
2000-05-23,
2000-05-24,
2000-05-25,
2000-05-26,
2000-05-29,
2000-05-30,
2000-05-31,
2000-06-01,
2000-06-02,
2000-06-05,
2000-06-06,
2000-06-07,
2000-06-08,
2000-06-09,
2000-06-12,
2000-06-13,
2000-06-14,
2000-06-15,
2000-06-16,
2000-06-19,
2000-06-20,
2000-06-21,
2000-06-23,
2000-06-26,
2000-06-27,
2000-06-28,
2000-06-29,
2000-06-30,
2000-07-03,985.08
2000-07-04,1000.18
2000-07-05,999.06
2000-07-06,1018.28
2000-07-07,1038.1
2000-07-10,1032.3
2000-07-11,1005.79
2000-07-12,1019.31
2000-07-13,983.67
2000-07-14,1005.88
2000-07-17,1029.82
2000-07-18,1027.47
2000-07-19,993.1
2000-07-20,1014.71
2000-07-21,1020.95
2000-07-24,1022.27
2000-07-25,1011.67
2000-07-26,1021.18
2000-07-27,1014.24
2000-07-28,991.34
2000-07-31,988.08
2000-08-01,985.39
2000-08-02,981.54
2000-08-03,997.79
2000-08-04,1002.97
2000-08-07,1013.09
2000-08-08,1009.99
2000-08-09,1006.8
2000-08-10,1005.58
2000-08-11,1027.59
2000-08-14,1052.27
2000-08-15,1048.09
2000-08-16,1025.39
2000-08-17,1051.27
2000-08-18,1033.74
2000-08-21,1020.73
2000-08-22,1029.6
2000-08-23,1035.34
2000-08-24,1031.95
2000-08-25,1047.95
2000-08-28,1045.04
2000-08-29,1047.19
2000-08-30,1056.34
2000-08-31,1056.5
2000-09-01,1074.89
2000-09-04,1082.44
2000-09-05,1071.63
2000-09-06,1075.88
2000-09-08,1068.37
2000-09-11,1059.28
2000-09-12,1041.07
2000-09-13,1050.11
2000-09-14,1036.15
2000-09-15,1028.81
2000-09-18,989.62
2000-09-19,1003.0
2000-09-20,992.41
2000-09-21,999.24
2000-09-22,1015.0
2000-09-25,1013.72
2000-09-26,1003.55
2000-09-27,980.19
2000-09-28,990.14
2000-09-29,985.18
2000-10-02,965.55
2000-10-03,963.0
2000-10-04,974.96
2000-10-05,1006.31
2000-10-06,982.44
2000-10-09,983.52
2000-10-10,973.59
2000-10-11,961.81
2000-10-13,948.08
2000-10-16,943.73
2000-10-17,922.63
2000-10-18,890.97
2000-10-19,918.61
2000-10-20,899.72
2000-10-23,873.07
2000-10-24,860.83
2000-10-25,855.68
2000-10-26,882.44
2000-10-27,910.43
2000-10-30,922.57
2000-10-31,925.83
2000-11-01,
2000-11-03,
2000-11-06,
2000-11-07,
2000-11-08,
2000-11-09,
2000-11-10,
2000-11-13,
2000-11-14,
2000-11-16,
2000-11-17,
2000-11-20,
2000-11-21,
2000-11-22,
2000-11-23,
2000-11-24,
2000-11-27,
2000-11-28,
2000-11-29,
2000-11-30,
2000-12-01,
2000-12-04,
2000-12-05,
2000-12-06,
2000-12-07,
2000-12-08,
2000-12-11,
2000-12-12,
2000-12-13,
2000-12-14,
2000-12-15,
2000-12-18,
2000-12-19,
2000-12-20,
2000-12-21,
2000-12-22,
2000-12-26,
2000-12-27,
2000-12-28,
2001-01-02,964.67
2001-01-03,1021.49
2001-01-04,1018.19
2001-01-05,1018.71
2001-01-08,1025.44
2001-01-09,1052.09
2001-01-10,1053.24
2001-01-11,1050.76
2001-01-12,1041.44
2001-01-15,1049.23
2001-01-16,1039.5
2001-01-17,1056.68
2001-01-18,1078.41
2001-01-19,1088.82
2001-01-22,1080.58
2001-01-23,1108.21
2001-01-24,1111.37
2001-01-26,1118.66
2001-01-29,1120.23
2001-01-30,1112.89
2001-01-31,1109.18
2001-02-01,1082.52
2001-02-02,1074.44
2001-02-05,1064.74
2001-02-06,1086.85
2001-02-07,1077.45
2001-02-08,1098.29
2001-02-09,1087.69
2001-02-12,1078.85
2001-02-13,1078.76
2001-02-14,1077.49
2001-02-15,1071.44
2001-02-16,1034.33
2001-02-19,1025.74
2001-02-20,1018.29
2001-02-21,1008.48
2001-02-22,1024.19
2001-02-23,1033.53
2001-02-28,1025.62
2001-03-01,1059.17
2001-03-02,1069.15
2001-03-05,1069.24
2001-03-06,1060.01
2001-03-07,1076.17
2001-03-08,1063.22
2001-03-09,1056.03
2001-03-12,1018.84
2001-03-13,1024.58
2001-03-14,1007.56
2001-03-15,993.28
2001-03-16,996.36
2001-03-19,974.51
2001-03-20,982.3
2001-03-21,972.21
2001-03-22,935.25
2001-03-23,956.57
2001-03-26,967.26
2001-03-27,977.68
2001-03-28,968.24
2001-03-29,954.88
2001-03-30,966.48
2001-04-02,944.3
2001-04-03,931.41
2001-04-04,926.42
2001-04-05,948.98
2001-04-06,952.84
2001-04-09,959.78
2001-04-10,987.79
2001-04-11,989.28
2001-04-12,995.51
2001-04-16,975.69
2001-04-17,974.63
2001-04-18,991.08
2001-04-19,965.29
2001-04-20,918.69
2001-04-23,945.31
2001-04-24,949.08
2001-04-25,958.55
2001-04-26,997.29
2001-04-27,1005.66
2001-04-30,993.2
2001-05-02,991.42
2001-05-03,1011.93
2001-05-04,1016.34
2001-05-07,1006.71
2001-05-08,1003.87
2001-05-09,1005.01
2001-05-10,1006.81
2001-05-11,977.33
2001-05-14,945.14
2001-05-15,955.35
2001-05-16,979.5
2001-05-17,981.03
2001-05-18,987.75
2001-05-21,993.67
2001-05-22,980.35
2001-05-23,972.22
2001-05-24,969.38
2001-05-25,954.6
2001-05-28,950.15
2001-05-29,963.92
2001-05-30,968.63
2001-05-31,979.97
2001-06-01,988.22
2001-06-04,1002.43
2001-06-05,1028.88
2001-06-06,1034.4
2001-06-07,1047.73
2001-06-08,1051.66
2001-06-11,1035.31
2001-06-12,1030.65
2001-06-13,1061.53
2001-06-15,1041.53
2001-06-18,1000.02
2001-06-19,1001.98
2001-06-20,1009.19
2001-06-21,1026.92
2001-06-22,1033.81
2001-06-25,1027.47
2001-06-26,1023.35
2001-06-27,1025.65
2001-06-28,1034.48
2001-06-29,1041.19
2001-07-02,1042.32
2001-07-03,1026.77
2001-07-04,1007.91
2001-07-05,1007.34
2001-07-06,995.59
2001-07-10,966.14
2001-07-11,979.1
2001-07-12,982.6
2001-07-13,993.37
2001-07-16,983.28
2001-07-17,1004.7
2001-07-18,981.99
2001-07-19,978.91
2001-07-20,990.89
2001-07-23,996.23
2001-07-24,978.57
2001-07-25,992.07
2001-07-26,983.15
2001-07-27,991.43
2001-07-30,974.76
2001-07-31,980.52
2001-08-01,978.35
2001-08-02,990.53
2001-08-03,989.97
2001-08-06,998.79
2001-08-07,1000.06
2001-08-08,1001.45
2001-08-09,1006.27
2001-08-10,1008.9
2001-08-13,998.05
2001-08-14,1006.14
2001-08-15,1003.1
2001-08-16,994.25
2001-08-17,965.79
2001-08-20,968.38
2001-08-21,953.68
2001-08-22,955.74
2001-08-23,945.73
2001-08-24,954.28
2001-08-27,950.39
2001-08-28,954.23
2001-08-29,966.72
2001-08-30,955.55
2001-08-31,957.93
2001-09-03,
2001-09-04,
2001-09-05,
2001-09-06,
2001-09-10,
2001-09-11,
2001-09-12,
2001-09-13,
2001-09-14,
2001-09-17,
2001-09-18,
2001-09-19,
2001-09-20,
2001-09-21,
2001-09-24,
2001-09-25,
2001-09-26,
2001-09-27,
2001-09-28,
2001-10-01,
2001-10-02,
2001-10-03,
2001-10-04,
2001-10-05,
2001-10-08,
2001-10-09,
2001-10-10,
2001-10-11,
2001-10-15,
2001-10-16,
2001-10-17,
2001-10-18,
2001-10-19,
2001-10-22,
2001-10-23,
2001-10-24,
2001-10-25,
2001-10-26,
2001-10-29,
2001-10-30,
2001-10-31,
2001-11-01,860.55
2001-11-05,902.39
2001-11-06,928.39
2001-11-07,941.12
2001-11-08,935.4
2001-11-09,948.71
2001-11-12,941.11
2001-11-13,963.57
2001-11-14,972.92
2001-11-16,976.91
2001-11-19,995.36
2001-11-20,975.05
2001-11-21,988.96
2001-11-22,1003.57
2001-11-23,1030.48
2001-11-26,1059.29
2001-11-27,1040.78
2001-11-28,999.1
2001-11-29,975.07
2001-11-30,988.57
2001-12-03,1015.89
2001-12-04,1000.74
2001-12-05,1028.03
2001-12-06,1040.04
2001-12-07,1029.36
2001-12-10,1042.1
2001-12-11,1034.74
2001-12-12,1054.83
2001-12-13,1027.5
2001-12-14,1015.65
2001-12-17,1016.39
2001-12-18,1043.09
2001-12-19,1030.19
2001-12-20,1009.41
2001-12-21,1036.32
2001-12-26,1034.52
2001-12-27,1056.29
2001-12-28,1039.31
2002-01-02,1062.33
2002-01-03,1101.25
2002-01-04,1108.42
2002-01-07,1104.56
2002-01-08,1097.94
2002-01-09,1099.7
2002-01-10,1070.6
2002-01-11,1075.63
2002-01-14,1043.3
2002-01-15,1036.22
2002-01-16,1039.22
2002-01-17,1056.8
2002-01-18,1059.48
2002-01-21,1047.92
2002-01-22,1038.95
2002-01-23,1057.58
2002-01-24,1054.22
2002-01-28,1042.86
2002-01-29,1012.87
2002-01-30,1016.25
2002-01-31,1030.3
2002-02-01,1027.71
2002-02-04,1020.91
2002-02-05,1034.93
2002-02-06,1037.89
2002-02-07,1036.3
2002-02-08,1036.01
2002-02-13,1053.49
2002-02-14,1079.24
2002-02-15,1083.46
2002-02-18,1079.76
2002-02-19,1062.45
2002-02-20,1081.27
2002-02-21,1096.84
2002-02-22,1097.52
2002-02-25,1119.09
2002-02-26,1114.54
2002-02-27,1133.62
2002-02-28,1119.88
2002-03-01,1146.87
2002-03-04,1151.97
2002-03-05,1124.02
2002-03-06,1131.64
2002-03-07,1123.18
2002-03-08,1142.2
2002-03-11,1124.18
2002-03-12,1160.55
2002-03-13,1171.84
2002-03-14,1163.64
2002-03-15,1178.98
2002-03-18,1171.63
2002-03-19,1166.92
2002-03-20,1164.56
2002-03-21,1135.94
2002-03-22,1106.36
2002-03-25,1108.09
2002-03-26,1130.98
2002-03-27,1117.16
2002-03-28,1108.51
2002-04-01,1123.32
2002-04-02,1110.13
2002-04-03,1100.84
2002-04-04,1125.16
2002-04-05,1117.59
2002-04-08,1111.4
2002-04-09,1123.92
2002-04-10,1145.22
2002-04-11,1139.64
2002-04-12,1174.27
2002-04-15,1159.19
2002-04-16,1180.1
2002-04-17,1194.72
2002-04-18,1178.08
2002-04-19,1170.3
2002-04-22,1154.23
2002-04-23,1159.95
2002-04-24,1178.57
2002-04-25,1172.53
2002-04-26,1162.83
2002-04-29,1163.68
2002-04-30,1164.37
2002-05-02,1132.87
2002-05-03,1134.92
2002-05-06,1122.55
2002-05-07,1112.17
2002-05-08,1138.56
2002-05-09,1097.9
2002-05-10,1103.42
2002-05-13,1093.28
2002-05-14,1115.36
2002-05-15,1130.89
2002-05-16,1145.76
2002-05-17,1145.65
2002-05-20,1140.55
2002-05-21,1138.3
2002-05-22,1123.44
2002-05-23,1133.32
2002-05-24,1139.07
2002-05-27,1140.67
2002-05-28,1141.12
2002-05-29,1157.02
2002-05-31,1142.95
2002-06-03,1133.68
2002-06-04,1130.16
2002-06-05,1131.16
2002-06-06,1095.64
2002-06-07,1104.86
2002-06-10,1130.3
2002-06-11,1112.64
2002-06-12,1116.65
2002-06-13,1104.67
2002-06-14,1084.65
2002-06-17,1107.04
2002-06-18,1097.93
2002-06-19,1079.46
2002-06-20,1025.76
2002-06-21,994.63
2002-06-24,1015.6
2002-06-25,1020.62
2002-06-26,1021.5
2002-06-27,1056.97
2002-06-28,1086.46
2002-07-01,1073.45
2002-07-02,1079.61
2002-07-03,1060.34
2002-07-04,1065.92
2002-07-05,1053.24
2002-07-08,1066.35
2002-07-10,1055.2
2002-07-11,1070.98
2002-07-12,1081.74
2002-07-15,1060.6
2002-07-16,1061.41
2002-07-17,1090.8
2002-07-18,1101.89
2002-07-19,1079.7
2002-07-22,1028.09
2002-07-23,1010.28
2002-07-24,1020.11
2002-07-25,1004.8
2002-07-26,971.31
2002-07-29,982.35
2002-07-30,984.16
2002-07-31,1035.58
2002-08-01,1017.01
2002-08-02,1023.72
2002-08-05,1000.23
2002-08-06,1022.36
2002-08-07,1031.11
2002-08-08,1064.79
2002-08-09,1034.54
2002-08-12,1017.78
2002-08-13,996.65
2002-08-14,973.77
2002-08-15,959.8
2002-08-16,996.15
2002-08-19,995.53
2002-08-20,983.54
2002-08-21,1002.73
2002-08-22,1023.11
2002-08-23,1015.26
2002-08-26,1041.68
2002-08-27,1064.6
2002-08-28,1054.31
2002-08-29,1059.72
2002-08-30,1042.5
2002-09-02,1040.94
2002-09-03,1032.37
2002-09-04,1030.47
2002-09-05,1012.74
2002-09-06,1012.2
2002-09-09,1027.98
2002-09-10,1028.16
2002-09-11,1043.42
2002-09-12,1044.0
2002-09-13,1045.04
2002-09-16,1023.01
2002-09-17,1017.08
2002-09-18,1006.15
2002-09-19,998.16
2002-09-20,1007.54
2002-09-23,991.32
2002-09-24,996.82
2002-09-25,1005.12
2002-09-26,1010.51
2002-09-27,984.79
2002-09-30,966.92
2002-10-01,990.59
2002-10-02,970.9
2002-10-03,1005.0
2002-10-04,1008.17
2002-10-07,981.05
2002-10-08,984.13
2002-10-09,975.97
2002-10-10,1004.42
2002-10-11,1001.98
2002-10-14,970.26
2002-10-15,980.2
2002-10-16,968.97
2002-10-17,1005.09
2002-10-18,1010.34
2002-10-21,1024.47
2002-10-22,1039.21
2002-10-23,1086.64
2002-10-24,1078.86
2002-10-25,1103.09
2002-10-28,1073.95
2002-10-29,1070.08
2002-10-30,1106.69
2002-10-31,1112.8
2002-11-01,1103.77
2002-11-04,1086.84
2002-11-05,1084.57
2002-11-06,1080.83
2002-11-07,1083.92
2002-11-08,1086.42
2002-11-11,1081.78
2002-11-12,1068.27
2002-11-13,1069.66
2002-11-14,1072.57
2002-11-18,1071.2
2002-11-19,1056.95
2002-11-20,1059.88
2002-11-21,1080.38
2002-11-22,1086.91
2002-11-25,1078.81
2002-11-26,1070.25
2002-11-27,1074.82
2002-11-28,1076.89
2002-11-29,1108.56
2002-12-02,1115.44
2002-12-03,1108.13
2002-12-04,1104.51
2002-12-05,1092.07
2002-12-06,1103.74
2002-12-09,1077.86
2002-12-10,1088.24
2002-12-11,1110.54
2002-12-12,1110.14
2002-12-13,1108.47
2002-12-16,1118.51
2002-12-17,1120.69
2002-12-18,1131.61
2002-12-19,1137.65
2002-12-20,1154.0
2002-12-23,1146.5
2002-12-26,1148.41
2002-12-27,1146.65
2002-12-30,1163.71
2003-01-02,1177.1
2003-01-03,1169.12
2003-01-06,1187.6
2003-01-07,1175.16
2003-01-08,1173.61
2003-01-09,1178.68
2003-01-10,1190.76
2003-01-13,1183.42
2003-01-14,1185.37
2003-01-15,1176.94
2003-01-16,1176.57
2003-01-17,1159.6
2003-01-20,1158.97
2003-01-21,1154.02
2003-01-22,1142.64
2003-01-23,1143.87
2003-01-24,1117.29
2003-01-27,1100.66
2003-01-28,1098.07
2003-01-29,1115.9
2003-01-30,1109.36
2003-01-31,1129.16
2003-02-03,1124.87
2003-02-04,1104.32
2003-02-05,1113.2
2003-02-06,1118.99
2003-02-07,1101.58
2003-02-10,1108.97
2003-02-11,1112.24
2003-02-12,1117.16
2003-02-13,1076.94
2003-02-14,1066.23
2003-02-17,1076.55
2003-02-18,1100.45
2003-02-19,1091.44
2003-02-20,1093.86
2003-02-21,1095.9
2003-02-24,1088.18
2003-02-25,1082.09
2003-02-26,1068.7
2003-02-27,1086.36
2003-02-28,1100.99
2003-03-05,1096.31
2003-03-06,1115.57
2003-03-07,1117.01
2003-03-10,1079.09
2003-03-11,1073.69
2003-03-12,1082.89
2003-03-13,1102.47
2003-03-14,1118.67
2003-03-17,1123.51
2003-03-18,1138.24
2003-03-19,1128.3
2003-03-20,1143.35
2003-03-21,1162.59
2003-03-24,1135.82
2003-03-25,1145.29
2003-03-26,1148.45
2003-03-27,1147.55
2003-03-28,1160.25
2003-03-31,1152.28
2003-04-01,1170.11
2003-04-02,1184.09
2003-04-03,1195.68
2003-04-04,1194.84
2003-04-07,1193.37
2003-04-08,1180.28
2003-04-09,1181.81
2003-04-10,1181.11
2003-04-11,1190.62
2003-04-14,1202.97
2003-04-15,1213.04
2003-04-16,1215.8
2003-04-17,1233.95
2003-04-22,1228.13
2003-04-23,1216.38
2003-04-24,1201.29
2003-04-25,1201.73
2003-04-28,1219.37
2003-04-29,1232.64
2003-04-30,1232.32
2003-05-02,1260.31
2003-05-05,1259.72
2003-05-06,1247.16
2003-05-07,1268.23
2003-05-08,1266.38
2003-05-09,1288.28
2003-05-12,1296.63
2003-05-13,1297.69
2003-05-14,1294.5
2003-05-15,1272.8
2003-05-16,1278.23
2003-05-19,1249.34
2003-05-20,1249.42
2003-05-21,1260.56
2003-05-22,1261.92
2003-05-23,1260.51
2003-05-26,1240.53
2003-05-27,1269.81
2003-05-28,1283.09
2003-05-29,1296.31
2003-05-30,1300.08
2003-06-02,1296.0
2003-06-03,1299.05
2003-06-04,1331.32
2003-06-05,1342.57
2003-06-06,1360.59
2003-06-09,1352.0
2003-06-10,1364.28
2003-06-11,1358.41
2003-06-12,1378.37
2003-06-13,1374.43
2003-06-16,1385.39
2003-06-17,1385.08
2003-06-18,1363.63
2003-06-20,1342.25
2003-06-23,1332.36
2003-06-24,1339.17
2003-06-25,1338.37
2003-06-26,1356.94
2003-06-27,1353.49
2003-06-30,1346.44
2003-07-01,1366.23
2003-07-02,1364.2
2003-07-03,1352.99
2003-07-04,1362.45
2003-07-07,1382.22
2003-07-08,1405.7
2003-07-10,1403.12
2003-07-11,1397.34
2003-07-14,1415.59
2003-07-15,1406.2
2003-07-16,1394.86
2003-07-17,1398.82
2003-07-18,1412.06
2003-07-21,1407.05
2003-07-22,1421.41
2003-07-23,1421.36
2003-07-24,1423.87
2003-07-25,1429.64
2003-07-28,1423.73
2003-07-29,1415.93
2003-07-30,1410.15
2003-07-31,1421.91
2003-08-01,1393.73
2003-08-04,1377.73
2003-08-05,1382.13
2003-08-06,1379.02
2003-08-07,1414.95
2003-08-08,1425.78
2003-08-11,1436.56
2003-08-12,1447.0
2003-08-13,1470.6
2003-08-14,1477.31
2003-08-15,1484.64
2003-08-18,1503.84
2003-08-19,1506.81
2003-08-20,1537.99
2003-08-21,1561.82
2003-08-22,1563.26
2003-08-25,1563.22
2003-08-26,1601.69
2003-08-27,1620.88
2003-08-28,1609.2
2003-08-29,1630.66
2003-09-01,1640.0
2003-09-02,1661.3
2003-09-03,1693.32
2003-09-04,1690.89
2003-09-05,1700.88
2003-09-08,1698.91
2003-09-09,1653.0
2003-09-10,1656.31
2003-09-11,1681.65
2003-09-12,1684.75
2003-09-15,1661.72
2003-09-16,1667.63
2003-09-17,1693.83
2003-09-18,1726.27
2003-09-19,1716.43
2003-09-22,1685.93
2003-09-23,1680.75
2003-09-24,1649.05
2003-09-25,1631.4
2003-09-26,1626.83
2003-09-29,1652.86
2003-09-30,1652.37
2003-10-01,1719.0
2003-10-02,1732.92
2003-10-03,1756.73
2003-10-06,1770.94
2003-10-07,1793.42
2003-10-08,1807.88
2003-10-09,1782.93
2003-10-10,1781.24
2003-10-13,1811.92
2003-10-14,1813.39
2003-10-15,1808.77
2003-10-16,1810.58
2003-10-17,1802.93
2003-10-20,1827.99
2003-10-21,1827.82
2003-10-22,1810.99
2003-10-23,1766.25
2003-10-24,1781.48
2003-10-27,1780.94
2003-10-28,1799.71
2003-10-29,1783.73
2003-10-30,1801.93
2003-10-31,1801.78
2003-11-03,1836.37
2003-11-04,1848.05
2003-11-05,1832.93
2003-11-06,1839.84
2003-11-07,1853.11
2003-11-10,1841.3
2003-11-11,1834.72
2003-11-12,1864.2
2003-11-13,1858.9
2003-11-14,1882.53
2003-11-17,1860.2
2003-11-18,1873.07
2003-11-19,1865.6
2003-11-20,1880.8
2003-11-21,1883.73
2003-11-24,1916.34
2003-11-25,1935.59
2003-11-26,1940.65
2003-11-27,1964.61
2003-11-28,2005.28
2003-12-01,2044.34
2003-12-02,2053.5
2003-12-03,2067.98
2003-12-04,2052.59
2003-12-05,2082.24
2003-12-08,2105.38
2003-12-09,2127.75
2003-12-10,2093.37
2003-12-11,2118.6
2003-12-12,2102.02
2003-12-15,2083.92
2003-12-16,2083.62
2003-12-17,2121.11
2003-12-18,2169.93
2003-12-19,2195.14
2003-12-22,2229.88
2003-12-23,2228.25
2003-12-26,2241.3
2003-12-29,2271.81
2003-12-30,2295.15
2004-01-02,2325.31
2004-01-05,2444.66
2004-01-06,2445.21
2004-01-07,2436.66
2004-01-08,2473.9
2004-01-09,2506.82
2004-01-12,2545.9
2004-01-13,2501.85
2004-01-14,2452.65
2004-01-15,2418.8
2004-01-16,2439.04
2004-01-19,2463.72
2004-01-20,2468.87
2004-01-21,2435.82
2004-01-22,2405.23
2004-01-23,2455.84
2004-01-26,2521.61
2004-01-27,2532.16
2004-01-28,2490.09
2004-01-29,2336.82
2004-01-30,2307.11
2004-02-02,2296.33
2004-02-03,2337.1
2004-02-04,2278.49
2004-02-05,2233.11
2004-02-06,2301.34
2004-02-09,2316.44
2004-02-10,2313.5
2004-02-11,2405.31
2004-02-12,2393.31
2004-02-13,2359.21
2004-02-16,2329.77
2004-02-17,2377.14
2004-02-18,2362.24
2004-02-19,2278.57
2004-02-20,2291.18
2004-02-25,2319.79
2004-02-26,2298.56
2004-02-27,2350.49
2004-03-01,2410.78
2004-03-02,2413.92
2004-03-03,2419.76
2004-03-04,2421.76
2004-03-05,2462.19
2004-03-08,2467.19
2004-03-09,2453.85
2004-03-10,2356.14
2004-03-11,2277.8
2004-03-12,2374.41
2004-03-15,2328.2
2004-03-16,2351.6
2004-03-17,2384.18
2004-03-18,2419.12
2004-03-19,2411.22
2004-03-22,2350.73
2004-03-23,2322.85
2004-03-24,2296.48
2004-03-25,2296.27
2004-03-26,2347.2
2004-03-29,2354.95
2004-03-30,2401.74
2004-03-31,2419.92
2004-04-01,2459.76
2004-04-02,2481.49
2004-04-05,2496.97
2004-04-06,2492.15
2004-04-07,2434.95
2004-04-08,2434.85
2004-04-12,2437.74
2004-04-13,2415.89
2004-04-14,2390.74
2004-04-15,2328.39
2004-04-16,2334.38
2004-04-19,2308.09
2004-04-20,2257.53
2004-04-22,2241.59
2004-04-23,2287.11
2004-04-26,2259.13
2004-04-27,2259.23
2004-04-28,2176.63
2004-04-29,2107.38
2004-04-30,2070.11
2004-05-03,2072.54
2004-05-04,2105.9
2004-05-05,2108.26
2004-05-06,2027.59
2004-05-07,1984.39
2004-05-10,1878.18
2004-05-11,1959.88
2004-05-12,1955.88
2004-05-13,1967.46
2004-05-14,1987.87
2004-05-17,1949.51
2004-05-18,2004.91
2004-05-19,2039.39
2004-05-20,2011.25
2004-05-21,2023.07
2004-05-24,2035.89
2004-05-25,2047.55
2004-05-26,2081.4
2004-05-27,2144.41
2004-05-28,2134.01
2004-05-31,2126.23
2004-06-01,2135.88
2004-06-02,2156.89
2004-06-03,2128.76
2004-06-04,2174.72
2004-06-07,2231.56
2004-06-08,2208.42
2004-06-09,2169.89
2004-06-11,2180.62
2004-06-14,2132.46
2004-06-15,2189.13
2004-06-16,2229.01
2004-06-17,2209.71
2004-06-18,2211.34
2004-06-21,2204.49
2004-06-22,2181.06
2004-06-23,2227.44
2004-06-24,2215.23
2004-06-25,2216.75
2004-06-28,2185.54
2004-06-29,2232.09
2004-06-30,2272.46
2004-07-01,2294.87
2004-07-02,2325.38
2004-07-05,2338.3
2004-07-06,2291.66
2004-07-07,2290.19
2004-07-08,2273.4
2004-07-12,2348.1
2004-07-13,2370.71
2004-07-14,2387.29
2004-07-15,2416.97
2004-07-16,2436.63
2004-07-19,2404.36
2004-07-20,2425.13
2004-07-21,2377.42
2004-07-22,2358.41
2004-07-23,2357.92
2004-07-26,2344.95
2004-07-27,2388.77
2004-07-28,2423.13
2004-07-29,2433.28
2004-07-30,2445.64
2004-08-02,2467.9
2004-08-03,2469.38
2004-08-04,2460.0
2004-08-05,2380.65
2004-08-06,2413.65
2004-08-09,2375.84
2004-08-10,2435.57
2004-08-11,2434.98
2004-08-12,2427.7
2004-08-13,2403.09
2004-08-16,2443.85
2004-08-17,2476.77
2004-08-18,2555.98
2004-08-19,2564.6
2004-08-20,2590.38
2004-08-23,2555.12
2004-08-24,2568.45
2004-08-25,2592.57
2004-08-26,2552.7
2004-08-27,2558.87
2004-08-30,2589.25
2004-08-31,2589.6
2004-09-01,2588.51
2004-09-02,2616.95
2004-09-03,2594.24
2004-09-06,2606.72
2004-09-08,2621.36
2004-09-09,2601.74
2004-09-10,2580.56
2004-09-13,2580.35
2004-09-14,2621.84
2004-09-15,2601.64
2004-09-16,2656.65
2004-09-17,2669.4
2004-09-20,2675.16
2004-09-21,2657.6
2004-09-22,2617.22
2004-09-23,2621.84
2004-09-24,2608.94
2004-09-27,2584.54
2004-09-28,2615.23
2004-09-29,2612.63
2004-09-30,2639.06
2004-10-01,2709.85
2004-10-04,2730.25
2004-10-05,2706.16
2004-10-06,2676.22
2004-10-07,2672.99
2004-10-08,2657.24
2004-10-11,2667.18
2004-10-13,2610.27
2004-10-14,2583.19
2004-10-15,2614.59
2004-10-18,2613.98
2004-10-19,2581.88
2004-10-20,2576.71
2004-10-21,2590.04
2004-10-22,2571.61
2004-10-25,2574.61
2004-10-26,2605.35
2004-10-27,2632.74
2004-10-28,2631.41
2004-10-29,2660.15
2004-11-01,2686.54
2004-11-03,2719.34
2004-11-04,2734.73
2004-11-05,2700.39
2004-11-08,2681.3
2004-11-09,2695.7
2004-11-10,2723.81
2004-11-11,2723.6
2004-11-12,2768.82
2004-11-16,2746.15
2004-11-17,2778.09
2004-11-18,2751.81
2004-11-19,2753.37
2004-11-22,2778.01
2004-11-23,2768.06
2004-11-24,2791.38
2004-11-25,2812.27
2004-11-26,2832.08
2004-11-29,2837.03
2004-11-30,2861.76
2004-12-01,2883.16
2004-12-02,2894.8
2004-12-03,2924.93
2004-12-06,2950.28
2004-12-07,2912.82
2004-12-08,2935.08
2004-12-09,2903.24
2004-12-10,2957.06
2004-12-13,2987.31
2004-12-14,3021.87
2004-12-15,3006.35
2004-12-16,3022.94
2004-12-17,3004.12
2004-12-20,2987.86
2004-12-21,3029.96
2004-12-22,3028.94
2004-12-23,3057.52
2004-12-27,3077.26
2004-12-28,3109.32
2004-12-29,3109.43
2004-12-30,3131.53
2005-01-03,3100.43
2005-01-04,3021.16
2005-01-05,2995.44
2005-01-06,2959.05
2005-01-07,2987.86
2005-01-10,2937.09
2005-01-11,2945.38
2005-01-12,2952.86
2005-01-13,2973.13
2005-01-14,2969.41
2005-01-17,2928.17
2005-01-18,2900.31
2005-01-19,2922.37
2005-01-20,2845.03
2005-01-21,2861.86
2005-01-24,2886.83
2005-01-26,2904.56
2005-01-27,2859.09
2005-01-28,2846.19
2005-01-31,2876.53
2005-02-01,2872.38
2005-02-02,2919.96
2005-02-03,2952.24
2005-02-04,3039.05
2005-02-09,3088.47
2005-02-10,3083.04
2005-02-11,3094.52
2005-02-14,3094.42
2005-02-15,3095.2
2005-02-16,3034.73
2005-02-17,3086.29
2005-02-18,3056.37
2005-02-21,3056.87
2005-02-22,3055.23
2005-02-23,3092.8
2005-02-24,3206.71
2005-02-25,3195.52
2005-02-28,3182.29
2005-03-01,3162.07
2005-03-02,3191.39
2005-03-03,3227.54
2005-03-04,3271.35
2005-03-07,3307.41
2005-03-08,3282.22
2005-03-09,3243.41
2005-03-10,3266.93
2005-03-11,3214.13
2005-03-14,3216.72
2005-03-15,3165.27
2005-03-16,3189.43
2005-03-17,3188.32
2005-03-18,3147.06
2005-03-21,3123.55
2005-03-22,3035.93
2005-03-23,2976.39
2005-03-24,3031.9
2005-03-28,2977.81
2005-03-29,2911.05
2005-03-30,2953.46
2005-03-31,2977.75
2005-04-01,2980.88
2005-04-04,2930.76
2005-04-05,2895.69
2005-04-06,2852.83
2005-04-07,2922.34
2005-04-08,2899.7
2005-04-11,2895.59
2005-04-12,2900.04
2005-04-13,2897.6
2005-04-14,2768.65
2005-04-15,2721.76
2005-04-18,2755.19
2005-04-19,2821.73
2005-04-20,2769.07
2005-04-22,2734.62
2005-04-25,2762.59
2005-04-26,2769.66
2005-04-27,2754.54
2005-04-28,2698.33
2005-04-29,2698.82
2005-05-02,2700.11
2005-05-03,2700.7
2005-05-04,2783.25
2005-05-05,2772.69
2005-05-06,2781.68
2005-05-09,2769.77
2005-05-10,2716.68
2005-05-11,2708.94
2005-05-12,2654.7
2005-05-13,2630.82
2005-05-16,2665.21
2005-05-17,2663.95
2005-05-18,2702.69
2005-05-19,2693.11
2005-05-20,2658.81
2005-05-23,2628.18
2005-05-24,2649.21
2005-05-25,2644.43
2005-05-27,2729.85
2005-05-30,2753.39
2005-05-31,2750.43
2005-06-01,2808.69
2005-06-02,2883.8
2005-06-03,2874.17
2005-06-06,2813.35
2005-06-07,2756.87
2005-06-08,2738.46
2005-06-09,2711.44
2005-06-10,2756.23
2005-06-13,2756.28
2005-06-14,2823.51
2005-06-15,2781.32
2005-06-16,2798.32
2005-06-17,2825.5
2005-06-20,2807.2
2005-06-21,2776.58
2005-06-22,2771.03
2005-06-23,2685.2
2005-06-24,2690.49
2005-06-27,2696.46
2005-06-28,2708.96
2005-06-29,2704.93
2005-06-30,2702.68
2005-07-01,2712.63
2005-07-04,2676.87
2005-07-05,2648.09
2005-07-06,2626.77
2005-07-07,2604.19
2005-07-08,2598.85
2005-07-11,2654.9
2005-07-12,2699.27
2005-07-13,2740.29
2005-07-14,2748.49
2005-07-15,2697.77
2005-07-18,2714.66
2005-07-19,2717.44
2005-07-20,2766.82
2005-07-21,2778.65
2005-07-22,2739.62
2005-07-25,2670.92
2005-07-26,2699.06
2005-07-27,2747.42
2005-07-28,2805.13
2005-07-29,2789.37
2005-08-01,2806.29
2005-08-02,2857.93
2005-08-03,2849.05
2005-08-04,2822.77
2005-08-05,2835.29
2005-08-08,2844.16
2005-08-09,2890.84
2005-08-10,2881.9
2005-08-11,2853.85
2005-08-12,2885.97
2005-08-15,2923.88
2005-08-16,2901.64
2005-08-17,2950.0
2005-08-18,2902.01
2005-08-19,2880.32
2005-08-22,2932.58
2005-08-23,2876.54
2005-08-24,2866.07
2005-08-25,2921.14
2005-08-26,2899.84
2005-08-29,2910.91
2005-08-30,2914.51
2005-08-31,2955.91
2005-09-01,2951.7
2005-09-02,2975.69
2005-09-05,2993.96
2005-09-06,3031.14
2005-09-08,3025.18
2005-09-09,3077.23
2005-09-12,3058.94
2005-09-13,3057.24
2005-09-14,3073.7
2005-09-15,3079.81
2005-09-16,3093.81
2005-09-19,3103.33
2005-09-20,3119.35
2005-09-21,3143.32
2005-09-22,3120.76
2005-09-23,3186.94
2005-09-26,3164.19
2005-09-27,3134.16
2005-09-28,3198.09
2005-09-29,3194.58
2005-09-30,3238.62
2005-10-03,3270.06
2005-10-04,3243.74
2005-10-05,3152.39
2005-10-06,3052.5
2005-10-07,3100.31
2005-10-10,3120.56
2005-10-11,3146.82
2005-10-13,3084.55
2005-10-14,3083.83
2005-10-17,3116.41
2005-10-18,3016.19
2005-10-19,3029.66
2005-10-20,2960.95
2005-10-21,3021.9
2005-10-24,3073.53
2005-10-25,3028.93
2005-10-26,3045.25
2005-10-27,3004.81
2005-10-28,3033.57
2005-10-31,3104.38
2005-11-01,3174.62
2005-11-03,3177.95
2005-11-04,3167.85
2005-11-07,3167.69
2005-11-08,3160.44
2005-11-09,3147.71
2005-11-10,3164.58
2005-11-11,3143.81
2005-11-14,3111.84
2005-11-16,3135.89
2005-11-17,3177.69
2005-11-18,3187.99
2005-11-21,3184.9
2005-11-22,3203.18
2005-11-23,3251.53
2005-11-24,3270.73
2005-11-25,3263.38
2005-11-28,3228.0
2005-11-29,3257.11
2005-11-30,3281.38
2005-12-01,3340.22
2005-12-02,3363.7
2005-12-05,3353.37
2005-12-06,3411.48
2005-12-07,3381.62
2005-12-08,3374.56
2005-12-09,3421.41
2005-12-12,3423.88
2005-12-13,3463.33
2005-12-14,3508.07
2005-12-15,3471.43
2005-12-16,3482.47
2005-12-19,3463.74
2005-12-20,3463.49
2005-12-21,3482.58
2005-12-22,3494.1
2005-12-23,3494.63
2005-12-26,3504.5
2005-12-27,3518.06
2005-12-28,3492.36
2005-12-29,3529.83
2006-01-02,3519.72
2006-01-03,3593.77
2006-01-04,3651.35
2006-01-05,3660.8
2006-01-06,3722.48
2006-01-09,3702.22
2006-01-10,3677.74
2006-01-11,3752.47
2006-01-12,3721.87
2006-01-13,3747.89
2006-01-16,3806.21
2006-01-17,3748.75
2006-01-18,3725.83
2006-01-19,3820.16
2006-01-20,3780.15
2006-01-23,3760.73
2006-01-24,3823.09
2006-01-26,3914.6
2006-01-27,3901.49
2006-01-30,3912.12
2006-01-31,3894.85
2006-02-01,3881.04
2006-02-02,3820.19
2006-02-03,3826.49
2006-02-06,3826.43
2006-02-07,3780.66
2006-02-08,3788.52
2006-02-09,3845.44
2006-02-10,3880.12
2006-02-13,3815.2
2006-02-14,3832.02
2006-02-15,3868.34
2006-02-16,3934.86
2006-02-17,3952.7
2006-02-20,3944.88
2006-02-21,3913.68
2006-02-22,3942.99
2006-02-23,3962.58
2006-02-24,4000.16
2006-03-01,4073.33
2006-03-02,4056.19
2006-03-03,4076.51
2006-03-06,4005.91
2006-03-07,3920.42
2006-03-08,3920.96
2006-03-09,3855.09
2006-03-10,3871.86
2006-03-13,3867.15
2006-03-14,3894.83
2006-03-15,3963.13
2006-03-16,3977.75
2006-03-17,3965.6
2006-03-20,3983.63
2006-03-21,3922.65
2006-03-22,3989.44
2006-03-23,3945.33
2006-03-24,3931.72
2006-03-27,3949.89
2006-03-28,3854.06
2006-03-29,3903.3
2006-03-30,3914.98
2006-03-31,3927.36
2006-04-03,3993.67
2006-04-04,4019.37
2006-04-05,4018.1
2006-04-06,4027.92
2006-04-07,4015.43
2006-04-10,3974.25
2006-04-11,3904.81
2006-04-12,3918.94
2006-04-13,3900.26
2006-04-17,3900.94
2006-04-18,3979.29
2006-04-19,4030.58
2006-04-20,4032.25
2006-04-24,4001.49
2006-04-25,4014.45
2006-04-26,4077.07
2006-04-27,4029.77
2006-04-28,4063.93
2006-05-02,4117.79
2006-05-03,4114.81
2006-05-04,4141.48
2006-05-05,4197.38
2006-05-08,4199.43
2006-05-09,4213.28
2006-05-10,4200.83
2006-05-11,4114.28
2006-05-12,4030.87
2006-05-15,3935.12
2006-05-16,3953.16
2006-05-17,3852.79
2006-05-18,3832.4
2006-05-19,3829.18
2006-05-22,3680.68
2006-05-23,3660.79
2006-05-24,3600.25
2006-05-25,3768.53
2006-05-26,3871.78
2006-05-29,3816.4
2006-05-30,3684.1
2006-05-31,3707.3
2006-06-01,3835.75
2006-06-02,3875.61
2006-06-05,3765.73
2006-06-06,3741.84
2006-06-07,3649.43
2006-06-08,3681.53
2006-06-09,3661.05
2006-06-12,3515.86
2006-06-13,3449.75
2006-06-14,3408.36
2006-06-16,3538.7
2006-06-19,3514.87
2006-06-20,3497.59
2006-06-21,3567.51
2006-06-22,3560.89
2006-06-23,3587.92
2006-06-26,3587.21
2006-06-27,3569.09
2006-06-28,3578.7
2006-06-29,3718.36
2006-06-30,3758.72
2006-07-03,3845.13
2006-07-04,3859.97
2006-07-05,3752.69
2006-07-06,3778.69
2006-07-07,3732.7
2006-07-10,3746.76
2006-07-11,3749.44
2006-07-12,3717.48
2006-07-13,3601.81
2006-07-14,3583.32
2006-07-17,3564.06
2006-07-18,3602.05
2006-07-19,3731.32
2006-07-20,3665.02
2006-07-21,3635.02
2006-07-24,3701.66
2006-07-25,3732.1
2006-07-26,3716.58
2006-07-27,3747.61
2006-07-28,3767.3
2006-07-31,3746.3
2006-08-01,3715.73
2006-08-02,3753.96
2006-08-03,3787.19
2006-08-04,3814.44
2006-08-07,3810.78
2006-08-08,3796.54
2006-08-09,3759.78
2006-08-10,3794.11
2006-08-11,3770.63
2006-08-14,3762.11
2006-08-15,3852.44
2006-08-16,3934.2
2006-08-17,3917.97
2006-08-18,3913.55
2006-08-21,3868.38
2006-08-22,3838.63
2006-08-23,3756.46
2006-08-24,3774.13
2006-08-25,3807.1
2006-08-28,3864.24
2006-08-29,3883.58
2006-08-30,3930.52
2006-08-31,3945.61
2006-09-01,4019.55
2006-09-04,4077.45
2006-09-05,4037.57
2006-09-06,3998.09
2006-09-08,4028.34
2006-09-11,3975.93
2006-09-12,3990.21
2006-09-13,4015.98
2006-09-14,3995.4
2006-09-15,4009.94
2006-09-18,4009.33
2006-09-19,3973.22
2006-09-20,3912.9
2006-09-21,3838.33
2006-09-22,3836.09
2006-09-25,3851.8
2006-09-26,3934.3
2006-09-27,3937.0
2006-09-28,3967.99
2006-09-29,3943.78
2006-10-02,4009.15
2006-10-03,4003.32
2006-10-04,4117.17
2006-10-05,4109.54
2006-10-06,4094.74
2006-10-09,4131.06
2006-10-10,4169.84
2006-10-11,4112.01
2006-10-13,4156.53
2006-10-16,4186.58
2006-10-17,4150.11
2006-10-18,4149.76
2006-10-19,4150.37
2006-10-20,4130.36
2006-10-23,4191.93
2006-10-24,4176.05
2006-10-25,4163.98
2006-10-26,4168.1
2006-10-27,4148.84
2006-10-30,4139.59
2006-10-31,4193.79
2006-11-01,4229.76
2006-11-03,4273.17
2006-11-06,4352.76
2006-11-07,4343.01
2006-11-08,4340.68
2006-11-09,4292.17
2006-11-10,4269.58
2006-11-13,4287.48
2006-11-14,4360.52
2006-11-16,4353.29
2006-11-17,4348.52
2006-11-21,4396.75
2006-11-22,4453.28
2006-11-23,4502.38
2006-11-24,4476.49
2006-11-27,4377.33
2006-11-28,4384.51
2006-11-29,4432.74
2006-11-30,4422.4
2006-12-01,4368.6
2006-12-04,4481.93
2006-12-05,4536.33
2006-12-06,4519.72
2006-12-07,4500.37
2006-12-08,4515.21
2006-12-11,4553.37
2006-12-12,4554.12
2006-12-13,4598.96
2006-12-14,4639.18
2006-12-15,4672.51
2006-12-18,4660.36
2006-12-19,4652.21
2006-12-20,4618.8
2006-12-21,4602.67
2006-12-22,4592.87
2006-12-26,4627.35
2006-12-27,4722.77
2006-12-28,4734.54
2007-01-02,4811.3
2007-01-03,4766.61
2007-01-04,4738.82
2007-01-05,4548.67
2007-01-08,4609.97
2007-01-09,4537.64
2007-01-10,4551.37
2007-01-11,4597.41
2007-01-12,4604.31
2007-01-15,4602.81
2007-01-16,4565.52
2007-01-17,4572.79
2007-01-18,4564.15
2007-01-19,4639.56
2007-01-22,4651.09
2007-01-23,4673.09
2007-01-24,4697.54
2007-01-26,4662.94
2007-01-29,4594.11
2007-01-30,4629.59
2007-01-31,4673.16
2007-02-01,4716.55
2007-02-02,4722.66
2007-02-05,4737.61
2007-02-06,4715.97
2007-02-07,4683.21
2007-02-08,4716.25
2007-02-09,4692.59
2007-02-12,4671.38
2007-02-13,4765.08
2007-02-14,4836.64
2007-02-15,4841.44
2007-02-16,4837.53
2007-02-21,4872.97
2007-02-22,4906.04
2007-02-23,4851.64
2007-02-26,4859.61
2007-02-27,4587.83
2007-02-28,4652.94
2007-03-01,4631.24
2007-03-02,4539.07
2007-03-05,4418.53
2007-03-06,4585.42
2007-03-07,4529.96
2007-03-08,4605.5
2007-03-09,4666.58
2007-03-12,4671.61
2007-03-13,4530.58
2007-03-14,4573.96
2007-03-15,4543.45
2007-03-16,4504.0
2007-03-19,4578.81
2007-03-20,4632.1
2007-03-21,4741.02
2007-03-22,4705.59
2007-03-23,4726.26
2007-03-26,4698.21
2007-03-27,4649.37
2007-03-28,4591.96
2007-03-29,4637.84
2007-03-30,4678.44
2007-04-02,4664.73
2007-04-03,4763.81
2007-04-04,4790.81
2007-04-05,4792.26
2007-04-09,4802.08
2007-04-10,4825.0
2007-04-11,4804.69
2007-04-12,4821.39
2007-04-13,4865.95
2007-04-16,4944.49
2007-04-17,4953.45
2007-04-18,4954.91
2007-04-19,4974.62
2007-04-20,5037.36
2007-04-23,5007.95
2007-04-24,5018.95
2007-04-25,5084.88
2007-04-26,5056.53
2007-04-27,5077.24
2007-04-30,5040.79
2007-05-02,5099.7
2007-05-03,5162.13
2007-05-04,5187.37
2007-05-07,5176.35
2007-05-08,5172.15
2007-05-09,5235.01
2007-05-10,5152.15
2007-05-11,5220.43
2007-05-14,5194.63
2007-05-15,5190.25
2007-05-16,5283.16
2007-05-17,5268.63
2007-05-18,5298.81
2007-05-21,5322.74
2007-05-22,5308.53
2007-05-23,5293.84
2007-05-24,5183.05
2007-05-25,5305.52
2007-05-28,5357.55
2007-05-29,5343.31
2007-05-30,5412.71
2007-05-31,5419.02
2007-06-01,5482.92
2007-06-04,5464.38
2007-06-05,5442.84
2007-06-06,5352.77
2007-06-08,5394.98
2007-06-11,5441.92
2007-06-12,5338.58
2007-06-13,5465.23
2007-06-14,5536.74
2007-06-15,5624.47
2007-06-18,5639.02
2007-06-19,5609.19
2007-06-20,5589.43
2007-06-21,5655.29
2007-06-22,5602.53
2007-06-25,5584.82
2007-06-26,5586.86
2007-06-27,5601.54
2007-06-28,5619.71
2007-06-29,5621.68
2007-07-02,5723.39
2007-07-03,5742.99
2007-07-04,5737.02
2007-07-05,5763.71
2007-07-06,5805.27
2007-07-10,5763.03
2007-07-11,5778.11
2007-07-12,5847.37
2007-07-13,5846.63
2007-07-16,5807.35
2007-07-17,5834.38
2007-07-18,5818.44
2007-07-19,5874.39
2007-07-20,5809.97
2007-07-23,5815.67
2007-07-24,5602.95
2007-07-25,5605.49
2007-07-26,5406.15
2007-07-27,5345.84
2007-07-30,5460.71
2007-07-31,5408.78
2007-08-01,5407.43
2007-08-02,5440.89
2007-08-03,5288.61
2007-08-06,5342.5
2007-08-07,5474.57
2007-08-08,5605.54
2007-08-09,5441.64
2007-08-10,5357.79
2007-08-13,5331.24
2007-08-14,5156.36
2007-08-15,4949.76
2007-08-16,4820.74
2007-08-17,4927.61
2007-08-20,4993.79
2007-08-21,5043.02
2007-08-22,5193.03
2007-08-23,5180.64
2007-08-24,5291.69
2007-08-27,5283.55
2007-08-28,5166.25
2007-08-29,5277.0
2007-08-30,5230.65
2007-08-31,5396.26
2007-09-03,5381.71
2007-09-04,5416.29
2007-09-05,5345.92
2007-09-06,5333.44
2007-09-10,5113.71
2007-09-11,5212.6
2007-09-12,5195.41
2007-09-13,5269.92
2007-09-14,5273.57
2007-09-17,5230.76
2007-09-18,5423.02
2007-09-19,5489.95
2007-09-20,5439.51
2007-09-21,5518.24
2007-09-24,5562.41
2007-09-25,5599.95
2007-09-26,5648.91
2007-09-27,5723.52
2007-09-28,5702.22
2007-10-01,5836.45
2007-10-02,5773.7
2007-10-03,5688.28
2007-10-04,5754.69
2007-10-05,5856.27
2007-10-08,5911.04
2007-10-09,5967.56
2007-10-10,5873.93
2007-10-11,5795.66
2007-10-15,5769.3
2007-10-16,5681.12
2007-10-17,5823.34
2007-10-18,5848.47
2007-10-19,5703.03
2007-10-22,5750.1
2007-10-23,5862.54
2007-10-24,5843.78
2007-10-25,5766.56
2007-10-26,5859.58
2007-10-29,5874.13
2007-10-30,5894.67
2007-10-31,5946.11
2007-11-01,5838.23
2007-11-05,5869.5
2007-11-06,5983.26
2007-11-07,5877.25
2007-11-08,5668.76
2007-11-09,5705.28
2007-11-12,5523.42
2007-11-13,5633.3
2007-11-14,5804.81
2007-11-16,5805.17
2007-11-19,5588.91
2007-11-21,5425.19
2007-11-22,5409.34
2007-11-23,5446.93
2007-11-26,5252.34
2007-11-27,5297.87
2007-11-28,5509.44
2007-11-29,5547.01
2007-11-30,5671.33
2007-12-03,5673.72
2007-12-04,5688.47
2007-12-05,5772.34
2007-12-06,5804.07
2007-12-07,5809.26
2007-12-10,5808.28
2007-12-11,5664.94
2007-12-12,5623.79
2007-12-13,5489.28
2007-12-14,5481.71
2007-12-17,5247.15
2007-12-18,5329.26
2007-12-19,5322.53
2007-12-20,5298.79
2007-12-21,5408.24
2007-12-26,5498.35
2007-12-27,5487.95
2007-12-28,5462.78
2008-01-02,5411.2
2008-01-03,5445.57
2008-01-04,5308.89
2008-01-07,5337.1
2008-01-08,5381.71
2008-01-09,5438.67
2008-01-10,5515.24
2008-01-11,5383.6
2008-01-14,5391.16
2008-01-15,5204.47
2008-01-16,5132.99
2008-01-17,4981.29
2008-01-18,4995.57
2008-01-21,4719.29
2008-01-22,4889.21
2008-01-23,4734.76
2008-01-24,4927.92
2008-01-28,5003.29
2008-01-29,5102.79
2008-01-30,5143.22
2008-01-31,5135.27
2008-02-01,5274.45
2008-02-06,5098.43
2008-02-07,5060.86
2008-02-08,5059.62
2008-02-11,5185.17
2008-02-12,5296.7
2008-02-13,5347.3
2008-02-14,5300.23
2008-02-15,5224.07
2008-02-18,5320.91
2008-02-19,5257.18
2008-02-20,5384.4
2008-02-21,5386.98
2008-02-22,5461.98
2008-02-25,5513.08
2008-02-26,5526.29
2008-02-27,5550.24
2008-02-28,5519.27
2008-02-29,5409.68
2008-03-03,5494.07
2008-03-04,5459.16
2008-03-05,5522.57
2008-03-06,5392.41
2008-03-07,5288.23
2008-03-10,5119.22
2008-03-11,5271.28
2008-03-12,5268.33
2008-03-13,5253.82
2008-03-14,5244.22
2008-03-17,5110.34
2008-03-18,5292.93
2008-03-19,5091.4
2008-03-20,5118.06
2008-03-24,5185.81
2008-03-25,5225.17
2008-03-26,5202.67
2008-03-27,5158.33
2008-03-28,5127.44
2008-03-31,5185.11
2008-04-01,5334.21
2008-04-02,5391.54
2008-04-03,5459.09
2008-04-04,5481.57
2008-04-07,5441.42
2008-04-08,5467.08
2008-04-09,5355.71
2008-04-10,5358.86
2008-04-11,5304.15
2008-04-14,5206.3
2008-04-15,5207.51
2008-04-16,5308.61
2008-04-17,5317.01
2008-04-18,5358.27
2008-04-22,5374.11
2008-04-23,5358.3
2008-04-24,5368.35
2008-04-25,5395.14
2008-04-28,5423.53
2008-04-29,5304.58
2008-04-30,5634.21
2008-05-02,5736.61
2008-05-05,5792.02
2008-05-06,5768.77
2008-05-07,5677.19
2008-05-08,5735.38
2008-05-09,5701.01
2008-05-12,5785.88
2008-05-13,5754.01
2008-05-14,5719.45
2008-05-15,5815.72
2008-05-16,5889.69
2008-05-19,5887.01
2008-05-20,5838.57
2008-05-21,5746.49
2008-05-23,5715.1
2008-05-26,5721.78
2008-05-27,5707.76
2008-05-28,5895.0
2008-05-29,5846.88
2008-05-30,5937.6
2008-06-02,5836.76
2008-06-03,5738.73
2008-06-04,5703.27
2008-06-05,5857.05
2008-06-06,5701.59
2008-06-09,5684.25
2008-06-10,5615.31
2008-06-11,5550.42
2008-06-12,5590.31
2008-06-13,5551.46
2008-06-16,5552.62
2008-06-17,5618.91
2008-06-18,5481.1
2008-06-19,5479.53
2008-06-20,5367.3
2008-06-23,5319.97
2008-06-24,5255.49
2008-06-25,5370.7
2008-06-26,5228.81
2008-06-27,5261.9
2008-06-30,5321.29
2008-07-01,5184.67
2008-07-02,5039.97
2008-07-03,4882.74
2008-07-04,4858.91
2008-07-07,4849.91
2008-07-08,4951.65
2008-07-10,5064.72
2008-07-11,5037.28
2008-07-14,5087.8
2008-07-15,5187.75
2008-07-16,5339.94
2008-07-17,5210.88
2008-07-18,5141.8
2008-07-21,5201.02
2008-07-22,5147.61
2008-07-23,5166.42
2008-07-24,5054.58
2008-07-25,5041.71
2008-07-28,4974.62
2008-07-29,5073.0
2008-07-30,5171.36
2008-07-31,5170.96
2008-08-01,5066.14
2008-08-04,4957.41
2008-08-05,5070.35
2008-08-06,5142.84
2008-08-07,5079.5
2008-08-08,5054.77
2008-08-11,4883.35
2008-08-12,4853.26
2008-08-13,4817.23
2008-08-14,4883.71
2008-08-15,4827.55
2008-08-18,4779.16
2008-08-19,4770.17
2008-08-20,4868.55
2008-08-21,4852.1
2008-08-22,4858.01
2008-08-25,4764.59
2008-08-26,4753.09
2008-08-27,4802.16
2008-08-28,4891.36
2008-08-29,4842.13
2008-09-01,4804.97
2008-09-02,4783.02
2008-09-03,4701.89
2008-09-04,4527.93
2008-09-05,4561.58
2008-09-08,4506.95
2008-09-09,4367.32
2008-09-10,4448.49
2008-09-11,4517.39
2008-09-12,4546.27
2008-09-15,4294.49
2008-09-16,4284.57
2008-09-17,4000.73
2008-09-18,4164.1
2008-09-19,4569.36
2008-09-22,4432.54
2008-09-23,4333.54
2008-09-24,4279.4
2008-09-25,4431.94
2008-09-26,4328.21
2008-09-29,3969.04
2008-09-30,4249.67
2008-10-01,4307.09
2008-10-02,4062.49
2008-10-03,3927.23
2008-10-06,3732.11
2008-10-07,3553.17
2008-10-08,3364.11
2008-10-09,3230.81
2008-10-10,3087.62
2008-10-13,3544.89
2008-10-14,3652.59
2008-10-15,3344.42
2008-10-16,3400.34
2008-10-17,3341.66
2008-10-20,3554.44
2008-10-21,3537.11
2008-10-22,3157.89
2008-10-23,3064.1
2008-10-24,2880.38
2008-10-27,2731.98
2008-10-28,3088.47
2008-10-29,3175.38
2008-10-30,3397.31
2008-10-31,3382.17
2008-11-03,3470.08
2008-11-04,3573.93
2008-11-05,3391.1
2008-11-06,3312.01
2008-11-07,3354.31
2008-11-10,3292.7
2008-11-11,3368.67
2008-11-12,3204.17
2008-11-13,3376.54
2008-11-14,3376.68
2008-11-17,3406.35
2008-11-18,3287.45
2008-11-19,3283.01
2008-11-21,3145.44
2008-11-24,3333.18
2008-11-25,3395.15
2008-11-26,3516.99
2008-11-27,3494.05
2008-11-28,3529.65
2008-12-01,3385.09
2008-12-02,3455.56
2008-12-03,3468.5
2008-12-04,3495.69
2008-12-05,3546.49
2008-12-08,3723.4
2008-12-09,3664.83
2008-12-10,3656.36
2008-12-11,3590.47
2008-12-12,3689.57
2008-12-15,3556.15
2008-12-16,3680.27
2008-12-17,3609.04
2008-12-18,3634.35
2008-12-19,3609.46
2008-12-22,3507.81
2008-12-23,3422.63
2008-12-26,3407.65
2008-12-29,3398.15
2008-12-30,3444.61
2009-01-02,3620.63
2009-01-05,3666.88
2009-01-06,3642.59
2009-01-07,3561.09
2009-01-08,3651.36
2009-01-09,3608.53
2009-01-12,3477.04
2009-01-13,3528.67
2009-01-14,3416.91
2009-01-15,3501.06
2009-01-16,3508.84
2009-01-19,3443.27
2009-01-20,3378.11
2009-01-21,3421.78
2009-01-22,3371.01
2009-01-23,3409.12
2009-01-26,3435.29
2009-01-27,3427.96
2009-01-28,3461.36
2009-01-29,3428.98
2009-01-30,3412.26
2009-02-02,3363.88
2009-02-03,3423.62
2009-02-04,3393.93
2009-02-05,3442.06
2009-02-06,3526.16
2009-02-09,3487.88
2009-02-10,3441.75
2009-02-11,3438.8
2009-02-12,3444.91
2009-02-13,3495.24
2009-02-16,3524.32
2009-02-17,3410.21
2009-02-18,3412.87
2009-02-19,3424.6
2009-02-20,3372.46
2009-02-25,3345.6
2009-02-26,3314.28
2009-02-27,3345.45
2009-03-02,3198.04
2009-03-03,3208.66
2009-03-04,3274.47
2009-03-05,3183.06
2009-03-06,3190.64
2009-03-09,3174.8
2009-03-10,3304.69
2009-03-11,3293.34
2009-03-12,3339.53
2009-03-13,3336.21
2009-03-16,3295.44
2009-03-17,3388.38
2009-03-18,3451.8
2009-03-19,3459.4
2009-03-20,3411.84
2009-03-23,3558.49
2009-03-24,3484.03
2009-03-25,3510.13
2009-03-26,3570.33
2009-03-27,3506.99
2009-03-30,3430.76
2009-03-31,3496.99
2009-04-01,3546.99
2009-04-02,3639.92
2009-04-03,3717.86
2009-04-06,3704.35
2009-04-07,3662.96
2009-04-08,3721.72
2009-04-09,3793.19
2009-04-13,3815.77
2009-04-14,3794.96
2009-04-15,3784.35
2009-04-16,3835.43
2009-04-17,3817.06
2009-04-20,3719.15
2009-04-22,3794.74
2009-04-23,3840.37
2009-04-24,3956.8
2009-04-27,3918.32
2009-04-28,3919.84
2009-04-29,4025.25
2009-04-30,4001.44
2009-05-04,4200.73
2009-05-05,4190.09
2009-05-06,4239.59
2009-05-07,4154.78
2009-05-08,4244.94
2009-05-11,4186.78
2009-05-12,4180.17
2009-05-13,4068.72
2009-05-14,4146.43
2009-05-15,4120.74
2009-05-18,4288.18
2009-05-19,4241.88
2009-05-20,4198.81
2009-05-21,4106.83
2009-05-22,4139.87
2009-05-25,4158.37
2009-05-26,4214.42
2009-05-27,4224.55
2009-05-28,4294.58
2009-05-29,4325.33
2009-06-01,4372.7
2009-06-02,4334.93
2009-06-03,4204.64
2009-06-04,4299.59
2009-06-05,4277.74
2009-06-08,4285.01
2009-06-09,4281.56
2009-06-10,4289.78
2009-06-12,4312.68
2009-06-15,4185.63
2009-06-16,4130.86
2009-06-17,4133.5
2009-06-18,4145.97
2009-06-19,4187.31
2009-06-22,4092.19
2009-06-23,4093.46
2009-06-24,4128.15
2009-06-25,4221.79
2009-06-26,4245.34
2009-06-29,4254.29
2009-06-30,4222.71
2009-07-01,4254.0
2009-07-02,4237.09
2009-07-03,4257.23
2009-07-06,4257.52
2009-07-07,4179.79
2009-07-08,4176.82
2009-07-10,4187.98
2009-07-13,4191.63
2009-07-14,4158.09
2009-07-15,4287.07
2009-07-16,4349.64
2009-07-17,4334.08
2009-07-20,4394.01
2009-07-21,4378.69
2009-07-22,4356.84
2009-07-23,4409.02
2009-07-24,4436.44
2009-07-27,4452.04
2009-07-28,4482.91
2009-07-29,4469.75
2009-07-30,4523.15
2009-07-31,4558.42
2009-08-03,4649.25
2009-08-04,4676.17
2009-08-05,4699.01
2009-08-06,4665.6
2009-08-07,4696.56
2009-08-10,4755.92
2009-08-11,4688.82
2009-08-12,4724.43
2009-08-13,4721.34
2009-08-14,4680.78
2009-08-17,4601.19
2009-08-18,4632.03
2009-08-19,4660.05
2009-08-20,4700.62
2009-08-21,4784.65
2009-08-24,4800.37
2009-08-25,4769.95
2009-08-26,4810.7
2009-08-27,4816.6
2009-08-28,4835.62
2009-08-31,4797.96
2009-09-01,4708.12
2009-09-02,4645.87
2009-09-03,4678.37
2009-09-04,4749.52
2009-09-08,4855.95
2009-09-09,4878.67
2009-09-10,4934.43
2009-09-11,4909.64
2009-09-14,4962.25
2009-09-15,4973.3
2009-09-16,5037.85
2009-09-17,5026.22
2009-09-18,5062.79
2009-09-21,5082.96
2009-09-22,5111.05
2009-09-23,5027.09
2009-09-24,5009.63
2009-09-25,5023.94
2009-09-28,5058.0
2009-09-29,5031.61
2009-09-30,5048.55
2009-10-01,4977.46
2009-10-02,5044.0
2009-10-05,5153.43
2009-10-06,5215.83
2009-10-07,5207.57
2009-10-08,5284.9
2009-10-09,5299.91
2009-10-13,5374.98
2009-10-14,5454.96
2009-10-15,5479.65
2009-10-16,5464.23
2009-10-19,5489.47
2009-10-20,5320.88
2009-10-21,5318.87
2009-10-22,5327.89
2009-10-23,5252.98
2009-10-26,5246.75
2009-10-27,5136.59
2009-10-28,4935.09
2009-10-29,5161.72
2009-10-30,5008.67
2009-11-03,5058.34
2009-11-04,5190.44
2009-11-05,5262.76
2009-11-06,5252.51
2009-11-09,5384.29
2009-11-10,5386.88
2009-11-11,5396.53
2009-11-12,5239.51
2009-11-13,5306.35
2009-11-16,5408.82
2009-11-17,5432.29
2009-11-18,5371.82
2009-11-19,5331.33
2009-11-23,5371.37
2009-11-24,5412.98
2009-11-25,5450.96
2009-11-26,5357.0
2009-11-27,5418.88
2009-11-30,5430.6
2009-12-01,5541.52
2009-12-02,5595.93
2009-12-03,5567.66
2009-12-04,5553.12
2009-12-07,5646.72
2009-12-08,5607.27
2009-12-09,5633.45
2009-12-10,5695.14
2009-12-11,5770.05
2009-12-14,5763.86
2009-12-15,5733.11
2009-12-16,5653.63
2009-12-17,5562.83
2009-12-18,5562.45
2009-12-21,5539.7
2009-12-22,5657.05
2009-12-23,5660.56
2009-12-28,5702.29
2009-12-29,5727.6
2009-12-30,5787.01
2010-01-04,5859.0
2010-01-05,5873.32
2010-01-06,5895.01
2010-01-07,5854.65
2010-01-08,5839.88
2010-01-11,5857.41
2010-01-12,5851.24
2010-01-13,5849.66
2010-01-14,5814.07
2010-01-15,5721.95
2010-01-18,5712.65
2010-01-19,5782.48
2010-01-20,5674.65
2010-01-21,5566.98
2010-01-22,5576.96
2010-01-26,5539.44
2010-01-27,5518.68
2010-01-28,5511.49
2010-01-29,5517.26
2010-02-01,5582.21
2010-02-02,5627.55
2010-02-03,5640.27
2010-02-04,5401.11
2010-02-05,5335.75
2010-02-08,5387.58
2010-02-09,5502.7
2010-02-10,5513.14
2010-02-11,5577.91
2010-02-12,5536.17
2010-02-17,5627.57
2010-02-18,5653.95
2010-02-19,5636.56
2010-02-22,5601.49
2010-02-23,5525.87
2010-02-24,5520.06
2010-02-25,5518.97
2010-02-26,5500.47
2010-03-01,5575.59
2010-03-02,5616.54
2010-03-03,5617.31
2010-03-04,5610.38
2010-03-05,5642.84
2010-03-08,5605.15
2010-03-09,5674.73
2010-03-10,5718.01
2010-03-11,5710.25
2010-03-12,5658.46
2010-03-15,5618.23
2010-03-16,5673.92
2010-03-17,5684.04
2010-03-18,5706.74
2010-03-19,5653.33
2010-03-22,5667.44
2010-03-23,5670.43
2010-03-24,5600.83
2010-03-25,5567.39
2010-03-26,5582.61
2010-03-29,5638.94
2010-03-30,5630.87
2010-03-31,5651.75
2010-04-01,5686.79
2010-04-05,5694.96
2010-04-06,5683.47
2010-04-07,5683.06
2010-04-08,5726.97
2010-04-09,5685.65
2010-04-12,5636.66
2010-04-13,5665.44
2010-04-14,5689.82
2010-04-15,5662.08
2010-04-16,5589.86
2010-04-19,5572.75
2010-04-20,5593.6
2010-04-22,5625.33
2010-04-23,5638.32
2010-04-26,5592.25
2010-04-27,5454.6
2010-04-28,5449.94
2010-04-29,5523.19
2010-04-30,5560.3
2010-05-03,5604.34
2010-05-04,5464.1
2010-05-05,5448.97
2010-05-06,5319.72
2010-05-07,5268.1
2010-05-10,5451.14
2010-05-11,5417.08
2010-05-12,5491.54
2010-05-13,5489.52
2010-05-14,5365.7
2010-05-17,5355.36
2010-05-18,5196.88
2010-05-19,5147.24
2010-05-20,5017.38
2010-05-21,5157.2
2010-05-24,5146.51
2010-05-25,5075.53
2010-05-26,5183.63
2010-05-27,5311.46
2010-05-28,5287.83
2010-05-31,5338.64
2010-06-01,5248.64
2010-06-02,5322.42
2010-06-04,5236.57
2010-06-07,5241.58
2010-06-08,5281.21
2010-06-09,5248.74
2010-06-10,5378.57
2010-06-11,5422.89
2010-06-14,5441.2
2010-06-15,5524.37
2010-06-16,5541.21
2010-06-17,5544.08
2010-06-18,5545.27
2010-06-21,5552.36
2010-06-22,5574.62
2010-06-23,5605.84
2010-06-24,5525.05
2010-06-25,5600.49
2010-06-28,5590.27
2010-06-29,5444.83
2010-06-30,5357.99
2010-07-01,5360.08
2010-07-02,5372.69
2010-07-05,5331.48
2010-07-06,5426.71
2010-07-07,5470.27
2010-07-08,5462.88
2010-07-12,5429.52
2010-07-13,5528.42
2010-07-14,5526.67
2010-07-15,5533.45
2010-07-16,5434.36
2010-07-19,5501.57
2010-07-20,5540.57
2010-07-21,5526.44
2010-07-22,5615.37
2010-07-23,5651.72
2010-07-26,5674.76
2010-07-27,5725.67
2010-07-28,5695.61
2010-07-29,5716.15
2010-07-30,5810.25
2010-08-02,5871.08
2010-08-03,5800.47
2010-08-04,5815.59
2010-08-05,5813.22
2010-08-06,5770.88
2010-08-09,5749.14
2010-08-10,5711.5
2010-08-11,5632.76
2010-08-12,5634.42
2010-08-13,5653.62
2010-08-16,5687.45
2010-08-17,5732.75
2010-08-18,5786.79
2010-08-19,5751.87
2010-08-20,5760.21
2010-08-23,5700.05
2010-08-24,5659.43
2010-08-25,5622.53
2010-08-26,5561.21
2010-08-27,5703.58
2010-08-30,5625.24
2010-08-31,5665.93
2010-09-01,5790.43
2010-09-02,5762.77
2010-09-03,5716.15
2010-09-06,5722.62
2010-09-08,5699.82
2010-09-09,5742.59
2010-09-10,5800.44
2010-09-13,5859.93
2010-09-14,5880.93
2010-09-15,5945.42
2010-09-16,5907.46
2010-09-17,5868.17
2010-09-20,5949.84
2010-09-21,5923.35
2010-09-22,5972.44
2010-09-23,5984.28
2010-09-24,5932.05
2010-09-27,5961.79
2010-09-28,5969.96
2010-09-29,5921.72
2010-09-30,5953.8
2010-10-01,6042.73
2010-10-04,6075.91
2010-10-05,6182.04
2010-10-06,6142.08
2010-10-07,6087.46
2010-10-08,6157.9
2010-10-11,6201.01
2010-10-13,6247.93
2010-10-14,6208.69
2010-10-15,6196.66
2010-10-18,6166.8
2010-10-19,6037.71
2010-10-20,6080.56
2010-10-21,6092.92
2010-10-22,6009.03
2010-10-25,6018.65
2010-10-26,6112.03
2010-10-27,6103.56
2010-10-28,6086.06
2010-10-29,6146.25
2010-11-01,6182.52
2010-11-03,6204.65
2010-11-04,6253.95
2010-11-05,6224.01
2010-11-08,6203.25
2010-11-09,6163.75
2010-11-10,6150.78
2010-11-11,6110.17
2010-11-12,6061.6
2010-11-16,5970.73
2010-11-17,6033.85
2010-11-18,6118.23
2010-11-19,6151.17
2010-11-22,6049.2
2010-11-23,5909.9
2010-11-24,6072.36
2010-11-25,6063.26
2010-11-26,5969.16
2010-11-29,5958.82
2010-11-30,6010.29
2010-12-01,6117.38
2010-12-02,6125.23
2010-12-03,6158.66
2010-12-06,6109.29
2010-12-07,6081.6
2010-12-08,5993.24
2010-12-09,5929.83
2010-12-10,5963.9
2010-12-13,6001.35
2010-12-14,5979.55
2010-12-15,5909.15
2010-12-16,5885.72
2010-12-17,5942.73
2010-12-20,5891.1
2010-12-21,5983.48
2010-12-22,5987.54
2010-12-23,5999.15
2010-12-27,5922.76
2010-12-28,5952.58
2010-12-29,6030.18
2010-12-30,6040.61
2011-01-03,6097.46
2011-01-04,6101.19
2011-01-05,6162.37
2011-01-06,6110.94
2011-01-07,6090.92
2011-01-10,6084.71
2011-01-11,6117.81
2011-01-12,6184.39
2011-01-13,6139.4
2011-01-14,6154.31
2011-01-17,6131.7
2011-01-18,6165.57
2011-01-19,6123.48
2011-01-20,6105.94
2011-01-21,6058.45
2011-01-24,6104.91
2011-01-26,6021.72
2011-01-27,5935.03
2011-01-28,5807.33
2011-01-31,5807.44
2011-02-01,5896.73
2011-02-02,5773.17
2011-02-03,5756.78
2011-02-04,5648.87
2011-02-07,5716.43
2011-02-08,5719.24
2011-02-09,5568.77
2011-02-10,5576.97
2011-02-11,5685.08
2011-02-14,5744.31
2011-02-15,5718.11
2011-02-16,5827.76
2011-02-17,5835.21
2011-02-18,5911.05
2011-02-21,5849.45
2011-02-22,5785.73
2011-02-23,5758.93
2011-02-24,5790.72
2011-02-25,5793.47
2011-02-28,5830.54
2011-03-01,5753.62
2011-03-02,5816.53
2011-03-03,5884.83
2011-03-04,5872.35
2011-03-09,5885.12
2011-03-10,5850.73
2011-03-11,5914.67
2011-03-14,5954.0
2011-03-15,5948.3
2011-03-16,5860.32
2011-03-17,5861.8
2011-03-18,5912.4
2011-03-21,5920.67
2011-03-22,5991.59
2011-03-23,6010.51
2011-03-24,6015.07
2011-03-25,6046.76
2011-03-28,5997.5
2011-03-29,6019.45
2011-03-30,6073.64
2011-03-31,6121.16
2011-04-01,6234.56
2011-04-04,6265.18
2011-04-05,6300.75
2011-04-06,6214.0
2011-04-07,6224.87
2011-04-08,6170.18
2011-04-11,6161.37
2011-04-12,6093.13
2011-04-13,6103.16
2011-04-14,6089.55
2011-04-15,6105.66
2011-04-18,6104.37
2011-04-19,6146.86
2011-04-20,6180.89
2011-04-25,6184.27
2011-04-26,6212.29
2011-04-27,6155.93
2011-04-28,6138.5
2011-04-29,6149.84
2011-05-02,6131.35
2011-05-03,6075.0
2011-05-04,5998.65
2011-05-05,6037.87
2011-05-06,6172.12
2011-05-09,6196.12
2011-05-10,6164.25
2011-05-11,6108.54
2011-05-12,6172.95
2011-05-13,6125.86
2011-05-16,6091.53
2011-05-17,6125.19
2011-05-18,6063.84
2011-05-19,6021.9
2011-05-20,6038.04
2011-05-23,6002.39
2011-05-24,6094.76
2011-05-25,6109.48
2011-05-26,6123.8
2011-05-27,6142.64
2011-05-30,6106.34
2011-05-31,6172.43
2011-06-01,6070.81
2011-06-02,6165.99
2011-06-03,6181.61
2011-06-06,6097.65
2011-06-07,6104.13
2011-06-08,6053.41
2011-06-09,6060.4
2011-06-10,5983.35
2011-06-13,5924.83
2011-06-14,5941.92
2011-06-15,5903.53
2011-06-16,5842.11
2011-06-17,5861.14
2011-06-20,5893.51
2011-06-21,5924.03
2011-06-22,5888.12
2011-06-24,5890.91
2011-06-27,5914.78
2011-06-28,6000.47
2011-06-29,5979.26
2011-06-30,5970.74
2011-07-01,6022.84
2011-07-04,6050.47
2011-07-05,5982.01
2011-07-06,5927.32
2011-07-07,5871.92
2011-07-08,5827.84
2011-07-11,5760.81
2011-07-12,5746.29
2011-07-13,5868.85
2011-07-14,5837.24
2011-07-15,5797.2
2011-07-18,5741.27
2011-07-19,5743.91
2011-07-20,5747.93
2011-07-21,5827.99
2011-07-22,5838.1
2011-07-25,5802.27
2011-07-26,5769.61
2011-07-27,5655.16
2011-07-28,5714.2
2011-07-29,5757.47
2011-08-01,5725.33
2011-08-02,5620.01
2011-08-03,5526.25
2011-08-04,5271.48
2011-08-05,5302.04
2011-08-08,4929.84
2011-08-09,5127.12
2011-08-10,5154.54
2011-08-11,5285.29
2011-08-12,5249.04
2011-08-15,5377.13
2011-08-16,5366.31
2011-08-17,5417.78
2011-08-18,5304.8
2011-08-19,5269.46
2011-08-22,5271.18
2011-08-23,5376.25
2011-08-24,5359.67
2011-08-25,5292.17
2011-08-26,5337.3
2011-08-29,5476.97
2011-08-30,5527.86
2011-08-31,5675.93
2011-09-01,5809.35
2011-09-02,5681.54
2011-09-05,5534.07
2011-09-06,5707.79
2011-09-08,5806.38
2011-09-09,5641.67
2011-09-12,5635.76
2011-09-13,5606.09
2011-09-14,5658.14
2011-09-15,5637.82
2011-09-16,5717.04
2011-09-19,5703.89
2011-09-20,5608.14
2011-09-21,5563.87
2011-09-22,5310.16
2011-09-23,5339.59
2011-09-26,5377.02
2011-09-27,5395.28
2011-09-28,5328.64
2011-09-29,5369.12
2011-09-30,5296.56
2011-10-03,5171.48
2011-10-04,5146.37
2011-10-05,5178.25
2011-10-06,5288.91
2011-10-07,5195.85
2011-10-10,5378.74
2011-10-11,5390.82
2011-10-13,5457.3
2011-10-14,5485.19
2011-10-17,5413.0
2011-10-18,5545.09
2011-10-19,5561.49
2011-10-20,5454.01
2011-10-21,5567.18
2011-10-24,5667.56
2011-10-25,5603.8
2011-10-26,5675.42
2011-10-27,5806.52
2011-10-28,5830.12
2011-10-31,5737.74
2011-11-01,5646.56
2011-11-03,5703.77
2011-11-04,5747.15
2011-11-07,5792.28
2011-11-08,5780.76
2011-11-09,5661.38
2011-11-10,5652.3
2011-11-11,5775.5
2011-11-14,5737.32
2011-11-16,5767.0
2011-11-17,5617.41
2011-11-18,5577.49
2011-11-21,5555.97
2011-11-22,5529.59
2011-11-23,5438.37
2011-11-24,5502.99
2011-11-25,5525.14
2011-11-28,5624.26
2011-11-29,5548.76
2011-11-30,5707.19
2011-12-01,5800.77
2011-12-02,5709.42
2011-12-05,5813.88
2011-12-06,5894.76
2011-12-07,5822.96
2011-12-08,5714.4
2011-12-09,5758.7
2011-12-12,5702.97
2011-12-13,5727.55
2011-12-14,5660.37
2011-12-15,5680.41
2011-12-16,5688.48
2011-12-19,5641.95
2011-12-20,5734.34
2011-12-21,5727.8
2011-12-22,5758.05
2011-12-23,5798.03
2011-12-26,5807.64
2011-12-27,5851.55
2011-12-28,5742.1
2011-12-29,5756.3
2012-01-02,5806.47
2012-01-03,5893.27
2012-01-04,5903.11
2012-01-05,5850.92
2012-01-06,5854.57
2012-01-09,5879.3
2012-01-10,5899.41
2012-01-11,5892.55
2012-01-12,5887.16
2012-01-13,5839.25
2012-01-16,5887.59
2012-01-17,5933.82
2012-01-18,6022.76
2012-01-19,6060.76
2012-01-20,6100.78
2012-01-23,6072.32
2012-01-24,6079.73
2012-01-26,6123.4
2012-01-27,6115.12
2012-01-30,6121.27
2012-01-31,6170.31
2012-02-01,6285.25
2012-02-02,6289.9
2012-02-03,6343.79
2012-02-06,6328.59
2012-02-07,6417.61
2012-02-08,6398.37
2012-02-09,6393.57
2012-02-10,6367.08
2012-02-13,6443.66
2012-02-14,6426.8
2012-02-15,6533.61
2012-02-16,6601.86
2012-02-17,6641.47
2012-02-22,6653.26
2012-02-23,6588.84
2012-02-24,6609.95
2012-02-27,6580.69
2012-02-28,6640.09
2012-02-29,6679.79
2012-03-01,6780.05
2012-03-02,6824.28
2012-03-05,6810.61
2012-03-06,6696.01
2012-03-07,6756.18
2012-03-08,6862.75
2012-03-09,6871.15
2012-03-12,6859.0
2012-03-13,6998.63
2012-03-14,7012.8
2012-03-15,6965.97
2012-03-16,6952.51
2012-03-19,6970.03
2012-03-20,6925.05
2012-03-21,6909.19
2012-03-22,6830.71
2012-03-23,6848.89
2012-03-26,6982.33
2012-03-27,6953.55
2012-03-28,6867.2
2012-03-29,6856.52
2012-03-30,6834.11
2012-04-02,6945.71
2012-04-03,6916.22
2012-04-04,6901.16
2012-04-05,6938.22
2012-04-09,6867.37
2012-04-10,6788.76
2012-04-11,6732.59
2012-04-12,6823.53
2012-04-13,6736.04
2012-04-16,6752.49
2012-04-17,6855.64
2012-04-18,6915.17
2012-04-19,6911.24
2012-04-20,6882.6
2012-04-23,6797.57
2012-04-24,6859.83
2012-04-25,6873.28
2012-04-26,6928.08
2012-04-27,6927.29
2012-04-30,6942.72
2012-05-02,6985.16
2012-05-03,6927.48
2012-05-04,6823.07
2012-05-07,6868.47
2012-05-08,6773.95
2012-05-09,6741.19
2012-05-10,6777.28
2012-05-11,6792.94
2012-05-14,6614.09
2012-05-15,6496.67
2012-05-16,6475.9
2012-05-17,6336.59
2012-05-18,6314.59
2012-05-21,6421.65
2012-05-22,6323.73
2012-05-23,6216.57
2012-05-24,6159.06
2012-05-25,6215.1
2012-05-28,6320.31
2012-05-29,6242.91
2012-05-30,6200.86
2012-05-31,6273.76
2012-06-01,6193.75
2012-06-04,6210.19
2012-06-05,6134.8
2012-06-06,6292.68
2012-06-08,6296.4
2012-06-11,6278.51
2012-06-12,6416.58
2012-06-13,6427.62
2012-06-14,6421.1
2012-06-15,6436.17
2012-06-18,6465.77
2012-06-19,6561.76
2012-06-20,6552.72
2012-06-21,6401.86
2012-06-22,6372.47
2012-06-25,6316.64
2012-06-26,6330.03
2012-06-27,6337.43
2012-06-28,6344.49
2012-06-29,6466.25
2012-07-02,6474.15
2012-07-03,6551.29
2012-07-04,6572.21
2012-07-05,6563.29
2012-07-06,6488.64
2012-07-10,6353.6
2012-07-11,6305.7
2012-07-12,6308.58
2012-07-13,6331.17
2012-07-16,6299.39
2012-07-17,6377.55
2012-07-18,6404.79
2012-07-19,6462.37
2012-07-20,6369.98
2012-07-23,6292.83
2012-07-24,6256.43
2012-07-25,6251.45
2012-07-26,6383.88
2012-07-27,6588.4
2012-07-30,6645.75
2012-07-31,6553.71
2012-08-01,6524.83
2012-08-02,6480.0
2012-08-03,6634.48
2012-08-06,6720.83
2012-08-07,6633.08
2012-08-08,6708.62
2012-08-09,6670.21
2012-08-10,6725.41
2012-08-13,6713.79
2012-08-14,6663.17
2012-08-15,6652.64
2012-08-16,6744.09
2012-08-17,6685.63
2012-08-20,6679.75
2012-08-21,6651.75
2012-08-22,6707.14
2012-08-23,6673.27
2012-08-24,6683.47
2012-08-27,6666.73
2012-08-28,6694.65
2012-08-29,6589.62
2012-08-30,6576.73
2012-08-31,6540.17
2012-09-03,6594.49
2012-09-04,6504.57
2012-09-05,6598.77
2012-09-06,6688.58
2012-09-10,6634.79
2012-09-11,6653.94
2012-09-12,6575.08
2012-09-13,6722.17
2012-09-14,6733.55
2012-09-17,6739.67
2012-09-18,6750.09
2012-09-19,6758.67
2012-09-20,6768.45
2012-09-21,6765.33
2012-09-24,6792.08
2012-09-25,6702.01
2012-09-26,6701.8
2012-09-27,6681.59
2012-09-28,6625.82
2012-10-01,6675.62
2012-10-02,6652.46
2012-10-03,6587.96
2012-10-04,6603.44
2012-10-05,6693.27
2012-10-08,6758.47
2012-10-09,6724.01
2012-10-10,6696.15
2012-10-11,6752.43
2012-10-15,6758.49
2012-10-16,6763.28
2012-10-17,6777.33
2012-10-18,6755.15
2012-10-19,6699.36
2012-10-22,6694.03
2012-10-23,6627.86
2012-10-24,6588.92
2012-10-25,6592.45
2012-10-26,6562.54
2012-10-29,6582.15
2012-10-30,6634.73
2012-10-31,6582.41
2012-11-01,6700.72
2012-11-05,6686.75
2012-11-06,6763.93
2012-11-07,6718.66
2012-11-08,6665.74
2012-11-09,6623.9
2012-11-12,6602.02
2012-11-13,6655.11
2012-11-14,6558.65
2012-11-16,6508.98
2012-11-19,6599.5
2012-11-21,6609.36
2012-11-22,6602.52
2012-11-23,6707.89
2012-11-26,6661.42
2012-11-27,6602.74
2012-11-28,6658.78
2012-11-29,6717.23
2012-11-30,6655.65
2012-12-03,6710.16
2012-12-04,6677.3
2012-12-05,6623.13
2012-12-06,6679.69
2012-12-07,6723.47
2012-12-10,6753.12
2012-12-11,6785.82
2012-12-12,6768.28
2012-12-13,6751.86
2012-12-14,6749.76
2012-12-17,6774.24
2012-12-18,6848.36
2012-12-19,6864.72
2012-12-20,6885.71
2012-12-21,6885.88
2012-12-26,6877.78
2012-12-27,6891.51
2012-12-28,6954.27
2013-01-02,7073.89
2013-01-03,7103.24
2013-01-04,7062.15
2013-01-07,7010.39
2013-01-08,6933.3
2013-01-09,6996.54
2013-01-10,7002.17
2013-01-11,6977.94
2013-01-14,7003.31
2013-01-15,6956.12
2013-01-16,6984.45
2013-01-17,7060.74
2013-01-18,7047.74
2013-01-21,7074.11
2013-01-22,7030.71
2013-01-23,7101.1
2013-01-24,7027.26
2013-01-28,6964.65
2013-01-29,7033.72
2013-01-30,6981.71
2013-01-31,7028.86
2013-02-01,7079.11
2013-02-04,7050.8
2013-02-05,7074.29
2013-02-06,7061.06
2013-02-07,7016.86
2013-02-08,6980.37
2013-02-13,7007.77
2013-02-14,6997.47
2013-02-15,6931.79
2013-02-18,6886.89
2013-02-19,6885.52
2013-02-20,6814.2
2013-02-21,6810.47
2013-02-22,6873.32
2013-02-25,6893.86
2013-02-26,6934.0
2013-02-27,6975.38
2013-02-28,6981.92
2013-03-01,6936.82
2013-03-04,6931.18
2013-03-05,6877.23
2013-03-06,6978.72
2013-03-07,6993.29
2013-03-08,7007.95
2013-03-11,7008.86
2013-03-12,7005.21
2013-03-13,6966.35
2013-03-14,6943.32
2013-03-15,6887.65
2013-03-18,6896.32
2013-03-19,6846.11
2013-03-20,6784.54
2013-03-21,6739.92
2013-03-22,6721.36
2013-03-25,6710.35
2013-03-26,6837.98
2013-03-27,6861.66
2013-03-28,6914.46
2013-04-01,6894.78
2013-04-02,6819.12
2013-04-03,6863.38
2013-04-04,6800.85
2013-04-05,6846.05
2013-04-08,6897.32
2013-04-09,6938.56
2013-04-10,6978.5
2013-04-11,6908.46
2013-04-12,6834.9
2013-04-15,6650.14
2013-04-16,6777.62
2013-04-17,6699.87
2013-04-18,6820.34
2013-04-19,6878.91
2013-04-22,6877.07
2013-04-23,6966.12
2013-04-24,6952.05
2013-04-25,6925.97
2013-04-26,6819.65
2013-04-29,6831.74
2013-04-30,6975.7
2013-05-02,6921.84
2013-05-03,6930.4
2013-05-06,6914.22
2013-05-07,6983.46
2013-05-08,6968.58
2013-05-09,6960.85
2013-05-10,6959.01
2013-05-13,6903.67
2013-05-14,6942.92
2013-05-15,6960.38
2013-05-16,6969.99
2013-05-17,7000.56
2013-05-20,7046.91
2013-05-21,7088.23
2013-05-22,7097.71
2013-05-23,7067.23
2013-05-24,7066.4
2013-05-27,7073.69
2013-05-28,7065.4
2013-05-29,6954.52
2013-05-31,6853.17
2013-06-03,6851.45
2013-06-04,6868.55
2013-06-05,6784.84
2013-06-06,6757.9
2013-06-07,6674.12
2013-06-10,6611.83
2013-06-11,6471.36
2013-06-12,6418.51
2013-06-13,6491.83
2013-06-14,6417.71
2013-06-17,6457.73
2013-06-18,6508.93
2013-06-19,6368.53
2013-06-20,6379.49
2013-06-21,6275.14
2013-06-24,6154.14
2013-06-25,6239.79
2013-06-26,6319.01
2013-06-27,6445.7
2013-06-28,6461.78
2013-07-01,6503.54
2013-07-02,6321.86
2013-07-03,6305.06
2013-07-04,6338.19
2013-07-05,6321.32
2013-07-08,6314.89
2013-07-10,6361.91
2013-07-11,6481.23
2013-07-12,6383.64
2013-07-15,6504.02
2013-07-16,6509.4
2013-07-17,6526.08
2013-07-18,6568.82
2013-07-19,6544.87
2013-07-22,6647.22
2013-07-23,6642.46
2013-07-24,6599.0
2013-07-25,6667.66
2013-07-26,6682.36
2013-07-29,6676.02
2013-07-30,6615.99
2013-07-31,6596.23
2013-08-01,6679.93
2013-08-02,6629.91
2013-08-05,6635.71
2013-08-06,6518.9
2013-08-07,6502.63
2013-08-08,6630.51
2013-08-09,6731.02
2013-08-12,6737.42
2013-08-13,6773.33
2013-08-14,6783.1
2013-08-15,6735.83
2013-08-16,6802.94
2013-08-19,6811.91
2013-08-20,6721.26
2013-08-21,6712.31
2013-08-22,6759.28
2013-08-23,6818.61
2013-08-26,6746.96
2013-08-27,6639.65
2013-08-28,6643.73
2013-08-29,6715.97
2013-08-30,6768.6
2013-09-02,6910.69
2013-09-03,6818.35
2013-09-04,6840.44
2013-09-05,6900.37
2013-09-06,6969.42
2013-09-09,7105.99
2013-09-10,7124.55
2013-09-11,7063.26
2013-09-12,7012.93
2013-09-13,7065.95
2013-09-16,7070.2
2013-09-17,7079.11
2013-09-18,7222.07
2013-09-19,7181.12
2013-09-20,7053.75
2013-09-23,7115.16
2013-09-24,7141.89
2013-09-25,7107.37
2013-09-26,7105.57
2013-09-27,7137.84
2013-09-30,7027.57
2013-10-01,7135.26
2013-10-02,7140.1
2013-10-03,7070.1
2013-10-04,7129.77
2013-10-07,7132.63
2013-10-08,7137.05
2013-10-09,7198.59
2013-10-10,7239.07
2013-10-11,7317.41
2013-10-14,7408.46
2013-10-15,7387.61
2013-10-16,7384.54
2013-10-17,7350.29
2013-10-18,7347.02
2013-10-21,7390.69
2013-10-22,7457.03
2013-10-23,7395.74
2013-10-24,7353.0
2013-10-25,7307.03
2013-10-28,7355.42
2013-10-29,7311.8
2013-10-30,7319.87
2013-10-31,7367.42
2013-11-01,7367.15
2013-11-04,7386.75
2013-11-05,7325.82
2013-11-06,7246.37
2013-11-07,7219.87
2013-11-08,7185.69
2013-11-11,7233.41
2013-11-12,7176.32
2013-11-13,7214.0
2013-11-14,7365.0
2013-11-18,7438.58
2013-11-19,7295.93
2013-11-21,7295.44
2013-11-22,7320.6
2013-11-25,7271.39
2013-11-26,7237.54
2013-11-27,7277.01
2013-11-28,7282.57
2013-11-29,7337.57
2013-12-02,7249.02
2013-12-03,7105.54
2013-12-04,7064.58
2013-12-05,7152.84
2013-12-06,7159.82
2013-12-09,7195.37
2013-12-10,7171.49
2013-12-11,7084.4
2013-12-12,7066.52
2013-12-13,7048.39
2013-12-16,7079.07
2013-12-17,7104.54
2013-12-18,7140.06
2013-12-19,7276.85
2013-12-20,7284.24
2013-12-23,7314.12
2013-12-26,7288.05
2013-12-27,7288.99
2013-12-30,7317.46
2014-01-02,7179.01
2014-01-03,7250.95
2014-01-06,7207.71
2014-01-07,7179.63
2014-01-08,7174.53
2014-01-09,7038.17
2014-01-10,7065.58
2014-01-13,7042.94
2014-01-14,7084.53
2014-01-15,7121.82
2014-01-16,7095.63
2014-01-17,7016.42
2014-01-20,6981.89
2014-01-21,6944.4
2014-01-22,7047.29
2014-01-23,6946.21
2014-01-24,6870.29
2014-01-27,6824.01
2014-01-28,6842.59
2014-01-29,6814.89
2014-01-30,6776.81
2014-01-31,6792.67
2014-02-03,6597.26
2014-02-04,6682.78
2014-02-05,6595.69
2014-02-06,6709.66
2014-02-07,6771.04
2014-02-10,6676.73
2014-02-11,6776.0
2014-02-12,6757.54
2014-02-13,6722.81
2014-02-14,6778.87
2014-02-17,6675.1
2014-02-18,6492.43
2014-02-19,6563.5
2014-02-20,6607.82
2014-02-21,6595.96
2014-02-24,6603.5
2014-02-25,6542.69
2014-02-26,6591.68
2014-02-27,6727.94
2014-02-28,6671.06
2014-03-05,6675.06
2014-03-06,6717.55
2014-03-07,6614.08
2014-03-10,6532.38
2014-03-11,6573.34
2014-03-12,6581.2
2014-03-13,6541.74
2014-03-14,6513.91
2014-03-17,6534.16
2014-03-18,6691.1
2014-03-19,6709.39
2014-03-20,6739.28
2014-03-21,6751.57
2014-03-24,6789.64
2014-03-25,6795.03
2014-03-26,6748.98
2014-03-27,6941.49
2014-03-28,6959.7
2014-03-31,7024.91
2014-04-01,6972.34
2014-04-02,7113.11
2014-04-03,7065.21
2014-04-04,7037.53
2014-04-07,7069.52
2014-04-08,7044.17
2014-04-09,7013.06
2014-04-10,7005.18
2014-04-11,7081.35
2014-04-14,7054.51
2014-04-15,6925.56
2014-04-16,7032.25
2014-04-17,7122.85
2014-04-22,7101.39
2014-04-23,7035.28
2014-04-24,7012.18
2014-04-25,6978.52
2014-04-28,6976.25
2014-04-29,7029.09
2014-04-30,7054.61
2014-05-02,7200.58
2014-05-05,7252.65
2014-05-06,7272.38
2014-05-07,7293.0
2014-05-08,7268.04
2014-05-09,7226.31
2014-05-12,7332.6
2014-05-13,7323.24
2014-05-14,7356.87
2014-05-15,7278.36
2014-05-16,7304.55
2014-05-19,7199.8
2014-05-20,7092.04
2014-05-21,7107.63
2014-05-22,7188.6
2014-05-23,7167.11
2014-05-26,7237.0
2014-05-27,7126.1
2014-05-28,7181.24
2014-05-29,7157.52
2014-05-30,7096.18
2014-06-02,7137.49
2014-06-03,7210.03
2014-06-04,7226.79
2014-06-05,7199.14
2014-06-06,7315.55
2014-06-09,7467.12
2014-06-10,7509.82
2014-06-11,7509.49
2014-06-13,7447.39
2014-06-16,7452.29
2014-06-17,7478.73
2014-06-18,7562.66
2014-06-20,7489.47
2014-06-23,7432.33
2014-06-24,7491.3
2014-06-25,7434.35
2014-06-26,7413.48
2014-06-27,7380.04
2014-06-30,7379.07
2014-07-01,7333.69
2014-07-02,7340.81
2014-07-03,7452.52
2014-07-04,7511.66
2014-07-07,7476.8
2014-07-08,7440.52
2014-07-10,7490.4
2014-07-11,7532.96
2014-07-14,7614.81
2014-07-15,7623.23
2014-07-16,7602.92
2014-07-17,7560.66
2014-07-18,7631.8
2014-07-21,7713.82
2014-07-22,7787.99
2014-07-23,7708.84
2014-07-24,7772.1
2014-07-25,7727.42
2014-07-28,7747.29
2014-07-29,7646.38
2014-07-30,7608.58
2014-07-31,7487.14
2014-08-01,7557.37
2014-08-04,7633.28
2014-08-05,7532.55
2014-08-06,7542.51
2014-08-07,7536.64
2014-08-08,7496.89
2014-08-11,7587.82
2014-08-12,7588.5
2014-08-13,7533.58
2014-08-14,7539.22
2014-08-15,7615.26
2014-08-18,7682.29
2014-08-19,7740.7
2014-08-20,7800.66
2014-08-21,7820.53
2014-08-22,7751.62
2014-08-25,7880.62
2014-08-26,7914.75
2014-08-27,8020.58
2014-08-28,7933.22
2014-08-29,8043.45
2014-09-01,7972.59
2014-09-02,8035.78
2014-09-03,8081.12
2014-09-04,8043.97
2014-09-05,8010.63
2014-09-08,7842.86
2014-09-09,7750.0
2014-09-10,7740.21
2014-09-11,7775.41
2014-09-12,7626.85
2014-09-15,7695.77
2014-09-16,7794.38
2014-09-17,7748.04
2014-09-18,7676.17
2014-09-19,7667.65
2014-09-22,7536.33
2014-09-23,7529.29
2014-09-24,7546.04
2014-09-25,7465.99
2014-09-26,7591.34
2014-09-29,7397.8
2014-09-30,7385.04
2014-10-01,7270.45
2014-10-02,7300.02
2014-10-03,7406.81
2014-10-06,7647.49
2014-10-07,7640.34
2014-10-08,7641.61
2014-10-09,7627.06
2014-10-10,7419.62
2014-10-13,7580.87
2014-10-14,7593.58
2014-10-15,7454.45
2014-10-16,7263.43
2014-10-17,7432.52
2014-10-20,7301.28
2014-10-21,7074.01
2014-10-22,7103.67
2014-10-23,6930.74
2014-10-24,7072.45
2014-10-27,6996.54
2014-10-28,7209.07
2014-10-29,7133.71
2014-10-30,7244.16
2014-10-31,7589.2
2014-11-03,7497.84
2014-11-04,7559.69
2014-11-05,7493.64
2014-11-06,7392.38
2014-11-07,7450.31
2014-11-10,7402.27
2014-11-11,7401.87
2014-11-12,7460.29
2014-11-13,7326.57
2014-11-14,7329.19
2014-11-17,7283.61
2014-11-18,7388.46
2014-11-19,7526.44
2014-11-21,7732.39
2014-11-24,7646.14
2014-11-25,7617.15
2014-11-26,7593.72
2014-11-27,7620.68
2014-11-28,7661.64
2014-12-01,7330.22
2014-12-02,7260.22
2014-12-03,7357.11
2014-12-04,7243.15
2014-12-05,7274.26
2014-12-08,7093.71
2014-12-09,7074.97
2014-12-10,7054.85
2014-12-11,7075.7
2014-12-12,6879.0
2014-12-15,6825.77
2014-12-16,6813.31
2014-12-17,7044.14
2014-12-18,7013.61
2014-12-19,7147.01
2014-12-22,7173.71
2014-12-23,7258.69
2014-12-26,7174.94
2014-12-29,7283.83
2014-12-30,7194.13
2015-01-02,6996.63
2015-01-05,6858.89
2015-01-06,6901.35
2015-01-07,7076.95
2015-01-08,7081.49
2015-01-09,6907.32
2015-01-12,6835.89
2015-01-13,6810.96
2015-01-14,6780.27
2015-01-15,6849.15
2015-01-16,6993.86
2015-01-19,6797.13
2015-01-20,6819.06
2015-01-21,6997.86
2015-01-22,6989.26
2015-01-23,6942.98
2015-01-26,6896.2
2015-01-27,6889.0
2015-01-28,6862.62
2015-01-29,6938.39
2015-01-30,6811.44
2015-02-02,6920.07
2015-02-03,6974.14
2015-02-04,6945.11
2015-02-05,6992.43
2015-02-06,6961.48
2015-02-09,7015.71
2015-02-10,6929.44
2015-02-11,6942.24
2015-02-12,7055.6
2015-02-13,7186.08
2015-02-18,7293.84
2015-02-19,7326.9
2015-02-20,7295.4
2015-02-23,7308.27
2015-02-24,7347.49
2015-02-25,7398.51
2015-02-26,7461.37
2015-02-27,7442.45
2015-03-02,7399.77
2015-03-03,7396.59
2015-03-04,7318.62
2015-03-05,7336.04
2015-03-06,7326.98
2015-03-09,7232.65
2015-03-10,7208.76
2015-03-11,7217.24
2015-03-12,7278.43
2015-03-13,7241.54
2015-03-16,7261.04
2015-03-17,7409.06
2015-03-18,7539.79
2015-03-19,7505.45
2015-03-20,7655.52
2015-03-23,7649.72
2015-03-24,7605.05
2015-03-25,7673.46
2015-03-26,7540.54
2015-03-27,7482.12
2015-03-30,7647.48
2015-03-31,7623.45
2015-04-01,7749.85
2015-04-02,7819.24
2015-04-06,7903.18
2015-04-07,7842.53
2015-04-08,7853.45
2015-04-09,7877.15
2015-04-10,7906.31
2015-04-13,7893.41
2015-04-14,7803.38
2015-04-15,7881.04
2015-04-16,7877.2
2015-04-17,7770.85
2015-04-20,7764.98
2015-04-22,7844.04
2015-04-23,7944.92
2015-04-24,7935.49
2015-04-27,7828.72
2015-04-28,7870.15
2015-04-29,7816.73
2015-04-30,7966.23
2015-05-04,8076.72
2015-05-05,8128.9
2015-05-06,8097.05
2015-05-07,8066.44
2015-05-08,8140.61
2015-05-11,8122.88
2015-05-12,8085.78
2015-05-13,8043.62
2015-05-14,8096.62
2015-05-15,8145.55
2015-05-18,8053.63
2015-05-19,8048.26
2015-05-20,8026.04
2015-05-21,8033.66
2015-05-22,7964.88
2015-05-25,8005.38
2015-05-26,7879.53
2015-05-27,7952.28
2015-05-28,7925.2
2015-05-29,7763.06
2015-06-01,7835.15
2015-06-02,7930.41
2015-06-03,7868.69
2015-06-05,7841.78
2015-06-08,7827.71
2015-06-09,7819.79
2015-06-10,7899.95
2015-06-11,7859.96
2015-06-12,7822.99
2015-06-15,7801.62
2015-06-16,7808.84
2015-06-17,7777.31
2015-06-18,7865.26
2015-06-19,7828.24
2015-06-22,7853.53
2015-06-23,7804.72
2015-06-24,7757.09
2015-06-25,7683.45
2015-06-26,7775.91
2015-06-29,7646.07
2015-06-30,7672.22
2015-07-01,7630.88
2015-07-02,7682.35
2015-07-03,7651.62
2015-07-06,7635.14
2015-07-07,7686.84
2015-07-08,7649.23
2015-07-10,7700.43
2015-07-13,7748.19
2015-07-14,7758.46
2015-07-15,7752.31
2015-07-16,7782.06
2015-07-17,7681.65
2015-07-20,7607.29
2015-07-21,7616.8
2015-07-22,7614.36
2015-07-23,7516.32
2015-07-24,7422.3
2015-07-27,7341.7
2015-07-28,7424.46
2015-07-29,7436.17
2015-07-30,7503.22
2015-07-31,7661.67
2015-08-03,7562.9
2015-08-04,7594.67
2015-08-05,7630.94
2015-08-06,7526.58
2015-08-07,7353.9
2015-08-10,7411.81
2015-08-11,7395.59
2015-08-12,7334.88
2015-08-13,7351.63
2015-08-14,7280.05
2015-08-17,7263.62
2015-08-18,7275.45
2015-08-19,7206.19
2015-08-20,7208.4
2015-08-21,7037.35
2015-08-24,6828.63
2015-08-25,6862.09
2015-08-26,7052.61
2015-08-27,7216.96
2015-08-28,7172.6
2015-08-31,7125.63
2015-09-01,7012.3
2015-09-02,7153.84
2015-09-03,7259.92
2015-09-04,7219.76
2015-09-08,7224.36
2015-09-09,7179.69
2015-09-10,7239.88
2015-09-11,7290.06
2015-09-14,7416.48
2015-09-15,7393.93
2015-09-16,7521.2
2015-09-17,7538.39
2015-09-18,7367.38
2015-09-21,7319.27
2015-09-22,7289.65
2015-09-23,7185.49
2015-09-24,7149.49
2015-09-25,7138.58
2015-09-28,7060.45
2015-09-29,7070.03
2015-09-30,7202.9
2015-10-01,7200.65
2015-10-02,7387.33
2015-10-05,7451.09
2015-10-06,7407.56
2015-10-07,7503.38
2015-10-08,7525.29
2015-10-09,7515.45
2015-10-13,7436.38
2015-10-14,7348.25
2015-10-15,7400.86
2015-10-16,7456.25
2015-10-19,7496.79
2015-10-20,7466.28
2015-10-21,7446.13
2015-10-22,7556.68
2015-10-23,7524.18
2015-10-26,7489.75
2015-10-27,7533.18
2015-10-28,7448.22
2015-10-29,7296.73
2015-10-30,7328.16
2015-11-03,7596.21
2015-11-04,7636.23
2015-11-05,7683.38
2015-11-06,7552.9
2015-11-09,7496.63
2015-11-10,7509.89
2015-11-11,7655.38
2015-11-12,7644.76
2015-11-13,7643.18
2015-11-16,7634.91
2015-11-17,7683.94
2015-11-18,7726.01
2015-11-19,7801.2
2015-11-23,7819.23
2015-11-24,7808.51
2015-11-25,7680.72
2015-11-26,7706.14
2015-11-27,7558.17
2015-11-30,7371.6
2015-12-01,7334.55
2015-12-02,7371.41
2015-12-03,7523.88
2015-12-04,7374.04
2015-12-07,7401.84
2015-12-08,7264.26
2015-12-09,7407.86
2015-12-10,7366.03
2015-12-11,7339.13
2015-12-14,7253.12
2015-12-15,7228.46
2015-12-16,7251.93
2015-12-17,7296.09
2015-12-18,7133.6
2015-12-21,7087.54
2015-12-22,7106.83
2015-12-23,7207.94
2015-12-28,7205.81
2015-12-29,7173.84
2015-12-30,7149.03
2016-01-04,6911.55
2016-01-05,6963.8
2016-01-06,6882.56
2016-01-07,6698.28
2016-01-08,6696.54
2016-01-11,6632.65
2016-01-12,6649.82
2016-01-13,6574.85
2016-01-14,6580.71
2016-01-15,6485.13
2016-01-18,6428.67
2016-01-19,6449.23
2016-01-20,6367.42
2016-01-21,6417.16
2016-01-22,6481.87
2016-01-26,6343.27
2016-01-27,6470.09
2016-01-28,6539.31
2016-01-29,6851.61
2016-02-01,6867.23
2016-02-02,6621.32
2016-02-03,6708.68
2016-02-04,6836.05
2016-02-05,6809.33
2016-02-10,6790.59
2016-02-11,6633.74
2016-02-12,6674.77
2016-02-15,6718.05
2016-02-16,6880.47
2016-02-17,6965.95
2016-02-18,7014.11
2016-02-19,7001.08
2016-02-22,7214.51
2016-02-23,7108.62
2016-02-24,7062.09
2016-02-25,7074.09
2016-02-26,7029.82
2016-02-29,7196.98
2016-03-01,7322.21
2016-03-02,7366.5
2016-03-03,7463.04
2016-03-04,7572.34
2016-03-07,7591.43
2016-03-08,7569.44
2016-03-09,7609.89
2016-03-10,7709.46
2016-03-11,7672.12
2016-03-14,7596.5
2016-03-15,7427.73
2016-03-16,7558.04
2016-03-17,7858.55
2016-03-18,7858.03
2016-03-21,7921.33
2016-03-22,7929.26
2016-03-23,7802.81
2016-03-24,7800.35
2016-03-28,7874.88
2016-03-29,7886.24
2016-03-30,7891.15
2016-03-31,7733.19
2016-04-01,7810.2
2016-04-04,7583.08
2016-04-05,7595.22
2016-04-06,7468.62
2016-04-07,7532.86
2016-04-08,7663.76
2016-04-11,7579.6
2016-04-12,7738.19
2016-04-13,7933.15
2016-04-14,7922.86
2016-04-15,8018.92
2016-04-18,7967.57
2016-04-19,8062.1
2016-04-20,8044.0
2016-04-22,7977.78
2016-04-25,7900.47
2016-04-26,7993.54
2016-04-27,8163.69
2016-04-28,8139.05
2016-04-29,8052.25
2016-05-02,8043.14
2016-05-03,7932.94
2016-05-04,7954.36
2016-05-05,7855.12
2016-05-06,7836.64
2016-05-09,7757.21
2016-05-10,8008.82
2016-05-11,7940.65
2016-05-12,8076.62
2016-05-13,7927.95
2016-05-16,7958.7
2016-05-17,7847.5
2016-05-18,7804.98
2016-05-19,7754.42
2016-05-20,7762.47
2016-05-23,7674.85
2016-05-24,7685.33
2016-05-25,7665.0
2016-05-27,7634.41
2016-05-30,7613.81
2016-05-31,7622.01
2016-06-01,7686.13
2016-06-02,7847.39
2016-06-03,7936.87
2016-06-06,7897.08
2016-06-07,7871.15
2016-06-08,7977.95
2016-06-09,7912.17
2016-06-10,7736.66
2016-06-13,7789.79
2016-06-14,7631.98
2016-06-15,7667.45
2016-06-16,7735.64
2016-06-17,7736.05
2016-06-20,7850.75
2016-06-21,7972.77
2016-06-22,7834.19
2016-06-23,8039.78
2016-06-24,7856.33
2016-06-27,7787.03
2016-06-28,7794.04
2016-06-29,7918.48
2016-06-30,7965.67
2016-07-01,8053.73
2016-07-04,8155.76
2016-07-05,8069.32
2016-07-06,8053.74
2016-07-07,8055.47
2016-07-08,8193.01
2016-07-11,8286.43
2016-07-12,8338.01
2016-07-13,8361.01
2016-07-14,8436.91
2016-07-15,8467.44
2016-07-18,8567.65
2016-07-19,8633.81
2016-07-20,8581.88
2016-07-21,8611.12
2016-07-22,8703.91
2016-07-25,8662.82
2016-07-26,8641.98
2016-07-27,8655.75
2016-07-28,8706.7
2016-07-29,8807.42
2016-08-01,8770.13
2016-08-02,8647.71
2016-08-03,8691.14
2016-08-04,8767.37
2016-08-05,8813.3
2016-08-08,8810.57
2016-08-09,8810.66
2016-08-10,8739.35
2016-08-11,8910.08
2016-08-12,8875.97
2016-08-15,8972.36
2016-08-16,8901.1
2016-08-17,8934.92
2016-08-18,8885.82
2016-08-19,8907.19
2016-08-22,8733.81
2016-08-23,8748.89
2016-08-24,8741.88
2016-08-25,8728.05
2016-08-26,8721.52
2016-08-29,8851.23
2016-08-30,8820.43
2016-08-31,8769.32
2016-09-01,8802.15
2016-09-02,8986.58
2016-09-05,8946.88
2016-09-06,9037.79
2016-09-08,9083.53
2016-09-09,8814.4
2016-09-12,8861.85
2016-09-13,8684.43
2016-09-14,8684.29
2016-09-15,8764.32
2016-09-16,8675.17
2016-09-19,8711.19
2016-09-20,8740.85
2016-09-21,8803.33
2016-09-22,8866.22
2016-09-23,8844.63
2016-09-26,8762.12
2016-09-27,8794.12
2016-09-28,8922.29
2016-09-29,8797.08
2016-09-30,8781.94
2016-10-03,8924.62
2016-10-04,8887.85
2016-10-05,9022.19
2016-10-06,9032.95
2016-10-07,9055.23
2016-10-10,9105.77
2016-10-11,9040.84
2016-10-13,9037.31
2016-10-14,9083.13
2016-10-17,9159.53
2016-10-18,9292.51
2016-10-19,9234.12
2016-10-20,9233.75
2016-10-21,9259.88
2016-10-24,9239.16
2016-10-25,9207.57
2016-10-26,9128.88
2016-10-27,9127.81
2016-10-28,9178.42
2016-10-31,9247.58
2016-11-01,9031.62
2016-11-03,8819.96
2016-11-04,8773.97
2016-11-07,9042.7
2016-11-08,9051.68
2016-11-09,8941.11
2016-11-10,8662.01
2016-11-11,8414.47
2016-11-14,8525.09
2016-11-16,8657.59
2016-11-17,8606.42
2016-11-18,8622.91
2016-11-21,8681.76
2016-11-22,8778.95
2016-11-23,8754.83
2016-11-24,8734.44
2016-11-25,8744.77
2016-11-28,8892.1
2016-11-29,8689.0
2016-11-30,8718.98
2016-12-01,8372.33
2016-12-02,8432.32
2016-12-05,8371.36
2016-12-06,8567.42
2016-12-07,8652.0
2016-12-08,8548.6
2016-12-09,8500.1
2016-12-12,8355.47
2016-12-13,8458.74
2016-12-14,8305.75
2016-12-15,8337.13
2016-12-16,8349.16
2016-12-19,8260.66
2016-12-20,8236.44
2016-12-21,8280.09
2016-12-22,8303.23
2016-12-23,8342.34
2016-12-26,8412.77
2016-12-27,8459.04
2016-12-28,8567.18
2016-12-29,8654.69
2017-01-02,8593.37
2017-01-03,8839.91
2017-01-04,8812.75
2017-01-05,8817.6
2017-01-06,8728.57
2017-01-09,8736.26
2017-01-10,8755.22
2017-01-11,8738.35
2017-01-12,8963.3
2017-01-13,8908.86
2017-01-16,8900.03
2017-01-17,8974.38
2017-01-18,8895.47
2017-01-19,8891.99
2017-01-20,8974.39
2017-01-23,9084.18
2017-01-24,9097.1
2017-01-26,9134.02
2017-01-27,9108.14
2017-01-30,8918.97
2017-01-31,8951.69
2017-02-01,8916.38
2017-02-02,8996.41
2017-02-03,9051.94
2017-02-06,8927.83
2017-02-07,8935.73
2017-02-08,8962.23
2017-02-09,8977.91
2017-02-10,9096.26
2017-02-13,9175.9
2017-02-14,9158.07
2017-02-15,9315.3
2017-02-16,9304.06
2017-02-17,9294.55
2017-02-20,9343.67
2017-02-21,9377.68
2017-02-22,9278.59
2017-02-23,9165.32
2017-02-24,9089.05
2017-03-01,9124.31
2017-03-02,9057.66
2017-03-03,9152.56
2017-03-06,9131.34
2017-03-07,9080.71
2017-03-08,8974.84
2017-03-09,8935.31
2017-03-10,9028.4
2017-03-13,9118.0
2017-03-14,8996.72
2017-03-15,9162.43
2017-03-16,9212.89
2017-03-17,9015.11
2017-03-20,9052.24
2017-03-21,8854.0
2017-03-22,8857.21
2017-03-23,8889.22
2017-03-24,8935.43
2017-03-27,8954.79
2017-03-28,9016.26
2017-03-29,9081.85
2017-03-30,9048.43
2017-03-31,9055.04
2017-04-03,9068.15
2017-04-04,9091.18
2017-04-05,9027.14
2017-04-06,8974.95
2017-04-07,9018.05
2017-04-10,8999.39
2017-04-11,9003.69
2017-04-12,8966.23
2017-04-13,8868.61
2017-04-17,9025.02
2017-04-18,9027.27
2017-04-19,8937.33
2017-04-20,9006.5
2017-04-24,9054.28
2017-04-25,9125.24
2017-04-26,9105.66
2017-04-27,9060.87
2017-04-28,9192.29
2017-05-02,9390.02
2017-05-03,9381.94
2017-05-04,9250.43
2017-05-05,9321.7
2017-05-08,9311.2
2017-05-09,9470.62
2017-05-10,9625.6
2017-05-11,9578.73
2017-05-12,9641.16
2017-05-15,9653.81
2017-05-16,9668.53
2017-05-17,9502.69
2017-05-18,8812.61
2017-05-19,8960.45
2017-05-22,8786.88
2017-05-23,8990.45
2017-05-24,9109.68
2017-05-25,9204.32
2017-05-26,9291.72
2017-05-29,9258.09
2017-05-30,9267.0
2017-05-31,9124.84
2017-06-01,9113.91
2017-06-02,9137.66
2017-06-05,9104.48
2017-06-06,9185.5
2017-06-07,9230.32
2017-06-08,9153.01
2017-06-09,9098.2
2017-06-12,8996.92
2017-06-13,8998.09
2017-06-14,8992.47
2017-06-16,8991.71
2017-06-19,9048.62
2017-06-20,8872.89
2017-06-21,8830.09
2017-06-22,8892.51
2017-06-23,8874.67
2017-06-26,8939.68
2017-06-27,8839.74
2017-06-28,8875.9
2017-06-29,8888.55
2017-06-30,9013.62
2017-07-03,9040.89
2017-07-04,9031.15
2017-07-05,9071.35
2017-07-06,8982.68
2017-07-07,8990.02
2017-07-10,9083.36
2017-07-11,9144.75
2017-07-12,9260.1
2017-07-13,9375.74
2017-07-14,9392.46
2017-07-17,9350.98
2017-07-18,9332.62
2017-07-19,9311.48
2017-07-20,9328.13
2017-07-21,9326.79
2017-07-24,9373.49
2017-07-25,9358.5
2017-07-26,9284.41
2017-07-27,9347.54
2017-07-28,9350.19
2017-07-31,9370.22
2017-08-01,9442.56
2017-08-02,9504.95
2017-08-03,9474.59
2017-08-04,9473.14
2017-08-07,9600.12
2017-08-08,9567.26
2017-08-09,9549.64
2017-08-10,9446.63
2017-08-11,9574.46
2017-08-14,9692.48
2017-08-15,9699.79
2017-08-16,9756.35
2017-08-17,9672.57
2017-08-18,9711.58
2017-08-21,9712.49
2017-08-22,9897.62
2017-08-23,9947.1
2017-08-24,10050.42
2017-08-25,10035.19
2017-08-28,10042.74
2017-08-29,10072.59
2017-08-30,10052.24
2017-08-31,10065.82
2017-09-01,10167.53
2017-09-04,10210.9
2017-09-05,10263.94
2017-09-06,10393.0
2017-09-08,10432.8
2017-09-11,10555.69
2017-09-12,10597.17
2017-09-13,10627.62
2017-09-14,10654.51
2017-09-15,10822.42
2017-09-18,10845.07
2017-09-19,10819.96
2017-09-20,10823.95
2017-09-21,10763.07
2017-09-22,10722.37
2017-09-25,10558.75
2017-09-26,10543.49
2017-09-27,10443.3
2017-09-28,10449.61
2017-09-29,10579.08
2017-10-02,10588.76
2017-10-03,10886.77
2017-10-04,10968.6
2017-10-05,10909.43
2017-10-06,10855.53
2017-10-09,10820.2
2017-10-10,10956.31
2017-10-11,10923.45
2017-10-13,10933.55
2017-10-16,10894.75
2017-10-17,10758.61
2017-10-18,10889.31
2017-10-19,10785.62
2017-10-20,10840.16
2017-10-23,10681.51
2017-10-24,10795.73
2017-10-25,10804.8
2017-10-26,10696.47
2017-10-27,10720.63
2017-10-30,10551.83
2017-10-31,10535.95
2017-11-01,10457.64
2017-11-03,10397.42
2017-11-06,10404.5
2017-11-07,10218.19
2017-11-08,10492.64
2017-11-09,10317.23
2017-11-10,10087.17
2017-11-13,10144.8
2017-11-14,10005.68
2017-11-16,10240.8
2017-11-17,10384.27
2017-11-21,10545.55
2017-11-22,10494.11
2017-11-23,10483.29
2017-11-24,10430.23
2017-11-27,10411.43
2017-11-28,10384.88
2017-11-29,10193.25
2017-11-30,10080.87
2017-12-01,10100.98
2017-12-04,10164.93
2017-12-05,10126.65
2017-12-06,10256.44
2017-12-07,10134.32
2017-12-08,10143.51
2017-12-11,10116.25
2017-12-12,10239.92
2017-12-13,10191.51
2017-12-14,10121.78
2017-12-15,10166.28
2017-12-18,10216.0
2017-12-19,10131.56
2017-12-20,10222.72
2017-12-21,10433.48
2017-12-22,10422.43
2017-12-26,10511.66
2017-12-27,10605.03
2017-12-28,10654.78
2018-01-02,10785.85
2018-01-03,10736.26
2018-01-04,10803.95
2018-01-05,10839.25
2018-01-08,10874.42
2018-01-09,10815.65
2018-01-10,10714.96
2018-01-11,10841.26
2018-01-12,10853.0
2018-01-15,10938.4
2018-01-16,10902.84
2018-01-17,11008.53
2018-01-18,10962.84
2018-01-19,10987.51
2018-01-22,10968.94
2018-01-23,10802.51
2018-01-24,11106.64
2018-01-26,11286.82
2018-01-29,11212.05
2018-01-30,11201.09
2018-01-31,11208.29
2018-02-01,11282.18
2018-02-02,11139.24
2018-02-05,10887.8
2018-02-06,11032.56
2018-02-07,10940.1
2018-02-08,10729.52
2018-02-09,10599.5
2018-02-14,10879.41
2018-02-15,10929.64
2018-02-16,10954.23
2018-02-19,11009.05
2018-02-20,11052.62
2018-02-21,11096.59
2018-02-22,11124.4
2018-02-23,11181.71
2018-02-26,11135.25
2018-02-27,11039.55
2018-02-28,10974.61
2018-03-01,10945.62
2018-03-02,10978.52
2018-03-05,10842.69
2018-03-06,10743.38
2018-03-07,10800.26
2018-03-08,10788.44
2018-03-09,10984.9
2018-03-12,11026.01
2018-03-13,10982.54
2018-03-14,10936.55
2018-03-15,10802.11
2018-03-16,10831.75
2018-03-19,10768.63
2018-03-20,10754.67
2018-03-21,10839.95
2018-03-22,10868.17
2018-03-23,10783.38
2018-03-26,10867.1
2018-03-27,10738.14
2018-03-28,10677.66
2018-03-29,10883.99
2018-04-02,10768.7
2018-04-03,10766.38
2018-04-04,10746.9
2018-04-05,10845.88
2018-04-06,10816.43
2018-04-09,10641.81
2018-04-10,10726.57
2018-04-11,10759.83
2018-04-12,10870.06
2018-04-13,10792.47
2018-04-16,10656.77
2018-04-17,10761.07
2018-04-18,10895.96
2018-04-19,10894.27
2018-04-20,10892.02
2018-04-23,10899.62
2018-04-24,10831.09
2018-04-25,10825.59
2018-04-26,10946.97
2018-04-27,10958.85
2018-04-30,10915.53
2018-05-02,10803.39
2018-05-03,10592.15
2018-05-04,10623.55
2018-05-07,10507.2
2018-05-08,10539.19
2018-05-09,10614.14
2018-05-10,10742.08
2018-05-11,10690.14
2018-05-14,10628.3
2018-05-15,10578.64
2018-05-16,10732.99
2018-05-17,10429.3
2018-05-18,10387.03
2018-05-21,10320.12
2018-05-22,10481.07
2018-05-23,10274.77
2018-05-24,10405.48
2018-05-25,10247.07
2018-05-28,9881.01
2018-05-29,9885.06
2018-05-30,10023.68
2018-06-01,10241.64
2018-06-04,10392.09
2018-06-05,10117.77
2018-06-06,10036.02
2018-06-07,9775.48
2018-06-08,9733.45
2018-06-11,9682.2
2018-06-12,9752.1
2018-06-13,9700.61
2018-06-14,9703.71
2018-06-15,9637.33
2018-06-18,9562.94
2018-06-19,9712.55
2018-06-20,9726.29
2018-06-21,9560.51
2018-06-22,9588.23
2018-06-25,9651.56
2018-06-26,9713.83
2018-06-27,9541.05
2018-06-28,9646.41
2018-06-29,9776.14
2018-07-02,9769.6
2018-07-03,9865.66
2018-07-04,9975.82
2018-07-05,9893.98
2018-07-06,9943.44
2018-07-10,9958.87
2018-07-11,9891.9
2018-07-12,9991.74
2018-07-13,10044.82
2018-07-16,10072.04
2018-07-17,10232.01
2018-07-18,10138.39
2018-07-19,10182.21
2018-07-20,10250.65
2018-07-23,10148.26
2018-07-24,10288.0
2018-07-25,10368.73
2018-07-26,10216.48
2018-07-27,10208.77
2018-07-30,10217.4
2018-07-31,10100.37
2018-08-01,10117.32
2018-08-02,10157.35
2018-08-03,10337.5
2018-08-06,10285.77
2018-08-07,10211.91
2018-08-08,10102.34
2018-08-09,10040.83
2018-08-10,9758.26
2018-08-13,9887.46
2018-08-14,10042.21
2018-08-15,9883.34
2018-08-16,9893.72
2018-08-17,9808.67
2018-08-20,9869.21
2018-08-21,9723.75
2018-08-22,9939.69
2018-08-23,9843.75
2018-08-24,9900.38
2018-08-27,10057.35
2018-08-28,9998.59
2018-08-29,10053.43
2018-08-30,9842.43
2018-08-31,9860.34
2018-09-03,9827.61
2018-09-04,9652.92
2018-09-05,9650.88
2018-09-06,9762.07
2018-09-10,9749.11
2018-09-11,9590.18
2018-09-12,9574.68
2018-09-13,9480.71
2018-09-14,9530.31
2018-09-17,9721.09
2018-09-18,9881.05
2018-09-19,9770.46
2018-09-20,9744.93
2018-09-21,9896.55
2018-09-24,9710.28
2018-09-25,9780.65
2018-09-26,9835.87
2018-09-27,9956.98
2018-09-28,9860.95
2018-10-01,9711.8
2018-10-02,10027.69
2018-10-03,10199.58
2018-10-04,10134.1
2018-10-05,10100.73
2018-10-08,10469.4
2018-10-09,10438.12
2018-10-10,10179.88
2018-10-11,10105.53
2018-10-15,10013.93
2018-10-16,10260.84
2018-10-17,10295.92
2018-10-18,10206.88
2018-10-19,10270.2
2018-10-22,10381.03
2018-10-23,10417.85
2018-10-24,10178.23
2018-10-25,10340.22
2018-10-26,10439.67
2018-10-29,10253.05
2018-10-30,10617.01
2018-10-31,10705.7
2018-11-01,10776.33
2018-11-05,10930.28
2018-11-06,10806.98
2018-11-07,10728.03
2018-11-08,10433.33
2018-11-09,10402.13
2018-11-12,10348.89
2018-11-13,10319.66
2018-11-14,10501.2
2018-11-16,10762.25
2018-11-19,10648.88
2018-11-21,10694.33
2018-11-22,10747.89
2018-11-23,10704.27
2018-11-26,10623.26
2018-11-27,10853.54
2018-11-28,10978.24
2018-11-29,11062.93
2018-11-30,10997.15
2018-12-03,11053.51
2018-12-04,10887.67
2018-12-05,10975.14
2018-12-06,10992.11
2018-12-07,10876.75
2018-12-10,10691.52
2018-12-11,10794.06
2018-12-12,10903.23
2018-12-13,10936.52
2018-12-14,10920.76
2018-12-17,10806.29
2018-12-18,10870.63
2018-12-19,10800.22
2018-12-20,10793.93
2018-12-21,10881.26
2018-12-26,10767.97
2018-12-27,10806.68
2018-12-28,11062.35
2019-01-02,11368.77
2019-01-03,11429.84
2019-01-04,11409.39
2019-01-07,11265.06
2019-01-08,11323.79
2019-01-09,11529.16
2019-01-10,11636.81
2019-01-11,11667.83
2019-01-14,11782.28
2019-01-15,11767.84
2019-01-16,11837.48
2019-01-17,11983.09
2019-01-18,12026.57
2019-01-21,12021.62
2019-01-22,11890.08
2019-01-23,12122.27
2019-01-24,12367.45
2019-01-28,12409.19
2019-01-29,12452.77
2019-01-30,12556.38
2019-01-31,12530.13
2019-02-01,12531.64
2019-02-04,12571.86
2019-02-05,12580.16
2019-02-06,12144.43
2019-02-07,12099.95
2019-02-08,12201.12
2019-02-11,12104.33
2019-02-12,12155.32
2019-02-13,12110.15
2019-02-14,12306.84
2019-02-15,12246.12
2019-02-18,12205.16
2019-02-19,12278.6
2019-02-20,12112.3
2019-02-21,12094.44
2019-02-22,12277.11
2019-02-25,12243.83
2019-02-26,12272.62
2019-02-27,12261.94
2019-02-28,12088.98
2019-03-01,12030.35
2019-03-06,11911.97
2019-03-07,11829.83
2019-03-08,12037.55
2019-03-11,12240.98
2019-03-12,12214.92
2019-03-13,12303.32
2019-03-14,12292.25
2019-03-15,12364.24
2019-03-18,12480.75
2019-03-19,12384.55
2019-03-20,12231.02
2019-03-21,12068.64
2019-03-22,11747.87
2019-03-25,11727.22
2019-03-26,11864.49
2019-03-27,11461.17
2019-03-28,11749.91
2019-03-29,11865.76
2019-04-01,11936.85
2019-04-02,11875.8
2019-04-03,11804.17
2019-04-04,11971.92
2019-04-05,12030.96
2019-04-08,11955.62
2019-04-09,11792.02
2019-04-10,11809.1
2019-04-11,11716.9
2019-04-12,11634.68
2019-04-15,11659.99
2019-04-16,11763.11
2019-04-17,11651.48
2019-04-18,11765.75
2019-04-22,11824.94
2019-04-23,11981.17
2019-04-24,11847.75
2019-04-25,12094.68
2019-04-26,12068.92
2019-04-29,12125.13
2019-04-30,12174.26
2019-05-02,12094.77
2019-05-03,12166.99
2019-05-06,12121.38
2019-05-07,12064.94
2019-05-08,12170.51
2019-05-09,12143.13
2019-05-10,12090.77
2019-05-13,11779.17
2019-05-14,11918.95
2019-05-15,11850.88
2019-05-16,11666.42
2019-05-17,11611.6
2019-05-20,11947.35
2019-05-21,12152.96
2019-05-22,12182.1
2019-05-23,12089.58
2019-05-24,12070.95
2019-05-27,12198.48
2019-05-28,12360.62
2019-05-29,12345.32
2019-05-30,12480.99
2019-05-31,12507.03
2019-06-03,12448.32
2019-06-04,12501.95
2019-06-05,12339.38
2019-06-06,12433.28
2019-06-07,12533.56
2019-06-10,12579.9
2019-06-11,12710.42
2019-06-12,12635.59
2019-06-13,12815.46
2019-06-14,12721.24
2019-06-17,12673.89
2019-06-18,12788.31
2019-06-19,12942.38
2019-06-21,13068.82
2019-06-24,13071.55
2019-06-25,12799.72
2019-06-26,12818.93
2019-06-27,12909.77
2019-06-28,13013.42
2019-07-01,13047.34
2019-07-02,13042.74
2019-07-03,13223.34
2019-07-04,13447.34
2019-07-05,13579.88
2019-07-08,13678.33
2019-07-10,13969.75
2019-07-11,13824.53
2019-07-12,13670.4
2019-07-15,13648.04
2019-07-16,13599.98
2019-07-17,13668.81
2019-07-18,13771.04
2019-07-19,13614.04
2019-07-22,13647.74
2019-07-23,13597.19
2019-07-24,13686.0
2019-07-25,13600.89
2019-07-26,13745.77
2019-07-29,13835.05
2019-07-30,13908.94
2019-07-31,13852.5
2019-08-01,14089.53
2019-08-02,14166.46
2019-08-05,13815.94
2019-08-06,14125.88
2019-08-07,14112.43
2019-08-08,14301.8
2019-08-09,14507.8
2019-08-12,14329.35
2019-08-13,14439.82
2019-08-14,13983.45
2019-08-15,13786.97
2019-08-16,13995.0
2019-08-19,13906.52
2019-08-20,13926.43
2019-08-21,14200.38
2019-08-22,14027.47
2019-08-23,13676.75
2019-08-26,13469.19
2019-08-27,13540.48
2019-08-28,13747.9
2019-08-29,14105.79
2019-08-30,14139.87
2019-09-02,14142.1
2019-09-03,13983.08
2019-09-04,14154.27
2019-09-05,14202.1
2019-09-06,14072.78
2019-09-09,13892.1
2019-09-10,13951.29
2019-09-11,14183.1
2019-09-12,14281.82
2019-09-13,14105.33
2019-09-16,14149.89
2019-09-17,14320.18
2019-09-18,14363.04
2019-09-19,14430.87
2019-09-20,14490.22
2019-09-23,14431.78
2019-09-24,14441.67
2019-09-25,14481.31
2019-09-26,14526.71
2019-09-27,14490.35
2019-09-30,14566.1
2019-10-01,14494.05
2019-10-02,14146.85
2019-10-03,14234.84
2019-10-04,14389.29
2019-10-07,14096.74
2019-10-08,14022.97
2019-10-09,14103.11
2019-10-10,14086.52
2019-10-11,14408.62
2019-10-14,14474.84
2019-10-15,14499.8
2019-10-16,14624.18
2019-10-17,14589.48
2019-10-18,14588.32
2019-10-21,14745.93
2019-10-22,14810.7
2019-10-23,14726.82
2019-10-24,14616.68
2019-10-25,14558.25
2019-10-28,14569.17
2019-10-29,14479.17
2019-10-30,14631.78
2019-10-31,14571.19
2019-11-01,14775.73
2019-11-04,14807.98
2019-11-05,14721.49
2019-11-06,14729.23
2019-11-07,14870.69
2019-11-08,14638.54
2019-11-11,14791.06
2019-11-12,14489.41
2019-11-13,14433.12
2019-11-14,14656.03
2019-11-18,14587.18
2019-11-19,14571.43
2019-11-21,14815.1
2019-11-22,14949.05
2019-11-25,15016.08
2019-11-26,14894.02
2019-11-27,14962.29
2019-11-28,15138.02
2019-11-29,15166.52
2019-12-02,15265.02
2019-12-03,15303.53
2019-12-04,15317.72
2019-12-05,15384.99
2019-12-06,15577.13
2019-12-09,15476.84
2019-12-10,15473.63
2019-12-11,15604.9
2019-12-12,15765.64
2019-12-13,15916.93
2019-12-16,15936.32
2019-12-17,15891.45
2019-12-18,16104.42
2019-12-19,16237.13
2019-12-20,16253.77
2019-12-23,16430.27
2019-12-26,16647.1
2019-12-27,16606.52
2019-12-30,16485.99
2020-01-02,16877.74
2020-01-03,16820.51
2020-01-06,16653.93
2020-01-07,16683.6
2020-01-08,16730.5
2020-01-09,16830.28
2020-01-10,16830.12
2020-01-13,17152.85
2020-01-14,17277.26
2020-01-15,17195.93
2020-01-16,17201.29
2020-01-17,17407.2
2020-01-20,17616.07
2020-01-21,17461.26
2020-01-22,17719.97
2020-01-23,17848.79
2020-01-24,17669.34
2020-01-27,17075.25
2020-01-28,17459.73
2020-01-29,17370.56
2020-01-30,17258.98
2020-01-31,17032.37
2020-02-03,17205.19
2020-02-04,17348.04
2020-02-05,17420.2
2020-02-06,17191.46
2020-02-07,16791.55
2020-02-10,16403.45
2020-02-11,16958.89
2020-02-12,17250.96
2020-02-13,17233.67
2020-02-14,17077.18
2020-02-17,17222.43
2020-02-18,17129.05
2020-02-19,17329.93
2020-02-20,16972.84
2020-02-21,16975.2
2020-02-26,15828.49
2020-02-27,15361.7
2020-02-28,15465.61
2020-03-02,15799.47
2020-03-03,15726.86
2020-03-04,15864.22
2020-03-05,14997.16
2020-03-06,14327.6
2020-03-09,12745.3
2020-03-10,13676.01
2020-03-11,12653.37
2020-03-12,10599.72
2020-03-13,11871.51
2020-03-16,10007.0
2020-03-17,10471.07
2020-03-18,9157.77
2020-03-19,9586.05
2020-03-20,9566.02
2020-03-23,9123.61
2020-03-24,9864.14
2020-03-25,10711.16
2020-03-26,11230.46
2020-03-27,10609.97
2020-03-30,10617.36
2020-03-31,10242.67
2020-04-01,9869.77
2020-04-02,10016.04
2020-04-03,9610.65
2020-04-06,10311.23
2020-04-07,10679.55
2020-04-08,11091.73
2020-04-09,10996.59
2020-04-13,11074.82
2020-04-14,11375.47
2020-04-15,11335.99
2020-04-16,11335.67
2020-04-17,11449.58
2020-04-20,11657.97
2020-04-22,12054.49
2020-04-23,11795.77
2020-04-24,11184.83
2020-04-27,11628.65
2020-04-28,11979.87
2020-04-29,12201.79
2020-04-30,11847.21
2020-05-04,11650.99
2020-05-05,11696.63
2020-05-06,11691.48
2020-05-07,11474.5
2020-05-08,11654.65
2020-05-11,11453.29
2020-05-12,11316.08
2020-05-13,11309.62
2020-05-14,11469.63
2020-05-15,11187.26
2020-05-18,11650.34
2020-05-19,11652.54
2020-05-20,11739.08
2020-05-21,12006.93
2020-05-22,11818.71
2020-05-25,12329.99
2020-05-26,12427.53
2020-05-27,12879.34
2020-05-28,12766.44
2020-05-29,12744.58
2020-06-01,12917.24
2020-06-02,13260.49
2020-06-03,13582.8
2020-06-04,13545.64
2020-06-05,13642.03
2020-06-08,14041.53
2020-06-09,14010.36
2020-06-10,13755.68
2020-06-12,13481.18
2020-06-15,13429.55
2020-06-16,13439.98
2020-06-17,13794.61
2020-06-18,13877.83
2020-06-19,14032.48
2020-06-22,13932.32
2020-06-23,14006.41
2020-06-24,13804.2
2020-06-25,13957.44
2020-06-26,13586.45
2020-06-29,13794.42
2020-06-30,13778.02
2020-07-01,14001.96
2020-07-02,13861.57
2020-07-03,13996.1
2020-07-06,14235.46
2020-07-07,14077.27
2020-07-08,14280.78
2020-07-09,14275.61
2020-07-10,14342.21
2020-07-13,14051.2
2020-07-14,14159.84
2020-07-15,14356.11
2020-07-16,14297.84
2020-07-17,14733.76
2020-07-20,14991.34
2020-07-21,14899.27
2020-07-22,14918.84
2020-07-23,14598.98
2020-07-24,14617.95
2020-07-27,14701.18
2020-07-28,14759.27
2020-07-29,14905.91
2020-07-30,15049.86
2020-07-31,14857.47
2020-08-03,14810.59
2020-08-04,14575.47
2020-08-05,14807.88
2020-08-06,15107.83
2020-08-07,14975.02
2020-08-10,14953.23
2020-08-11,14865.02
2020-08-12,14755.83
2020-08-13,14554.31
2020-08-14,14729.1
2020-08-17,14399.1
2020-08-18,14779.88
2020-08-19,14544.15
2020-08-20,14664.26
2020-08-21,14774.11
2020-08-24,14807.04
2020-08-25,14819.36
2020-08-26,14609.64
2020-08-27,14593.51
2020-08-28,14867.37
2020-08-31,14490.34
2020-09-01,14884.58
2020-09-02,14845.77
2020-09-03,14626.52
2020-09-04,14696.47
2020-09-08,14690.02
2020-09-09,14862.36
2020-09-10,14527.68
2020-09-11,14319.37
2020-09-14,14696.87
2020-09-15,14711.51
2020-09-16,14672.47
2020-09-17,14666.75
2020-09-18,14377.6
2020-09-21,14186.79
2020-09-22,14199.62
2020-09-23,14014.02
2020-09-24,14162.57
2020-09-25,14166.29
2020-09-28,13714.1
2020-09-29,13599.05
2020-09-30,13723.12
2020-10-01,13921.01
2020-10-02,13706.9
2020-10-05,13907.36
2020-10-06,13842.42
2020-10-07,13765.56
2020-10-08,13996.21
2020-10-09,13857.41
2020-10-13,13980.08
2020-10-14,14130.75
2020-10-15,14144.76
2020-10-16,14078.69
2020-10-19,14119.35
2020-10-20,14300.12
2020-10-21,14264.24
2020-10-22,14351.49
2020-10-23,14245.28
2020-10-26,14215.1
2020-10-27,14088.61
2020-10-28,13506.65
2020-10-29,13644.37
2020-10-30,13295.97
2020-11-03,13499.61
2020-11-04,13865.54
2020-11-05,14338.76
2020-11-06,14404.89
2020-11-09,14629.44
2020-11-10,14627.55
2020-11-11,14494.11
2020-11-12,14242.16
2020-11-13,14648.76
2020-11-16,14794.56
2020-11-17,14829.22
2020-11-18,14689.15
2020-11-19,14695.57
2020-11-20,14630.03
2020-11-23,14710.99
2020-11-24,14830.11
2020-11-25,14935.7
2020-11-26,15015.0
2020-11-27,15103.31
2020-11-30,14894.8
2020-12-01,15106.18
2020-12-02,15138.41
2020-12-03,15267.38
2020-12-04,15387.81
2020-12-07,15298.42
2020-12-08,15372.28
2020-12-09,15202.79
2020-12-10,15344.16
2020-12-11,15393.87
2020-12-14,15347.15
2020-12-15,15596.02
2020-12-16,15764.51
2020-12-17,15837.18
2020-12-18,15764.02
2020-12-21,15502.53
2020-12-22,15569.33
2020-12-23,15722.17
2020-12-28,15918.15
2020-12-29,16015.4
2020-12-30,15996.23
2021-01-04,15877.73
2021-01-05,15824.58
2021-01-06,15543.89
2021-01-07,15859.17
2021-01-08,16503.6
2021-01-11,16322.55
2021-01-12,16481.23
2021-01-13,16323.21
2021-01-14,16534.39
2021-01-15,16284.48
2021-01-18,16416.73
2021-01-19,16314.21
2021-01-20,16266.82
2021-01-21,16104.65
2021-01-22,15989.28
2021-01-26,15932.03
2021-01-27,15782.17
2021-01-28,16188.63
2021-01-29,15709.22
2021-02-01,15941.28
2021-02-02,16126.04
2021-02-03,16339.21
2021-02-04,16281.17
2021-02-05,16378.83
2021-02-08,16426.49
2021-02-09,16408.11
2021-02-10,16208.53
2021-02-11,16472.59
2021-02-12,16452.11
2021-02-17,16530.77
2021-02-18,16319.4
2021-02-19,16411.32
2021-02-22,16111.3
2021-02-23,16182.57
2021-02-24,16247.57
2021-02-25,15798.88
2021-02-26,15449.94
2021-03-01,15506.11
2021-03-02,15528.88
2021-03-03,15505.24
2021-03-04,15732.26
2021-03-05,15991.66
2021-03-08,15309.11
2021-03-09,15390.64
2021-03-10,15512.92
2021-03-11,15857.48
2021-03-12,15841.03
2021-03-15,15966.67
2021-03-16,15920.35
2021-03-17,16272.89
2021-03-18,15980.32
2021-03-19,16239.91
2021-03-22,16039.74
2021-03-23,15870.33
2021-03-24,15654.53
2021-03-25,15945.06
2021-03-26,15978.26
2021-03-29,16029.89
2021-03-30,16296.85
2021-03-31,16231.42
2021-04-01,16099.43
2021-04-05,16334.18
2021-04-06,16426.74
2021-04-07,16445.58
2021-04-08,16585.56
2021-04-09,16532.12
2021-04-12,16674.62
2021-04-13,16842.64
2021-04-14,16863.1
2021-04-15,16964.88
2021-04-16,17022.78
2021-04-19,16976.98
2021-04-20,16936.32
2021-04-22,16799.03
2021-04-23,16917.22
2021-04-26,16957.78
2021-04-27,16764.51
2021-04-28,16843.66
2021-04-29,16828.93
2021-04-30,16678.09
2021-05-03,16731.3
2021-05-04,16583.18
2021-05-05,16816.83
2021-05-06,16775.59
2021-05-07,17103.77
2021-05-10,17024.69
2021-05-11,17092.35
2021-05-12,16581.87
2021-05-13,16685.25
2021-05-14,16762.83
2021-05-17,16905.37
2021-05-18,16907.57
2021-05-19,16887.7
2021-05-20,16909.54
2021-05-21,16917.93
2021-05-24,17098.61
2021-05-25,17066.2
2021-05-26,17135.95
2021-05-27,17231.05
2021-05-28,17213.67
2021-05-31,17284.39
2021-06-01,17649.03
2021-06-02,17667.51
2021-06-04,17673.41
2021-06-07,17808.07
2021-06-08,17659.89
2021-06-09,17658.97
2021-06-10,17764.15
2021-06-11,17592.06
2021-06-14,17749.05
2021-06-15,17716.92
2021-06-16,17518.33
2021-06-17,17376.61
2021-06-18,17395.73
2021-06-21,17521.88
2021-06-22,17485.27
2021-06-23,17370.45
2021-06-24,17587.45
2021-06-25,17268.77
2021-06-28,17337.5
2021-06-29,17205.26
2021-06-30,17095.9
2021-07-01,17019.02
2021-07-02,17274.66
2021-07-05,17226.28
2021-07-06,16986.63
2021-07-07,17306.04
2021-07-08,17094.27
2021-07-12,17410.43
2021-07-13,17475.41
2021-07-14,17474.3
2021-07-15,17324.22
2021-07-16,17198.57
2021-07-19,16992.95
2021-07-20,17105.36
2021-07-21,17103.77
2021-07-22,17205.12
2021-07-23,17082.01
2021-07-26,17117.84
2021-07-27,16902.11
2021-07-28,16988.4
2021-07-29,16984.5
2021-07-30,16522.22
2021-08-02,16632.63
2021-08-03,16672.43
2021-08-04,16506.7
2021-08-05,16340.51
2021-08-06,16419.99
2021-08-09,16491.09
2021-08-10,16381.53
2021-08-11,16340.67
2021-08-12,16180.48
2021-08-13,16221.7
2021-08-16,15951.03
2021-08-17,15707.91
2021-08-18,15589.45
2021-08-19,15800.87
2021-08-20,16010.27
2021-08-23,15912.34
2021-08-24,16247.72
2021-08-25,16381.0
2021-08-26,16079.93
2021-08-27,16258.87
2021-08-30,16146.9
2021-08-31,16040.08
2021-09-01,16130.05
2021-09-02,15755.5
2021-09-03,15837.19
2021-09-06,16002.5
2021-09-08,15504.77
2021-09-09,15820.98
2021-09-10,15674.35
2021-09-13,16007.98
2021-09-14,16036.18
2021-09-15,15883.19
2021-09-16,15746.87
2021-09-17,15461.23
2021-09-20,15118.35
2021-09-21,15305.9
2021-09-22,15489.61
2021-09-23,15801.04
2021-09-24,15751.88
2021-09-27,15684.07
2021-09-28,15187.03
2021-09-29,15335.85
2021-09-30,15327.29
2021-10-01,15575.64
2021-10-04,15112.24
2021-10-05,15063.28
2021-10-06,15020.64
2021-10-07,15019.33
2021-10-08,15379.0
2021-10-11,15300.81
2021-10-13,15557.54
2021-10-14,15541.67
2021-10-15,15669.3
2021-10-18,15631.11
2021-10-19,15084.4
2021-10-20,15016.48
2021-10-21,14551.97
2021-10-22,14406.13
2021-10-25,14670.75
2021-10-26,14317.62
2021-10-27,14365.11
2021-10-28,14188.92
2021-10-29,14044.1
2021-11-01,14253.17
2021-11-03,14571.3
2021-11-04,14380.69
2021-11-05,14688.42
2021-11-08,14577.95
2021-11-09,14773.5
2021-11-10,14736.58
2021-11-11,15030.8
2021-11-12,14738.76
2021-11-16,14449.26
2021-11-17,14226.71
2021-11-18,14289.84
2021-11-19,14410.89
2021-11-22,14077.85
2021-11-23,14209.91
2021-11-24,14199.35
2021-11-25,14298.81
2021-11-26,13819.48
2021-11-29,13897.72
2021-11-30,13751.71
2021-12-01,13483.84
2021-12-02,13887.01
2021-12-03,14012.76
2021-12-06,14212.51
2021-12-07,14275.33
2021-12-08,14466.63
2021-12-09,14188.01
2021-12-10,14411.59
2021-12-13,14343.49
2021-12-14,14258.99
2021-12-15,14446.86
2021-12-16,14474.32
2021-12-17,14422.06
2021-12-20,14128.32
2021-12-21,14203.53
2021-12-22,14145.68
2021-12-23,14079.2
2021-12-27,14153.77
2021-12-28,14088.41
2021-12-29,13936.3
2021-12-30,14124.26
2022-01-03,13847.85
2022-01-04,13706.32
2022-01-05,13229.81
2022-01-06,13253.61
2022-01-07,13255.2
2022-01-10,13088.35
2022-01-11,13351.13
2022-01-12,13650.02
2022-01-13,13547.15
2022-01-14,13655.42
2022-01-17,13543.69
2022-01-18,13501.57
2022-01-19,13801.87
2022-01-20,14063.71
2022-01-21,14046.62
2022-01-24,13871.38
2022-01-25,14117.84
2022-01-26,14248.6
2022-01-27,14406.1
2022-01-28,14373.51
2022-01-31,14573.41
2022-02-01,14567.32
2022-02-02,14361.36
2022-02-03,14317.46
2022-02-04,14314.91
2022-02-07,14186.06
2022-02-08,14200.6
2022-02-09,14411.56
2022-02-10,14381.66
2022-02-11,14291.55
2022-02-14,14449.3
2022-02-15,14734.31
2022-02-16,14824.44
2022-02-17,14722.32
2022-02-18,14502.66
2022-02-21,14226.65
2022-02-22,14354.97
2022-02-23,14117.32
2022-02-24,14153.02
2022-02-25,14190.62
2022-03-02,14302.33
2022-03-03,14266.91
2022-03-04,14100.65
2022-03-07,13615.22
2022-03-08,13710.89
2022-03-09,14256.29
2022-03-10,14051.88
2022-03-11,13731.09
2022-03-14,13551.11
2022-03-15,13529.8
2022-03-16,13860.99
2022-03-17,14183.9
2022-03-18,14607.03
2022-03-21,14477.4
2022-03-22,14783.3
2022-03-23,14838.27
2022-03-24,15103.74
2022-03-25,15135.15
2022-03-28,15105.17
2022-03-29,15289.22
2022-03-30,15216.27
2022-03-31,15113.23
2022-04-01,15442.95
2022-04-04,15375.92
2022-04-05,15077.52
2022-04-06,14830.26
2022-04-07,14752.42
2022-04-08,14689.93
2022-04-11,14511.91
2022-04-12,14470.95
2022-04-13,14520.88
2022-04-14,14462.14
2022-04-18,14394.98
2022-04-19,14440.6
2022-04-20,14303.89
2022-04-22,13963.15
2022-04-25,13981.74
2022-04-26,13642.2
2022-04-27,13649.15
2022-04-28,13709.13
2022-04-29,13355.13
2022-05-02,13177.94
2022-05-03,13168.9
2022-05-04,13404.64
2022-05-05,12940.36
2022-05-06,12801.69
2022-05-09,12582.54
2022-05-10,12574.56
2022-05-11,12529.55
2022-05-12,12693.11
2022-05-13,12977.66
2022-05-16,13053.21
2022-05-17,13147.79
2022-05-18,12812.0
2022-05-19,12864.32
2022-05-20,13035.09
2022-05-23,13191.47
2022-05-24,13219.35
2022-05-25,13241.75
2022-05-26,13526.1
2022-05-27,13562.05
2022-05-30,13420.72
2022-05-31,13472.66
2022-06-01,13458.76
2022-06-02,13635.98
2022-06-03,13421.41
2022-06-06,13265.47
2022-06-07,13177.23
2022-06-08,13005.54
2022-06-09,12875.88
2022-06-10,12615.51
2022-06-13,12160.63
2022-06-14,12035.94
2022-06-15,12231.89
2022-06-17,11969.78
2022-06-20,11876.29
2022-06-21,11892.93
2022-06-22,11884.7
2022-06-23,11818.33
2022-06-24,11883.54
2022-06-27,11993.11
2022-06-28,11908.37
2022-06-29,11802.42
2022-06-30,11744.21
2022-07-01,11801.07
2022-07-04,11730.37
2022-07-05,11723.39
2022-07-06,11848.35
2022-07-07,12082.79
2022-07-08,11998.31
2022-07-11,11754.67
2022-07-12,11844.23
2022-07-13,11783.53
2022-07-14,11716.97
2022-07-15,11750.24
2022-07-18,11681.52
2022-07-19,11843.11
2022-07-20,11955.18
2022-07-21,12036.48
2022-07-22,12028.51
2022-07-25,12066.96
2022-07-26,11916.56
2022-07-27,12247.4
2022-07-28,12371.09
2022-07-29,12424.3
2022-08-01,12386.45
2022-08-02,12515.17
2022-08-03,12706.46
2022-08-04,13039.23
2022-08-05,13000.71
2022-08-08,13217.99
2022-08-09,13103.72
2022-08-10,13341.86
2022-08-11,13122.94
2022-08-12,13468.93
2022-08-15,13619.4
2022-08-16,13548.86
2022-08-17,13596.38
2022-08-18,13582.92
2022-08-19,13347.51
2022-08-22,13154.45
2022-08-23,13337.67
2022-08-24,13428.85
2022-08-25,13471.07
2022-08-26,13239.42
2022-08-29,13201.0
2022-08-30,13084.69
2022-08-31,12926.0
2022-09-01,13033.5
2022-09-02,13120.15
2022-09-05,13267.1
2022-09-06,13023.25
2022-09-08,13013.91
2022-09-09,13251.91
2022-09-12,13388.49
2022-09-13,13045.67
2022-09-14,13032.45
2022-09-15,12865.15
2022-09-16,12746.99
2022-09-19,13023.24
2022-09-20,13065.61
2022-09-21,13068.22
2022-09-22,13286.32
2022-09-23,13092.23
2022-09-26,12721.9
2022-09-27,12608.7
2022-09-28,12578.2
2022-09-29,12372.07
2022-09-30,12604.83
2022-10-03,13293.39
2022-10-04,13294.03
2022-10-05,13300.99
2022-10-06,13375.88
2022-10-07,13176.49
2022-10-10,13234.12
2022-10-11,13086.3
2022-10-13,13031.94
2022-10-14,12724.56
2022-10-17,12985.66
2022-10-18,13247.42
2022-10-19,13242.31
2022-10-20,13248.45
2022-10-21,13462.37
2022-10-24,13290.75
2022-10-25,13087.07
2022-10-26,12792.22
2022-10-27,13149.61
2022-10-28,13318.18
2022-10-31,13724.83
2022-11-01,13797.0
2022-11-03,13829.39
2022-11-04,13911.71
2022-11-07,13562.05
2022-11-08,13617.65
2022-11-09,13520.97
2022-11-10,12976.12
2022-11-11,13171.91
2022-11-14,13220.04
2022-11-16,12794.2
2022-11-17,12642.9
2022-11-18,12577.65
2022-11-21,12779.04
2022-11-22,12661.34
2022-11-23,12580.43
2022-11-24,12983.68
2022-11-25,12577.25
2022-11-28,12462.38
2022-11-29,12578.41
2022-11-30,12699.39
2022-12-01,12469.53
2022-12-02,12617.26
2022-12-05,12259.86
2022-12-06,12313.57
2022-12-07,12313.83
2022-12-08,12036.89
2022-12-09,12013.43
2022-12-12,11829.0
2022-12-13,11540.08
2022-12-14,11703.79
2022-12-15,11643.62
2022-12-16,11521.46
2022-12-19,11728.93
2022-12-20,12036.91
2022-12-21,12112.76
2022-12-22,12119.62
2022-12-23,12282.72
2022-12-26,12090.86
2022-12-27,12048.05
2022-12-28,12325.65
2022-12-29,12300.78
2023-01-02,11880.63
2023-01-03,11610.65
2023-01-04,11764.32
2023-01-05,12010.63
2023-01-06,12169.84
2023-01-09,12184.75
2023-01-10,12393.55
2023-01-11,12608.76
2023-01-12,12464.88
2023-01-13,12296.96
2023-01-16,12159.14
2023-01-17,12380.84
2023-01-18,12509.88
2023-01-19,12557.12
2023-01-20,12343.03
2023-01-23,12294.29
2023-01-24,12528.58
2023-01-25,12647.16
2023-01-26,12629.46
2023-01-27,12528.26
2023-01-30,12526.35
2023-01-31,12703.34
2023-02-01,12601.79
2023-02-02,12496.08
2023-02-03,12217.2
2023-02-06,12193.72
2023-02-07,12081.63
2023-02-08,12254.93
2023-02-09,11941.65
2023-02-10,11994.97
2023-02-13,12054.63
2023-02-14,11911.18
2023-02-15,12126.37
2023-02-16,12197.8
2023-02-17,12141.91
2023-02-22,11880.71
2023-02-23,11900.57
2023-02-24,11742.03
2023-02-27,11709.45
2023-02-28,11673.3
2023-03-01,11423.61
2023-03-02,11380.49
2023-03-03,11398.53
2023-03-06,11546.34
2023-03-07,11540.82
2023-03-08,11867.09
2023-03-09,11655.01
2023-03-10,11481.42
2023-03-13,11456.72
2023-03-14,11369.3
2023-03-15,11418.92
2023-03-16,11495.44
2023-03-17,11302.39
2023-03-20,11111.89
2023-03-21,11103.87
2023-03-22,11016.88
2023-03-23,10774.84
2023-03-24,10944.31
2023-03-27,11001.08
2023-03-28,11174.86
2023-03-29,11214.02
2023-03-30,11459.52
2023-03-31,11262.8
2023-04-03,11116.86
2023-04-04,11215.14
2023-04-05,11048.36
2023-04-06,11067.1
2023-04-10,11120.04
2023-04-11,11609.85
2023-04-12,11710.81
2023-04-13,11632.47
2023-04-14,11523.91
2023-04-17,11500.57
2023-04-18,11439.24
2023-04-19,11241.15
2023-04-20,11357.38
2023-04-24,11321.72
2023-04-25,11212.95
2023-04-26,11148.35
2023-04-27,11202.62
2023-04-28,11431.05
2023-05-02,11263.75
2023-05-03,11245.34
2023-05-04,11329.11
2023-05-05,11576.81
2023-05-08,11641.38
2023-05-09,11782.49
2023-05-10,11859.18
2023-05-11,11962.85
2023-05-12,11978.62
2023-05-15,12056.55
2023-05-16,11964.29
2023-05-17,12143.43
2023-05-18,12312.75
2023-05-19,12405.38
2023-05-22,12459.81
2023-05-23,12376.0
2023-05-24,12227.31
2023-05-25,12432.95
2023-05-26,12517.42
2023-05-29,12455.77
2023-05-30,12346.92
2023-05-31,12290.89
2023-06-01,12553.5
2023-06-02,12719.56
2023-06-05,12718.43
2023-06-06,13029.95
2023-06-07,13052.19
2023-06-09,13192.69
2023-06-12,13274.67
2023-06-13,13118.79
2023-06-14,13349.17
2023-06-15,13393.76
2023-06-16,13220.65
2023-06-19,13324.83
2023-06-20,13355.82
2023-06-21,13336.01
2023-06-22,13176.1
2023-06-23,13346.97
2023-06-26,13171.57
2023-06-27,13043.7
2023-06-28,12980.48
2023-06-29,13206.64
2023-06-30,13327.38
2023-07-03,13409.82
2023-07-04,13352.85
2023-07-05,13466.86
2023-07-06,13223.45
2023-07-07,13448.76
2023-07-10,13327.53
2023-07-11,13239.54
2023-07-12,13276.89
2023-07-13,13395.49
2023-07-14,13165.39
2023-07-17,13235.6
2023-07-18,13188.13
2023-07-19,13127.58
2023-07-20,13166.26
2023-07-21,13379.85
2023-07-24,13567.11
2023-07-25,13588.2
2023-07-26,13703.04
2023-07-27,13522.01
2023-07-28,13605.71
2023-07-31,13730.58
2023-08-01,13708.7
2023-08-02,13686.12
2023-08-03,13624.56
2023-08-04,13634.04
2023-08-07,13589.52
2023-08-08,13558.39
2023-08-09,13422.21
2023-08-10,13438.99
2023-08-11,13400.46
2023-08-14,13266.18
2023-08-15,13235.53
2023-08-16,13117.68
2023-08-17,13008.41
2023-08-18,13089.52
2023-08-21,12951.43
2023-08-22,13111.29
2023-08-23,13173.4
2023-08-24,13065.84
2023-08-25,12900.21
2023-08-28,12954.43
2023-08-29,13095.62
2023-08-30,12996.79
2023-08-31,12780.42
2023-09-01,12967.15
2023-09-04,12988.32
2023-09-05,12859.13
2023-09-06,12689.39
2023-09-08,12624.27
2023-09-11,12817.63
2023-09-12,12992.41
2023-09-13,13040.84
2023-09-14,13054.36
2023-09-15,13019.48
2023-09-18,12960.84
2023-09-19,12882.31
2023-09-20,12985.29
2023-09-21,12780.82
2023-09-22,12717.32
2023-09-25,12704.82
2023-09-26,12518.13
2023-09-27,12443.0
2023-09-28,12576.77
2023-09-29,12674.13
2023-10-02,12510.42
2023-10-03,12302.28
2023-10-04,12386.12
2023-10-05,12303.3
2023-10-06,12289.74
2023-10-09,12397.29
2023-10-10,12671.71
2023-10-11,12647.09
2023-10-13,12382.3
2023-10-16,12430.93
2023-10-17,12290.24
2023-10-18,12009.35
2023-10-19,12073.48
2023-10-20,12046.32
2023-10-23,12202.02
2023-10-24,12224.04
2023-10-25,12069.81
2023-10-26,12339.3
2023-10-27,12022.72
2023-10-30,11880.15
2023-10-31,11981.53
2023-11-01,12224.97
2023-11-03,12602.65
2023-11-06,12631.93
2023-11-07,12866.19
2023-11-08,12914.73
2023-11-09,12874.08
2023-11-10,13094.67
2023-11-13,13035.88
2023-11-14,13368.4
2023-11-16,13662.02
2023-11-17,13570.93
2023-11-20,13665.72
2023-11-21,13546.61
2023-11-22,13628.45
2023-11-23,13719.53
2023-11-24,13574.63
2023-11-27,13619.45
2023-11-28,13695.4
2023-11-29,13657.83
2023-11-30,13711.85
2023-12-01,13828.31
2023-12-04,13693.66
2023-12-05,13704.85
2023-12-06,13678.57
2023-12-07,13679.55
2023-12-08,13726.84
2023-12-11,13684.2
2023-12-12,13659.72
2023-12-13,14058.32
2023-12-14,14189.53
2023-12-15,14022.83
2023-12-18,14110.34
2023-12-19,14201.85
2023-12-20,14124.21
2023-12-21,14261.02
2023-12-22,14325.85
2023-12-26,14355.1
2023-12-27,14433.36
2023-12-28,14440.05
2024-01-02,14184.86
2024-01-03,14131.36
2024-01-04,13965.98
2024-01-05,14061.68
2024-01-08,14215.47
2024-01-09,14153.39
2024-01-10,14169.81
2024-01-11,14078.04
2024-01-12,14165.09
2024-01-15,14216.92
2024-01-16,13912.32
2024-01-17,13866.44
2024-01-18,13680.49
2024-01-19,13815.31
2024-01-22,13688.07
2024-01-23,13883.54
2024-01-24,13796.02
2024-01-25,13851.32
2024-01-26,13854.13
2024-01-29,13762.57
2024-01-30,13633.9
2024-01-31,13730.82
2024-02-01,13786.52
2024-02-02,13645.86
2024-02-05,13672.36
2024-02-06,13961.21
2024-02-07,14032.98
2024-02-08,13834.75
2024-02-09,13873.15
2024-02-14,13708.33
2024-02-15,13759.81
2024-02-16,13790.78
2024-02-19,13767.19
2024-02-20,13976.53
2024-02-21,13953.35
2024-02-22,14023.57
2024-02-23,13900.73
2024-02-26,13946.88
2024-02-27,14234.67
2024-02-28,14142.36
2024-02-29,14046.35
2024-03-01,14101.99
2024-03-04,13982.09
2024-03-05,13949.71
2024-03-06,13980.3
2024-03-07,13944.54
2024-03-08,14029.53
2024-03-11,13953.78
2024-03-12,14118.45
2024-03-13,14162.09
2024-03-14,14194.37
2024-03-15,14083.31
2024-03-18,14044.28
2024-03-19,14186.61
2024-03-20,14398.6
2024-03-21,14356.97
2024-03-22,14221.99
2024-03-25,14181.5
2024-03-26,14166.21
2024-03-27,14260.89
2024-03-28,14257.24
2024-04-01,14091.38
2024-04-02,14081.01
2024-04-03,14083.98
2024-04-04,14173.42
2024-04-05,14073.07
2024-04-08,14231.4
2024-04-09,14385.19
2024-04-10,14088.25
2024-04-11,13949.9
2024-04-12,13742.55
2024-04-15,13678.29
2024-04-16,13529.61
2024-04-17,13456.24
2024-04-18,13459.51
2024-04-19,13548.44
2024-04-22,13577.33
2024-04-23,13485.78
2024-04-24,13363.3
2024-04-25,13343.43
2024-04-26,13577.33
2024-04-29,13610.79
2024-04-30,13428.3
2024-05-02,13575.61
2024-05-03,13871.87
2024-05-06,13775.24
2024-05-07,13777.4
2024-05-08,13826.28
2024-05-09,13663.0
2024-05-10,13522.91
2024-05-13,13544.57
2024-05-14,13615.07
2024-05-15,13783.27
2024-05-16,13902.64
2024-05-17,13860.13
2024-05-20,13768.06
2024-05-21,13748.47
2024-05-22,13477.94
2024-05-23,13400.92
2024-05-24,13368.71
2024-05-27,13358.91
2024-05-28,13247.21
2024-05-29,13108.6
2024-05-31,12937.45
2024-06-03,12978.64
2024-06-04,12973.14
2024-06-05,12973.36
2024-06-06,13127.43
2024-06-07,12942.94
2024-06-10,12906.28
2024-06-11,13022.04
2024-06-12,12836.82
2024-06-13,12799.1
2024-06-14,12853.13
2024-06-17,12641.1
2024-06-18,12664.72
2024-06-19,12749.94
2024-06-20,12697.42
2024-06-21,12914.86
2024-06-24,13078.87
2024-06-25,13033.43
2024-06-26,13060.74
2024-06-27,13385.47
2024-06-28,13226.4
2024-07-01,13306.21
2024-07-02,13294.14
2024-07-03,13429.98
2024-07-04,13588.59
2024-07-05,13586.17
2024-07-08,13591.68
2024-07-09,13730.27
2024-07-10,13760.18
2024-07-11,13945.13
2024-07-12,13971.11
2024-07-15,13996.18
2024-07-16,13980.57
2024-07-17,13995.92
2024-07-18,13700.51
2024-07-19,13678.15
2024-07-22,13793.16
2024-07-23,13647.94
2024-07-24,13552.65
2024-07-25,13505.89
2024-07-26,13715.06
2024-07-29,13667.98
2024-07-30,13669.34
2024-07-31,13792.79
2024-08-01,13867.66
2024-08-02,13772.11
2024-08-05,13635.64
2024-08-06,13660.59
2024-08-07,13900.03
2024-08-08,14068.45
2024-08-09,14359.34
2024-08-12,14323.89
2024-08-13,14471.69
2024-08-14,14549.26
2024-08-15,14520.35
2024-08-16,14522.82
2024-08-19,14795.63
2024-08-20,14796.63
2024-08-21,14861.17
2024-08-22,14628.4
2024-08-23,14796.9
2024-08-26,14755.04
2024-08-27,14717.15
2024-08-28,14715.68
2024-08-29,14533.5
2024-08-30,14494.88
2024-09-02,14387.04
2024-09-03,14408.21
2024-09-04,14710.75
2024-09-05,14740.85
2024-09-06,14553.28
2024-09-09,14501.22
2024-09-10,14509.55
2024-09-11,14545.97
2024-09-12,14480.69
2024-09-13,14605.63
2024-09-16,14613.89
2024-09-17,14613.03
2024-09-18,14489.54
2024-09-19,14344.7
2024-09-20,14072.73
2024-09-23,13936.04
2024-09-24,14080.43
2024-09-25,13917.59
2024-09-26,14026.24
2024-09-27,13956.54
2024-09-30,13904.76
2024-10-01,13926.45
2024-10-02,14009.18
2024-10-03,13761.88
2024-10-04,13804.49
2024-10-07,13774.34
2024-10-08,13816.77
2024-10-09,13638.17
2024-10-10,13634.14
2024-10-11,13536.22
2024-10-14,13704.31
2024-10-15,13725.96
2024-10-16,13823.79
2024-10-17,13762.54
2024-10-18,13730.02
2024-10-21,13795.01
2024-10-22,13740.44
2024-10-23,13666.6
2024-10-24,13746.08
2024-10-25,13644.51
2024-10-28,13795.89
2024-10-29,13773.43
2024-10-30,13830.11
2024-10-31,13742.57
2024-11-01,13515.17
2024-11-04,13873.68
2024-11-05,13871.23
2024-11-06,13892.36
2024-11-07,13662.24
2024-11-08,13506.14
2024-11-11,13587.15
2024-11-12,13563.08
2024-11-13,13609.3
2024-11-14,13646.26
2024-11-18,13531.78
2024-11-19,13626.32
2024-11-21,13456.54
2024-11-22,13678.96
2024-11-25,13753.2
2024-11-26,13909.17
2024-11-27,13593.99
2024-11-28,13216.78
2024-11-29,13324.03
2024-12-02,13246.63
2024-12-03,13354.08
2024-12-04,13400.97
2024-12-05,13592.59
2024-12-06,13420.67
2024-12-09,13432.69
2024-12-10,13519.81
2024-12-11,13731.19
2024-12-12,13320.05
2024-12-13,13134.73
2024-12-16,13064.24
2024-12-17,13189.99
2024-12-18,12704.63
2024-12-19,12821.07
2024-12-20,12902.05
2024-12-23,12705.56
2024-12-26,12687.37
2024-12-27,12589.79
2024-12-30,12598.66
2025-01-02,12526.97
2025-01-03,12362.38
2025-01-06,12591.09
2025-01-07,12713.69
2025-01-08,12515.99
2025-01-09,12526.0
2025-01-10,12417.01
2025-01-13,12410.6
2025-01-14,12425.77
2025-01-15,12782.8
2025-01-16,12547.75
2025-01-17,12655.98
2025-01-20,12718.82
2025-01-21,12812.04
2025-01-22,12829.14
2025-01-23,12770.54
2025-01-24,12751.91
2025-01-27,13076.77
2025-01-28,12979.07
2025-01-29,12905.62
2025-01-30,13258.08
2025-01-31,13141.83
2025-02-03,13200.98
2025-02-04,13058.42
2025-02-05,13107.21
2025-02-06,13155.01
2025-02-07,12967.45
2025-02-10,13077.21
2025-02-11,13225.85
2025-02-12,13025.19
2025-02-13,13103.66
2025-02-14,13433.06
2025-02-17,13473.33
2025-02-18,13380.45
2025-02-19,13224.04
2025-02-20,13193.12
2025-02-21,13091.73
2025-02-24,12890.0
2025-02-25,13015.98
2025-02-26,12868.69
2025-02-27,13008.9
2025-02-28,12829.08
2025-03-05,12880.79
2025-03-06,12923.78
2025-03-07,13113.33
2025-03-10,13094.25
2025-03-11,12976.07
2025-03-12,13070.79
2025-03-13,13185.86
2025-03-14,13371.88
2025-03-17,13541.11
2025-03-18,13679.73
2025-03-19,13855.85
2025-03-20,13785.41
2025-03-21,13750.75
2025-03-24,13558.91
2025-03-25,13634.06
2025-03-26,13649.32
2025-03-27,13748.74
2025-03-28,13609.8
2025-03-31,13426.19
2025-04-01,13540.25
2025-04-02,13543.49
2025-04-03,13696.9
2025-04-04,13353.35
2025-04-07,13200.45
2025-04-08,13164.22
2025-04-09,13537.94
2025-04-10,13455.98
2025-04-11,13574.94
2025-04-14,13815.08
2025-04-15,13852.41
2025-04-16,13740.43
2025-04-17,13894.2
2025-04-22,13930.42
2025-04-23,14181.05
2025-04-24,14474.85
2025-04-25,14540.46
2025-04-28,14536.14
2025-04-29,14489.16
2025-04-30,14609.13
2025-05-02,14636.9
2025-05-05,14461.66
2025-05-06,14435.72
2025-05-07,14371.74
2025-05-08,14611.04
2025-05-09,14502.25
2025-05-12,14415.56
2025-05-13,14689.24
2025-05-14,14632.06
2025-05-15,14723.38
2025-05-16,14768.77
2025-05-19,14876.25
2025-05-20,14945.2
2025-05-21,14696.61
2025-05-22,14675.51
2025-05-23,14742.37
2025-05-26,14806.27
2025-05-27,15028.29
2025-05-28,14955.57
2025-05-29,14977.89
2025-05-30,14843.75
2025-06-02,14789.66
2025-06-03,14870.19
2025-06-04,14853.28
2025-06-05,14776.71
2025-06-06,14697.84
2025-06-09,14710.24
2025-06-10,14793.55
2025-06-11,14771.54
2025-06-12,14836.55
2025-06-13,14709.67
2025-06-16,14945.92
2025-06-17,14910.98
2025-06-18,14906.12
2025-06-20,14702.96
2025-06-23,14709.33
2025-06-24,14822.26
2025-06-25,14610.18
2025-06-26,14764.57
2025-06-27,14696.31
2025-06-30,15001.49
2025-07-01,15104.12
2025-07-02,14858.73
2025-07-03,15137.45
2025-07-04,15207.78
2025-07-07,14996.6
2025-07-08,14928.49
2025-07-09,14730.82
2025-07-10,14641.76
2025-07-11,14491.76
2025-07-14,14401.72
2025-07-15,14506.2
2025-07-16,14463.54
2025-07-17,14418.75
2025-07-18,14154.92
2025-07-21,14209.39
2025-07-22,14114.77
2025-07-23,14300.45
2025-07-24,14134.59
2025-07-25,14103.3
2025-07-28,13974.0
2025-07-29,14065.04
2025-07-30,14331.55
2025-07-31,14257.1
2025-08-01,14244.76
2025-08-04,14295.62
2025-08-05,14290.28
2025-08-06,14561.53
2025-08-07,14861.2
2025-08-08,14859.74
2025-08-11,14825.91
2025-08-12,15160.92
2025-08-13,14974.46
2025-08-14,14977.31
2025-08-15,14942.93
2025-08-18,15070.24
2025-08-19,14753.63
2025-08-20,14807.3
2025-08-21,14776.43
2025-08-22,15104.51
2025-08-25,15124.5
2025-08-26,15086.35
2025-08-27,15277.81
2025-08-28,15510.75
2025-08-29,15534.5
2025-09-01,15501.03
2025-09-02,15387.93
2025-09-03,15350.17
2025-09-04,15503.5
2025-09-05,15752.23
2025-09-08,15605.86
2025-09-09,15555.93
2025-09-10,15626.37
2025-09-11,15778.15
2025-09-12,15702.71
2025-09-15,15871.4
2025-09-16,15962.78
2025-09-17,16169.08
2025-09-18,16207.7
2025-09-19,16276.87
2025-09-22,16060.58
2025-09-23,16244.61
2025-09-24,16191.25
2025-09-25,16016.68
2025-09-26,16054.26
2025-09-29,16272.28
2025-09-30,16277.44
2025-10-01,16212.58
2025-10-02,16003.54
2025-10-03,16057.22
2025-10-06,15938.35
2025-10-07,15616.01
2025-10-08,15694.21
2025-10-09,15600.86
2025-10-10,15492.04
2025-10-13,15562.68
2025-10-14,15531.71
2025-10-15,15733.05
2025-10-16,15707.61
2025-10-17,15849.5
2025-10-20,15981.57
2025-10-21,15969.93
2025-10-22,15972.47
2025-10-23,16069.45
2025-10-24,16209.44
2025-10-27,16308.66
2025-10-28,16319.89
2025-10-29,16375.33
2025-10-30,16464.7
2025-10-31,16539.57
2025-11-03,16578.12
2025-11-04,16654.72
2025-11-05,16952.41
2025-11-06,16997.25
2025-11-07,17022.89
2025-11-10,17168.63
2025-11-11,17388.34
2025-11-12,17528.0
2025-11-13,17353.49
2025-11-14,17539.04
2025-11-17,17403.89
2025-11-18,17380.75
2025-11-19,17202.55
2025-11-21,17110.57
2025-11-24,17270.79
2025-11-25,17400.35
2025-11-26,17719.65
2025-11-27,17679.6
2025-11-28,17658.92
2025-12-01,17571.69
2025-12-02,17916.5
2025-12-03,17922.66
2025-12-04,18317.24
2025-12-05,17396.63
2025-12-08,17434.31
2025-12-09,17396.53
2025-12-10,17433.77
2025-12-11,17443.74
2025-12-12,17676.76
2025-12-15,17902.5
2025-12-16,17332.61
2025-12-17,17097.16
2025-12-18,17185.99
2025-12-19,17210.71
2025-12-22,17016.72
2025-12-23,17383.37
2025-12-26,17413.12
2025-12-29,17327.33
2025-12-30,17437.36
2026-01-02,17346.23
2026-01-05,17387.7
2026-01-06,17550.45
2026-01-07,17352.69
2026-01-08,17462.42
2026-01-09,17574.47
2026-01-12,17536.5
2026-01-13,17253.64
2026-01-14,17450.47
2026-01-15,17426.93
2026-01-16,17281.98
2026-01-19,17299.77
2026-01-20,17503.06
2026-01-21,18025.81
2026-01-22,18462.37
2026-01-23,18775.57
2026-01-26,18754.54
2026-01-27,19000.18
2026-01-28,19220.08
2026-01-29,18871.21
2026-01-30,18835.5
2026-02-02,19042.02
2026-02-03,19273.9
2026-02-04,18841.33
2026-02-05,18955.28
2026-02-06,19083.16
2026-02-09,19331.44
2026-02-10,19307.63
2026-02-11,19730.03
2026-02-12,19508.58
2026-02-13,19470.64
2026-02-18,19467.56
2026-02-19,19729.78
2026-02-20,19855.78
2026-02-23,19636.55
2026-02-24,19945.34
2026-02-25,19813.0
2026-02-26,19805.23
2026-02-27,19529.37
2026-03-02,19458.9
2026-03-03,18856.66
2026-03-04,19209.08
2026-03-05,18724.94
2026-03-06,18661.69
2026-03-09,18788.67
2026-03-10,19072.92
2026-03-11,19012.87
2026-03-12,18397.45
2026-03-13,18230.81
2026-03-16,18436.7
2026-03-17,18584.79
2026-03-18,18617.1
2026-03-19,18837.08
2026-03-20,18465.85
2026-03-23,19102.56
2026-03-24,19116.54
2026-03-25,19447.3
2026-03-26,19084.94
2026-03-27,18864.87
2026-03-30,18987.8
2026-03-31,19445.59
2026-04-01,19510.95
2026-04-02,19525.32
2026-04-06,19435.07
2026-04-07,19446.02
2026-04-08,19873.33
2026-04-09,20229.2
2026-04-10,20439.01
