Price,Close
Ticker,ACWI
Date,
2008-03-28,35.66896438598633
2008-03-31,35.1136474609375
2008-04-01,36.060543060302734
2008-04-02,36.4592399597168
2008-04-03,36.665706634521484
2008-04-04,36.644344329833984
2008-04-07,36.857940673828125
2008-04-08,37.08576202392578
2008-04-09,36.395164489746094
2008-04-10,36.395164489746094
2008-04-11,35.8184814453125
2008-04-14,35.96086883544922
2008-04-15,36.060543060302734
2008-04-16,36.551795959472656
2008-04-17,37.04303741455078
2008-04-18,37.448856353759766
2008-04-21,37.61973190307617
2008-04-22,37.277984619140625
2008-04-23,37.37055587768555
2008-04-24,37.384788513183594
2008-04-25,37.53429412841797
2008-04-28,37.84044647216797
2008-04-29,37.40614318847656
2008-04-30,37.91162872314453
2008-05-01,37.797725677490234
2008-05-02,38.03266525268555
2008-05-05,38.13945388793945
2008-05-06,38.395755767822266
2008-05-07,37.7550048828125
2008-05-08,37.883155822753906
2008-05-09,37.719398498535156
2008-05-12,38.103858947753906
2008-05-13,38.14657974243164
2008-05-14,38.23200988769531
2008-05-15,38.63782501220703
2008-05-16,38.965328216552734
2008-05-19,38.951087951660156
2008-05-20,38.566619873046875
2008-05-21,38.30320358276367
2008-05-22,38.360172271728516
2008-05-23,37.76212692260742
2008-05-27,38.05403137207031
2008-05-28,38.046905517578125
2008-05-29,38.28184509277344
2008-05-30,38.23911666870117
2008-06-02,37.94722366333008
2008-06-03,37.854679107666016
2008-06-04,37.4702262878418
2008-06-05,38.274715423583984
2008-06-06,37.26375198364258
2008-06-09,37.035926818847656
2008-06-10,36.67283248901367
2008-06-11,36.231407165527344
2008-06-12,36.25276565551758
2008-06-13,36.50196075439453
2008-06-16,36.744022369384766
2008-06-17,36.73689651489258
2008-06-18,36.47346878051758
2008-06-19,35.989341735839844
2008-06-20,35.73304748535156
2008-06-23,35.85408020019531
2008-06-24,35.49810028076172
2008-06-25,35.8825569152832
2008-06-26,34.98550033569336
2008-06-27,35.049560546875
2008-06-30,35.18482971191406
2008-07-01,34.91429138183594
2008-07-02,34.3660774230957
2008-07-03,34.223690032958984
2008-07-07,34.358970642089844
2008-07-08,34.25929641723633
2008-07-09,34.18098449707031
2008-07-10,34.06707763671875
2008-07-11,33.81788635253906
2008-07-14,33.6826171875
2008-07-15,33.33375549316406
2008-07-16,33.654136657714844
2008-07-17,34.102664947509766
2008-07-18,34.13114929199219
2008-07-21,34.280662536621094
2008-07-22,34.266422271728516
2008-07-23,34.72917938232422
2008-07-24,33.995880126953125
2008-07-25,33.9887580871582
2008-07-28,33.58293914794922
2008-07-29,33.96028518676758
2008-07-30,34.15962219238281
2008-07-31,34.074188232421875
2008-08-01,33.675498962402344
2008-08-04,33.33375549316406
2008-08-05,33.87483215332031
2008-08-06,34.25929641723633
2008-08-07,33.60430145263672
2008-08-08,33.98163986206055
2008-08-11,34.031471252441406
2008-08-12,33.76805114746094
2008-08-13,33.60430145263672
2008-08-14,33.632774353027344
2008-08-15,33.497501373291016
2008-08-18,33.19136428833008
2008-08-19,32.77842712402344
2008-08-20,32.97065734863281
2008-08-21,33.30528259277344
2008-08-22,33.419185638427734
2008-08-25,32.85675048828125
2008-08-26,33.01337814331055
2008-08-27,33.24832534790039
2008-08-28,33.66124725341797
2008-08-29,33.504615783691406
2008-09-02,33.0489616394043
2008-09-03,32.593326568603516
2008-09-04,31.73185920715332
2008-09-05,31.610836029052734
2008-09-08,31.952566146850586
2008-09-09,31.03413963317871
2008-09-10,31.496912002563477
2008-09-11,31.475553512573242
2008-09-12,31.84576988220215
2008-09-15,30.34354019165039
2008-09-16,30.564252853393555
2008-09-17,29.247127532958984
2008-09-18,30.400510787963867
2008-09-19,32.094947814941406
2008-09-22,31.411481857299805
2008-09-23,30.735118865966797
2008-09-24,30.720890045166016
2008-09-25,31.44707679748535
2008-09-26,31.283323287963867
2008-09-29,28.357189178466797
2008-09-30,29.396650314331055
2008-10-01,29.517677307128906
2008-10-02,28.27887535095215
2008-10-03,27.766260147094727
2008-10-06,26.34234619140625
2008-10-07,25.167621612548828
2008-10-08,24.62653923034668
2008-10-09,23.095834732055664
2008-10-10,22.59746742248535
2008-10-13,25.402572631835938
2008-10-14,25.23882484436035
2008-10-15,22.832408905029297
2008-10-16,23.715238571166992
2008-10-17,23.33789825439453
2008-10-20,24.683500289916992
2008-10-21,23.629802703857422
2008-10-22,21.906869888305664
2008-10-23,22.042142868041992
2008-10-24,21.081005096435547
2008-10-27,20.070032119750977
2008-10-28,22.2130126953125
2008-10-29,22.576108932495117
2008-10-30,23.644044876098633
2008-10-31,23.985780715942383
2008-11-03,23.850507736206055
2008-11-04,25.13914680480957
2008-11-05,23.814912796020508
2008-11-06,22.2557315826416
2008-11-07,23.3592586517334
2008-11-10,23.117197036743164
2008-11-11,22.519155502319336
2008-11-12,21.2874698638916
2008-11-13,22.782577514648438
2008-11-14,21.600727081298828
2008-11-17,21.358665466308594
2008-11-18,21.15931510925293
2008-11-19,20.027305603027344
2008-11-20,18.70307159423828
2008-11-21,19.813720703125
2008-11-24,21.258989334106445
2008-11-25,21.2874698638916
2008-11-26,21.81431770324707
2008-11-28,21.88551139831543
2008-12-01,20.034425735473633
2008-12-02,21.002689361572266
2008-12-03,21.237638473510742
2008-12-04,20.853179931640625
2008-12-05,21.2020320892334
2008-12-08,22.056385040283203
2008-12-09,21.7929630279541
2008-12-10,22.39099884033203
2008-12-11,22.163169860839844
2008-12-12,22.29844856262207
2008-12-15,22.177413940429688
2008-12-16,23.437570571899414
2008-12-17,23.31653594970703
2008-12-18,22.483556747436523
2008-12-19,22.51202964782715
2008-12-22,22.17029571533203
2008-12-23,21.871273040771484
2008-12-24,22.03502655029297
2008-12-26,22.198776245117188
2008-12-29,22.063499450683594
2008-12-30,22.725618362426758
2008-12-31,23.08159637451172
2009-01-02,23.58709144592285
2009-01-05,23.48029136657715
2009-01-06,23.77931022644043
2009-01-07,23.12431526184082
2009-01-08,23.1385555267334
2009-01-09,22.540510177612305
2009-01-12,22.02078628540039
2009-01-13,21.800081253051758
2009-01-14,21.0667724609375
2009-01-15,21.17355728149414
2009-01-16,21.34442138671875
2009-01-20,19.91339111328125
2009-01-21,20.79621696472168
2009-01-22,20.312089920043945
2009-01-23,20.40464210510254
2009-01-26,20.660947799682617
2009-01-27,20.988449096679688
2009-01-28,21.743120193481445
2009-01-29,20.831819534301758
2009-01-30,20.454479217529297
2009-02-02,20.42600440979004
2009-02-03,20.838937759399414
2009-02-04,20.88878059387207
2009-02-05,21.130840301513672
2009-02-06,21.700403213500977
2009-02-09,21.714641571044922
2009-02-10,20.717905044555664
2009-02-11,20.853179931640625
2009-02-12,20.895891189575195
2009-02-13,20.632474899291992
2009-02-17,19.64997673034668
2009-02-18,19.514698028564453
2009-02-19,19.35807228088379
2009-02-20,19.116004943847656
2009-02-23,18.489484786987305
2009-02-24,19.165843963623047
2009-02-25,18.845457077026367
2009-02-26,18.674591064453125
2009-02-27,18.468128204345703
2009-03-02,17.435787200927734
2009-03-03,17.36458969116211
2009-03-04,18.062314987182617
2009-03-05,17.33611297607422
2009-03-06,17.300518035888672
2009-03-09,17.037094116210938
2009-03-10,18.11214828491211
2009-03-11,18.190462112426758
2009-03-12,18.809865951538086
2009-03-13,18.916656494140625
2009-03-16,19.016332626342773
2009-03-17,19.593019485473633
2009-03-18,20.013072967529297
2009-03-19,19.892030715942383
2009-03-20,19.571653366088867
2009-03-23,21.0667724609375
2009-03-24,20.497201919555664
2009-03-25,20.7606258392334
2009-03-26,21.216272354125977
2009-03-27,20.575510025024414
2009-03-30,19.792360305786133
2009-03-31,20.16969108581543
2009-04-01,20.646709442138672
2009-04-02,21.472579956054688
2009-04-03,21.657686233520508
2009-04-06,21.436981201171875
2009-04-07,20.95284652709961
2009-04-08,21.16643714904785
2009-04-09,21.892627716064453
2009-04-13,22.220130920410156
2009-04-14,21.921106338500977
2009-04-15,22.042142868041992
2009-04-16,22.355405807495117
2009-04-17,22.29844856262207
2009-04-20,21.387144088745117
2009-04-21,21.81431770324707
2009-04-22,21.657686233520508
2009-04-23,22.063499450683594
2009-04-24,22.51202964782715
2009-04-27,22.113338470458984
2009-04-28,22.056385040283203
2009-04-29,22.568986892700195
2009-04-30,22.746978759765625
2009-05-01,22.875131607055664
2009-05-04,23.92882537841797
2009-05-05,23.750837326049805
2009-05-06,24.256330490112305
2009-05-07,23.87898826599121
2009-05-08,24.655017852783203
2009-05-11,24.07121467590332
2009-05-12,24.19224739074707
2009-05-13,23.423337936401367
2009-05-14,23.651161193847656
2009-05-15,23.48029136657715
2009-05-18,24.29191780090332
2009-05-19,24.391599655151367
2009-05-20,24.462791442871094
2009-05-21,24.142412185668945
2009-05-22,24.21360206604004
2009-05-26,24.74045181274414
2009-05-27,24.327518463134766
2009-05-28,24.647897720336914
2009-05-29,25.132020950317383
2009-06-01,25.708709716796875
2009-06-02,25.730066299438477
2009-06-03,25.231704711914062
2009-06-04,25.452409744262695
2009-06-05,25.310016632080078
2009-06-08,25.27442169189453
2009-06-09,25.53072738647461
2009-06-10,25.495132446289062
2009-06-11,25.822628021240234
2009-06-12,25.787033081054688
2009-06-15,24.968278884887695
2009-06-16,24.647897720336914
2009-06-17,24.548229217529297
2009-06-18,24.6123046875
2009-06-19,24.747570037841797
2009-06-22,24.00713539123535
2009-06-23,24.09756088256836
2009-06-24,24.212379455566406
2009-06-25,24.851058959960938
2009-06-26,24.772117614746094
2009-06-29,24.951519012451172
2009-06-30,24.750585556030273
2009-07-01,25.087867736816406
2009-07-02,24.327192306518555
2009-07-06,24.305665969848633
2009-07-07,23.817691802978516
2009-07-08,23.753101348876953
2009-07-09,23.96120834350586
2009-07-10,23.76028060913086
2009-07-13,24.162141799926758
2009-07-14,24.355897903442383
2009-07-15,25.224218368530273
2009-07-16,25.432327270507812
2009-07-17,25.432327270507812
2009-07-20,25.9274845123291
2009-07-21,26.04229736328125
2009-07-22,25.949012756347656
2009-07-23,26.587684631347656
2009-07-24,26.702505111694336
2009-07-27,26.774274826049805
2009-07-28,26.61640167236328
2009-07-29,26.415456771850586
2009-07-30,26.939315795898438
2009-07-31,27.082841873168945
2009-08-03,27.728708267211914
2009-08-04,27.664112091064453
2009-08-05,27.58517074584961
2009-08-06,27.398595809936523
2009-08-07,27.606698989868164
2009-08-10,27.398595809936523
2009-08-11,27.154600143432617
2009-08-12,27.463171005249023
2009-08-13,27.786109924316406
2009-08-14,27.534940719604492
2009-08-17,26.65945816040039
2009-08-18,26.968021392822266
2009-08-19,27.269424438476562
2009-08-20,27.534940719604492
2009-08-21,28.087509155273438
2009-08-24,28.087509155273438
2009-08-25,28.20949363708496
2009-08-26,28.11620330810547
2009-08-27,28.20949363708496
2009-08-28,28.20949363708496
2009-08-31,27.886579513549805
2009-09-01,27.29813575744629
2009-09-02,27.319652557373047
2009-09-03,27.54212188720703
2009-09-04,27.92962646484375
2009-09-08,28.37454605102539
2009-09-09,28.6544189453125
2009-09-10,28.97735595703125
2009-09-11,28.941469192504883
2009-09-14,29.006052017211914
2009-09-15,29.120880126953125
2009-09-16,29.65190315246582
2009-09-17,29.565786361694336
2009-09-18,29.601669311523438
2009-09-21,29.350513458251953
2009-09-22,29.694961547851562
2009-09-23,29.350513458251953
2009-09-24,29.034759521484375
2009-09-25,28.884065628051758
2009-09-28,29.257217407226562
2009-09-29,29.27873992919922
2009-09-30,29.24286651611328
2009-10-01,28.482192993164062
2009-10-02,28.252552032470703
2009-10-05,28.70465850830078
2009-10-06,29.19264030456543
2009-10-07,29.285924911499023
2009-10-08,29.6662540435791
2009-10-09,29.702144622802734
2009-10-12,29.694961547851562
2009-10-13,29.716487884521484
2009-10-14,30.326467514038086
2009-10-15,30.4412841796875
2009-10-16,30.161413192749023
2009-10-19,30.49152183532715
2009-10-20,30.297765731811523
2009-10-21,30.161413192749023
2009-10-22,30.46999168395996
2009-10-23,29.946142196655273
2009-10-26,29.61602210998535
2009-10-27,29.472501754760742
2009-10-28,28.618547439575195
2009-10-29,29.472501754760742
2009-10-30,28.453487396240234
2009-11-02,28.76923942565918
2009-11-03,28.733366012573242
2009-11-04,29.113698959350586
2009-11-05,29.565786361694336
2009-11-06,29.623212814331055
2009-11-09,30.426937103271484
2009-11-10,30.340816497802734
2009-11-11,30.46282196044922
2009-11-12,30.05377960205078
2009-11-13,30.355178833007812
2009-11-16,30.857511520385742
2009-11-17,30.771385192871094
2009-11-18,30.792911529541016
2009-11-19,30.15424156188965
2009-11-20,30.05377960205078
2009-11-23,30.520217895507812
2009-11-24,30.391054153442383
2009-11-25,30.69245719909668
2009-11-27,29.960487365722656
2009-11-30,29.98918914794922
2009-12-01,30.635038375854492
2009-12-02,30.778568267822266
2009-12-03,30.52740478515625
2009-12-04,30.66374969482422
2009-12-07,30.52740478515625
2009-12-08,30.096830368041992
2009-12-09,30.01073455810547
2009-12-10,30.22599983215332
2009-12-11,30.297765731811523
2009-12-14,30.498703002929688
2009-12-15,30.254711151123047
2009-12-16,30.448461532592773
2009-12-17,29.960487365722656
2009-12-18,30.03942108154297
2009-12-21,30.211650848388672
2009-12-22,30.399477005004883
2009-12-23,30.572856903076172
2009-12-24,30.695669174194336
2009-12-28,30.695669174194336
2009-12-29,30.782363891601562
2009-12-30,30.601760864257812
2009-12-31,30.551189422607422
2010-01-04,31.17970085144043
2010-01-05,31.439760208129883
2010-01-06,31.432537078857422
2010-01-07,31.280834197998047
2010-01-08,31.475887298583984
2010-01-11,31.678159713745117
2010-01-12,31.280834197998047
2010-01-13,31.540903091430664
2010-01-14,31.605926513671875
2010-01-15,31.295278549194336
2010-01-19,31.656482696533203
2010-01-20,30.970197677612305
2010-01-21,30.38503074645996
2010-01-22,29.684295654296875
2010-01-25,30.002155303955078
2010-01-26,29.821552276611328
2010-01-27,29.821552276611328
2010-01-28,29.31584930419922
2010-01-29,28.932964324951172
2010-02-01,29.467557907104492
2010-02-02,29.944353103637695
2010-02-03,29.69150161743164
2010-02-04,28.615100860595703
2010-02-05,28.52840805053711
2010-02-08,28.311683654785156
2010-02-09,28.889623641967773
2010-02-10,28.882394790649414
2010-02-11,29.164138793945312
2010-02-12,29.026872634887695
2010-02-16,29.633710861206055
2010-02-17,29.70595359802246
2010-02-18,29.8576717376709
2010-02-19,29.749298095703125
2010-02-22,29.79265022277832
2010-02-23,29.4603328704834
2010-02-24,29.597585678100586
2010-02-25,29.402538299560547
2010-02-26,29.561466217041016
2010-03-01,29.973241806030273
2010-03-02,30.081621170043945
2010-03-03,30.269433975219727
2010-03-04,30.175533294677734
2010-03-05,30.782363891601562
2010-03-08,30.753461837768555
2010-03-09,30.710115432739258
2010-03-10,30.83293342590332
2010-03-11,30.991865158081055
2010-03-12,31.100223541259766
2010-03-15,31.013534545898438
2010-03-16,31.324182510375977
2010-03-17,31.555360794067383
2010-03-18,31.360300064086914
2010-03-19,31.100223541259766
2010-03-22,31.223041534423828
2010-03-23,31.425323486328125
2010-03-24,31.042438507080078
2010-03-25,31.027990341186523
2010-03-26,31.194143295288086
2010-03-29,31.51923179626465
2010-03-30,31.555360794067383
2010-03-31,31.432537078857422
2010-04-01,31.88043975830078
2010-04-05,32.089935302734375
2010-04-06,32.16218566894531
2010-04-07,31.931007385253906
2010-04-08,32.02492904663086
2010-04-09,32.277767181396484
2010-04-12,32.33556365966797
2010-04-13,32.25611114501953
2010-04-14,32.71845626831055
2010-04-15,32.59564208984375
2010-04-16,32.03215026855469
2010-04-19,31.974355697631836
2010-04-20,32.33556365966797
2010-04-21,32.14774703979492
2010-04-22,32.176639556884766
2010-04-23,32.458377838134766
2010-04-26,32.277767181396484
2010-04-27,31.36752700805664
2010-04-28,31.432537078857422
2010-04-29,31.88765525817871
2010-04-30,31.360300064086914
2010-05-03,31.73595428466797
2010-05-04,30.68844985961914
2010-05-05,30.096059799194336
2010-05-06,29.113563537597656
2010-05-07,28.71623420715332
2010-05-10,30.30556297302246
2010-05-11,30.096059799194336
2010-05-12,30.551189422607422
2010-05-13,30.269433975219727
2010-05-14,29.58313751220703
2010-05-17,29.597585678100586
2010-05-18,29.07745361328125
2010-05-19,28.990760803222656
2010-05-20,27.80599594116211
2010-05-21,28.376699447631836
2010-05-24,27.892675399780273
2010-05-25,27.827665328979492
2010-05-26,27.618154525756836
2010-05-27,28.824600219726562
2010-05-28,28.420047760009766
2010-06-01,28.029939651489258
2010-06-02,28.896846771240234
2010-06-03,28.896846771240234
2010-06-04,27.76264190673828
2010-06-07,27.379756927490234
2010-06-08,27.79877281188965
2010-06-09,27.704843521118164
2010-06-10,28.622323989868164
2010-06-11,28.72346305847168
2010-06-14,28.72346305847168
2010-06-15,29.474775314331055
2010-06-16,29.467557907104492
2010-06-17,29.503665924072266
2010-06-18,29.4603328704834
2010-06-21,29.554243087768555
2010-06-22,29.164138793945312
2010-06-23,29.107275009155273
2010-06-24,28.63345718383789
2010-06-25,28.822978973388672
2010-06-28,28.58243179321289
2010-06-29,27.678525924682617
2010-06-30,27.408803939819336
2010-07-01,27.57647132873535
2010-07-02,27.467126846313477
2010-07-06,27.817018508911133
2010-07-07,28.597013473510742
2010-07-08,28.903167724609375
2010-07-09,29.078115463256836
2010-07-12,28.932321548461914
2010-07-13,29.38429069519043
2010-07-14,29.49362564086914
2010-07-15,29.522783279418945
2010-07-16,28.70635986328125
2010-07-19,28.888595581054688
2010-07-20,29.180179595947266
2010-07-21,28.677196502685547
2010-07-22,29.515506744384766
2010-07-23,29.74146842956543
2010-07-26,30.011192321777344
2010-07-27,30.084077835083008
2010-07-28,29.865388870239258
2010-07-29,29.96015739440918
2010-07-30,29.967449188232422
2010-08-02,30.81304359436035
2010-08-03,30.747426986694336
2010-08-04,30.791181564331055
2010-08-05,30.71098518371582
2010-08-06,30.674535751342773
2010-08-09,30.81304359436035
2010-08-10,30.674535751342773
2010-08-11,29.47905158996582
2010-08-12,29.391569137573242
2010-08-13,29.362415313720703
2010-08-16,29.515506744384766
2010-08-17,29.843530654907227
2010-08-18,29.894548416137695
2010-08-19,29.420730590820312
2010-08-20,29.180179595947266
2010-08-23,29.03438377380371
2010-08-24,28.611591339111328
2010-08-25,28.611591339111328
2010-08-26,28.50953483581543
2010-08-27,29.085411071777344
2010-08-30,28.62616729736328
2010-08-31,28.684484481811523
2010-09-01,29.56651496887207
2010-09-02,29.909128189086914
2010-09-03,30.17156219482422
2010-09-07,29.785202026367188
2010-09-08,30.018474578857422
2010-09-09,30.222583770751953
2010-09-10,30.28819465637207
2010-09-13,30.80575942993164
2010-09-14,30.907806396484375
2010-09-15,30.97340965270996
2010-09-16,30.907806396484375
2010-09-17,30.783884048461914
2010-09-20,31.32331657409668
2010-09-21,31.20668601989746
2010-09-22,31.12649154663086
2010-09-23,30.856786727905273
2010-09-24,31.57844352722168
2010-09-27,31.469104766845703
2010-09-28,31.534713745117188
2010-09-29,31.563867568969727
2010-09-30,31.498252868652344
2010-10-01,31.782564163208008
2010-10-04,31.461820602416992
2010-10-05,32.2126350402832
2010-10-06,32.35843276977539
2010-10-07,32.19805908203125
2010-10-08,32.460487365722656
2010-10-11,32.48236083984375
2010-10-12,32.44590377807617
2010-10-13,32.846832275390625
2010-10-14,32.897865295410156
2010-10-15,32.803096771240234
2010-10-18,32.89057159423828
2010-10-19,32.21992492675781
2010-10-20,32.686466217041016
2010-10-21,32.657310485839844
2010-10-22,32.73749923706055
2010-10-25,32.846832275390625
2010-10-26,32.73020935058594
2010-10-27,32.51150894165039
2010-10-28,32.679176330566406
2010-10-29,32.679176330566406
2010-11-01,32.7229118347168
2010-11-02,33.03636169433594
2010-11-03,33.21860122680664
2010-11-04,33.96942901611328
2010-11-05,33.90382385253906
2010-11-08,33.77260971069336
2010-11-09,33.49560546875
2010-11-10,33.58308410644531
2010-11-11,33.422706604003906
2010-11-12,33.08009719848633
2010-11-15,33.050941467285156
2010-11-16,32.35114288330078
2010-11-17,32.42403030395508
2010-11-18,33.1384162902832
2010-11-19,33.19673538208008
2010-11-22,33.04365921020508
2010-11-23,32.26366424560547
2010-11-24,32.70103073120117
2010-11-26,32.402164459228516
2010-11-29,32.21992492675781
2010-11-30,31.96479034423828
2010-12-01,32.78852844238281
2010-12-02,33.34980392456055
2010-12-03,33.52477264404297
2010-12-06,33.473731994628906
2010-12-07,33.38626480102539
2010-12-08,33.45185470581055
2010-12-09,33.59037399291992
2010-12-10,33.63410949707031
2010-12-13,33.87466049194336
2010-12-14,33.92569351196289
2010-12-15,33.604949951171875
2010-12-16,33.76532745361328
2010-12-17,33.838218688964844
2010-12-20,33.787193298339844
2010-12-21,34.080142974853516
2010-12-22,34.146392822265625
2010-12-23,34.13166427612305
2010-12-27,34.12431716918945
2010-12-28,34.183189392089844
2010-12-29,34.30833435058594
2010-12-30,34.34513473510742
2010-12-31,34.455543518066406
2011-01-03,34.71316909790039
2011-01-04,34.67637252807617
2011-01-05,34.67637252807617
2011-01-06,34.455543518066406
2011-01-07,34.330406188964844
2011-01-10,34.24944305419922
2011-01-11,34.35985565185547
2011-01-12,34.91926193237305
2011-01-13,34.897186279296875
2011-01-14,35.162174224853516
2011-01-18,35.2725830078125
2011-01-19,35.000244140625
2011-01-20,34.77204895019531
2011-01-21,34.845672607421875
2011-01-24,35.06647872924805
2011-01-25,35.0517463684082
2011-01-26,35.20634078979492
2011-01-27,35.29466247558594
2011-01-28,34.47026824951172
2011-01-31,34.82357406616211
2011-02-01,35.53019332885742
2011-02-02,35.45658874511719
2011-02-03,35.52285385131836
2011-02-04,35.48603820800781
2011-02-07,35.647979736328125
2011-02-08,35.83936309814453
2011-02-09,35.67005920410156
2011-02-10,35.500770568847656
2011-02-11,35.655338287353516
2011-02-14,35.684783935546875
2011-02-15,35.67742919921875
2011-02-16,35.96448516845703
2011-02-17,36.07490921020508
2011-02-18,36.24421310424805
2011-02-22,35.2725830078125
2011-02-23,35.15480041503906
2011-02-24,35.191619873046875
2011-02-25,35.62590026855469
2011-02-28,35.90559768676758
2011-03-01,35.41244125366211
2011-03-02,35.57437515258789
2011-03-03,36.15586853027344
2011-03-04,35.85408020019531
2011-03-07,35.478694915771484
2011-03-08,35.773109436035156
2011-03-09,35.75839614868164
2011-03-10,34.9781608581543
2011-03-11,35.07383728027344
2011-03-14,34.76469039916992
2011-03-15,34.21263885498047
2011-03-16,33.37351989746094
2011-03-17,33.89613723754883
2011-03-18,34.293601989746094
2011-03-21,34.88982009887695
2011-03-22,34.93398666381836
2011-03-23,34.963436126708984
2011-03-24,35.34619140625
2011-03-25,35.162174224853516
2011-03-28,35.05912399291992
2011-03-29,35.34619140625
2011-03-30,35.640625
2011-03-31,35.59645462036133
2011-04-01,35.86880111694336
2011-04-04,35.97185516357422
2011-04-05,36.00129318237305
2011-04-06,36.18532180786133
2011-04-07,36.04545974731445
2011-04-08,36.10435104370117
2011-04-11,35.94241714477539
2011-04-12,35.62590026855469
2011-04-13,35.74367141723633
2011-04-14,35.78783416748047
2011-04-15,35.75102996826172
2011-04-18,35.243141174316406
2011-04-19,35.53757095336914
2011-04-20,36.163238525390625
2011-04-21,36.41349792480469
2011-04-25,36.33988571166992
2011-04-26,36.70056915283203
2011-04-27,37.07595443725586
2011-04-28,37.20110321044922
2011-04-29,37.31149673461914
2011-05-02,37.25997543334961
2011-05-03,36.95817947387695
2011-05-04,36.64167785644531
2011-05-05,36.12643051147461
2011-05-06,36.25155258178711
2011-05-09,36.494468688964844
2011-05-10,36.774169921875
2011-05-11,36.24421310424805
2011-05-12,36.37668228149414
2011-05-13,35.802547454833984
2011-05-16,35.67005920410156
2011-05-17,35.75839614868164
2011-05-18,36.052818298339844
2011-05-19,36.207393646240234
2011-05-20,35.81726837158203
2011-05-23,35.15480041503906
2011-05-24,35.25786590576172
2011-05-25,35.3977165222168
2011-05-26,35.75839614868164
2011-05-27,35.94241714477539
2011-05-31,36.58278274536133
2011-06-01,35.74367141723633
2011-06-02,35.86880111694336
2011-06-03,35.67005920410156
2011-06-06,35.20634078979492
2011-06-07,35.38299560546875
2011-06-08,35.04439163208008
2011-06-09,35.419795989990234
2011-06-10,34.749969482421875
2011-06-13,34.779422760009766
2011-06-14,35.19896697998047
2011-06-15,34.41874313354492
2011-06-16,34.337764739990234
2011-06-17,34.41874313354492
2011-06-20,34.551231384277344
2011-06-21,35.14008712768555
2011-06-22,34.87342834472656
2011-06-23,34.63508605957031
2011-06-24,34.35205078125
2011-06-27,34.62763977050781
2011-06-28,35.059654235839844
2011-06-29,35.52145004272461
2011-06-30,35.93855667114258
2011-07-01,36.42270278930664
2011-07-05,36.310977935791016
2011-07-06,36.206703186035156
2011-07-07,36.5344352722168
2011-07-08,36.214149475097656
2011-07-11,35.305442810058594
2011-07-12,35.08944320678711
2011-07-13,35.513999938964844
2011-07-14,35.21605682373047
2011-07-15,35.439517974853516
2011-07-18,34.97026824951172
2011-07-19,35.52145004272461
2011-07-20,35.6331672668457
2011-07-21,36.251399993896484
2011-07-22,36.31842803955078
2011-07-25,36.10243606567383
2011-07-26,36.154563903808594
2011-07-27,35.372474670410156
2011-07-28,35.21605682373047
2011-07-29,35.119239807128906
2011-08-01,34.8064079284668
2011-08-02,34.00197219848633
2011-08-03,34.09879684448242
2011-08-04,32.199459075927734
2011-08-05,32.31118392944336
2011-08-08,30.076669692993164
2011-08-09,31.64827537536621
2011-08-10,30.173492431640625
2011-08-11,31.54400062561035
2011-08-12,31.812135696411133
2011-08-15,32.564430236816406
2011-08-16,32.05793380737305
2011-08-17,32.25905227661133
2011-08-18,30.799152374267578
2011-08-19,30.210731506347656
2011-08-22,30.374605178833008
2011-08-23,31.39503288269043
2011-08-24,31.521657943725586
2011-08-25,30.963024139404297
2011-08-26,31.335447311401367
2011-08-29,32.221805572509766
2011-08-30,32.23670196533203
2011-08-31,32.53464126586914
2011-09-01,32.31118392944336
2011-09-02,31.54400062561035
2011-09-06,30.992820739746094
2011-09-07,31.871736526489258
2011-09-08,31.402484893798828
2011-09-09,30.4639892578125
2011-09-12,30.44908905029297
2011-09-13,30.702327728271484
2011-09-14,31.06730079650879
2011-09-15,31.581247329711914
2011-09-16,31.655729293823242
2011-09-19,31.13433265686035
2011-09-20,31.06730079650879
2011-09-21,30.173492431640625
2011-09-22,28.929611206054688
2011-09-23,29.205198287963867
2011-09-26,29.808521270751953
2011-09-27,30.374605178833008
2011-09-28,29.771278381347656
2011-09-29,30.180936813354492
2011-09-30,29.138153076171875
2011-10-03,28.303945541381836
2011-10-04,28.847684860229492
2011-10-05,29.43610954284668
2011-10-06,30.121356964111328
2011-10-07,29.845754623413086
2011-10-10,31.000274658203125
2011-10-11,30.970476150512695
2011-10-12,31.45462417602539
2011-10-13,31.387575149536133
2011-10-14,31.98345375061035
2011-10-17,31.253515243530273
2011-10-18,31.864274978637695
2011-10-19,31.387575149536133
2011-10-20,31.335447311401367
2011-10-21,32.05793380737305
2011-10-24,32.54954147338867
2011-10-25,31.968557357788086
2011-10-26,32.437808990478516
2011-10-27,33.763633728027344
2011-10-28,33.65189743041992
2011-10-31,32.437808990478516
2011-11-01,31.45462417602539
2011-11-02,32.02070617675781
2011-11-03,32.69104766845703
2011-11-04,32.36332702636719
2011-11-07,32.59422302246094
2011-11-08,32.944297790527344
2011-11-09,31.462074279785156
2011-11-10,31.730201721191406
2011-11-11,32.46015167236328
2011-11-14,32.072837829589844
2011-11-15,32.16221237182617
2011-11-16,31.61848258972168
2011-11-17,31.022611618041992
2011-11-18,31.06730079650879
2011-11-21,30.29266357421875
2011-11-22,30.233078002929688
2011-11-23,29.525484085083008
2011-11-25,29.38395881652832
2011-11-28,30.47887420654297
2011-11-29,30.598058700561523
2011-11-30,32.06538391113281
2011-12-01,31.961105346679688
2011-12-02,31.946205139160156
2011-12-05,32.25905227661133
2011-12-06,32.199459075927734
2011-12-07,32.37821960449219
2011-12-08,31.506759643554688
2011-12-09,32.11008071899414
2011-12-12,31.39503288269043
2011-12-13,30.97791862487793
2011-12-14,30.642745971679688
2011-12-15,30.836395263671875
2011-12-16,30.799152374267578
2011-12-19,30.41927719116211
2011-12-20,31.42173957824707
2011-12-21,31.399147033691406
2011-12-22,31.685348510742188
2011-12-23,31.903764724731445
2011-12-27,31.851041793823242
2011-12-28,31.399147033691406
2011-12-29,31.77572250366211
2011-12-30,31.76066780090332
2012-01-03,32.370723724365234
2012-01-04,32.363189697265625
2012-01-05,32.23514938354492
2012-01-06,31.98661231994629
2012-01-09,32.09959030151367
2012-01-10,32.38578414916992
2012-01-11,32.49876022338867
2012-01-12,32.51382064819336
2012-01-13,32.250213623046875
2012-01-17,32.521358489990234
2012-01-18,33.025970458984375
2012-01-19,33.304630279541016
2012-01-20,33.36488723754883
2012-01-23,33.4929313659668
2012-01-24,33.39501190185547
2012-01-25,33.70381164550781
2012-01-26,33.666160583496094
2012-01-27,33.70381164550781
2012-01-30,33.43267822265625
2012-01-31,33.50046157836914
2012-02-01,33.929752349853516
2012-02-02,34.087921142578125
2012-02-03,34.569942474365234
2012-02-06,34.426841735839844
2012-02-07,34.554874420166016
2012-02-08,34.65279006958008
2012-02-09,34.66032791137695
2012-02-10,34.223487854003906
2012-02-13,34.600067138671875
2012-02-14,34.43437576293945
2012-02-15,34.351524353027344
2012-02-16,34.773292541503906
2012-02-17,34.8712043762207
2012-02-21,34.93900680541992
2012-02-22,34.863677978515625
2012-02-23,35.014305114746094
2012-02-24,35.187538146972656
2012-02-27,35.03689193725586
2012-02-28,35.36830139160156
2012-02-29,35.157413482666016
2012-03-01,35.4210090637207
2012-03-02,35.20259475708008
2012-03-05,35.014305114746094
2012-03-06,34.09545135498047
2012-03-07,34.47956466674805
2012-03-08,35.044429779052734
2012-03-09,35.0971565246582
2012-03-12,35.02937316894531
2012-03-13,35.60177230834961
2012-03-14,35.45113754272461
2012-03-15,35.692142486572266
2012-03-16,35.75993728637695
2012-03-19,35.910560607910156
2012-03-20,35.6469612121582
2012-03-21,35.48126220703125
2012-03-22,35.17247772216797
2012-03-23,35.33816146850586
2012-03-26,35.80512619018555
2012-03-27,35.692142486572266
2012-03-28,35.48878479003906
2012-03-29,35.292972564697266
2012-03-30,35.54905319213867
2012-04-02,35.918087005615234
2012-04-03,35.556575775146484
2012-04-04,34.95404815673828
2012-04-05,34.90886306762695
2012-04-09,34.63019943237305
2012-04-10,33.96741485595703
2012-04-11,34.3214111328125
2012-04-12,34.931453704833984
2012-04-13,34.39671325683594
2012-04-16,34.47956466674805
2012-04-17,34.97663497924805
2012-04-18,34.863677978515625
2012-04-19,34.682918548583984
2012-04-20,34.81095504760742
2012-04-23,34.39671325683594
2012-04-24,34.569942474365234
2012-04-25,34.97663497924805
2012-04-26,35.14234161376953
2012-04-27,35.270389556884766
2012-04-30,35.14234161376953
2012-05-01,35.31556701660156
2012-05-02,35.157413482666016
2012-05-03,34.85614013671875
2012-05-04,34.2686767578125
2012-05-07,34.381649017333984
2012-05-08,33.9975471496582
2012-05-09,33.666160583496094
2012-05-10,33.74899673461914
2012-05-11,33.62096405029297
2012-05-14,33.13141632080078
2012-05-15,32.77742004394531
2012-05-16,32.506290435791016
2012-05-17,31.994142532348633
2012-05-18,31.83598518371582
2012-05-21,32.40837860107422
2012-05-22,32.333065032958984
2012-05-23,32.205020904541016
2012-05-24,32.13724136352539
2012-05-25,32.00167465209961
2012-05-29,32.45356750488281
2012-05-30,31.843509674072266
2012-05-31,31.88117027282715
2012-06-01,31.082820892333984
2012-06-04,31.17319107055664
2012-06-05,31.399147033691406
2012-06-06,32.227622985839844
2012-06-07,32.28787612915039
2012-06-08,32.317996978759766
2012-06-11,31.911293029785156
2012-06-12,32.370723724365234
2012-06-13,32.12971115112305
2012-06-14,32.43097686767578
2012-06-15,32.80755615234375
2012-06-18,32.83768081665039
2012-06-19,33.28957748413086
2012-06-20,33.327232360839844
2012-06-21,32.47507095336914
2012-06-22,32.69651412963867
2012-06-25,32.10092544555664
2012-06-26,32.2841796875
2012-06-27,32.5743408203125
2012-06-28,32.5208854675293
2012-06-29,33.498268127441406
2012-07-02,33.696807861328125
2012-07-03,34.025142669677734
2012-07-05,33.7197151184082
2012-07-06,33.33791732788086
2012-07-09,33.26156997680664
2012-07-10,33.040130615234375
2012-07-11,33.07830047607422
2012-07-12,32.81105422973633
2012-07-13,33.292110443115234
2012-07-16,33.246299743652344
2012-07-17,33.42192077636719
2012-07-18,33.666255950927734
2012-07-19,33.84952926635742
2012-07-20,33.36846923828125
2012-07-23,32.84159469604492
2012-07-24,32.55142593383789
2012-07-25,32.612518310546875
2012-07-26,33.33791732788086
2012-07-27,34.01750183105469
2012-07-30,34.00223159790039
2012-07-31,33.773170471191406
2012-08-01,33.7349853515625
2012-08-02,33.41427230834961
2012-08-03,34.22367858886719
2012-08-06,34.41456985473633
2012-08-07,34.689456939697266
2012-08-08,34.689456939697266
2012-08-09,34.77345657348633
2012-08-10,34.83453369140625
2012-08-13,34.7581787109375
2012-08-14,34.77345657348633
2012-08-15,34.72764205932617
2012-08-16,35.109432220458984
2012-08-17,35.117069244384766
2012-08-20,35.10178756713867
2012-08-21,35.12470245361328
2012-08-22,35.117069244384766
2012-08-23,34.8421745300293
2012-08-24,34.97197723388672
2012-08-27,34.88798522949219
2012-08-28,34.88798522949219
2012-08-29,34.84980773925781
2012-08-30,34.47565460205078
2012-08-31,34.71235656738281
2012-09-04,34.61310958862305
2012-09-05,34.5520133972168
2012-09-06,35.3232307434082
2012-09-07,35.6973762512207
2012-09-10,35.43013381958008
2012-09-11,35.6821174621582
2012-09-12,35.8348274230957
2012-09-13,36.460968017578125
2012-09-14,36.712947845458984
2012-09-17,36.52968215942383
2012-09-18,36.47624588012695
2012-09-19,36.499141693115234
2012-09-20,36.33116149902344
2012-09-21,36.30824661254883
2012-09-24,36.208984375
2012-09-25,35.88064193725586
2012-09-26,35.65156555175781
2012-09-27,36.0410041809082
2012-09-28,35.65156555175781
2012-10-01,35.842464447021484
2012-10-02,35.9340934753418
2012-10-03,35.9188232421875
2012-10-04,36.23189163208008
2012-10-05,36.277706146240234
2012-10-08,36.08681106567383
2012-10-09,35.64394760131836
2012-10-10,35.52939987182617
2012-10-11,35.666847229003906
2012-10-12,35.60575485229492
2012-10-15,35.842464447021484
2012-10-16,36.277706146240234
2012-10-17,36.56023406982422
2012-10-18,36.460968017578125
2012-10-19,35.9035530090332
2012-10-22,36.071537017822266
2012-10-23,35.48356628417969
2012-10-24,35.46831130981445
2012-10-25,35.64394760131836
2012-10-26,35.52175521850586
2012-10-31,35.46831130981445
2012-11-01,35.94172668457031
2012-11-02,35.64394760131836
2012-11-05,35.67448425292969
2012-11-06,35.78901672363281
2012-11-07,35.31559371948242
2012-11-08,34.94907760620117
2012-11-09,34.91852951049805
2012-11-12,34.95671463012695
2012-11-13,34.781089782714844
2012-11-14,34.33821105957031
2012-11-15,34.37638473510742
2012-11-16,34.49856185913086
2012-11-19,35.17051315307617
2012-11-20,35.17816162109375
2012-11-21,35.29269027709961
2012-11-23,35.842464447021484
2012-11-26,35.76610565185547
2012-11-27,35.56757736206055
2012-11-28,35.811920166015625
2012-11-29,36.04862976074219
2012-11-30,36.03335952758789
2012-12-03,35.979896545410156
2012-12-04,35.98754119873047
2012-12-05,36.16317367553711
2012-12-06,36.2624397277832
2012-12-07,36.32351303100586
2012-12-10,36.399871826171875
2012-12-11,36.59077072143555
2012-12-12,36.66713333129883
2012-12-13,36.460968017578125
2012-12-14,36.46858596801758
2012-12-17,36.735870361328125
2012-12-18,37.11066436767578
2012-12-19,36.97184753417969
2012-12-20,37.27261734008789
2012-12-21,36.948707580566406
2012-12-24,36.85616683959961
2012-12-26,36.75590133666992
2012-12-27,36.802181243896484
2012-12-28,36.5245475769043
2012-12-31,37.0798225402832
2013-01-02,37.82017517089844
2013-01-03,37.65822982788086
2013-01-04,37.82017517089844
2013-01-07,37.66592788696289
2013-01-08,37.48084259033203
2013-01-09,37.611942291259766
2013-01-10,38.01298904418945
2013-01-11,37.99755096435547
2013-01-14,38.0052604675293
2013-01-15,37.97442626953125
2013-01-16,37.92814254760742
2013-01-17,38.190345764160156
2013-01-18,38.24434280395508
2013-01-22,38.344608306884766
2013-01-23,38.290618896484375
2013-01-24,38.360015869140625
2013-01-25,38.59909439086914
2013-01-28,38.467994689941406
2013-01-29,38.71478271484375
2013-01-30,38.59137725830078
2013-01-31,38.4757080078125
2013-02-01,38.82275390625
2013-02-04,38.27518844604492
2013-02-05,38.529693603515625
2013-02-06,38.552825927734375
2013-02-07,38.39858627319336
2013-02-08,38.6068115234375
2013-02-11,38.54512023925781
2013-02-12,38.6916389465332
2013-02-13,38.7764778137207
2013-02-14,38.6993522644043
2013-02-15,38.63765335083008
2013-02-19,38.92301559448242
2013-02-20,38.51426315307617
2013-02-21,38.15951156616211
2013-02-22,38.529693603515625
2013-02-25,37.812461853027344
2013-02-26,38.036109924316406
2013-02-27,38.49113464355469
2013-02-28,38.43714904785156
2013-03-01,38.4757080078125
2013-03-04,38.56053161621094
2013-03-05,38.91529846191406
2013-03-06,39.01554870605469
2013-03-07,39.1235237121582
2013-03-08,39.25462341308594
2013-03-11,39.34717559814453
2013-03-12,39.16208267211914
2013-03-13,39.13894271850586
2013-03-14,39.35488510131836
2013-03-15,39.33946990966797
2013-03-18,39.0001220703125
2013-03-19,38.869022369384766
2013-03-20,39.13894271850586
2013-03-21,38.71478271484375
2013-03-22,39.02326202392578
2013-03-25,38.79961395263672
2013-03-26,39.054107666015625
2013-03-27,39.007850646972656
2013-03-28,39.13894271850586
2013-04-01,38.85360336303711
2013-04-02,39.115814208984375
2013-04-03,38.78418731689453
2013-04-04,38.93843460083008
2013-04-05,38.79190444946289
2013-04-08,38.95384979248047
2013-04-09,39.1312370300293
2013-04-10,39.64023208618164
2013-04-11,39.833038330078125
2013-04-12,39.678802490234375
2013-04-15,38.76105880737305
2013-04-16,39.33946990966797
2013-04-17,38.65308380126953
2013-04-18,38.49113464355469
2013-04-19,38.86131286621094
2013-04-22,39.007850646972656
2013-04-23,39.393463134765625
2013-04-24,39.57854080200195
2013-04-25,39.79446792602539
2013-04-26,39.7327766418457
2013-04-29,40.10295486450195
2013-04-30,40.2495002746582
2013-05-01,39.92557907104492
2013-05-02,40.16465377807617
2013-05-03,40.60424041748047
2013-05-06,40.658226013183594
2013-05-07,40.81247329711914
2013-05-08,41.15951919555664
2013-05-09,40.88959884643555
2013-05-10,40.966712951660156
2013-05-13,40.9512939453125
2013-05-14,41.205787658691406
2013-05-15,41.36002731323242
2013-05-16,41.1286735534668
2013-05-17,41.46028518676758
2013-05-20,41.575984954833984
2013-05-21,41.66851806640625
2013-05-22,41.2597770690918
2013-05-23,41.00526809692383
2013-05-24,40.81247329711914
2013-05-28,40.935874938964844
2013-05-29,40.66594314575195
2013-05-30,40.80475616455078
2013-05-31,40.09524917602539
2013-06-03,40.241790771484375
2013-06-04,40.09524917602539
2013-06-05,39.4782829284668
2013-06-06,39.76362991333008
2013-06-07,40.18008804321289
2013-06-10,40.13380813598633
2013-06-11,39.678802490234375
2013-06-12,39.48599624633789
2013-06-13,40.05668640136719
2013-06-14,39.69422912597656
2013-06-17,40.11838912963867
2013-06-18,40.38059616088867
2013-06-19,39.69422912597656
2013-06-20,38.49884033203125
2013-06-21,38.61451721191406
2013-06-24,37.96670913696289
2013-06-25,38.421722412109375
2013-06-26,38.78418731689453
2013-06-27,39.153621673583984
2013-06-28,39.05208969116211
2013-07-01,39.30201721191406
2013-07-02,39.16143798828125
2013-07-03,39.13800048828125
2013-07-05,39.38011932373047
2013-07-08,39.56756591796875
2013-07-09,39.8565559387207
2013-07-10,39.89562225341797
2013-07-11,40.7781867980957
2013-07-12,40.645416259765625
2013-07-15,40.82505798339844
2013-07-16,40.7313346862793
2013-07-17,40.879722595214844
2013-07-18,41.03593444824219
2013-07-19,41.05937194824219
2013-07-22,41.20775604248047
2013-07-23,41.2546272277832
2013-07-24,41.09060287475586
2013-07-25,41.19995880126953
2013-07-26,41.12965774536133
2013-07-29,40.910972595214844
2013-07-30,40.832862854003906
2013-07-31,40.84067916870117
2013-08-01,41.41083526611328
2013-08-02,41.53580093383789
2013-08-05,41.47331619262695
2013-08-06,41.23120880126953
2013-08-07,41.05937194824219
2013-08-08,41.395206451416016
2013-08-09,41.379600524902344
2013-08-12,41.34836196899414
2013-08-13,41.55922317504883
2013-08-14,41.44989013671875
2013-08-15,41.00469207763672
2013-08-16,40.95002365112305
2013-08-19,40.614166259765625
2013-08-20,40.66102600097656
2013-08-21,40.270511627197266
2013-08-22,40.62979507446289
2013-08-23,40.88753890991211
2013-08-26,40.692283630371094
2013-08-27,40.01275634765625
2013-08-28,40.05181884765625
2013-08-29,40.12211227416992
2013-08-30,39.9034309387207
2013-09-03,40.3017463684082
2013-09-04,40.653228759765625
2013-09-05,40.7313346862793
2013-09-06,40.86410140991211
2013-09-09,41.371788024902344
2013-09-10,41.75449752807617
2013-09-11,41.902889251708984
2013-09-12,41.69200897216797
2013-09-13,41.83259201049805
2013-09-16,42.129398345947266
2013-09-17,42.230934143066406
2013-09-18,43.0900764465332
2013-09-19,42.97292709350586
2013-09-20,42.699546813964844
2013-09-23,42.59801483154297
2013-09-24,42.5120964050293
2013-09-25,42.44180679321289
2013-09-26,42.5902099609375
2013-09-27,42.41056823730469
2013-09-30,42.11376953125
2013-10-01,42.457420349121094
2013-10-02,42.44180679321289
2013-10-03,42.1450080871582
2013-10-04,42.37150955200195
2013-10-07,42.01224136352539
2013-10-08,41.59047317504883
2013-10-09,41.660770416259766
2013-10-10,42.5120964050293
2013-10-11,42.76985168457031
2013-10-14,42.90262222290039
2013-10-15,42.67612075805664
2013-10-16,43.10569381713867
2013-10-17,43.5196418762207
2013-10-18,43.76176834106445
2013-10-21,43.79301452636719
2013-10-22,44.12104797363281
2013-10-23,43.78520965576172
2013-10-24,43.94922637939453
2013-10-25,43.99608612060547
2013-10-28,44.0273323059082
2013-10-29,44.18353271484375
2013-10-30,44.019508361816406
2013-10-31,43.77739334106445
2013-11-01,43.769588470458984
2013-11-04,43.9726448059082
2013-11-05,43.691471099853516
2013-11-06,43.93360137939453
2013-11-07,43.26190185546875
2013-11-08,43.691471099853516
2013-11-11,43.70708465576172
2013-11-12,43.58213806152344
2013-11-13,43.847679138183594
2013-11-14,44.06637954711914
2013-11-15,44.38660430908203
2013-11-18,44.33973693847656
2013-11-19,44.22259521484375
2013-11-20,43.94922637939453
2013-11-21,44.23820877075195
2013-11-22,44.4334602355957
2013-11-25,44.30069351196289
2013-11-26,44.25383377075195
2013-11-27,44.37879180908203
2013-11-29,44.45690155029297
2013-12-02,44.199161529541016
2013-12-03,43.980464935302734
2013-12-04,43.85549545288086
2013-12-05,43.65242004394531
2013-12-06,44.16790771484375
2013-12-09,44.23820877075195
2013-12-10,44.152286529541016
2013-12-11,43.644615173339844
2013-12-12,43.34000778198242
2013-12-13,43.32438659667969
2013-12-16,43.66804504394531
2013-12-17,43.4962158203125
2013-12-18,44.20340347290039
2013-12-19,44.148284912109375
2013-12-20,44.34516525268555
2013-12-23,44.636539459228516
2013-12-24,44.778297424316406
2013-12-26,44.95941925048828
2013-12-27,45.10118103027344
2013-12-30,45.187808990478516
2013-12-31,45.37680435180664
2014-01-02,44.73104476928711
2014-01-03,44.70741271972656
2014-01-06,44.56566619873047
2014-01-07,44.80192184448242
2014-01-08,44.78616714477539
2014-01-09,44.746788024902344
2014-01-10,45.038169860839844
2014-01-13,44.60504150390625
2014-01-14,44.99880599975586
2014-01-15,45.187808990478516
2014-01-16,45.148433685302734
2014-01-17,44.99092483520508
2014-01-21,45.109046936035156
2014-01-22,45.17204666137695
2014-01-23,44.77042007446289
2014-01-24,43.707271575927734
2014-01-27,43.478885650634766
2014-01-28,43.80177688598633
2014-01-29,43.33713150024414
2014-01-30,43.6915168762207
2014-01-31,43.27413558959961
2014-02-03,42.35274124145508
2014-02-04,42.75437545776367
2014-02-05,42.72286605834961
2014-02-06,43.431640625
2014-02-07,43.93565368652344
2014-02-10,43.88051986694336
2014-02-11,44.47904586791992
2014-02-12,44.54991149902344
2014-02-13,44.73891830444336
2014-02-14,44.9200553894043
2014-02-18,45.09331130981445
2014-02-19,44.81767654418945
2014-02-20,45.02242660522461
2014-02-21,45.053916931152344
2014-02-24,45.36893844604492
2014-02-25,45.23505783081055
2014-02-26,45.17993927001953
2014-02-27,45.43193817138672
2014-02-28,45.526432037353516
2014-03-03,44.904296875
2014-03-04,45.652442932128906
2014-03-05,45.61306381225586
2014-03-06,45.91231918334961
2014-03-07,45.75482177734375
2014-03-10,45.597312927246094
2014-03-11,45.345306396484375
2014-03-12,45.28231430053711
2014-03-13,44.6444206237793
2014-03-14,44.50265884399414
2014-03-17,44.99880599975586
2014-03-18,45.29805374145508
2014-03-19,44.87279510498047
2014-03-20,44.97517013549805
2014-03-21,44.87279510498047
2014-03-24,44.81767654418945
2014-03-25,45.1641731262207
2014-03-26,45.01454544067383
2014-03-27,45.14055252075195
2014-03-28,45.455562591552734
2014-03-31,45.786319732666016
2014-04-01,46.11708068847656
2014-04-02,46.22732925415039
2014-04-03,46.13283157348633
2014-04-04,45.79419708251953
2014-04-07,45.47132110595703
2014-04-08,45.62881088256836
2014-04-09,46.14856719970703
2014-04-10,45.26655960083008
2014-04-11,44.9200553894043
2014-04-14,45.22718048095703
2014-04-15,45.21929931640625
2014-04-16,45.770565032958984
2014-04-17,45.91231918334961
2014-04-21,46.01470184326172
2014-04-22,46.187957763671875
2014-04-23,46.054073333740234
2014-04-24,46.0855827331543
2014-04-25,45.746944427490234
2014-04-28,45.88081741333008
2014-04-29,46.180076599121094
2014-04-30,46.3297004699707
2014-05-01,46.30608367919922
2014-05-02,46.28245544433594
2014-05-05,46.28245544433594
2014-05-06,46.069828033447266
2014-05-07,46.25095748901367
2014-05-08,46.219451904296875
2014-05-09,46.26670455932617
2014-05-12,46.65259552001953
2014-05-13,46.715599060058594
2014-05-14,46.6053352355957
2014-05-15,46.31394958496094
2014-05-16,46.49508285522461
2014-05-19,46.55020523071289
2014-05-20,46.19582748413086
2014-05-21,46.57383346557617
2014-05-22,46.699851989746094
2014-05-23,46.8494758605957
2014-05-27,47.08572769165039
2014-05-28,46.999107360839844
2014-05-29,47.25897979736328
2014-05-30,47.25897979736328
2014-06-02,47.33772659301758
2014-06-03,47.44797897338867
2014-06-04,47.35347366333008
2014-06-05,47.660614013671875
2014-06-06,47.91261672973633
2014-06-09,47.944122314453125
2014-06-10,47.975624084472656
2014-06-11,47.723609924316406
2014-06-12,47.550357818603516
2014-06-13,47.660614013671875
2014-06-16,47.644859313964844
2014-06-17,47.676368713378906
2014-06-18,48.070125579833984
2014-06-19,48.180381774902344
2014-06-20,48.19611740112305
2014-06-23,48.15675354003906
2014-06-24,47.82598876953125
2014-06-25,47.94257736206055
2014-06-26,47.99048614501953
2014-06-27,48.0863037109375
2014-06-30,48.11824417114258
2014-07-01,48.485565185546875
2014-07-02,48.58138656616211
2014-07-03,48.82093811035156
2014-07-07,48.59735107421875
2014-07-08,48.19810104370117
2014-07-09,48.39773178100586
2014-07-10,48.07032775878906
2014-07-11,48.09429168701172
2014-07-14,48.381752014160156
2014-07-15,48.277950286865234
2014-07-16,48.53348159790039
2014-07-17,47.91862106323242
2014-07-18,48.39773178100586
2014-07-21,48.277950286865234
2014-07-22,48.5095100402832
2014-07-23,48.621307373046875
2014-07-24,48.64527130126953
2014-07-25,48.437660217285156
2014-07-28,48.5095100402832
2014-07-29,48.29391860961914
2014-07-30,48.31787109375
2014-07-31,47.423545837402344
2014-08-01,47.223907470703125
2014-08-04,47.55928421020508
2014-08-05,47.00033950805664
2014-08-06,46.96040344238281
2014-08-07,46.648990631103516
2014-08-08,47.10414505004883
2014-08-11,47.27183151245117
2014-08-12,47.255859375
2014-08-13,47.527347564697266
2014-08-14,47.75093460083008
2014-08-15,47.7589225769043
2014-08-18,48.10227966308594
2014-08-19,48.29391860961914
2014-08-20,48.30988693237305
2014-08-21,48.437660217285156
2014-08-22,48.26996994018555
2014-08-25,48.56541061401367
2014-08-26,48.621307373046875
2014-08-27,48.70116424560547
2014-08-28,48.55743408203125
2014-08-29,48.64527130126953
2014-09-02,48.61332702636719
2014-09-03,48.781009674072266
2014-09-04,48.621307373046875
2014-09-05,48.828922271728516
2014-09-08,48.485565185546875
2014-09-09,48.230045318603516
2014-09-10,48.381752014160156
2014-09-11,48.230045318603516
2014-09-12,47.99048614501953
2014-09-15,47.950565338134766
2014-09-16,48.25399398803711
2014-09-17,48.11025619506836
2014-09-18,48.413700103759766
2014-09-19,48.26996994018555
2014-09-22,47.87868881225586
2014-09-23,47.57525634765625
2014-09-24,47.8707160949707
2014-09-25,47.096153259277344
2014-09-26,47.423545837402344
2014-09-29,47.15205001831055
2014-09-30,47.03227233886719
2014-10-01,46.41741943359375
2014-10-02,46.233760833740234
2014-10-03,46.49728012084961
2014-10-06,46.73682403564453
2014-10-07,46.026153564453125
2014-10-08,46.784732818603516
2014-10-09,45.73069763183594
2014-10-10,45.03599548339844
2014-10-13,44.72458267211914
2014-10-14,44.7884635925293
2014-10-15,44.46906280517578
2014-10-16,44.34129333496094
2014-10-17,44.96413803100586
2014-10-20,45.283531188964844
2014-10-21,45.95428466796875
2014-10-22,45.602935791015625
2014-10-23,46.11399459838867
2014-10-24,46.37749481201172
2014-10-27,46.249732971191406
2014-10-28,46.83264923095703
2014-10-29,46.625038146972656
2014-10-30,46.976375579833984
2014-10-31,47.59920883178711
2014-11-03,47.399593353271484
2014-11-04,47.17600631713867
2014-11-05,47.36766052246094
2014-11-06,47.319740295410156
2014-11-07,47.43153381347656
2014-11-10,47.53533172607422
2014-11-11,47.69502258300781
2014-11-12,47.543312072753906
2014-11-13,47.61518859863281
2014-11-14,47.67905807495117
2014-11-17,47.607200622558594
2014-11-18,47.95854949951172
2014-11-19,47.87868881225586
2014-11-20,47.84675598144531
2014-11-21,48.261966705322266
2014-11-24,48.381752014160156
2014-11-25,48.3577995300293
2014-11-26,48.5494384765625
2014-11-28,48.25399398803711
2014-12-01,47.950565338134766
2014-12-02,48.15817642211914
2014-12-03,48.28593063354492
2014-12-04,48.17414474487305
2014-12-05,48.222049713134766
2014-12-08,47.77489471435547
2014-12-09,47.62317657470703
2014-12-10,46.904518127441406
2014-12-11,46.936439514160156
2014-12-12,46.14592361450195
2014-12-15,45.642860412597656
2014-12-16,45.50711441040039
2014-12-17,46.27870178222656
2014-12-18,47.285457611083984
2014-12-19,47.4143180847168
2014-12-22,47.69621658325195
2014-12-23,47.68010711669922
2014-12-24,47.76869201660156
2014-12-26,47.961997985839844
2014-12-29,47.8572998046875
2014-12-30,47.54318618774414
2014-12-31,47.11631774902344
2015-01-02,47.00356674194336
2015-01-05,46.07733917236328
2015-01-06,45.60216522216797
2015-01-07,46.19815444946289
2015-01-08,46.92302703857422
2015-01-09,46.6330680847168
2015-01-12,46.3672981262207
2015-01-13,46.399513244628906
2015-01-14,46.18205261230469
2015-01-15,46.07733917236328
2015-01-16,46.61697006225586
2015-01-20,46.72166442871094
2015-01-21,47.067996978759766
2015-01-22,47.61567687988281
2015-01-23,47.32572555541992
2015-01-26,47.647891998291016
2015-01-27,47.31767272949219
2015-01-28,46.689453125
2015-01-29,47.13243103027344
2015-01-30,46.49616241455078
2015-02-02,47.1002197265625
2015-02-03,47.83313751220703
2015-02-04,47.55124282836914
2015-02-05,48.066707611083984
2015-02-06,47.66399383544922
2015-02-09,47.49485778808594
2015-02-10,47.89756393432617
2015-02-11,47.776763916015625
2015-02-12,48.372764587402344
2015-02-13,48.67880630493164
2015-02-17,48.719093322753906
2015-02-18,48.81573486328125
2015-02-19,48.807674407958984
2015-02-20,49.137901306152344
2015-02-23,49.00902557373047
2015-02-24,49.234535217285156
2015-02-25,49.25870895385742
2015-02-26,49.17816925048828
2015-02-27,49.05735397338867
2015-03-02,49.250648498535156
2015-03-03,48.992916107177734
2015-03-04,48.76740264892578
2015-03-05,48.81573486328125
2015-03-06,48.15530014038086
2015-03-09,48.219730377197266
2015-03-10,47.341835021972656
2015-03-11,47.365989685058594
2015-03-12,47.921730041503906
2015-03-13,47.61567687988281
2015-03-16,48.1875114440918
2015-03-17,48.139198303222656
2015-03-18,48.92043685913086
2015-03-19,48.50162124633789
2015-03-20,49.22649002075195
2015-03-23,49.274818420410156
2015-03-24,49.12984085083008
2015-03-25,48.6143798828125
2015-03-26,48.372764587402344
2015-03-27,48.42108154296875
2015-03-30,48.83989715576172
2015-03-31,48.34054183959961
2015-04-01,48.485511779785156
2015-04-02,48.77546691894531
2015-04-06,49.17816925048828
2015-04-07,49.097625732421875
2015-04-08,49.4117317199707
2015-04-09,49.60503387451172
2015-04-10,49.822479248046875
2015-04-13,49.556705474853516
2015-04-14,49.74193572998047
2015-04-15,50.01578903198242
2015-04-16,50.088279724121094
2015-04-17,49.46811294555664
2015-04-20,49.73389434814453
2015-04-21,49.878868103027344
2015-04-22,50.0963249206543
2015-04-23,50.281558990478516
2015-04-24,50.458763122558594
2015-04-27,50.44264602661133
2015-04-28,50.539302825927734
2015-04-29,50.24936294555664
2015-04-30,49.72584533691406
2015-05-01,50.1768684387207
2015-05-04,50.28962326049805
2015-05-05,49.65336608886719
2015-05-06,49.51642990112305
2015-05-07,49.52449417114258
2015-05-08,50.31379318237305
2015-05-11,50.01578903198242
2015-05-12,49.911094665527344
2015-05-13,50.039947509765625
2015-05-14,50.571510314941406
2015-05-15,50.66815948486328
2015-05-18,50.627899169921875
2015-05-19,50.539302825927734
2015-05-20,50.53125
2015-05-21,50.732608795166016
2015-05-22,50.53125
2015-05-26,49.846649169921875
2015-05-27,50.20908737182617
2015-05-28,50.12049102783203
2015-05-29,49.72584533691406
2015-06-01,49.69362258911133
2015-06-02,49.7741584777832
2015-06-03,49.95136260986328
2015-06-04,49.46811294555664
2015-06-05,49.17010498046875
2015-06-08,48.97681427001953
2015-06-09,48.85601043701172
2015-06-10,49.58087158203125
2015-06-11,49.72584533691406
2015-06-12,49.379512786865234
2015-06-15,49.12179183959961
2015-06-16,49.24259948730469
2015-06-17,49.274818420410156
2015-06-18,49.766117095947266
2015-06-19,49.46811294555664
2015-06-22,50.06411361694336
2015-06-23,50.1768684387207
2015-06-24,49.822479248046875
2015-06-25,49.6741828918457
2015-06-26,49.62529754638672
2015-06-29,48.36225128173828
2015-06-30,48.4437370300293
2015-07-01,48.73708724975586
2015-07-02,48.769683837890625
2015-07-06,48.191123962402344
2015-07-07,48.24002456665039
2015-07-08,47.26218032836914
2015-07-09,47.6533203125
2015-07-10,48.66373825073242
2015-07-13,49.03859329223633
2015-07-14,49.340084075927734
2015-07-15,49.20970916748047
2015-07-16,49.5682487487793
2015-07-17,49.5356559753418
2015-07-20,49.5438117980957
2015-07-21,49.42157745361328
2015-07-22,49.15267562866211
2015-07-23,48.9082145690918
2015-07-24,48.386695861816406
2015-07-27,47.93851852416992
2015-07-28,48.50892639160156
2015-07-29,48.8104248046875
2015-07-30,48.77783966064453
2015-07-31,48.843013763427734
2015-08-03,48.68820571899414
2015-08-04,48.63930130004883
2015-08-05,48.843013763427734
2015-08-06,48.51707077026367
2015-08-07,48.43559265136719
2015-08-10,49.07118225097656
2015-08-11,48.41929244995117
2015-08-12,48.2481689453125
2015-08-13,48.19928741455078
2015-08-14,48.31336212158203
2015-08-17,48.329647064208984
2015-08-18,48.101497650146484
2015-08-19,47.6533203125
2015-08-20,46.60214614868164
2015-08-21,45.27390670776367
2015-08-24,43.56270217895508
2015-08-25,43.48120880126953
2015-08-26,44.95611572265625
2015-08-27,45.91766357421875
2015-08-28,45.87691116333008
2015-08-31,45.51837158203125
2015-09-01,44.02717208862305
2015-09-02,44.80128860473633
2015-09-03,44.89093017578125
2015-09-04,44.04347610473633
2015-09-08,45.20872116088867
2015-09-09,44.76869583129883
2015-09-10,45.07019805908203
2015-09-11,45.15984344482422
2015-09-14,44.939815521240234
2015-09-15,45.387996673583984
2015-09-16,46.02358627319336
2015-09-17,45.958404541015625
2015-09-18,45.02130126953125
2015-09-21,45.15167999267578
2015-09-22,44.35311508178711
2015-09-23,44.1494026184082
2015-09-24,43.99457550048828
2015-09-25,44.10866165161133
2015-09-28,43.06562423706055
2015-09-29,43.0493278503418
2015-09-30,43.953834533691406
2015-10-01,44.051612854003906
2015-10-02,44.809444427490234
2015-10-05,45.66504669189453
2015-10-06,45.62430953979492
2015-10-07,46.1295166015625
2015-10-08,46.536949157714844
2015-10-09,46.618431091308594
2015-10-12,46.56954574584961
2015-10-13,46.096923828125
2015-10-14,46.145816802978516
2015-10-15,46.90363693237305
2015-10-16,46.98512649536133
2015-10-19,46.84660720825195
2015-10-20,46.76511764526367
2015-10-21,46.512516021728516
2015-10-22,47.18885040283203
2015-10-23,47.6859130859375
2015-10-26,47.498504638671875
2015-10-27,47.237735748291016
2015-10-28,47.661468505859375
2015-10-29,47.50664520263672
2015-10-30,47.3192253112793
2015-11-02,47.85704040527344
2015-11-03,48.00370788574219
2015-11-04,47.82443618774414
2015-11-05,47.72665786743164
2015-11-06,47.571834564208984
2015-11-09,47.0584716796875
2015-11-10,47.09920883178711
2015-11-11,47.01771545410156
2015-11-12,46.44731903076172
2015-11-13,45.966548919677734
2015-11-16,46.585853576660156
2015-11-17,46.60214614868164
2015-11-18,47.14810562133789
2015-11-19,47.27033233642578
2015-11-20,47.376258850097656
2015-11-23,47.18885040283203
2015-11-24,47.229583740234375
2015-11-25,47.27033233642578
2015-11-27,47.20514678955078
2015-11-30,47.066612243652344
2015-12-01,47.531089782714844
2015-12-02,47.050331115722656
2015-12-03,46.528812408447266
2015-12-04,47.196998596191406
2015-12-07,46.78956604003906
2015-12-08,46.3250846862793
2015-12-09,46.080631256103516
2015-12-10,46.04803466796875
2015-12-11,45.15984344482422
2015-12-14,45.32280349731445
2015-12-15,45.7709846496582
2015-12-16,46.56954574584961
2015-12-17,45.925804138183594
2015-12-18,45.27390670776367
2015-12-21,45.626155853271484
2015-12-22,45.98086929321289
2015-12-23,46.640804290771484
2015-12-24,46.58305358886719
2015-12-28,46.44281768798828
2015-12-29,46.87617874145508
2015-12-30,46.53774642944336
2015-12-31,46.07550811767578
2016-01-04,45.258331298828125
2016-01-05,45.29961013793945
2016-01-06,44.614498138427734
2016-01-07,43.57445526123047
2016-01-08,43.07094192504883
2016-01-11,43.12046813964844
2016-01-12,43.401119232177734
2016-01-13,42.51790237426758
2016-01-14,43.13697052001953
2016-01-15,41.915340423583984
2016-01-19,42.16297912597656
2016-01-20,41.486106872558594
2016-01-21,41.71723175048828
2016-01-22,42.77378463745117
2016-01-25,42.13819885253906
2016-01-26,42.83982467651367
2016-01-27,42.484886169433594
2016-01-28,42.71600341796875
2016-01-29,43.632232666015625
2016-02-01,43.5496826171875
2016-02-02,42.62520217895508
2016-02-03,42.95539093017578
2016-02-04,43.079193115234375
2016-02-05,42.3610725402832
2016-02-08,41.66770553588867
2016-02-09,41.43658447265625
2016-02-10,41.4283332824707
2016-02-11,40.87528610229492
2016-02-12,41.59341812133789
2016-02-16,42.42709732055664
2016-02-17,43.19477081298828
2016-02-18,43.013160705566406
2016-02-19,42.938873291015625
2016-02-22,43.54143142700195
2016-02-23,42.89760208129883
2016-02-24,42.9636344909668
2016-02-25,43.425872802734375
2016-02-26,43.31856918334961
2016-02-29,43.08745193481445
2016-03-01,44.14399719238281
2016-03-02,44.42464065551758
2016-03-03,44.754825592041016
2016-03-04,45.03546905517578
2016-03-07,45.06847381591797
2016-03-08,44.58147430419922
2016-03-09,44.82085037231445
2016-03-10,44.796085357666016
2016-03-11,45.695804595947266
2016-03-14,45.59675598144531
2016-03-15,45.29961013793945
2016-03-16,45.728824615478516
2016-03-17,46.1332893371582
2016-03-18,46.22408676147461
2016-03-21,46.22408676147461
2016-03-22,46.16630172729492
2016-03-23,45.68755340576172
2016-03-24,45.5885009765625
2016-03-28,45.728824615478516
2016-03-29,46.20756912231445
2016-03-30,46.496482849121094
2016-03-31,46.27361297607422
2016-04-01,46.240604400634766
2016-04-04,46.07550811767578
2016-04-05,45.4151611328125
2016-04-06,45.95995330810547
2016-04-07,45.37389373779297
2016-04-08,45.85263442993164
2016-04-11,45.83612823486328
2016-04-12,46.4139289855957
2016-04-13,46.97522735595703
2016-04-14,47.041255950927734
2016-04-15,46.966976165771484
2016-04-18,47.30540084838867
2016-04-19,47.75112533569336
2016-04-20,47.7098503112793
2016-04-21,47.47873306274414
2016-04-22,47.47047805786133
2016-04-25,47.297142028808594
2016-04-26,47.46222686767578
2016-04-27,47.53651809692383
2016-04-28,47.09905242919922
2016-04-29,46.89268112182617
2016-05-02,47.18157958984375
2016-05-03,46.50472640991211
2016-05-04,46.06725311279297
2016-05-05,46.07550811767578
2016-05-06,46.20756912231445
2016-05-09,46.100257873535156
2016-05-10,46.76060485839844
2016-05-11,46.42219924926758
2016-05-12,46.4139289855957
2016-05-13,45.89390563964844
2016-05-16,46.44694900512695
2016-05-17,46.09201431274414
2016-05-18,46.034236907958984
2016-05-19,45.81962966918945
2016-05-20,46.1332893371582
2016-05-23,46.02598190307617
2016-05-24,46.63679504394531
2016-05-25,47.024742126464844
2016-05-26,47.11554718017578
2016-05-27,47.165069580078125
2016-05-31,47.04951477050781
2016-06-01,47.11554718017578
2016-06-02,47.198089599609375
2016-06-03,47.33016586303711
2016-06-06,47.619056701660156
2016-06-07,47.80891036987305
2016-06-08,47.99049758911133
2016-06-09,47.64382553100586
2016-06-10,46.81013107299805
2016-06-13,46.314884185791016
2016-06-14,46.00121307373047
2016-06-15,46.141544342041016
2016-06-16,46.174560546875
2016-06-17,46.29837417602539
2016-06-20,46.950469970703125
2016-06-21,47.173336029052734
2016-06-22,47.126502990722656
2016-06-23,47.99626922607422
2016-06-24,45.41204071044922
2016-06-27,44.56736755371094
2016-06-28,45.53749084472656
2016-06-29,46.398895263671875
2016-06-30,47.0261344909668
2016-07-01,47.126502990722656
2016-07-05,46.54106903076172
2016-07-06,46.61634063720703
2016-07-07,46.50761413574219
2016-07-08,47.218482971191406
2016-07-11,47.628273010253906
2016-07-12,48.0882568359375
2016-07-13,48.071537017822266
2016-07-14,48.36424255371094
2016-07-15,48.263885498046875
2016-07-18,48.4144172668457
2016-07-19,48.18861770629883
2016-07-20,48.464595794677734
2016-07-21,48.32242202758789
2016-07-22,48.47296142578125
2016-07-25,48.34751510620117
2016-07-26,48.431148529052734
2016-07-27,48.498050689697266
2016-07-28,48.52314758300781
2016-07-29,48.799129486083984
2016-08-01,48.640235900878906
2016-08-02,48.339149475097656
2016-08-03,48.38932800292969
2016-08-04,48.56495666503906
2016-08-05,48.8744010925293
2016-08-08,48.94967269897461
2016-08-09,49.22565460205078
2016-08-10,49.200557708740234
2016-08-11,49.5267219543457
2016-08-12,49.443092346191406
2016-08-15,49.65217590332031
2016-08-16,49.443092346191406
2016-08-17,49.4932746887207
2016-08-18,49.66889190673828
2016-08-19,49.48490524291992
2016-08-22,49.42636489868164
2016-08-23,49.5267219543457
2016-08-24,49.34273147583008
2016-08-25,49.234012603759766
2016-08-26,49.03329086303711
2016-08-29,49.2507438659668
2016-08-30,49.15874481201172
2016-08-31,48.96639633178711
2016-09-01,49.14201736450195
2016-09-02,49.5267219543457
2016-09-06,49.86961364746094
2016-09-07,49.86124801635742
2016-09-08,49.72744369506836
2016-09-09,48.57331466674805
2016-09-12,49.116943359375
2016-09-13,48.247154235839844
2016-09-14,48.20534896850586
2016-09-15,48.715492248535156
2016-09-16,48.36424255371094
2016-09-19,48.48969268798828
2016-09-20,48.66531753540039
2016-09-21,49.434730529785156
2016-09-22,49.794349670410156
2016-09-23,49.451454162597656
2016-09-26,49.008201599121094
2016-09-27,49.2841911315918
2016-09-28,49.601985931396484
2016-09-29,49.08346176147461
2016-09-30,49.42636489868164
2016-10-03,49.32600784301758
2016-10-04,49.12529373168945
2016-10-05,49.418006896972656
2016-10-06,49.34273147583008
2016-10-07,49.14201736450195
2016-10-10,49.376190185546875
2016-10-11,48.69040298461914
2016-10-12,48.69040298461914
2016-10-13,48.481327056884766
2016-10-14,48.5147705078125
2016-10-17,48.37260055541992
2016-10-18,48.799129486083984
2016-10-19,48.96639633178711
2016-10-20,48.89112854003906
2016-10-21,48.8744010925293
2016-10-24,49.02492904663086
2016-10-25,48.94967269897461
2016-10-26,48.72386169433594
2016-10-27,48.62349319458008
2016-10-28,48.464595794677734
2016-10-31,48.481327056884766
2016-11-01,48.18025588989258
2016-11-02,47.82899856567383
2016-11-03,47.6951904296875
2016-11-04,47.45265579223633
2016-11-07,48.42278289794922
2016-11-08,48.69040298461914
2016-11-09,48.84095001220703
2016-11-10,48.70713806152344
2016-11-11,48.43951416015625
2016-11-14,48.305702209472656
2016-11-15,48.72386169433594
2016-11-16,48.52314758300781
2016-11-17,48.757320404052734
2016-11-18,48.52314758300781
2016-11-21,48.89948654174805
2016-11-22,49.10020065307617
2016-11-23,48.983116149902344
2016-11-25,49.1671028137207
2016-11-28,48.983116149902344
2016-11-29,49.108558654785156
2016-11-30,48.983116149902344
2016-12-01,48.74895095825195
2016-12-02,48.83258056640625
2016-12-05,49.1671028137207
2016-12-06,49.434730529785156
2016-12-07,50.112152099609375
2016-12-08,50.204139709472656
2016-12-09,50.43830490112305
2016-12-12,50.27941131591797
2016-12-13,50.68084716796875
2016-12-14,50.07032775878906
2016-12-15,50.14559555053711
2016-12-16,50.04524612426758
2016-12-19,50.10377883911133
2016-12-20,50.27941131591797
2016-12-21,50.15532684326172
2016-12-22,50.070919036865234
2016-12-23,50.104679107666016
2016-12-27,50.17220687866211
2016-12-28,49.92742919921875
2016-12-29,50.02027130126953
2016-12-30,49.944305419921875
2017-01-03,50.332584381103516
2017-01-04,50.76306915283203
2017-01-05,50.95719528198242
2017-01-06,50.96564483642578
2017-01-09,50.84747314453125
2017-01-10,50.84747314453125
2017-01-11,51.12601852416992
2017-01-12,51.10070037841797
2017-01-13,51.235755920410156
2017-01-17,51.075374603271484
2017-01-18,50.990970611572266
2017-01-19,50.84747314453125
2017-01-20,51.05849838256836
2017-01-23,51.06694030761719
2017-01-24,51.34548568725586
2017-01-25,51.851932525634766
2017-01-26,51.750648498535156
2017-01-27,51.64935302734375
2017-01-30,51.320159912109375
2017-01-31,51.3961296081543
2017-02-01,51.42144775390625
2017-02-02,51.48896789550781
2017-02-03,51.78440856933594
2017-02-06,51.590274810791016
2017-02-07,51.54806137084961
2017-02-08,51.68312454223633
2017-02-09,51.89413833618164
2017-02-10,52.10514450073242
2017-02-13,52.34994888305664
2017-02-14,52.45967483520508
2017-02-15,52.71289825439453
2017-02-16,52.72133255004883
2017-02-17,52.68757247924805
2017-02-21,52.91547393798828
2017-02-22,52.9323616027832
2017-02-23,52.957679748535156
2017-02-24,52.82262420654297
2017-02-27,52.86483383178711
2017-02-28,52.68757247924805
2017-03-01,53.33751678466797
2017-03-02,52.99988555908203
2017-03-03,53.126495361328125
2017-03-06,52.97455978393555
2017-03-07,52.84794998168945
2017-03-08,52.670692443847656
2017-03-09,52.70445251464844
2017-03-10,52.991451263427734
2017-03-13,53.19402313232422
2017-03-14,52.89016342163086
2017-03-15,53.52321243286133
2017-03-16,53.63295364379883
2017-03-17,53.60762023925781
2017-03-20,53.61606216430664
2017-03-21,53.10116958618164
2017-03-22,53.202457427978516
2017-03-23,53.227783203125
2017-03-24,53.244667053222656
2017-03-27,53.286869049072266
2017-03-28,53.52321243286133
2017-03-29,53.54853057861328
2017-03-30,53.52321243286133
2017-03-31,53.39659881591797
2017-04-03,53.38815689086914
2017-04-04,53.40504837036133
2017-04-05,53.26154708862305
2017-04-06,53.312191009521484
2017-04-07,53.26154708862305
2017-04-10,53.244667053222656
2017-04-11,53.312191009521484
2017-04-12,53.18558120727539
2017-04-13,52.83106994628906
2017-04-17,53.244667053222656
2017-04-18,52.98299789428711
2017-04-19,52.84794998168945
2017-04-20,53.269989013671875
2017-04-21,53.19402313232422
2017-04-24,54.004337310791016
2017-04-25,54.36729431152344
2017-04-26,54.257564544677734
2017-04-27,54.274452209472656
2017-04-28,54.257564544677734
2017-05-01,54.401058197021484
2017-05-02,54.561439514160156
2017-05-03,54.401058197021484
2017-05-04,54.51921844482422
2017-05-05,54.88218307495117
2017-05-08,54.772457122802734
2017-05-09,54.75557327270508
2017-05-10,54.88218307495117
2017-05-11,54.806217193603516
2017-05-12,54.87374496459961
2017-05-15,55.17761993408203
2017-05-16,55.27890396118164
2017-05-17,54.443260192871094
2017-05-18,54.51079177856445
2017-05-19,55.076324462890625
2017-05-22,55.295780181884766
2017-05-23,55.321102142333984
2017-05-24,55.43083953857422
2017-05-25,55.59966278076172
2017-05-26,55.565895080566406
2017-05-30,55.54057312011719
2017-05-31,55.45616149902344
2017-06-01,55.911956787109375
2017-06-02,56.22427749633789
2017-06-05,56.165191650390625
2017-06-06,56.02169418334961
2017-06-07,56.05546569824219
2017-06-08,56.097660064697266
2017-06-09,55.903526306152344
2017-06-12,55.8022346496582
2017-06-13,56.11454391479492
2017-06-14,56.03857421875
2017-06-15,55.734703063964844
2017-06-16,55.937286376953125
2017-06-19,56.2664794921875
2017-06-20,55.82439422607422
2017-06-21,55.84999465942383
2017-06-22,55.841461181640625
2017-06-23,55.935333251953125
2017-06-26,56.0718879699707
2017-06-27,55.832923889160156
2017-06-28,56.268192291259766
2017-06-29,55.7561149597168
2017-06-30,55.89266586303711
2017-07-03,55.960941314697266
2017-07-05,55.969482421875
2017-07-06,55.5512809753418
2017-07-07,55.76464080810547
2017-07-10,55.90119552612305
2017-07-11,55.986549377441406
2017-07-12,56.48155212402344
2017-07-13,56.60957336425781
2017-07-14,56.94240951538086
2017-07-17,56.874141693115234
2017-07-18,56.9765625
2017-07-19,57.29232406616211
2017-07-20,57.35206604003906
2017-07-21,57.2752685546875
2017-07-24,57.23258590698242
2017-07-25,57.35206604003906
2017-07-26,57.52275466918945
2017-07-27,57.41180419921875
2017-07-28,57.35206604003906
2017-07-31,57.420345306396484
2017-08-01,57.60811233520508
2017-08-02,57.64226150512695
2017-08-03,57.52275466918945
2017-08-04,57.633705139160156
2017-08-07,57.6849250793457
2017-08-08,57.52275466918945
2017-08-09,57.45449447631836
2017-08-10,56.618099212646484
2017-08-11,56.62663650512695
2017-08-14,57.13017272949219
2017-08-15,57.0533561706543
2017-08-16,57.31792449951172
2017-08-17,56.5669059753418
2017-08-18,56.618099212646484
2017-08-21,56.66931915283203
2017-08-22,57.13017272949219
2017-08-23,57.036293029785156
2017-08-24,57.00215148925781
2017-08-25,57.22404861450195
2017-08-28,57.17283630371094
2017-08-29,57.13017272949219
2017-08-30,57.30085754394531
2017-08-31,57.650787353515625
2017-09-01,57.78733825683594
2017-09-05,57.34354019165039
2017-09-06,57.60811233520508
2017-09-07,57.83000564575195
2017-09-08,57.7702751159668
2017-09-11,58.29940414428711
2017-09-12,58.53837203979492
2017-09-13,58.384761810302734
2017-09-14,58.41035461425781
2017-09-15,58.52130126953125
2017-09-18,58.632240295410156
2017-09-19,58.751731872558594
2017-09-20,58.7773551940918
2017-09-21,58.61518096923828
2017-09-22,58.623722076416016
2017-09-25,58.376220703125
2017-09-26,58.25674057006836
2017-09-27,58.34208297729492
2017-09-28,58.41035461425781
2017-09-29,58.73466873168945
2017-10-02,58.802947998046875
2017-10-03,59.03337097167969
2017-10-04,59.076053619384766
2017-10-05,59.30648422241211
2017-10-06,59.22966003417969
2017-10-09,59.118717193603516
2017-10-10,59.45155715942383
2017-10-11,59.60518264770508
2017-10-12,59.596649169921875
2017-10-13,59.74174499511719
2017-10-16,59.801483154296875
2017-10-17,59.74174499511719
2017-10-18,59.83562088012695
2017-10-19,59.78441619873047
2017-10-20,60.01484680175781
2017-10-23,59.72468185424805
2017-10-24,59.7588005065918
2017-10-25,59.545448303222656
2017-10-26,59.52836990356445
2017-10-27,59.90390396118164
2017-10-30,59.81000518798828
2017-10-31,59.99778366088867
2017-11-01,60.10019302368164
2017-11-02,60.18553924560547
2017-11-03,60.24528884887695
2017-11-06,60.415977478027344
2017-11-07,60.339141845703125
2017-11-08,60.45863342285156
2017-11-09,60.1684684753418
2017-11-10,60.06605529785156
2017-11-13,59.980712890625
2017-11-14,59.86121368408203
2017-11-15,59.56250762939453
2017-11-16,60.15993118286133
2017-11-17,60.06605529785156
2017-11-20,60.18553924560547
2017-11-21,60.64639663696289
2017-11-22,60.72321701049805
2017-11-24,60.8939094543457
2017-11-27,60.6720085144043
2017-11-28,61.14992904663086
2017-11-29,60.91951370239258
2017-11-30,61.20968246459961
2017-12-01,61.05604553222656
2017-12-04,60.902427673339844
2017-12-05,60.72321701049805
2017-12-06,60.60374069213867
2017-12-07,60.76588439941406
2017-12-08,61.11580276489258
2017-12-11,61.346229553222656
2017-12-12,61.346229553222656
2017-12-13,61.491329193115234
2017-12-14,61.17554473876953
2017-12-15,61.42305374145508
2017-12-18,61.986324310302734
2017-12-19,61.78733825683594
2017-12-20,61.7442741394043
2017-12-21,61.95100402832031
2017-12-22,62.019920349121094
2017-12-26,61.95100402832031
2017-12-27,62.019920349121094
2017-12-28,62.157737731933594
2017-12-29,62.0974235534668
2018-01-02,62.68318557739258
2018-01-03,63.00189971923828
2018-01-04,63.44121170043945
2018-01-05,63.854671478271484
2018-01-08,63.91496658325195
2018-01-09,63.992496490478516
2018-01-10,63.84604263305664
2018-01-11,64.28536987304688
2018-01-12,64.77635192871094
2018-01-16,64.66436767578125
2018-01-17,65.17259979248047
2018-01-18,65.0864486694336
2018-01-19,65.39653778076172
2018-01-22,65.87032318115234
2018-01-23,66.07704162597656
2018-01-24,66.13737487792969
2018-01-25,66.07704162597656
2018-01-26,66.79200744628906
2018-01-29,66.21488189697266
2018-01-30,65.5688247680664
2018-01-31,65.63773345947266
2018-02-01,65.59468078613281
2018-02-02,64.16476440429688
2018-02-05,61.61505889892578
2018-02-06,62.924381256103516
2018-02-07,62.19218063354492
2018-02-08,60.15070724487305
2018-02-09,60.848426818847656
2018-02-12,61.692588806152344
2018-02-13,61.804569244384766
2018-02-14,62.85546875
2018-02-15,63.561790466308594
2018-02-16,63.63071060180664
2018-02-20,63.096641540527344
2018-02-21,62.82102584838867
2018-02-22,62.9502067565918
2018-02-23,63.734073638916016
2018-02-26,64.41458129882812
2018-02-27,63.43258285522461
2018-02-28,62.70041275024414
2018-03-01,61.916542053222656
2018-03-02,62.20081329345703
2018-03-05,62.69179153442383
2018-03-06,63.01911926269531
2018-03-07,62.97605895996094
2018-03-08,63.20863723754883
2018-03-09,64.0269546508789
2018-03-12,64.05280303955078
2018-03-13,63.62208938598633
2018-03-14,63.492889404296875
2018-03-15,63.4670524597168
2018-03-16,63.44121170043945
2018-03-19,62.76932907104492
2018-03-20,62.85546875
2018-03-21,62.91576385498047
2018-03-22,61.42555236816406
2018-03-23,60.374656677246094
2018-03-26,61.78733825683594
2018-03-27,60.90009689331055
2018-03-28,60.943180084228516
2018-03-29,61.76150894165039
2018-04-02,60.52111053466797
2018-04-03,61.16714859008789
2018-04-04,61.59782791137695
2018-04-05,62.03714370727539
2018-04-06,61.00347900390625
2018-04-09,61.32219696044922
2018-04-10,62.278358459472656
2018-04-11,62.002689361572266
2018-04-12,62.34724044799805
2018-04-13,62.209415435791016
2018-04-16,62.51090621948242
2018-04-17,62.967437744140625
2018-04-18,63.174190521240234
2018-04-19,62.90715789794922
2018-04-20,62.416160583496094
2018-04-23,62.330013275146484
2018-04-24,61.73567199707031
2018-04-25,61.7442741394043
2018-04-26,62.243900299072266
2018-04-27,62.37308883666992
2018-04-30,62.01129913330078
2018-05-01,61.94239807128906
2018-05-02,61.68398666381836
2018-05-03,61.692588806152344
2018-05-04,62.209415435791016
2018-05-07,62.312774658203125
2018-05-08,62.33863830566406
2018-05-09,62.70041275024414
2018-05-10,63.33782958984375
2018-05-11,63.47565841674805
2018-05-14,63.5704345703125
2018-05-15,63.01911926269531
2018-05-16,63.303382873535156
2018-05-17,63.225852966308594
2018-05-18,63.01053237915039
2018-05-21,63.415367126464844
2018-05-22,63.34645080566406
2018-05-23,63.21725082397461
2018-05-24,62.98467254638672
2018-05-25,62.80378341674805
2018-05-29,61.84763717651367
2018-05-30,62.6573486328125
2018-05-31,62.30418395996094
2018-06-01,62.9502067565918
2018-06-04,63.32060623168945
2018-06-05,63.251705169677734
2018-06-06,63.854671478271484
2018-06-07,63.5704345703125
2018-06-08,63.69960403442383
2018-06-11,63.90636444091797
2018-06-12,63.820213317871094
2018-06-13,63.69101333618164
2018-06-14,63.67377471923828
2018-06-15,63.423988342285156
2018-06-18,63.148338317871094
2018-06-19,62.71461868286133
2018-06-20,62.86268615722656
2018-06-21,62.39237976074219
2018-06-22,62.723323822021484
2018-06-25,61.834999084472656
2018-06-26,61.922080993652344
2018-06-27,61.3211555480957
2018-06-28,61.64339828491211
2018-06-29,61.93950653076172
2018-07-02,61.75661087036133
2018-07-03,61.70436096191406
2018-07-05,62.14853286743164
2018-07-06,62.60138702392578
2018-07-09,63.21103286743164
2018-07-10,63.34168243408203
2018-07-11,62.59267807006836
2018-07-12,63.184906005859375
2018-07-13,63.28071975708008
2018-07-16,63.19362258911133
2018-07-17,63.43747329711914
2018-07-18,63.472312927246094
2018-07-19,63.17620086669922
2018-07-20,63.3939323425293
2018-07-23,63.3939323425293
2018-07-24,63.716163635253906
2018-07-25,64.34321594238281
2018-07-26,64.0732421875
2018-07-27,63.881649017333984
2018-07-30,63.672630310058594
2018-07-31,63.83809280395508
2018-08-01,63.698753356933594
2018-08-02,63.66391372680664
2018-08-03,63.8990478515625
2018-08-06,63.89035415649414
2018-08-07,64.18645477294922
2018-08-08,64.19517517089844
2018-08-09,64.02971649169922
2018-08-10,63.272010803222656
2018-08-13,62.89750671386719
2018-08-14,63.184906005859375
2018-08-15,62.43593215942383
2018-08-16,62.90620803833008
2018-08-17,63.19362258911133
2018-08-20,63.42877197265625
2018-08-21,63.72487258911133
2018-08-22,63.820682525634766
2018-08-23,63.51587677001953
2018-08-24,64.00357818603516
2018-08-27,64.62191772460938
2018-08-28,64.6567611694336
2018-08-29,65.03997039794922
2018-08-30,64.48259735107422
2018-08-31,64.2822494506836
2018-09-04,63.92518615722656
2018-09-05,63.57683181762695
2018-09-06,63.35039138793945
2018-09-07,63.08912658691406
2018-09-10,63.19362258911133
2018-09-11,63.385215759277344
2018-09-12,63.507137298583984
2018-09-13,63.94261932373047
2018-09-14,63.994869232177734
2018-09-17,63.785850524902344
2018-09-18,64.23871612548828
2018-09-19,64.4041748046875
2018-09-20,65.01383972167969
2018-09-21,65.0486831665039
2018-09-24,64.74383544921875
2018-09-25,64.87448120117188
2018-09-26,64.83094787597656
2018-09-27,64.83094787597656
2018-09-28,64.6741714477539
2018-10-01,64.8570556640625
2018-10-02,64.63934326171875
2018-10-03,64.59579467773438
2018-10-04,63.90778732299805
2018-10-05,63.53327560424805
2018-10-08,63.42877197265625
2018-10-09,63.30684280395508
2018-10-10,61.46921920776367
2018-10-11,60.43281936645508
2018-10-12,61.16438293457031
2018-10-15,60.83343505859375
2018-10-16,62.061439514160156
2018-10-17,61.895957946777344
2018-10-18,60.903114318847656
2018-10-19,61.025047302246094
2018-10-22,60.868282318115234
2018-10-23,60.39798355102539
2018-10-24,58.72582244873047
2018-10-25,59.5619010925293
2018-10-26,58.760658264160156
2018-10-29,58.37746810913086
2018-10-30,59.21353530883789
2018-10-31,59.86672592163086
2018-11-01,60.702816009521484
2018-11-02,60.58959197998047
2018-11-05,60.77247619628906
2018-11-06,61.033756256103516
2018-11-07,62.14853286743164
2018-11-08,61.64339828491211
2018-11-09,61.12084197998047
2018-11-12,59.99736404418945
2018-11-13,60.08445739746094
2018-11-14,59.86672592163086
2018-11-15,60.4415168762207
2018-11-16,60.59829330444336
2018-11-19,59.683834075927734
2018-11-20,58.59518814086914
2018-11-21,59.135154724121094
2018-11-23,58.74325180053711
2018-11-26,59.60545349121094
2018-11-27,59.67512512207031
2018-11-28,60.88570785522461
2018-11-29,60.63312911987305
2018-11-30,60.8160285949707
2018-12-03,61.599849700927734
2018-12-04,59.87542724609375
2018-12-06,59.614158630371094
2018-12-07,58.473262786865234
2018-12-10,58.29907989501953
2018-12-11,58.37746810913086
2018-12-12,58.99580383300781
2018-12-13,58.94355010986328
2018-12-14,57.99425506591797
2018-12-17,57.11464309692383
2018-12-18,57.08650588989258
2018-12-19,56.295467376708984
2018-12-20,55.80327606201172
2018-12-21,54.74855041503906
2018-12-24,53.77294158935547
2018-12-26,55.75931930541992
2018-12-27,56.02299880981445
2018-12-28,56.158447265625
2018-12-31,56.43110656738281
2019-01-02,56.413516998291016
2019-01-03,55.45481491088867
2019-01-04,57.222694396972656
2019-01-07,57.57450866699219
2019-01-08,57.9966926574707
2019-01-09,58.533199310302734
2019-01-10,58.80585479736328
2019-01-11,58.59477233886719
2019-01-14,58.26054382324219
2019-01-15,58.78825378417969
2019-01-16,58.955379486083984
2019-01-17,59.3863410949707
2019-01-18,60.01081848144531
2019-01-22,59.219234466552734
2019-01-23,59.368751525878906
2019-01-24,59.47430419921875
2019-01-25,60.13396072387695
2019-01-28,59.72056579589844
2019-01-29,59.729373931884766
2019-01-30,60.57373809814453
2019-01-31,60.96951675415039
2019-02-01,60.89915466308594
2019-02-04,61.25096893310547
2019-02-05,61.61157989501953
2019-02-06,61.37409210205078
2019-02-07,60.7320442199707
2019-02-08,60.714439392089844
2019-02-11,60.63529968261719
2019-02-12,61.38289260864258
2019-02-13,61.418094635009766
2019-02-14,61.38289260864258
2019-02-15,62.01616668701172
2019-02-19,62.22726058959961
2019-02-20,62.39436340332031
2019-02-21,62.24484634399414
2019-02-22,62.623046875
2019-02-25,62.781368255615234
2019-02-26,62.82534408569336
2019-02-27,62.693397521972656
2019-02-28,62.47352981567383
2019-03-01,62.80775833129883
2019-03-04,62.623046875
2019-03-05,62.63185501098633
2019-03-06,62.324005126953125
2019-03-07,61.67314529418945
2019-03-08,61.51483154296875
2019-03-11,62.33279800415039
2019-03-12,62.57028579711914
2019-03-13,62.930885314941406
2019-03-14,62.86931610107422
2019-03-15,63.379451751708984
2019-03-18,63.73126220703125
2019-03-19,63.7840576171875
2019-03-20,63.625728607177734
2019-03-21,64.07428741455078
2019-03-22,62.746185302734375
2019-03-25,62.73739242553711
2019-03-26,63.16836166381836
2019-03-27,62.878116607666016
2019-03-28,63.06282424926758
2019-03-29,63.45859909057617
2019-04-01,64.23261260986328
2019-04-02,64.20621490478516
2019-04-03,64.50525665283203
2019-04-04,64.60201263427734
2019-04-05,64.84828186035156
2019-04-08,64.92744445800781
2019-04-09,64.58441162109375
2019-04-10,64.85706329345703
2019-04-11,64.65477752685547
2019-04-12,65.11214447021484
2019-04-15,65.08573913574219
2019-04-16,65.15611267089844
2019-04-17,65.18248748779297
2019-04-18,65.20008087158203
2019-04-22,65.1912841796875
2019-04-23,65.54310607910156
2019-04-24,65.18248748779297
2019-04-25,65.16490173339844
2019-04-26,65.41117858886719
2019-04-29,65.56949615478516
2019-04-30,65.63107299804688
2019-05-01,65.18248748779297
2019-05-02,65.03296661376953
2019-05-03,65.7190170288086
2019-05-06,65.17369842529297
2019-05-07,64.06549835205078
2019-05-08,64.03031158447266
2019-05-09,63.70488739013672
2019-05-10,64.10067749023438
2019-05-13,62.49110412597656
2019-05-14,63.071624755859375
2019-05-15,63.3266716003418
2019-05-16,63.80162811279297
2019-05-17,63.31787109375
2019-05-20,62.930885314941406
2019-05-21,63.50257110595703
2019-05-22,63.24752426147461
2019-05-23,62.53508758544922
2019-05-24,62.878116607666016
2019-05-28,62.34159469604492
2019-05-29,61.980987548828125
2019-05-30,62.25364303588867
2019-05-31,61.64675521850586
2019-06-03,61.76109313964844
2019-06-04,62.76377868652344
2019-06-05,62.98367691040039
2019-06-06,63.31787109375
2019-06-07,63.986328125
2019-06-10,64.25897979736328
2019-06-11,64.44368743896484
2019-06-12,64.07428741455078
2019-06-13,64.29417419433594
2019-06-14,64.0127182006836
2019-06-17,64.07150268554688
2019-06-18,64.8997802734375
2019-06-19,65.11353302001953
2019-06-20,65.85273742675781
2019-06-21,65.67461395263672
2019-06-24,65.60338592529297
2019-06-25,65.07791137695312
2019-06-26,65.12244415283203
2019-06-27,65.37181854248047
2019-06-28,65.64788818359375
2019-07-01,66.16445922851562
2019-07-02,66.32476806640625
2019-07-03,66.74335479736328
2019-07-05,66.43165588378906
2019-07-08,66.08430480957031
2019-07-09,66.04869842529297
2019-07-10,66.38712310791016
2019-07-11,66.46726989746094
2019-07-12,66.66320037841797
2019-07-15,66.71666717529297
2019-07-16,66.46726989746094
2019-07-17,66.17337036132812
2019-07-18,66.48509216308594
2019-07-19,66.10211181640625
2019-07-22,66.26244354248047
2019-07-23,66.6275863647461
2019-07-24,66.84133911132812
2019-07-25,66.34258270263672
2019-07-26,66.67212677001953
2019-07-29,66.6275863647461
2019-07-30,66.30696868896484
2019-07-31,65.69244384765625
2019-08-01,65.15806579589844
2019-08-02,64.57914733886719
2019-08-05,62.673221588134766
2019-08-06,63.385719299316406
2019-08-07,63.608367919921875
2019-08-08,64.54353332519531
2019-08-09,64.10713195800781
2019-08-12,63.385719299316406
2019-08-13,64.31195831298828
2019-08-14,62.47728729248047
2019-08-15,62.593055725097656
2019-08-16,63.44804763793945
2019-08-19,63.98243713378906
2019-08-20,63.643985748291016
2019-08-21,64.16946411132812
2019-08-22,64.07150268554688
2019-08-23,62.735565185546875
2019-08-26,63.31446838378906
2019-08-27,63.1452522277832
2019-08-28,63.40353775024414
2019-08-29,64.11602020263672
2019-08-30,64.24069213867188
2019-09-03,63.89337158203125
2019-09-04,64.74837493896484
2019-09-05,65.45197296142578
2019-09-06,65.541015625
2019-09-09,65.62118530273438
2019-09-10,65.63009643554688
2019-09-11,66.13774108886719
2019-09-12,66.42274475097656
2019-09-13,66.49398803710938
2019-09-16,66.2178955078125
2019-09-17,66.32476806640625
2019-09-18,66.2891616821289
2019-09-19,66.36041259765625
2019-09-20,66.11103820800781
2019-09-23,66.02195739746094
2019-09-24,65.63009643554688
2019-09-25,65.80821990966797
2019-09-26,65.73695373535156
2019-09-27,65.37181854248047
2019-09-30,65.68353271484375
2019-10-01,64.92650604248047
2019-10-02,63.839935302734375
2019-10-03,64.37431335449219
2019-10-04,65.05119323730469
2019-10-07,64.79290008544922
2019-10-08,63.937896728515625
2019-10-09,64.49008178710938
2019-10-10,64.99774169921875
2019-10-11,65.87947845458984
2019-10-14,65.70133209228516
2019-10-15,66.36041259765625
2019-10-16,66.37821960449219
2019-10-17,66.53853607177734
2019-10-18,66.31584930419922
2019-10-21,66.79681396484375
2019-10-22,66.58305358886719
2019-10-23,66.82352447509766
2019-10-24,66.97492218017578
2019-10-25,67.1619644165039
2019-10-28,67.56275177001953
2019-10-29,67.48258972167969
2019-10-30,67.64291381835938
2019-10-31,67.48258972167969
2019-11-01,68.16836547851562
2019-11-04,68.46227264404297
2019-11-05,68.4800796508789
2019-11-06,68.4444580078125
2019-11-07,68.72946166992188
2019-11-08,68.72946166992188
2019-11-11,68.56916046142578
2019-11-12,68.52460479736328
2019-11-13,68.46227264404297
2019-11-14,68.47118377685547
2019-11-15,68.92539978027344
2019-11-18,68.98775482177734
2019-11-19,68.9075927734375
2019-11-20,68.61368560791016
2019-11-21,68.58695220947266
2019-11-22,68.6493148803711
2019-11-25,69.17476654052734
2019-11-26,69.22821807861328
2019-11-27,69.48648834228516
2019-11-29,69.05899810791016
2019-12-02,68.61368560791016
2019-12-03,68.2663345336914
2019-12-04,68.73837280273438
2019-12-05,68.80963134765625
2019-12-06,69.35289764404297
2019-12-09,69.1302490234375
2019-12-10,69.08570861816406
2019-12-11,69.41523742675781
2019-12-12,70.02977752685547
2019-12-13,70.25242614746094
2019-12-16,70.76891326904297
2019-12-17,70.75992584228516
2019-12-18,70.80497741699219
2019-12-19,70.96723937988281
2019-12-20,71.09343719482422
2019-12-23,71.25569915771484
2019-12-24,71.27371215820312
2019-12-26,71.66130828857422
2019-12-27,71.70638275146484
2019-12-30,71.27371215820312
2019-12-31,71.43596649169922
2020-01-02,72.17512512207031
2020-01-03,71.55314636230469
2020-01-06,71.71539306640625
2020-01-07,71.53512573242188
2020-01-08,71.88666534423828
2020-01-09,72.29230499267578
2020-01-10,72.13004302978516
2020-01-13,72.67090606689453
2020-01-14,72.60778045654297
2020-01-15,72.5627212524414
2020-01-16,73.09452819824219
2020-01-17,73.2928466796875
2020-01-21,72.89623260498047
2020-01-22,72.9503173828125
2020-01-23,72.95933532714844
2020-01-24,72.35539245605469
2020-01-27,71.01231384277344
2020-01-28,71.6793441772461
2020-01-29,71.67033386230469
2020-01-30,71.67033386230469
2020-01-31,70.40837097167969
2020-02-03,70.88611602783203
2020-02-04,72.1030044555664
2020-02-05,72.78807067871094
2020-02-06,72.93229675292969
2020-02-07,72.45454406738281
2020-02-10,72.81510925292969
2020-02-11,73.1846694946289
2020-02-12,73.67146301269531
2020-02-13,73.33792877197266
2020-02-14,73.41002655029297
2020-02-18,73.12158966064453
2020-02-19,73.42806243896484
2020-02-20,73.00439453125
2020-02-21,72.43651580810547
2020-02-24,69.94864654541016
2020-02-25,68.15486145019531
2020-02-26,68.21797180175781
2020-02-27,65.82926940917969
2020-02-28,65.13518524169922
2020-03-02,67.28953552246094
2020-03-03,65.68504333496094
2020-03-04,68.38021850585938
2020-03-05,66.28897094726562
2020-03-06,65.10813903808594
2020-03-09,60.20452117919922
2020-03-10,62.97181701660156
2020-03-11,59.71776580810547
2020-03-12,53.849647521972656
2020-03-13,57.7076416015625
2020-03-16,51.23558807373047
2020-03-17,54.43555450439453
2020-03-18,51.16347885131836
2020-03-19,51.487979888916016
2020-03-20,49.8564453125
2020-03-23,48.97306823730469
2020-03-24,52.9572639465332
2020-03-25,54.40851974487305
2020-03-26,57.27497482299805
2020-03-27,55.59836196899414
2020-03-30,56.82427215576172
2020-03-31,56.400604248046875
2020-04-01,53.81359100341797
2020-04-02,54.89527130126953
2020-04-03,54.07499694824219
2020-04-06,57.41017532348633
2020-04-07,57.47327423095703
2020-04-08,58.86143493652344
2020-04-09,59.71776580810547
2020-04-13,59.240020751953125
2020-04-14,60.763389587402344
2020-04-15,59.24903869628906
2020-04-16,59.501434326171875
2020-04-17,61.12394332885742
2020-04-20,60.231563568115234
2020-04-21,58.383689880371094
2020-04-22,59.75382614135742
2020-04-23,59.69071960449219
2020-04-24,60.30367660522461
2020-04-27,61.28620147705078
2020-04-28,61.29521942138672
2020-04-29,62.9177360534668
2020-04-30,61.94422149658203
2020-05-01,60.312679290771484
2020-05-04,60.510990142822266
2020-05-05,60.93465042114258
2020-05-06,60.610164642333984
2020-05-07,61.41239929199219
2020-05-08,62.43096923828125
2020-05-11,62.49407958984375
2020-05-12,61.43944549560547
2020-05-13,60.628177642822266
2020-05-14,61.006771087646484
2020-05-15,61.060848236083984
2020-05-18,63.134071350097656
2020-05-19,62.49407958984375
2020-05-20,63.53969192504883
2020-05-21,62.980831146240234
2020-05-22,62.90871047973633
2020-05-26,64.08954620361328
2020-05-27,64.89179992675781
2020-05-28,64.94589233398438
2020-05-29,65.09912872314453
2020-06-01,65.92842102050781
2020-06-02,66.64952087402344
2020-06-03,67.740234375
2020-06-04,67.37066650390625
2020-06-05,68.91203308105469
2020-06-08,69.71429443359375
2020-06-09,69.1013412475586
2020-06-10,68.91203308105469
2020-06-11,65.03601837158203
2020-06-12,65.9734878540039
2020-06-15,66.42253875732422
2020-06-16,67.52245330810547
2020-06-17,67.48609924316406
2020-06-18,67.404296875
2020-06-19,67.02250671386719
2020-06-22,67.69517517089844
2020-06-23,68.0133285522461
2020-06-24,66.4134521484375
2020-06-25,67.12248992919922
2020-06-26,65.82258605957031
2020-06-29,66.57705688476562
2020-06-30,67.0134048461914
2020-07-01,67.51337432861328
2020-07-02,68.1406021118164
2020-07-06,69.44959259033203
2020-07-07,68.64056396484375
2020-07-08,69.34960174560547
2020-07-09,68.92235565185547
2020-07-10,69.47687530517578
2020-07-13,68.86781311035156
2020-07-14,69.7222900390625
2020-07-15,70.41316223144531
2020-07-16,69.98591613769531
2020-07-17,70.23136901855469
2020-07-20,70.84950256347656
2020-07-21,71.06765747070312
2020-07-22,71.29493713378906
2020-07-23,70.55860900878906
2020-07-24,70.14046478271484
2020-07-27,70.92221069335938
2020-07-28,70.44043731689453
2020-07-29,71.27674865722656
2020-07-30,70.81312561035156
2020-07-31,70.60404968261719
2020-08-03,71.34945678710938
2020-08-04,71.72216033935547
2020-08-05,72.21304321289062
2020-08-06,72.46757507324219
2020-08-07,72.14031219482422
2020-08-10,72.32211303710938
2020-08-11,72.06759643554688
2020-08-12,73.20387268066406
2020-08-13,73.0493392944336
2020-08-14,72.88572692871094
2020-08-17,73.41294860839844
2020-08-18,73.49474334716797
2020-08-19,73.09478759765625
2020-08-20,73.16751861572266
2020-08-21,73.28569793701172
2020-08-24,74.06745147705078
2020-08-25,74.35835266113281
2020-08-26,74.96739196777344
2020-08-27,74.74011993408203
2020-08-28,75.31280517578125
2020-08-31,74.85830688476562
2020-09-01,75.50370788574219
2020-09-02,76.3672866821289
2020-09-03,74.04017639160156
2020-09-04,73.67655181884766
2020-09-08,71.94941711425781
2020-09-09,73.35841369628906
2020-09-10,72.27667999267578
2020-09-11,72.540283203125
2020-09-14,73.43113708496094
2020-09-15,73.9219970703125
2020-09-16,73.72201538085938
2020-09-17,73.32205200195312
2020-09-18,72.63119506835938
2020-09-21,71.63126373291016
2020-09-22,71.96759796142578
2020-09-23,70.63130950927734
2020-09-24,70.66768646240234
2020-09-25,71.44036102294922
2020-09-28,72.5766372680664
2020-09-29,72.32211303710938
2020-09-30,72.64935302734375
2020-10-01,73.19477844238281
2020-10-02,72.64027404785156
2020-10-05,73.84019470214844
2020-10-06,73.0493392944336
2020-10-07,74.04927062988281
2020-10-08,74.64923858642578
2020-10-09,75.2855453491211
2020-10-12,76.16731262207031
2020-10-13,75.65824127197266
2020-10-14,75.29463195800781
2020-10-15,74.90375518798828
2020-10-16,74.94920349121094
2020-10-19,74.212890625
2020-10-20,74.5674057006836
2020-10-21,74.38560485839844
2020-10-22,74.62194061279297
2020-10-23,74.94010925292969
2020-10-26,73.67655181884766
2020-10-27,73.43113708496094
2020-10-28,71.08584594726562
2020-10-29,71.6494369506836
2020-10-30,71.03128051757812
2020-11-02,71.81306457519531
2020-11-03,73.13113403320312
2020-11-04,74.6764907836914
2020-11-05,76.19456481933594
2020-11-06,76.29457092285156
2020-11-09,77.40357971191406
2020-11-10,77.3399429321289
2020-11-11,77.98534393310547
2020-11-12,77.13994598388672
2020-11-13,78.1762466430664
2020-11-16,79.13980865478516
2020-11-17,78.94890594482422
2020-11-18,78.28533935546875
2020-11-19,78.68529510498047
2020-11-20,78.4944076538086
2020-11-23,78.78529357910156
2020-11-24,79.95793151855469
2020-11-25,79.8761215209961
2020-11-27,80.36699676513672
2020-11-30,79.38524627685547
2020-12-01,80.51245880126953
2020-12-02,80.67606353759766
2020-12-03,80.81241607666016
2020-12-04,81.52146911621094
2020-12-07,81.33056640625
2020-12-08,81.61235809326172
2020-12-09,81.03968048095703
2020-12-10,81.25784301757812
2020-12-11,81.04878997802734
2020-12-14,80.80692291259766
2020-12-15,81.83292388916016
2020-12-16,82.03446197509766
2020-12-17,82.62075805664062
2020-12-18,82.24515533447266
2020-12-21,81.72297668457031
2020-12-22,81.58558654785156
2020-12-23,81.97034454345703
2020-12-24,82.07110595703125
2020-12-28,82.6115951538086
2020-12-29,82.77648162841797
2020-12-30,83.05131530761719
2020-12-31,83.10626983642578
2021-01-04,82.64822387695312
2021-01-05,83.50017547607422
2021-01-06,83.96737670898438
2021-01-07,84.84680938720703
2021-01-08,85.59799194335938
2021-01-11,84.84680938720703
2021-01-12,85.14910888671875
2021-01-13,85.20408630371094
2021-01-14,85.33232879638672
2021-01-15,84.43458557128906
2021-01-19,85.22240447998047
2021-01-20,86.28504943847656
2021-01-21,86.30337524414062
2021-01-22,85.90029907226562
2021-01-25,86.18428039550781
2021-01-26,85.91860961914062
2021-01-27,83.80249786376953
2021-01-28,84.50787353515625
2021-01-29,82.84977722167969
2021-02-01,84.26052856445312
2021-02-02,85.33232879638672
2021-02-03,85.47889709472656
2021-02-04,86.06517791748047
2021-02-05,86.55987548828125
2021-02-08,87.21028137207031
2021-02-09,87.38433837890625
2021-02-10,87.40266418457031
2021-02-11,87.83321380615234
2021-02-12,88.25460815429688
2021-02-16,88.41949462890625
2021-02-17,88.24544525146484
2021-02-18,87.63168334960938
2021-02-19,87.78739929199219
2021-02-22,86.8804931640625
2021-02-23,86.94462585449219
2021-02-24,87.43929290771484
2021-02-25,85.50638580322266
2021-02-26,84.74604797363281
2021-03-01,86.69727325439453
2021-03-02,86.13848114013672
2021-03-03,85.1949234008789
2021-03-04,83.97654724121094
2021-03-05,85.15828704833984
2021-03-08,84.40709686279297
2021-03-09,85.8453369140625
2021-03-10,86.23009490966797
2021-03-11,87.34769439697266
2021-03-12,87.18281555175781
2021-03-15,87.64998626708984
2021-03-16,87.64083099365234
2021-03-17,87.8973388671875
2021-03-18,86.71559143066406
2021-03-19,86.77972412109375
2021-03-22,87.21943664550781
2021-03-23,86.23009490966797
2021-03-24,85.51554107666016
2021-03-25,85.90029907226562
2021-03-26,87.32938385009766
2021-03-29,87.12783813476562
2021-03-30,86.99042510986328
2021-03-31,87.16447448730469
2021-04-01,88.30040740966797
2021-04-05,89.28060150146484
2021-04-06,89.17984008789062
2021-04-07,89.03327941894531
2021-04-08,89.58291625976562
2021-04-09,89.98599243164062
2021-04-12,89.7386474609375
2021-04-13,90.16004180908203
2021-04-14,90.1050796508789
2021-04-15,90.95702362060547
2021-04-16,91.31429290771484
2021-04-19,90.9386978149414
2021-04-20,89.96766662597656
2021-04-21,90.7646484375
2021-04-22,90.21500396728516
2021-04-23,91.1952133178711
2021-04-26,91.38758850097656
2021-04-27,91.35093688964844
2021-04-28,91.49751281738281
2021-04-29,91.71736145019531
2021-04-30,90.86541748046875
2021-05-03,91.22269439697266
2021-05-04,90.3615951538086
2021-05-05,90.69136810302734
2021-05-06,91.3417739868164
2021-05-07,92.16624450683594
2021-05-10,91.25934600830078
2021-05-11,90.50816345214844
2021-05-12,88.63935852050781
2021-05-13,89.3539047241211
2021-05-14,90.7646484375
2021-05-17,90.62724304199219
2021-05-18,90.37989807128906
2021-05-19,89.95850372314453
2021-05-20,90.9936752319336
2021-05-21,90.89291381835938
2021-05-24,91.60745239257812
2021-05-25,91.60745239257812
2021-05-26,91.8272933959961
2021-05-27,91.92807006835938
2021-05-28,92.20289611816406
2021-06-01,92.50518798828125
2021-06-02,92.60596466064453
2021-06-03,92.12043762207031
2021-06-04,92.97238159179688
2021-06-07,92.9998779296875
2021-06-08,92.95408630371094
2021-06-09,92.71588134765625
2021-06-10,93.18091583251953
2021-06-11,93.35623931884766
2021-06-14,93.59613037109375
2021-06-15,93.41159057617188
2021-06-16,92.81185913085938
2021-06-17,92.63655090332031
2021-06-18,91.40938568115234
2021-06-21,92.48889923095703
2021-06-22,92.86721801757812
2021-06-23,92.69190216064453
2021-06-24,93.34700775146484
2021-06-25,93.72528839111328
2021-06-28,93.69762420654297
2021-06-29,93.73452758789062
2021-06-30,93.3654556274414
2021-07-01,93.75297546386719
2021-07-02,94.1866455078125
2021-07-06,93.78987884521484
2021-07-07,93.99287414550781
2021-07-08,92.95948791503906
2021-07-09,94.1866455078125
2021-07-12,94.46343994140625
2021-07-13,94.1405029296875
2021-07-14,94.2696762084961
2021-07-15,93.8729019165039
2021-07-16,93.16246795654297
2021-07-19,91.75077056884766
2021-07-20,92.76570892333984
2021-07-21,93.7437515258789
2021-07-22,93.90059661865234
2021-07-23,94.49112701416016
2021-07-26,94.43576049804688
2021-07-27,93.79911804199219
2021-07-28,94.23275756835938
2021-07-29,94.74947357177734
2021-07-30,94.21431732177734
2021-08-02,94.26045227050781
2021-08-03,94.93400573730469
2021-08-04,94.74024200439453
2021-08-05,95.1462173461914
2021-08-06,94.98936462402344
2021-08-09,95.03549194335938
2021-08-10,95.15543365478516
2021-08-11,95.4507064819336
2021-08-12,95.49683380126953
2021-08-13,95.73673248291016
2021-08-16,95.60755157470703
2021-08-17,94.72178649902344
2021-08-18,94.07591247558594
2021-08-19,93.5776596069336
2021-08-20,94.13127136230469
2021-08-23,95.08162689208984
2021-08-24,95.51526641845703
2021-08-25,95.6352310180664
2021-08-26,95.0262680053711
2021-08-27,95.93971252441406
2021-08-30,96.19806671142578
2021-08-31,96.26264953613281
2021-09-01,96.6594009399414
2021-09-02,96.9269790649414
2021-09-03,97.14842224121094
2021-09-07,97.00077819824219
2021-09-08,96.48410034179688
2021-09-09,96.22575378417969
2021-09-10,95.66291046142578
2021-09-13,96.01353454589844
2021-09-14,95.44147491455078
2021-09-15,96.01353454589844
2021-09-16,95.764404296875
2021-09-17,94.81405639648438
2021-09-20,93.14401245117188
2021-09-21,93.3654556274414
2021-09-22,94.22354888916016
2021-09-23,95.2569351196289
2021-09-24,94.98936462402344
2021-09-27,94.88786315917969
2021-09-28,93.01483917236328
2021-09-29,92.85797882080078
2021-09-30,92.19364929199219
2021-10-01,92.96870422363281
2021-10-04,91.8245849609375
2021-10-05,92.61808776855469
2021-10-06,92.69190216064453
2021-10-07,93.70684051513672
2021-10-08,93.60535430908203
2021-10-11,93.0517349243164
2021-10-12,92.93180084228516
2021-10-13,93.63304138183594
2021-10-14,94.84173583984375
2021-10-15,95.61676788330078
2021-10-18,95.67215728759766
2021-10-19,96.48410034179688
2021-10-20,96.77011108398438
2021-10-21,96.78858184814453
2021-10-22,96.79781341552734
2021-10-25,97.12996673583984
2021-10-26,97.0746078491211
2021-10-27,96.59481048583984
2021-10-28,97.4344482421875
2021-10-29,97.16685485839844
2021-11-01,97.65589141845703
2021-11-02,97.71126556396484
2021-11-03,98.33867645263672
2021-11-04,98.5508804321289
2021-11-05,98.74464416503906
2021-11-08,98.92918395996094
2021-11-09,98.6800537109375
2021-11-10,97.78506469726562
2021-11-11,98.1080093383789
2021-11-12,98.79077911376953
2021-11-15,98.73543548583984
2021-11-16,98.93842315673828
2021-11-17,98.6615982055664
2021-11-18,98.68928527832031
2021-11-19,98.33867645263672
2021-11-22,97.74815368652344
2021-11-23,97.72048950195312
2021-11-24,97.75737762451172
2021-11-26,95.37689208984375
2021-11-29,96.23497009277344
2021-11-30,94.92477416992188
2021-12-01,93.8729019165039
2021-12-02,95.22925567626953
2021-12-03,94.41732025146484
2021-12-06,95.36764526367188
2021-12-07,97.4344482421875
2021-12-08,97.71126556396484
2021-12-09,96.93619537353516
2021-12-10,97.4621353149414
2021-12-13,96.49043273925781
2021-12-14,95.96870422363281
2021-12-15,97.16120910644531
2021-12-16,96.69537353515625
2021-12-17,95.7451171875
2021-12-20,94.84142303466797
2021-12-21,96.38794708251953
2021-12-22,97.29164123535156
2021-12-23,97.91584777832031
2021-12-27,98.98722839355469
2021-12-28,98.88475036621094
2021-12-29,98.8940658569336
2021-12-30,98.77379608154297
2021-12-31,98.61532592773438
2022-01-03,99.13739013671875
2022-01-04,99.05348205566406
2022-01-05,97.44065856933594
2022-01-06,97.23556518554688
2022-01-07,97.2169189453125
2022-01-10,96.93724060058594
2022-01-11,98.09324645996094
2022-01-12,98.68989562988281
2022-01-13,97.36608123779297
2022-01-14,97.39405822753906
2022-01-18,95.70664978027344
2022-01-19,95.1286392211914
2022-01-20,94.38282775878906
2022-01-21,92.7793197631836
2022-01-24,92.63016510009766
2022-01-25,91.6978988647461
2022-01-26,91.24108123779297
2022-01-27,90.77494812011719
2022-01-28,92.22929382324219
2022-01-31,94.131103515625
2022-02-01,94.8582763671875
2022-02-02,95.4642562866211
2022-02-03,93.63700866699219
2022-02-04,94.0565185546875
2022-02-07,93.87007904052734
2022-02-08,94.59724426269531
2022-02-09,96.0888671875
2022-02-10,94.69979858398438
2022-02-11,92.9005126953125
2022-02-14,92.55558013916016
2022-02-15,94.17772674560547
2022-02-16,94.39214324951172
2022-02-17,92.56490325927734
2022-02-18,91.8750228881836
2022-02-22,90.8122329711914
2022-02-23,89.52571105957031
2022-02-24,89.89861297607422
2022-02-25,91.89366912841797
2022-02-28,91.2503890991211
2022-03-01,89.70282745361328
2022-03-02,90.98936462402344
2022-03-03,90.06642150878906
2022-03-04,88.73328399658203
2022-03-07,85.97377014160156
2022-03-08,85.87122344970703
2022-03-09,88.47223663330078
2022-03-10,87.77304077148438
2022-03-11,86.56108856201172
2022-03-14,86.0017318725586
2022-03-15,87.34419250488281
2022-03-16,90.29948425292969
2022-03-17,91.22242736816406
2022-03-18,92.22929382324219
2022-03-21,91.90299224853516
2022-03-22,93.01238250732422
2022-03-23,91.96824645996094
2022-03-24,93.03103637695312
2022-03-25,93.20816802978516
2022-03-28,93.57174682617188
2022-03-29,95.07270812988281
2022-03-30,94.54130554199219
2022-03-31,93.02172088623047
2022-04-01,93.62767791748047
2022-04-04,94.53199005126953
2022-04-05,93.18019104003906
2022-04-06,92.10809326171875
2022-04-07,92.30387115478516
2022-04-08,92.21995544433594
2022-04-11,90.90547180175781
2022-04-12,90.40203857421875
2022-04-13,91.49279022216797
2022-04-14,90.53255462646484
2022-04-18,90.38338470458984
2022-04-19,91.3436279296875
2022-04-20,91.42752838134766
2022-04-21,90.01048278808594
2022-04-22,87.9874496459961
2022-04-25,88.12730407714844
2022-04-26,85.69408416748047
2022-04-27,86.02037811279297
2022-04-28,87.81965637207031
2022-04-29,85.51696014404297
2022-05-02,85.79664611816406
2022-05-03,86.31869506835938
2022-05-04,88.35104370117188
2022-05-05,85.33982849121094
2022-05-06,84.49144744873047
2022-05-09,81.81584167480469
2022-05-10,82.10485076904297
2022-05-11,81.07936096191406
2022-05-12,80.96748352050781
2022-05-13,83.10238647460938
2022-05-16,82.83201599121094
2022-05-17,84.51010131835938
2022-05-18,81.68533325195312
2022-05-19,81.7599105834961
2022-05-20,81.99298095703125
2022-05-23,83.31681060791016
2022-05-24,82.62691497802734
2022-05-25,83.19560241699219
2022-05-26,84.5660400390625
2022-05-27,86.29072570800781
2022-05-31,85.89918518066406
2022-06-01,85.2652359008789
2022-06-02,86.98060607910156
2022-06-03,85.53559112548828
2022-06-06,85.84324645996094
2022-06-07,86.49581909179688
2022-06-08,85.68476104736328
2022-06-09,83.68714141845703
2022-06-10,81.5135726928711
2022-06-13,78.4931640625
2022-06-14,78.25792694091797
2022-06-15,79.45291900634766
2022-06-16,77.1288070678711
2022-06-17,77.0911636352539
2022-06-21,78.81307983398438
2022-06-22,78.36143493652344
2022-06-23,78.81307983398438
2022-06-24,81.21247100830078
2022-06-27,80.97723388671875
2022-06-28,79.7822494506836
2022-06-29,79.56582641601562
2022-06-30,78.93539428710938
2022-07-01,79.49055480957031
2022-07-05,79.08595275878906
2022-07-06,79.19886779785156
2022-07-07,80.45972442626953
2022-07-08,80.40326690673828
2022-07-11,79.26472473144531
2022-07-12,78.77544403076172
2022-07-13,78.45552062988281
2022-07-14,77.919189453125
2022-07-15,79.24591064453125
2022-07-18,79.02948760986328
2022-07-19,81.03369903564453
2022-07-20,81.28775024414062
2022-07-21,82.11576843261719
2022-07-22,81.41948699951172
2022-07-25,81.67355346679688
2022-07-26,80.685546875
2022-07-27,82.66151428222656
2022-07-28,83.451904296875
2022-07-29,84.51517486572266
2022-08-01,84.24230194091797
2022-08-02,83.5836410522461
2022-08-03,84.65631866455078
2022-08-04,84.78804779052734
2022-08-05,84.52458190917969
2022-08-08,84.56221771240234
2022-08-09,84.15762329101562
2022-08-10,85.91718292236328
2022-08-11,85.99244689941406
2022-08-12,87.17802429199219
2022-08-15,87.15921020507812
2022-08-16,87.2250747680664
2022-08-17,86.59465789794922
2022-08-18,86.56641387939453
2022-08-19,85.40906524658203
2022-08-22,83.80005645751953
2022-08-23,83.79064178466797
2022-08-24,84.00706481933594
2022-08-25,85.24910736083984
2022-08-26,82.70857238769531
2022-08-29,82.20045471191406
2022-08-30,81.3536148071289
2022-08-31,80.82669067382812
2022-09-01,80.62909698486328
2022-09-02,79.93279266357422
2022-09-06,79.49055480957031
2022-09-07,80.67613983154297
2022-09-08,81.05250549316406
2022-09-09,82.54861450195312
2022-09-12,83.5648193359375
2022-09-13,80.26212310791016
2022-09-14,80.58204650878906
2022-09-15,79.74462127685547
2022-09-16,79.02948760986328
2022-09-19,79.54700469970703
2022-09-20,78.56843566894531
2022-09-21,77.27935791015625
2022-09-22,76.70537567138672
2022-09-23,75.09635925292969
2022-09-26,74.20247650146484
2022-09-27,73.95783233642578
2022-09-28,75.47274017333984
2022-09-29,74.05193328857422
2022-09-30,73.23330688476562
2022-10-03,74.97405242919922
2022-10-04,77.53340911865234
2022-10-05,77.18525695800781
2022-10-06,76.29136657714844
2022-10-07,74.35302734375
2022-10-10,73.7602310180664
2022-10-11,73.13922882080078
2022-10-12,72.94161987304688
2022-10-13,74.58824920654297
2022-10-14,73.00748443603516
2022-10-17,74.8987808227539
2022-10-18,75.60448455810547
2022-10-19,74.83290100097656
2022-10-20,74.47535705566406
2022-10-21,76.0561294555664
2022-10-24,76.2819595336914
2022-10-25,77.62748718261719
2022-10-26,77.63690948486328
2022-10-27,77.16643524169922
2022-10-28,78.39906311035156
2022-10-31,77.88155364990234
2022-11-01,77.95682525634766
2022-11-02,76.35723876953125
2022-11-03,75.68916320800781
2022-11-04,77.46753692626953
2022-11-07,77.95682525634766
2022-11-08,78.5025634765625
2022-11-09,77.05352783203125
2022-11-10,81.18424224853516
2022-11-11,82.4168701171875
2022-11-14,81.67355346679688
2022-11-15,82.46392059326172
2022-11-16,81.8429183959961
2022-11-17,81.64530944824219
2022-11-18,81.80526733398438
2022-11-21,81.3536148071289
2022-11-22,82.36983489990234
2022-11-23,83.00967407226562
2022-11-25,83.0755386352539
2022-11-28,81.87113952636719
2022-11-29,82.0405044555664
2022-11-30,84.3740234375
2022-12-01,84.49635314941406
2022-12-02,84.42108154296875
2022-12-05,82.9814453125
2022-12-06,82.09695434570312
2022-12-07,81.94640350341797
2022-12-08,82.57684326171875
2022-12-09,82.18163299560547
2022-12-12,82.91558074951172
2022-12-13,83.6798324584961
2022-12-14,83.35745239257812
2022-12-15,81.3093032836914
2022-12-16,80.52229309082031
2022-12-19,80.02921295166016
2022-12-20,80.2093734741211
2022-12-21,81.26189422607422
2022-12-22,80.28523254394531
2022-12-23,80.65503692626953
2022-12-27,80.6265869140625
2022-12-28,79.58355712890625
2022-12-29,80.96793365478516
2022-12-30,80.48435974121094
2023-01-03,80.50332641601562
2023-01-04,81.52739715576172
2023-01-05,80.69296264648438
2023-01-06,82.56094360351562
2023-01-09,82.74110412597656
2023-01-10,83.20573425292969
2023-01-11,84.07808685302734
2023-01-12,84.66597747802734
2023-01-13,85.0452651977539
2023-01-17,84.98837280273438
2023-01-18,84.05912780761719
2023-01-19,83.72724914550781
2023-01-20,85.02629089355469
2023-01-23,85.77538299560547
2023-01-24,85.66160583496094
2023-01-25,85.86072540283203
2023-01-26,86.59085083007812
2023-01-27,86.63825988769531
2023-01-30,85.59523010253906
2023-01-31,86.52447509765625
2023-02-01,87.40631866455078
2023-02-02,88.11747741699219
2023-02-03,87.10289764404297
2023-02-06,86.38224792480469
2023-02-07,87.30201721191406
2023-02-08,86.55292510986328
2023-02-09,86.17363739013672
2023-02-10,86.09778594970703
2023-02-13,87.00806427001953
2023-02-14,87.05547332763672
2023-02-15,87.11236572265625
2023-02-16,86.23053741455078
2023-02-17,86.01244354248047
2023-02-21,84.54271697998047
2023-02-22,84.31513977050781
2023-02-23,84.7228775024414
2023-02-24,83.59449768066406
2023-02-27,84.08756256103516
2023-02-28,83.65139770507812
2023-03-01,83.83155059814453
2023-03-02,84.28668975830078
2023-03-03,85.55730438232422
2023-03-06,85.50041198730469
2023-03-07,84.1539535522461
2023-03-08,84.33409881591797
2023-03-09,82.97815704345703
2023-03-10,81.88770294189453
2023-03-13,81.6791000366211
2023-03-14,82.80747985839844
2023-03-15,81.66014862060547
2023-03-16,82.98764038085938
2023-03-17,82.08683776855469
2023-03-20,82.88334655761719
2023-03-21,83.98326873779297
2023-03-22,83.08246612548828
2023-03-23,83.30054473876953
2023-03-24,83.49967193603516
2023-03-27,83.79362487792969
2023-03-28,83.8694839477539
2023-03-29,84.8935546875
2023-03-30,85.58574676513672
2023-03-31,86.43913269042969
2023-04-03,86.94169616699219
2023-04-04,86.63825988769531
2023-04-05,86.19259643554688
2023-04-06,86.53396606445312
2023-04-10,86.59085083007812
2023-04-11,86.76152801513672
2023-04-12,86.6192855834961
2023-04-13,87.776123046875
2023-04-14,87.52010345458984
2023-04-17,87.6812973022461
2023-04-18,87.84249114990234
2023-04-19,87.6623306274414
2023-04-20,87.33995056152344
2023-04-21,87.3968276977539
2023-04-24,87.43476867675781
2023-04-25,86.03141021728516
2023-04-26,85.81331634521484
2023-04-27,87.28305053710938
2023-04-28,87.79507446289062
2023-05-01,87.6812973022461
2023-05-02,86.69514465332031
2023-05-03,86.38224792480469
2023-05-04,86.06932830810547
2023-05-05,87.52957916259766
2023-05-08,87.56751251220703
2023-05-09,87.19770050048828
2023-05-10,87.41580963134766
2023-05-11,87.19770050048828
2023-05-12,86.951171875
2023-05-15,87.54853820800781
2023-05-16,86.84686279296875
2023-05-17,87.6623306274414
2023-05-18,88.09851837158203
2023-05-19,88.15541076660156
2023-05-22,88.28816223144531
2023-05-23,87.17874908447266
2023-05-24,86.37276458740234
2023-05-25,86.72359466552734
2023-05-26,87.86146545410156
2023-05-30,87.50113677978516
2023-05-31,86.87531280517578
2023-06-01,87.90887451171875
2023-06-02,89.21739959716797
2023-06-05,88.9803466796875
2023-06-06,89.40704345703125
2023-06-07,88.93096160888672
2023-06-08,89.57276153564453
2023-06-09,89.6972885131836
2023-06-12,90.34864807128906
2023-06-13,91.04792022705078
2023-06-14,91.26822662353516
2023-06-15,92.3027572631836
2023-06-16,92.0345458984375
2023-06-20,91.19160461425781
2023-06-21,90.87550354003906
2023-06-22,90.89466094970703
2023-06-23,89.95591735839844
2023-06-26,89.80265808105469
2023-06-27,90.7509765625
2023-06-28,90.74140167236328
2023-06-29,90.89466094970703
2023-06-30,91.90044403076172
2023-07-03,92.12076568603516
2023-07-05,91.67054748535156
2023-07-06,90.54022979736328
2023-07-07,90.72222900390625
2023-07-10,90.9521255493164
2023-07-11,91.67054748535156
2023-07-12,92.77213287353516
2023-07-13,93.82581329345703
2023-07-14,93.56718444824219
2023-07-17,93.80665588378906
2023-07-18,94.33350372314453
2023-07-19,94.44844818115234
2023-07-20,93.81624603271484
2023-07-21,93.86412048339844
2023-07-24,94.19939422607422
2023-07-25,94.50592041015625
2023-07-26,94.63044738769531
2023-07-27,94.03655242919922
2023-07-28,95.02317810058594
2023-07-31,95.2051773071289
2023-08-01,94.54423522949219
2023-08-02,92.98287200927734
2023-08-03,92.7625503540039
2023-08-04,92.57097625732422
2023-08-07,93.193603515625
2023-08-08,92.65718841552734
2023-08-09,92.26444244384766
2023-08-10,92.40813446044922
2023-08-11,92.06329345703125
2023-08-14,92.24528503417969
2023-08-15,91.11497497558594
2023-08-16,90.41571044921875
2023-08-17,89.82180786132812
2023-08-18,89.78349304199219
2023-08-21,90.25286865234375
2023-08-22,90.05171203613281
2023-08-23,91.11497497558594
2023-08-24,89.95591735839844
2023-08-25,90.5019302368164
2023-08-28,91.20117950439453
2023-08-29,92.49433898925781
2023-08-30,92.72423553466797
2023-08-31,92.43687438964844
2023-09-01,92.69549560546875
2023-09-05,92.15907287597656
2023-09-06,91.6226577758789
2023-09-07,91.27782440185547
2023-09-08,91.31613159179688
2023-09-11,92.10159301757812
2023-09-12,91.66097259521484
2023-09-13,91.68970489501953
2023-09-14,92.53265380859375
2023-09-15,91.78549194335938
2023-09-18,91.68970489501953
2023-09-19,91.48855590820312
2023-09-20,90.89466094970703
2023-09-21,89.39075469970703
2023-09-22,89.33329772949219
2023-09-25,89.44823455810547
2023-09-26,88.14549255371094
2023-09-27,88.1838150024414
2023-09-28,88.72981262207031
2023-09-29,88.48077392578125
2023-10-02,88.08802032470703
2023-10-03,86.9098129272461
2023-10-04,87.28338623046875
2023-10-05,87.50370788574219
2023-10-06,88.58612823486328
2023-10-09,88.90222930908203
2023-10-10,89.64939880371094
2023-10-11,90.06128692626953
2023-10-12,89.3716049194336
2023-10-13,88.8639144897461
2023-10-16,89.67813110351562
2023-10-17,89.71644592285156
2023-10-18,88.432861328125
2023-10-19,87.63780975341797
2023-10-20,86.59370422363281
2023-10-23,86.52665710449219
2023-10-24,87.15885925292969
2023-10-25,86.0477066040039
2023-10-26,85.16645050048828
2023-10-27,84.85992431640625
2023-10-30,85.84654998779297
2023-10-31,86.22970581054688
2023-11-01,87.09181213378906
2023-11-02,88.81603240966797
2023-11-03,89.8409652709961
2023-11-06,89.9176025390625
2023-11-07,89.86970520019531
2023-11-08,89.85054779052734
2023-11-09,89.31413269042969
2023-11-10,90.33907318115234
2023-11-13,90.35824584960938
2023-11-14,92.33149719238281
2023-11-15,92.52307891845703
2023-11-16,92.45602416992188
2023-11-17,92.86791229248047
2023-11-20,93.519287109375
2023-11-21,93.2702407836914
2023-11-22,93.52886962890625
2023-11-24,93.75875854492188
2023-11-27,93.50971221923828
2023-11-28,93.6629638671875
2023-11-29,93.65338897705078
2023-11-30,93.89286041259766
2023-12-01,94.59213256835938
2023-12-04,94.0078125
2023-12-05,93.82581329345703
2023-12-06,93.64380645751953
2023-12-07,94.24727630615234
2023-12-08,94.5538101196289
2023-12-11,94.88907623291016
2023-12-12,95.19560241699219
2023-12-13,96.50792694091797
2023-12-14,97.13055419921875
2023-12-15,96.71865844726562
2023-12-18,97.14971160888672
2023-12-19,97.8489761352539
2023-12-20,96.48743438720703
2023-12-21,97.69618225097656
2023-12-22,97.84123992919922
2023-12-26,98.31507110595703
2023-12-27,98.59549713134766
2023-12-28,98.59549713134766
2023-12-29,98.41175842285156
2024-01-02,97.57048034667969
2024-01-03,96.796875
2024-01-04,96.69050598144531
2024-01-05,96.77753448486328
2024-01-08,97.93793487548828
2024-01-09,97.49311828613281
2024-01-10,97.9476089477539
2024-01-11,97.89926147460938
2024-01-12,98.10233306884766
2024-01-16,97.24169921875
2024-01-17,96.49710845947266
2024-01-18,97.3384017944336
2024-01-19,98.31507110595703
2024-01-22,98.46979522705078
2024-01-23,98.67285919189453
2024-01-24,99.00163269042969
2024-01-25,99.39811706542969
2024-01-26,99.48513793945312
2024-01-29,100.14269256591797
2024-01-30,99.97830963134766
2024-01-31,98.68252563476562
2024-02-01,99.91062927246094
2024-02-02,100.31676483154297
2024-02-05,99.9299545288086
2024-02-06,100.51016235351562
2024-02-07,101.02267456054688
2024-02-08,101.00333404541016
2024-02-09,101.54486083984375
2024-02-12,101.67056274414062
2024-02-13,100.0556640625
2024-02-14,101.15805053710938
2024-02-15,101.97032928466797
2024-02-16,101.71891784667969
2024-02-20,101.4288101196289
2024-02-21,101.45782470703125
2024-02-22,103.20809936523438
2024-02-23,103.24677276611328
2024-02-26,102.96634674072266
2024-02-27,103.16941833496094
2024-02-28,102.73426818847656
2024-02-29,103.1307373046875
2024-03-01,104.12675476074219
2024-03-04,103.9720230102539
2024-03-05,103.1307373046875
2024-03-06,103.93334197998047
2024-03-07,105.01639556884766
2024-03-08,104.5038833618164
2024-03-11,104.29114532470703
2024-03-12,105.34517669677734
2024-03-13,105.20979309082031
2024-03-14,104.79398345947266
2024-03-15,104.26213836669922
2024-03-18,104.68760681152344
2024-03-19,105.05506896972656
2024-03-20,106.11878204345703
2024-03-21,106.3508529663086
2024-03-22,106.09943389892578
2024-03-25,105.8866958618164
2024-03-26,105.74163818359375
2024-03-27,106.51524353027344
2024-03-28,106.49590301513672
2024-04-01,106.2444839477539
2024-04-02,105.61593627929688
2024-04-03,105.86735534667969
2024-04-04,104.80364990234375
2024-04-05,105.62560272216797
2024-04-08,105.84801483154297
2024-04-09,106.00273132324219
2024-04-10,104.79398345947266
2024-04-11,105.4128646850586
2024-04-12,103.7883071899414
2024-04-15,102.78262329101562
2024-04-16,102.24110412597656
2024-04-17,101.86395263671875
2024-04-18,101.71891784667969
2024-04-19,101.09037017822266
2024-04-22,102.11538696289062
2024-04-23,103.25643920898438
2024-04-24,103.19843292236328
2024-04-25,102.87931823730469
2024-04-26,103.83665466308594
2024-04-29,104.29114532470703
2024-04-30,102.71492767333984
2024-05-01,102.44417572021484
2024-05-02,103.7206039428711
2024-05-03,104.85199737548828
2024-05-06,105.79966735839844
2024-05-07,105.82867431640625
2024-05-08,105.7706527709961
2024-05-09,106.40887451171875
2024-05-10,106.54425048828125
2024-05-13,106.61194610595703
2024-05-14,107.20182037353516
2024-05-15,108.4299087524414
2024-05-16,108.2074966430664
2024-05-17,108.45892333984375
2024-05-20,108.52660369873047
2024-05-21,108.54594421386719
2024-05-22,108.03343963623047
2024-05-23,107.31785583496094
2024-05-24,108.01409912109375
2024-05-28,108.04310607910156
2024-05-29,106.95039367675781
2024-05-30,106.67962646484375
2024-05-31,107.41455841064453
2024-06-03,107.62730407714844
2024-06-04,107.48224639892578
2024-06-05,108.72000885009766
2024-06-06,108.82637786865234
2024-06-07,108.28485870361328
2024-06-10,108.60397338867188
2024-06-11,108.38456726074219
2024-06-12,109.42794799804688
2024-06-13,109.08665466308594
2024-06-14,108.88187408447266
2024-06-17,109.57421112060547
2024-06-18,110.02277374267578
2024-06-20,109.7984848022461
2024-06-21,109.35968780517578
2024-06-24,109.45719146728516
2024-06-25,109.78873443603516
2024-06-26,109.6619644165039
2024-06-27,109.8179931640625
2024-06-28,109.60346984863281
2024-07-01,109.78873443603516
2024-07-02,110.3738021850586
2024-07-03,111.17341613769531
2024-07-05,111.80724334716797
2024-07-08,111.80724334716797
2024-07-09,111.77796936035156
2024-07-10,112.91887664794922
2024-07-11,112.48006439208984
2024-07-12,113.2991714477539
2024-07-15,113.18214416503906
2024-07-16,113.78672790527344
2024-07-17,112.35330200195312
2024-07-18,111.3976821899414
2024-07-19,110.66634368896484
2024-07-22,111.80724334716797
2024-07-23,111.42694091796875
2024-07-24,109.23291015625
2024-07-25,108.67709350585938
2024-07-26,109.9642562866211
2024-07-29,109.86673736572266
2024-07-30,109.49620819091797
2024-07-31,111.29042053222656
2024-08-01,109.31092834472656
2024-08-02,107.38993835449219
2024-08-05,104.57184600830078
2024-08-06,105.28368377685547
2024-08-07,105.08866119384766
2024-08-08,107.30218505859375
2024-08-09,107.77998352050781
2024-08-12,107.85800170898438
2024-08-13,109.51570892333984
2024-08-14,109.80824279785156
2024-08-15,111.55370330810547
2024-08-16,111.9437484741211
2024-08-19,113.06513977050781
2024-08-20,112.78236389160156
2024-08-21,113.36742401123047
2024-08-22,112.47030639648438
2024-08-23,113.99150085449219
2024-08-26,113.57219696044922
2024-08-27,113.79647827148438
2024-08-28,113.17240142822266
2024-08-29,113.2699203491211
2024-08-30,114.06951141357422
2024-09-03,111.88524627685547
2024-09-04,111.54395294189453
2024-09-05,111.40744018554688
2024-09-06,109.51570892333984
2024-09-09,110.6468505859375
2024-09-10,110.8028564453125
2024-09-11,111.77796936035156
2024-09-12,112.75309753417969
2024-09-13,113.31867218017578
2024-09-16,113.70872497558594
2024-09-17,113.59170532226562
2024-09-18,113.2699203491211
2024-09-19,115.28842163085938
2024-09-20,114.83011627197266
2024-09-23,115.26890563964844
2024-09-24,116.05875396728516
2024-09-25,115.57119750976562
2024-09-26,116.85835266113281
2024-09-27,116.58531951904297
2024-09-30,116.57556915283203
2024-10-01,115.83448028564453
2024-10-02,116.10750579833984
2024-10-03,115.53219604492188
2024-10-04,116.50731658935547
2024-10-07,115.7759780883789
2024-10-08,116.07826232910156
2024-10-09,116.55606842041016
2024-10-10,116.4390640258789
2024-10-11,117.17039489746094
2024-10-14,117.77496337890625
2024-10-15,116.54631042480469
2024-10-16,117.01437377929688
2024-10-17,116.96561431884766
2024-10-18,117.64820098876953
2024-10-21,117.08263397216797
2024-10-22,116.8291015625
2024-10-23,115.79547882080078
2024-10-24,116.0685043334961
2024-10-25,115.86373138427734
2024-10-28,116.46831512451172
2024-10-29,116.40005493164062
2024-10-30,115.88323211669922
2024-10-31,114.13777923583984
2024-11-01,114.57657623291016
2024-11-04,114.55707550048828
2024-11-05,115.89299011230469
2024-11-06,117.27765655517578
2024-11-07,118.59407043457031
2024-11-08,118.28202819824219
2024-11-11,118.42829895019531
2024-11-12,117.55069732666016
2024-11-13,117.31665802001953
2024-11-14,116.77059936523438
2024-11-15,115.6882095336914
2024-11-18,116.26354217529297
2024-11-19,116.58531951904297
2024-11-20,116.58531951904297
2024-11-21,117.02413177490234
2024-11-22,117.44342803955078
2024-11-25,117.85298156738281
2024-11-26,118.02849578857422
2024-11-27,117.94073486328125
2024-11-29,118.7403335571289
2024-12-02,118.9938735961914
2024-12-03,119.2083969116211
2024-12-04,119.84222412109375
2024-12-05,119.91047668457031
2024-12-06,120.05675506591797
2024-12-09,119.77396392822266
2024-12-10,119.06212615966797
2024-12-11,119.91047668457031
2024-12-12,119.15963745117188
2024-12-13,119.02312469482422
2024-12-16,119.26689910888672
2024-12-17,118.81047058105469
2024-12-18,115.27901458740234
2024-12-19,115.2888412475586
2024-12-20,116.19384765625
2024-12-23,116.91194152832031
2024-12-24,117.8956298828125
2024-12-26,117.99400329589844
2024-12-27,117.09884643554688
2024-12-30,115.89873504638672
2024-12-31,115.58395385742188
2025-01-02,115.35770416259766
2025-01-03,116.55780792236328
2025-01-06,117.36444091796875
2025-01-07,116.23320007324219
2025-01-08,116.24302673339844
2025-01-10,114.47238159179688
2025-01-13,114.45270538330078
2025-01-14,114.7773208618164
2025-01-15,116.64634704589844
2025-01-16,116.65618133544922
2025-01-17,117.64971160888672
2025-01-21,118.98753356933594
2025-01-22,119.42035675048828
2025-01-23,120.07942962646484
2025-01-24,120.06959533691406
2025-01-27,118.63340759277344
2025-01-28,119.42035675048828
2025-01-29,119.06623077392578
2025-01-30,119.98106384277344
2025-01-31,119.21378326416016
2025-02-03,118.249755859375
2025-02-04,119.32199096679688
2025-02-05,119.9023666381836
2025-02-06,120.31552124023438
2025-02-07,119.35150146484375
2025-02-10,120.31552124023438
2025-02-11,120.33519744873047
2025-02-12,120.22698974609375
2025-02-13,121.62383270263672
2025-02-14,121.60416412353516
2025-02-18,122.10584259033203
2025-02-19,121.95829010009766
2025-02-20,121.79105377197266
2025-02-21,120.1384506225586
2025-02-24,119.49906158447266
2025-02-25,119.3121566772461
2025-02-26,119.53839874267578
2025-02-27,117.71856689453125
2025-02-28,118.85965728759766
2025-03-03,117.60052490234375
2025-03-04,116.74471282958984
2025-03-05,118.59405517578125
2025-03-06,116.7643814086914
2025-03-07,117.55134582519531
2025-03-10,114.51173400878906
2025-03-11,113.91167449951172
2025-03-12,114.59042358398438
2025-03-13,113.28211212158203
2025-03-14,115.5347671508789
2025-03-17,116.68569946289062
2025-03-18,115.84955596923828
2025-03-19,116.79389953613281
2025-03-20,116.30204772949219
2025-03-21,116.05613708496094
2025-03-24,117.75791931152344
2025-03-25,117.81693267822266
2025-03-26,116.5184555053711
2025-03-27,116.35123443603516
2025-03-28,114.34449768066406
2025-03-31,114.49205780029297
2025-04-01,114.89537048339844
2025-04-02,115.48558807373047
2025-04-03,111.06880950927734
2025-04-04,104.271484375
2025-04-07,103.25828552246094
2025-04-08,101.9007797241211
2025-04-09,110.86222839355469
2025-04-10,107.4684829711914
2025-04-11,109.28831481933594
2025-04-14,110.81304931640625
2025-04-15,110.88189697265625
2025-04-16,109.12109375
2025-04-17,109.58342742919922
2025-04-21,107.81278228759766
2025-04-22,110.24250030517578
2025-04-23,111.59016418457031
2025-04-24,113.62641143798828
2025-04-25,114.28548431396484
2025-04-28,114.50189971923828
2025-04-29,115.08226776123047
2025-04-30,115.08226776123047
2025-05-01,115.50525665283203
2025-05-02,117.46281433105469
2025-05-05,117.22672271728516
2025-05-06,116.5479736328125
2025-05-07,116.64634704589844
2025-05-08,117.02998352050781
2025-05-09,117.18737030029297
2025-05-12,120.04008483886719
2025-05-13,120.67948150634766
2025-05-14,120.7876968383789
2025-05-15,121.43692779541016
2025-05-16,122.0173110961914
2025-05-19,122.40094757080078
2025-05-20,122.26323699951172
2025-05-21,120.74834442138672
2025-05-22,120.67948150634766
2025-05-23,120.3056869506836
2025-05-27,122.32225799560547
2025-05-28,121.44676971435547
2025-05-29,121.88943481445312
2025-05-30,121.63367462158203
2025-06-02,122.53866577148438
2025-06-03,122.81409454345703
2025-06-04,123.1288833618164
2025-06-05,122.76492309570312
2025-06-06,123.70925903320312
2025-06-09,123.86664581298828
2025-06-10,124.45686340332031
2025-06-11,124.28964233398438
2025-06-12,124.78148651123047
2025-06-13,123.34529876708984
2025-06-16,124.42678833007812
2025-06-17,123.16785430908203
2025-06-18,123.20750427246094
2025-06-20,122.66229248046875
2025-06-23,123.76262664794922
2025-06-24,125.39825439453125
2025-06-25,125.30904388427734
2025-06-26,126.35980987548828
2025-06-27,126.92483520507812
2025-06-30,127.47997283935547
2025-07-01,127.41057586669922
2025-07-02,127.9260482788086
2025-07-03,128.6595916748047
2025-07-07,127.5394515991211
2025-07-08,127.75753021240234
2025-07-09,128.45143127441406
2025-07-10,128.71908569335938
2025-07-11,128.07473754882812
2025-07-14,128.253173828125
2025-07-15,127.7178726196289
2025-07-16,128.21351623535156
2025-07-17,128.72898864746094
2025-07-18,128.62985229492188
2025-07-21,128.99664306640625
2025-07-22,129.21473693847656
2025-07-23,130.751220703125
2025-07-24,130.48358154296875
2025-07-25,130.7313995361328
2025-07-28,130.1465301513672
2025-07-29,129.90863037109375
2025-07-30,129.4724578857422
2025-07-31,128.828125
2025-08-01,127.2024154663086
2025-08-04,129.03628540039062
2025-08-05,128.67942810058594
2025-08-06,129.64097595214844
2025-08-07,129.94827270507812
2025-08-08,130.71157836914062
2025-08-11,130.3646240234375
2025-08-12,131.79208374023438
2025-08-13,132.39675903320312
2025-08-14,132.1885986328125
2025-08-15,132.2183380126953
2025-08-18,132.24807739257812
2025-08-19,131.54425048828125
2025-08-20,131.39556884765625
2025-08-21,130.88999938964844
2025-08-22,133.051025390625
2025-08-25,132.1885986328125
2025-08-26,132.46615600585938
2025-08-27,132.51571655273438
2025-08-28,133.051025390625
2025-08-29,132.27781677246094
2025-09-02,131.3459930419922
2025-09-03,131.901123046875
2025-09-04,132.7833709716797
2025-09-05,132.90232849121094
2025-09-08,133.54666137695312
2025-09-09,133.7449188232422
2025-09-10,134.0423126220703
2025-09-11,135.36073303222656
2025-09-12,135.1624755859375
2025-09-15,136.0447235107422
2025-09-16,135.90594482421875
2025-09-17,135.77706909179688
2025-09-18,136.34210205078125
2025-09-19,136.5601806640625
2025-09-22,137.20452880859375
2025-09-23,136.68905639648438
2025-09-24,136.1042022705078
2025-09-25,135.43011474609375
2025-09-26,136.1438446044922
2025-09-29,136.4808807373047
2025-09-30,137.0360107421875
2025-10-01,137.72991943359375
2025-10-02,138.047119140625
2025-10-03,138.2850341796875
2025-10-06,138.8302459716797
2025-10-07,137.99757385253906
2025-10-08,138.8104248046875
2025-10-09,138.1363525390625
2025-10-10,134.52804565429688
2025-10-13,136.6196746826172
2025-10-14,136.4808807373047
2025-10-15,137.3532257080078
2025-10-16,136.87741088867188
2025-10-17,137.42262268066406
2025-10-20,138.80050659179688
2025-10-21,138.39407348632812
2025-10-22,137.84886169433594
2025-10-23,138.73110961914062
2025-10-24,139.63319396972656
2025-10-27,141.1002960205078
2025-10-28,141.3084716796875
2025-10-29,141.31837463378906
2025-10-30,139.94049072265625
2025-10-31,140.17840576171875
2025-11-03,140.48570251464844
2025-11-04,138.69146728515625
2025-11-05,139.33580017089844
2025-11-06,138.1264190673828
2025-11-07,138.32467651367188
2025-11-10,140.346923828125
2025-11-11,140.81283569335938
2025-11-12,141.09039306640625
2025-11-13,138.9293670654297
2025-11-14,138.8599853515625
2025-11-17,137.373046875
2025-11-18,136.1934051513672
2025-11-19,136.3817596435547
2025-11-20,134.3198699951172
2025-11-21,135.648193359375
2025-11-24,137.15496826171875
2025-11-25,138.40399169921875
2025-11-26,139.54397583007812
2025-11-28,140.23788452148438
2025-12-01,139.6133575439453
2025-12-02,139.920654296875
2025-12-03,140.446044921875
2025-12-04,140.7335205078125
2025-12-05,140.86239624023438
2025-12-08,140.5253448486328
2025-12-09,140.4163055419922
2025-12-10,141.55628967285156
2025-12-11,141.9329833984375
2025-12-12,140.53526306152344
2025-12-15,140.56500244140625
2025-12-16,139.99000549316406
2025-12-17,138.55999755859375
2025-12-18,139.7100067138672
2025-12-19,140.91000366210938
2025-12-22,141.74000549316406
2025-12-23,142.4600067138672
2025-12-24,142.7100067138672
2025-12-26,142.89999389648438
2025-12-29,142.41000366210938
2025-12-30,142.41000366210938
2025-12-31,141.49000549316406
2026-01-02,142.49000549316406
2026-01-05,143.67999267578125
2026-01-06,144.35000610351562
2026-01-07,143.80999755859375
2026-01-08,143.77000427246094
2026-01-09,144.75
