Price,Close
Ticker,AEM
Date,
1995-01-03,7.2724714279174805
1995-01-04,6.978634834289551
1995-01-05,7.162283897399902
1995-01-06,6.794986724853516
1995-01-09,6.886807441711426
1995-01-10,6.794986724853516
1995-01-11,7.437750816345215
1995-01-12,7.529575347900391
1995-01-13,7.437750816345215
1995-01-16,7.162283897399902
1995-01-17,7.2541046142578125
1995-01-18,7.2541046142578125
1995-01-19,7.34592866897583
1995-01-20,7.437750816345215
1995-01-23,7.162283897399902
1995-01-24,7.34592866897583
1995-01-25,7.070456504821777
1995-01-26,7.070456504821777
1995-01-27,6.70316219329834
1995-01-30,6.70316219329834
1995-01-31,6.611338138580322
1995-02-01,6.794986724853516
1995-02-02,6.978634834289551
1995-02-03,6.794986724853516
1995-02-06,6.794986724853516
1995-02-07,6.794986724853516
1995-02-08,6.978634834289551
1995-02-09,7.070456504821777
1995-02-10,6.978634834289551
1995-02-13,6.886807441711426
1995-02-14,6.886807441711426
1995-02-15,6.978634834289551
1995-02-16,6.886807441711426
1995-02-17,7.070456504821777
1995-02-21,7.070456504821777
1995-02-22,7.2541046142578125
1995-02-23,7.162283897399902
1995-02-24,6.978634834289551
1995-02-27,6.886807441711426
1995-02-28,7.070456504821777
1995-03-01,6.794986724853516
1995-03-02,6.978634834289551
1995-03-03,6.886807441711426
1995-03-06,6.978634834289551
1995-03-07,7.529575347900391
1995-03-08,7.621400356292725
1995-03-09,7.896875858306885
1995-03-10,7.896875858306885
1995-03-13,8.26417064666748
1995-03-14,8.26417064666748
1995-03-15,8.355996131896973
1995-03-16,8.26417064666748
1995-03-17,8.355996131896973
1995-03-20,8.26417064666748
1995-03-21,8.26417064666748
1995-03-22,8.172345161437988
1995-03-23,8.26417064666748
1995-03-24,8.172345161437988
1995-03-27,8.26417064666748
1995-03-28,8.355996131896973
1995-03-29,8.447820663452148
1995-03-30,8.815113067626953
1995-03-31,8.815113067626953
1995-04-03,8.815113067626953
1995-04-04,8.815113067626953
1995-04-05,9.182412147521973
1995-04-06,9.182412147521973
1995-04-07,8.815113067626953
1995-04-10,8.631467819213867
1995-04-11,8.723296165466309
1995-04-12,8.723296165466309
1995-04-13,8.447820663452148
1995-04-17,8.998764038085938
1995-04-18,9.090588569641113
1995-04-19,8.815113067626953
1995-04-20,8.539644241333008
1995-04-21,8.815113067626953
1995-04-24,8.815113067626953
1995-04-25,8.815113067626953
1995-04-26,8.631467819213867
1995-04-27,8.723296165466309
1995-04-28,8.447820663452148
1995-05-01,8.447820663452148
1995-05-02,8.631467819213867
1995-05-03,8.539644241333008
1995-05-04,9.274236679077148
1995-05-05,9.182412147521973
1995-05-08,8.998764038085938
1995-05-09,8.631467819213867
1995-05-10,8.631467819213867
1995-05-11,8.539644241333008
1995-05-12,8.631467819213867
1995-05-15,8.906941413879395
1995-05-16,8.998764038085938
1995-05-17,8.998764038085938
1995-05-18,9.090588569641113
1995-05-19,8.998764038085938
1995-05-22,8.906941413879395
1995-05-23,9.090588569641113
1995-05-24,9.274236679077148
1995-05-25,9.182412147521973
1995-05-26,9.366059303283691
1995-05-30,9.457883834838867
1995-05-31,9.54970932006836
1995-06-01,9.54970932006836
1995-06-02,9.274236679077148
1995-06-05,9.274236679077148
1995-06-06,9.182412147521973
1995-06-07,9.366059303283691
1995-06-08,9.641532897949219
1995-06-09,9.825182914733887
1995-06-12,9.733360290527344
1995-06-13,9.733360290527344
1995-06-14,9.917004585266113
1995-06-15,10.284302711486816
1995-06-16,10.376126289367676
1995-06-19,10.467951774597168
1995-06-20,10.467951774597168
1995-06-21,10.376126289367676
1995-06-22,10.55977725982666
1995-06-23,10.651598930358887
1995-06-26,10.467951774597168
1995-06-27,10.192477226257324
1995-06-28,10.100652694702148
1995-06-29,10.284302711486816
1995-06-30,9.825182914733887
1995-07-03,9.641532897949219
1995-07-05,9.457883834838867
1995-07-06,9.641532897949219
1995-07-07,9.825182914733887
1995-07-10,9.641532897949219
1995-07-11,9.917004585266113
1995-07-12,10.284302711486816
1995-07-13,9.917004585266113
1995-07-14,10.008829116821289
1995-07-17,10.192477226257324
1995-07-18,10.008829116821289
1995-07-19,9.825182914733887
1995-07-20,9.641532897949219
1995-07-21,9.733360290527344
1995-07-24,10.008829116821289
1995-07-25,9.825182914733887
1995-07-26,10.008829116821289
1995-07-27,9.825182914733887
1995-07-28,9.917004585266113
1995-07-31,9.917004585266113
1995-08-01,10.100652694702148
1995-08-02,10.100652694702148
1995-08-03,10.284302711486816
1995-08-04,10.376126289367676
1995-08-07,10.376126289367676
1995-08-08,10.55977725982666
1995-08-09,10.467951774597168
1995-08-10,10.284302711486816
1995-08-11,10.008829116821289
1995-08-14,10.284302711486816
1995-08-15,10.284302711486816
1995-08-16,10.008829116821289
1995-08-17,10.008829116821289
1995-08-18,10.192477226257324
1995-08-21,10.008829116821289
1995-08-22,10.008829116821289
1995-08-23,10.100652694702148
1995-08-24,9.917004585266113
1995-08-25,9.917004585266113
1995-08-28,10.008829116821289
1995-08-29,10.008829116821289
1995-08-30,9.917004585266113
1995-08-31,9.917004585266113
1995-09-01,9.825182914733887
1995-09-05,9.825182914733887
1995-09-06,9.825182914733887
1995-09-07,10.008829116821289
1995-09-08,9.825182914733887
1995-09-11,10.008829116821289
1995-09-12,10.192477226257324
1995-09-13,10.008829116821289
1995-09-14,10.192477226257324
1995-09-15,10.008829116821289
1995-09-18,10.192477226257324
1995-09-19,10.192477226257324
1995-09-20,10.100652694702148
1995-09-21,10.192477226257324
1995-09-22,10.008829116821289
1995-09-25,10.100652694702148
1995-09-26,10.008829116821289
1995-09-27,10.100652694702148
1995-09-28,10.100652694702148
1995-09-29,10.192477226257324
1995-10-02,10.100652694702148
1995-10-03,10.100652694702148
1995-10-04,10.100652694702148
1995-10-05,10.008829116821289
1995-10-06,9.917004585266113
1995-10-09,9.917004585266113
1995-10-10,9.917004585266113
1995-10-11,9.917004585266113
1995-10-12,9.917004585266113
1995-10-13,9.825182914733887
1995-10-16,9.733360290527344
1995-10-17,9.366059303283691
1995-10-18,9.274236679077148
1995-10-19,8.998764038085938
1995-10-20,8.998764038085938
1995-10-23,8.815113067626953
1995-10-24,8.723296165466309
1995-10-25,8.723296165466309
1995-10-26,8.539644241333008
1995-10-27,8.26417064666748
1995-10-30,8.080523490905762
1995-10-31,8.080523490905762
1995-11-01,8.172345161437988
1995-11-02,8.355996131896973
1995-11-03,8.447820663452148
1995-11-06,8.539644241333008
1995-11-07,8.539644241333008
1995-11-08,8.631467819213867
1995-11-09,9.090588569641113
1995-11-10,9.182412147521973
1995-11-13,9.090588569641113
1995-11-14,8.906941413879395
1995-11-15,8.815113067626953
1995-11-16,8.906941413879395
1995-11-17,8.906941413879395
1995-11-20,8.998764038085938
1995-11-21,8.998764038085938
1995-11-22,8.815113067626953
1995-11-24,8.998764038085938
1995-11-27,9.090588569641113
1995-11-28,9.274236679077148
1995-11-29,9.182412147521973
1995-11-30,9.182412147521973
1995-12-01,9.366059303283691
1995-12-04,9.274236679077148
1995-12-05,9.366059303283691
1995-12-06,9.54970932006836
1995-12-07,9.457883834838867
1995-12-08,9.457883834838867
1995-12-11,9.457883834838867
1995-12-12,9.457883834838867
1995-12-13,9.366059303283691
1995-12-14,9.274236679077148
1995-12-15,9.274236679077148
1995-12-18,9.182412147521973
1995-12-19,9.274236679077148
1995-12-20,9.274236679077148
1995-12-21,9.366059303283691
1995-12-22,9.274236679077148
1995-12-26,9.182412147521973
1995-12-27,9.274236679077148
1995-12-28,9.090588569641113
1995-12-29,9.182412147521973
1996-01-02,9.825182914733887
1996-01-03,10.008829116821289
1996-01-04,10.100652694702148
1996-01-05,10.452142715454102
1996-01-08,10.637137413024902
1996-01-09,10.637137413024902
1996-01-10,11.284616470336914
1996-01-11,11.192117691040039
1996-01-12,11.007122993469238
1996-01-15,11.192117691040039
1996-01-16,11.099615097045898
1996-01-17,11.284616470336914
1996-01-18,11.007122993469238
1996-01-19,11.099615097045898
1996-01-22,11.747100830078125
1996-01-23,11.654603004455566
1996-01-24,11.469605445861816
1996-01-25,11.93209457397461
1996-01-26,12.024587631225586
1996-01-29,12.30207633972168
1996-01-30,12.30207633972168
1996-01-31,12.117085456848145
1996-02-01,12.672062873840332
1996-02-02,12.949562072753906
1996-02-05,13.042049407958984
1996-02-06,12.949562072753906
1996-02-07,12.487071990966797
1996-02-08,12.209579467773438
1996-02-09,11.93209457397461
1996-02-12,11.747100830078125
1996-02-13,12.209579467773438
1996-02-14,12.394574165344238
1996-02-15,12.117085456848145
1996-02-16,12.487071990966797
1996-02-20,12.487071990966797
1996-02-21,12.487071990966797
1996-02-22,12.764566421508789
1996-02-23,12.672062873840332
1996-02-26,12.579564094543457
1996-02-27,12.764566421508789
1996-02-28,12.764566421508789
1996-02-29,12.487071990966797
1996-03-01,12.30207633972168
1996-03-04,11.747100830078125
1996-03-05,11.747100830078125
1996-03-06,12.024587631225586
1996-03-07,12.487071990966797
1996-03-08,12.764566421508789
1996-03-11,13.042049407958984
1996-03-12,13.782027244567871
1996-03-13,13.967025756835938
1996-03-14,13.597034454345703
1996-03-15,13.689532279968262
1996-03-18,13.782027244567871
1996-03-19,13.874520301818848
1996-03-20,13.689532279968262
1996-03-21,13.782027244567871
1996-03-22,13.782027244567871
1996-03-25,13.689532279968262
1996-03-26,14.05951976776123
1996-03-27,13.967025756835938
1996-03-28,13.412039756774902
1996-03-29,13.227043151855469
1996-04-01,13.134551048278809
1996-04-02,13.042049407958984
1996-04-03,13.227043151855469
1996-04-04,13.504536628723145
1996-04-08,13.689532279968262
1996-04-09,13.504536628723145
1996-04-10,13.782027244567871
1996-04-11,13.689532279968262
1996-04-12,13.597034454345703
1996-04-15,13.412039756774902
1996-04-16,13.412039756774902
1996-04-17,13.412039756774902
1996-04-18,13.227043151855469
1996-04-19,13.31954574584961
1996-04-22,13.227043151855469
1996-04-23,13.134551048278809
1996-04-24,12.949562072753906
1996-04-25,13.227043151855469
1996-04-26,13.227043151855469
1996-04-29,13.227043151855469
1996-04-30,13.504536628723145
1996-05-01,13.874520301818848
1996-05-02,13.874520301818848
1996-05-03,13.689532279968262
1996-05-06,14.337017059326172
1996-05-07,14.706990242004395
1996-05-08,14.522004127502441
1996-05-09,15.169477462768555
1996-05-10,14.891989707946777
1996-05-13,14.891989707946777
1996-05-14,15.076983451843262
1996-05-15,14.891989707946777
1996-05-16,14.79948902130127
1996-05-17,14.79948902130127
1996-05-20,14.24450969696045
1996-05-21,14.614500045776367
1996-05-22,14.522004127502441
1996-05-23,14.522004127502441
1996-05-24,14.429509162902832
1996-05-28,14.429509162902832
1996-05-29,14.429509162902832
1996-05-30,14.614500045776367
1996-05-31,14.79948902130127
1996-06-03,14.891989707946777
1996-06-04,14.429509162902832
1996-06-05,13.597034454345703
1996-06-06,12.949562072753906
1996-06-07,13.504536628723145
1996-06-10,13.31954574584961
1996-06-11,12.209579467773438
1996-06-12,12.209579467773438
1996-06-13,12.30207633972168
1996-06-14,12.394574165344238
1996-06-17,12.30207633972168
1996-06-18,12.209579467773438
1996-06-19,12.30207633972168
1996-06-20,12.487071990966797
1996-06-21,12.394574165344238
1996-06-24,12.487071990966797
1996-06-25,12.394574165344238
1996-06-26,12.394574165344238
1996-06-27,11.93209457397461
1996-06-28,12.024587631225586
1996-07-01,12.024587631225586
1996-07-02,11.93209457397461
1996-07-03,12.117085456848145
1996-07-05,12.487071990966797
1996-07-08,12.117085456848145
1996-07-09,12.209579467773438
1996-07-10,12.117085456848145
1996-07-11,12.30207633972168
1996-07-12,12.394574165344238
1996-07-15,12.30207633972168
1996-07-16,11.93209457397461
1996-07-17,12.117085456848145
1996-07-18,12.30207633972168
1996-07-19,12.394574165344238
1996-07-22,12.117085456848145
1996-07-23,11.839593887329102
1996-07-24,11.284616470336914
1996-07-25,11.099615097045898
1996-07-26,11.099615097045898
1996-07-29,10.452142715454102
1996-07-30,10.452142715454102
1996-07-31,11.284616470336914
1996-08-01,11.192117691040039
1996-08-02,11.284616470336914
1996-08-05,11.839593887329102
1996-08-06,11.469605445861816
1996-08-07,11.284616470336914
1996-08-08,11.007122993469238
1996-08-09,10.914624214172363
1996-08-12,10.914624214172363
1996-08-13,10.729634284973145
1996-08-14,10.914624214172363
1996-08-15,11.099615097045898
1996-08-16,11.192117691040039
1996-08-19,11.192117691040039
1996-08-20,11.377108573913574
1996-08-21,11.377108573913574
1996-08-22,11.469605445861816
1996-08-23,11.469605445861816
1996-08-26,11.839593887329102
1996-08-27,11.839593887329102
1996-08-28,11.93209457397461
1996-08-29,12.857053756713867
1996-08-30,12.949562072753906
1996-09-03,12.764566421508789
1996-09-04,12.672062873840332
1996-09-05,12.30207633972168
1996-09-06,12.024587631225586
1996-09-09,11.654603004455566
1996-09-10,11.377108573913574
1996-09-11,11.654603004455566
1996-09-12,11.469605445861816
1996-09-13,12.209579467773438
1996-09-16,12.117085456848145
1996-09-17,12.024587631225586
1996-09-18,12.30207633972168
1996-09-19,12.209579467773438
1996-09-20,11.839593887329102
1996-09-23,11.747100830078125
1996-09-24,11.93209457397461
1996-09-25,11.747100830078125
1996-09-26,11.377108573913574
1996-09-27,11.469605445861816
1996-09-30,11.284616470336914
1996-10-01,11.469605445861816
1996-10-02,12.024587631225586
1996-10-03,11.839593887329102
1996-10-04,12.024587631225586
1996-10-07,11.93209457397461
1996-10-08,12.117085456848145
1996-10-09,12.117085456848145
1996-10-10,12.024587631225586
1996-10-11,11.469605445861816
1996-10-14,11.469605445861816
1996-10-15,11.192117691040039
1996-10-16,11.099615097045898
1996-10-17,11.007122993469238
1996-10-18,10.914624214172363
1996-10-21,10.914624214172363
1996-10-22,11.007122993469238
1996-10-23,10.914624214172363
1996-10-24,10.729634284973145
1996-10-25,10.729634284973145
1996-10-28,10.544634819030762
1996-10-29,10.544634819030762
1996-10-30,10.544634819030762
1996-10-31,10.359646797180176
1996-11-01,10.174651145935059
1996-11-04,10.08215618133545
1996-11-05,9.989659309387207
1996-11-06,9.619668006896973
1996-11-07,9.897160530090332
1996-11-08,10.08215618133545
1996-11-11,10.452142715454102
1996-11-12,10.544634819030762
1996-11-13,11.284616470336914
1996-11-14,10.914624214172363
1996-11-15,11.007122993469238
1996-11-18,10.452142715454102
1996-11-19,10.637137413024902
1996-11-20,10.914624214172363
1996-11-21,10.822127342224121
1996-11-22,10.637137413024902
1996-11-25,10.452142715454102
1996-11-26,10.452142715454102
1996-11-27,10.359646797180176
1996-11-29,10.174651145935059
1996-12-02,9.897160530090332
1996-12-03,9.712166786193848
1996-12-04,9.712166786193848
1996-12-05,10.08215618133545
1996-12-06,10.267149925231934
1996-12-09,10.359646797180176
1996-12-10,10.544634819030762
1996-12-11,10.267149925231934
1996-12-12,10.452142715454102
1996-12-13,10.359646797180176
1996-12-16,10.174651145935059
1996-12-17,10.359646797180176
1996-12-18,10.267149925231934
1996-12-19,10.359646797180176
1996-12-20,10.452142715454102
1996-12-23,10.544634819030762
1996-12-24,10.267149925231934
1996-12-26,10.452142715454102
1996-12-27,10.452142715454102
1996-12-30,10.359646797180176
1996-12-31,10.359646797180176
1997-01-02,10.267149925231934
1997-01-03,10.155346870422363
1997-01-06,9.689501762390137
1997-01-07,9.689501762390137
1997-01-08,9.40999984741211
1997-01-09,9.87584114074707
1997-01-10,9.969010353088379
1997-01-13,10.062179565429688
1997-01-14,9.782673835754395
1997-01-15,9.782673835754395
1997-01-16,10.062179565429688
1997-01-17,10.062179565429688
1997-01-20,9.969010353088379
1997-01-21,9.87584114074707
1997-01-22,9.596335411071777
1997-01-23,9.689501762390137
1997-01-24,9.969010353088379
1997-01-27,10.248515129089355
1997-01-28,9.969010353088379
1997-01-29,9.969010353088379
1997-01-30,9.782673835754395
1997-01-31,9.969010353088379
1997-02-03,10.062179565429688
1997-02-04,9.969010353088379
1997-02-05,9.782673835754395
1997-02-06,9.782673835754395
1997-02-07,9.503167152404785
1997-02-10,9.40999984741211
1997-02-11,9.316835403442383
1997-02-12,9.596335411071777
1997-02-13,9.596335411071777
1997-02-14,9.87584114074707
1997-02-18,10.155346870422363
1997-02-19,10.155346870422363
1997-02-20,10.62118911743164
1997-02-21,10.62118911743164
1997-02-24,10.62118911743164
1997-02-25,10.62118911743164
1997-02-26,10.62118911743164
1997-02-27,10.807525634765625
1997-02-28,10.62118911743164
1997-03-03,10.341682434082031
1997-03-04,10.155346870422363
1997-03-05,10.062179565429688
1997-03-06,10.062179565429688
1997-03-07,9.782673835754395
1997-03-10,9.969010353088379
1997-03-11,10.062179565429688
1997-03-12,9.969010353088379
1997-03-13,9.969010353088379
1997-03-14,9.969010353088379
1997-03-17,9.969010353088379
1997-03-18,9.689501762390137
1997-03-19,9.596335411071777
1997-03-20,9.03732681274414
1997-03-21,9.223665237426758
1997-03-24,8.850991249084473
1997-03-25,8.757818222045898
1997-03-26,8.850991249084473
1997-03-27,8.385149955749512
1997-03-31,8.385149955749512
1997-04-01,8.385149955749512
1997-04-02,8.29197883605957
1997-04-03,8.29197883605957
1997-04-04,8.29197883605957
1997-04-07,8.198811531066895
1997-04-08,8.198811531066895
1997-04-09,7.919308185577393
1997-04-10,7.732966423034668
1997-04-11,7.453462600708008
1997-04-14,7.360294818878174
1997-04-15,7.080794334411621
1997-04-16,7.2671308517456055
1997-04-17,7.2671308517456055
1997-04-18,7.453462600708008
1997-04-21,7.453462600708008
1997-04-22,7.453462600708008
1997-04-23,7.360294818878174
1997-04-24,7.453462600708008
1997-04-25,7.453462600708008
1997-04-28,7.360294818878174
1997-04-29,7.453462600708008
1997-04-30,7.453462600708008
1997-05-01,7.639801025390625
1997-05-02,7.639801025390625
1997-05-05,7.826138496398926
1997-05-06,7.732966423034668
1997-05-07,8.01247501373291
1997-05-08,8.198811531066895
1997-05-09,8.385149955749512
1997-05-12,8.105642318725586
1997-05-13,8.105642318725586
1997-05-14,8.01247501373291
1997-05-15,8.198811531066895
1997-05-16,8.105642318725586
1997-05-19,8.01247501373291
1997-05-20,8.01247501373291
1997-05-21,7.919308185577393
1997-05-22,8.01247501373291
1997-05-23,8.01247501373291
1997-05-27,7.919308185577393
1997-05-28,8.01247501373291
1997-05-29,8.01247501373291
1997-05-30,7.919308185577393
1997-06-02,7.919308185577393
1997-06-03,7.919308185577393
1997-06-04,7.732966423034668
1997-06-05,7.919308185577393
1997-06-06,7.919308185577393
1997-06-09,7.919308185577393
1997-06-10,8.01247501373291
1997-06-11,8.105642318725586
1997-06-12,8.105642318725586
1997-06-13,8.29197883605957
1997-06-16,8.105642318725586
1997-06-17,8.105642318725586
1997-06-18,7.732966423034668
1997-06-19,7.639801025390625
1997-06-20,7.453462600708008
1997-06-23,7.639801025390625
1997-06-24,7.313712120056152
1997-06-25,7.4068803787231445
1997-06-26,7.546632289886475
1997-06-27,7.220547676086426
1997-06-30,7.173958778381348
1997-07-01,7.220547676086426
1997-07-02,7.127376079559326
1997-07-03,7.034208297729492
1997-07-07,6.52178430557251
1997-07-08,6.614950180053711
1997-07-09,6.335444450378418
1997-07-10,6.56836462020874
1997-07-11,6.52178430557251
1997-07-14,6.382030010223389
1997-07-15,6.28886079788208
1997-07-16,6.0093560218811035
1997-07-17,6.382030010223389
1997-07-18,6.56836462020874
1997-07-21,6.428615093231201
1997-07-22,6.382030010223389
1997-07-23,6.382030010223389
1997-07-24,6.382030010223389
1997-07-25,6.382030010223389
1997-07-28,6.56836462020874
1997-07-29,6.382030010223389
1997-07-30,6.382030010223389
1997-07-31,6.382030010223389
1997-08-01,6.382030010223389
1997-08-04,6.28886079788208
1997-08-05,6.1956939697265625
1997-08-06,6.102525234222412
1997-08-07,6.382030010223389
1997-08-08,6.708118915557861
1997-08-11,6.8012871742248535
1997-08-12,6.708118915557861
1997-08-13,6.754702568054199
1997-08-14,6.708118915557861
1997-08-15,6.661531925201416
1997-08-18,6.52178430557251
1997-08-19,6.52178430557251
1997-08-20,6.475197792053223
1997-08-21,6.56836462020874
1997-08-22,6.708118915557861
1997-08-25,6.754702568054199
1997-08-26,6.614950180053711
1997-08-27,6.56836462020874
1997-08-28,6.56836462020874
1997-08-29,6.56836462020874
1997-09-02,6.56836462020874
1997-09-03,6.56836462020874
1997-09-04,6.614950180053711
1997-09-05,6.56836462020874
1997-09-08,6.475197792053223
1997-09-09,6.428615093231201
1997-09-10,6.28886079788208
1997-09-11,6.428615093231201
1997-09-12,6.28886079788208
1997-09-15,6.28886079788208
1997-09-16,6.1956939697265625
1997-09-17,6.1956939697265625
1997-09-18,6.335444450378418
1997-09-19,6.335444450378418
1997-09-22,6.242277145385742
1997-09-23,6.242277145385742
1997-09-24,6.382030010223389
1997-09-25,6.661531925201416
1997-09-26,6.56836462020874
1997-09-29,6.708118915557861
1997-09-30,7.500050067901611
1997-10-01,7.4068803787231445
1997-10-02,7.313712120056152
1997-10-03,7.500050067901611
1997-10-06,7.313712120056152
1997-10-07,7.080794334411621
1997-10-08,7.220547676086426
1997-10-09,7.080794334411621
1997-10-10,7.127376079559326
1997-10-13,7.173958778381348
1997-10-14,7.034208297729492
1997-10-15,6.941039562225342
1997-10-16,6.8012871742248535
1997-10-17,6.708118915557861
1997-10-20,6.661531925201416
1997-10-21,6.8012871742248535
1997-10-22,6.894455909729004
1997-10-23,6.847873210906982
1997-10-24,6.242277145385742
1997-10-27,5.729852676391602
1997-10-28,5.496930122375488
1997-10-29,5.217425346374512
1997-10-30,5.496930122375488
1997-10-31,5.31059455871582
1997-11-03,5.357177257537842
1997-11-04,5.170841217041016
1997-11-05,5.124257564544678
1997-11-06,4.937920570373535
1997-11-07,4.425495624542236
1997-11-10,4.472078800201416
1997-11-11,4.378909111022949
1997-11-12,4.145989418029785
1997-11-13,4.099405765533447
1997-11-14,3.726731300354004
1997-11-17,3.680147409439087
1997-11-18,4.052821159362793
1997-11-19,4.192574977874756
1997-11-20,3.9596540927886963
1997-11-21,4.145989418029785
1997-11-24,3.8199005126953125
1997-11-25,3.5403971672058105
1997-11-26,3.4006435871124268
1997-11-28,3.5403971672058105
1997-12-01,3.4938111305236816
1997-12-02,3.586979389190674
1997-12-03,3.5403971672058105
1997-12-04,3.3540594577789307
1997-12-05,3.680147409439087
1997-12-08,3.4006435871124268
1997-12-09,3.6335654258728027
1997-12-10,4.006237506866455
1997-12-11,3.866483211517334
1997-12-12,3.726731300354004
1997-12-15,3.7733161449432373
1997-12-16,3.680147409439087
1997-12-17,4.192574977874756
1997-12-18,4.006237506866455
1997-12-19,4.099405765533447
1997-12-22,4.006237506866455
1997-12-23,4.006237506866455
1997-12-24,4.285743713378906
1997-12-26,4.239159107208252
1997-12-29,4.052821159362793
1997-12-30,4.006237506866455
1997-12-31,4.006237506866455
1998-01-02,4.067957878112793
1998-01-05,3.974442720413208
1998-01-06,3.8809239864349365
1998-01-07,3.9276838302612305
1998-01-08,3.834167242050171
1998-01-09,3.6471362113952637
1998-01-12,3.6003761291503906
1998-01-13,3.974442720413208
1998-01-14,4.021200180053711
1998-01-15,4.301750183105469
1998-01-16,4.488781452178955
1998-01-20,4.395263671875
1998-01-21,4.395263671875
1998-01-22,4.114716529846191
1998-01-23,4.769330024719238
1998-01-26,4.769330024719238
1998-01-27,4.909605026245117
1998-01-28,4.909605026245117
1998-01-29,4.722572326660156
1998-01-30,4.8160881996154785
1998-02-02,4.675816059112549
1998-02-03,4.25499153137207
1998-02-04,4.629056930541992
1998-02-05,4.629056930541992
1998-02-06,4.629056930541992
1998-02-09,4.629056930541992
1998-02-10,4.629056930541992
1998-02-11,4.442024230957031
1998-02-12,4.301750183105469
1998-02-13,4.25499153137207
1998-02-17,4.348506450653076
1998-02-18,4.301750183105469
1998-02-19,4.395263671875
1998-02-20,4.348506450653076
1998-02-23,4.25499153137207
1998-02-24,4.20823335647583
1998-02-25,4.301750183105469
1998-02-26,4.442024230957031
1998-02-27,4.722572326660156
1998-03-02,4.675816059112549
1998-03-03,4.488781452178955
1998-03-04,4.5355401039123535
1998-03-05,4.442024230957031
1998-03-06,4.488781452178955
1998-03-09,4.488781452178955
1998-03-10,4.442024230957031
1998-03-11,4.348506450653076
1998-03-12,4.348506450653076
1998-03-13,4.488781452178955
1998-03-16,4.395263671875
1998-03-17,4.114716529846191
1998-03-18,4.021200180053711
1998-03-19,4.067957878112793
1998-03-20,4.021200180053711
1998-03-23,4.20823335647583
1998-03-24,4.161474227905273
1998-03-25,3.974442720413208
1998-03-26,4.25499153137207
1998-03-27,4.25499153137207
1998-03-30,4.25499153137207
1998-03-31,4.20823335647583
1998-04-01,4.20823335647583
1998-04-02,4.442024230957031
1998-04-03,4.909605026245117
1998-04-06,5.1901535987854
1998-04-07,5.049880027770996
1998-04-08,5.236911773681641
1998-04-09,5.049880027770996
1998-04-13,5.096637725830078
1998-04-14,4.956362724304199
1998-04-15,5.049880027770996
1998-04-16,5.1901535987854
1998-04-17,5.049880027770996
1998-04-20,5.003121376037598
1998-04-21,5.283669471740723
1998-04-22,5.891526222229004
1998-04-23,5.7512526512146
1998-04-24,5.377185344696045
1998-04-27,5.1901535987854
1998-04-28,5.1901535987854
1998-04-29,5.377185344696045
1998-04-30,5.42394495010376
1998-05-01,5.377185344696045
1998-05-04,5.377185344696045
1998-05-05,5.377185344696045
1998-05-06,5.283669471740723
1998-05-07,5.1901535987854
1998-05-08,5.283669471740723
1998-05-11,5.236911773681641
1998-05-12,5.096637725830078
1998-05-13,5.096637725830078
1998-05-14,5.096637725830078
1998-05-15,5.283669471740723
1998-05-18,5.143395900726318
1998-05-19,5.143395900726318
1998-05-20,5.049880027770996
1998-05-21,5.049880027770996
1998-05-22,5.003121376037598
1998-05-26,5.003121376037598
1998-05-27,4.8160881996154785
1998-05-28,4.769330024719238
1998-05-29,4.862845420837402
1998-06-01,4.395263671875
1998-06-02,4.442024230957031
1998-06-03,4.488781452178955
1998-06-04,4.488781452178955
1998-06-05,4.442024230957031
1998-06-08,4.675816059112549
1998-06-09,4.5355401039123535
1998-06-10,4.442024230957031
1998-06-11,4.161474227905273
1998-06-12,4.067957878112793
1998-06-15,3.974442720413208
1998-06-16,4.067957878112793
1998-06-17,4.114716529846191
1998-06-18,4.067957878112793
1998-06-19,4.20823335647583
1998-06-22,4.067957878112793
1998-06-23,4.067957878112793
1998-06-24,3.974442720413208
1998-06-25,3.974442720413208
1998-06-26,3.974442720413208
1998-06-29,3.974442720413208
1998-06-30,4.114716529846191
1998-07-01,4.114716529846191
1998-07-02,4.20823335647583
1998-07-06,4.114716529846191
1998-07-07,4.161474227905273
1998-07-08,4.114716529846191
1998-07-09,4.021200180053711
1998-07-10,3.8809239864349365
1998-07-13,3.693892240524292
1998-07-14,3.693892240524292
1998-07-15,3.6003761291503906
1998-07-16,3.740649938583374
1998-07-17,3.740649938583374
1998-07-20,3.693892240524292
1998-07-21,3.6003761291503906
1998-07-22,3.5068600177764893
1998-07-23,3.366586208343506
1998-07-24,3.553619861602783
1998-07-27,3.366586208343506
1998-07-28,3.3198280334472656
1998-07-29,3.2263123989105225
1998-07-30,3.2263123989105225
1998-07-31,3.1795530319213867
1998-08-03,3.132795572280884
1998-08-04,3.132795572280884
1998-08-05,3.039278984069824
1998-08-06,3.086036443710327
1998-08-07,2.992520809173584
1998-08-10,2.992520809173584
1998-08-11,2.8522467613220215
1998-08-12,2.805487871170044
1998-08-13,2.6184558868408203
1998-08-14,2.6184558868408203
1998-08-17,2.6652143001556396
1998-08-18,2.6652143001556396
1998-08-19,2.71197247505188
1998-08-20,2.805487871170044
1998-08-21,2.71197247505188
1998-08-24,2.71197247505188
1998-08-25,2.4781813621520996
1998-08-26,2.431422710418701
1998-08-27,2.1508750915527344
1998-08-28,2.1508750915527344
1998-08-31,2.104116678237915
1998-09-01,2.524940013885498
1998-09-02,2.571697950363159
1998-09-03,2.758730173110962
1998-09-04,2.8522467613220215
1998-09-08,2.758730173110962
1998-09-09,2.6652143001556396
1998-09-10,2.805487871170044
1998-09-11,2.8522467613220215
1998-09-14,2.6184558868408203
1998-09-15,2.571697950363159
1998-09-16,2.524940013885498
1998-09-17,2.6184558868408203
1998-09-18,2.6184558868408203
1998-09-21,2.524940013885498
1998-09-22,2.571697950363159
1998-09-23,2.6652143001556396
1998-09-24,3.132795572280884
1998-09-25,3.086036443710327
1998-09-28,3.273071050643921
1998-09-29,3.086036443710327
1998-09-30,3.1795530319213867
1998-10-01,3.6471362113952637
1998-10-02,3.9276838302612305
1998-10-05,3.6471362113952637
1998-10-06,4.067957878112793
1998-10-07,4.582297325134277
1998-10-08,4.301750183105469
1998-10-09,3.8809239864349365
1998-10-12,3.834167242050171
1998-10-13,3.8809239864349365
1998-10-14,3.6471362113952637
1998-10-15,3.8809239864349365
1998-10-16,4.067957878112793
1998-10-19,3.740649938583374
1998-10-20,3.740649938583374
1998-10-21,3.693892240524292
1998-10-22,3.553619861602783
1998-10-23,3.5068600177764893
1998-10-26,3.413344383239746
1998-10-27,3.740649938583374
1998-10-28,3.834167242050171
1998-10-29,3.693892240524292
1998-10-30,3.693892240524292
1998-11-02,3.6471362113952637
1998-11-03,3.4601027965545654
1998-11-04,3.740649938583374
1998-11-05,3.974442720413208
1998-11-06,3.834167242050171
1998-11-09,3.7874088287353516
1998-11-10,3.8809239864349365
1998-11-11,3.7874088287353516
1998-11-12,3.974442720413208
1998-11-13,3.974442720413208
1998-11-16,3.693892240524292
1998-11-17,3.740649938583374
1998-11-18,3.974442720413208
1998-11-19,3.7874088287353516
1998-11-20,3.740649938583374
1998-11-23,3.740649938583374
1998-11-24,3.6471362113952637
1998-11-25,3.6471362113952637
1998-11-27,3.553619861602783
1998-11-30,3.366586208343506
1998-12-01,3.366586208343506
1998-12-02,3.2263123989105225
1998-12-03,3.1795530319213867
1998-12-04,3.039278984069824
1998-12-07,2.992520809173584
1998-12-08,2.8522467613220215
1998-12-09,2.8522467613220215
1998-12-10,3.039278984069824
1998-12-11,2.899005174636841
1998-12-14,2.758730173110962
1998-12-15,2.805487871170044
1998-12-16,3.086036443710327
1998-12-17,3.086036443710327
1998-12-18,3.2263123989105225
1998-12-21,3.086036443710327
1998-12-22,3.039278984069824
1998-12-23,2.805487871170044
1998-12-24,2.899005174636841
1998-12-28,2.8522467613220215
1998-12-29,2.992520809173584
1998-12-30,3.039278984069824
1998-12-31,3.086036443710327
1999-01-04,3.1795530319213867
1999-01-05,3.2263123989105225
1999-01-06,3.2263123989105225
1999-01-07,3.5068600177764893
1999-01-08,3.6471362113952637
1999-01-11,3.7874088287353516
1999-01-12,3.5068600177764893
1999-01-13,3.6158037185668945
1999-01-14,3.5688469409942627
1999-01-15,3.5688469409942627
1999-01-19,3.474929094314575
1999-01-20,3.3340532779693604
1999-01-21,3.4279704093933105
1999-01-22,3.381011962890625
1999-01-25,3.474929094314575
1999-01-26,3.2401371002197266
1999-01-27,3.099260091781616
1999-01-28,3.381011962890625
1999-01-29,3.381011962890625
1999-02-01,3.662764072418213
1999-02-02,3.7097203731536865
1999-02-03,3.474929094314575
1999-02-04,3.803637742996216
1999-02-05,3.756678581237793
1999-02-08,3.756678581237793
1999-02-09,3.7097203731536865
1999-02-10,3.7097203731536865
1999-02-11,3.7097203731536865
1999-02-12,4.085389137268066
1999-02-16,4.085389137268066
1999-02-17,4.038430690765381
1999-02-18,4.038430690765381
1999-02-19,4.085389137268066
1999-02-22,4.038430690765381
1999-02-23,4.085389137268066
1999-02-24,4.038430690765381
1999-02-25,3.9914729595184326
1999-02-26,4.085389137268066
1999-03-01,4.13234806060791
1999-03-02,4.414097309112549
1999-03-03,4.461058139801025
1999-03-04,4.601932525634766
1999-03-05,4.5080156326293945
1999-03-08,4.648892402648926
1999-03-09,4.414097309112549
1999-03-10,4.320182800292969
1999-03-11,4.461058139801025
1999-03-12,4.320182800292969
1999-03-15,4.13234806060791
1999-03-16,4.038430690765381
1999-03-17,4.320182800292969
1999-03-18,4.36713981628418
1999-03-19,4.414097309112549
1999-03-22,4.5080156326293945
1999-03-23,4.5080156326293945
1999-03-24,4.461058139801025
1999-03-25,4.273223876953125
1999-03-26,4.038430690765381
1999-03-29,3.9914729595184326
1999-03-30,3.8505964279174805
1999-03-31,3.9445137977600098
1999-04-01,4.085389137268066
1999-04-05,3.9914729595184326
1999-04-06,3.9914729595184326
1999-04-07,3.8975536823272705
1999-04-08,3.9445137977600098
1999-04-09,3.9445137977600098
1999-04-12,4.273223876953125
1999-04-13,4.320182800292969
1999-04-14,3.9914729595184326
1999-04-15,4.13234806060791
1999-04-16,4.320182800292969
1999-04-19,4.5080156326293945
1999-04-20,4.36713981628418
1999-04-21,4.320182800292969
1999-04-22,4.320182800292969
1999-04-23,4.320182800292969
1999-04-26,4.2262654304504395
1999-04-27,4.273223876953125
1999-04-28,4.5080156326293945
1999-04-29,4.601932525634766
1999-04-30,4.601932525634766
1999-05-03,4.695851802825928
1999-05-04,4.648892402648926
1999-05-05,4.883682727813721
1999-05-06,5.024559497833252
1999-05-07,4.695851802825928
1999-05-10,4.13234806060791
1999-05-11,4.2262654304504395
1999-05-12,4.273223876953125
1999-05-13,4.273223876953125
1999-05-14,4.320182800292969
1999-05-17,4.13234806060791
1999-05-18,4.085389137268066
1999-05-19,4.038430690765381
1999-05-20,4.2262654304504395
1999-05-21,4.1793060302734375
1999-05-24,4.1793060302734375
1999-05-25,4.085389137268066
1999-05-26,4.038430690765381
1999-05-27,4.038430690765381
1999-05-28,4.085389137268066
1999-06-01,4.13234806060791
1999-06-02,4.13234806060791
1999-06-03,4.038430690765381
1999-06-04,4.038430690765381
1999-06-07,4.13234806060791
1999-06-08,3.9445137977600098
1999-06-09,3.8975536823272705
1999-06-10,3.9445137977600098
1999-06-11,4.13234806060791
1999-06-14,4.085389137268066
1999-06-15,3.9914729595184326
1999-06-16,3.8975536823272705
1999-06-17,4.085389137268066
1999-06-18,3.9914729595184326
1999-06-21,3.8975536823272705
1999-06-22,3.8975536823272705
1999-06-23,4.038430690765381
1999-06-24,4.1793060302734375
1999-06-25,4.273223876953125
1999-06-28,4.36713981628418
1999-06-29,4.554974555969238
1999-06-30,4.648892402648926
1999-07-01,4.601932525634766
1999-07-02,4.789766311645508
1999-07-06,4.601932525634766
1999-07-07,4.461058139801025
1999-07-08,4.320182800292969
1999-07-09,4.36713981628418
1999-07-12,4.1793060302734375
1999-07-13,4.1793060302734375
1999-07-14,4.085389137268066
1999-07-15,4.038430690765381
1999-07-16,3.9914729595184326
1999-07-19,3.9445137977600098
1999-07-20,3.9914729595184326
1999-07-21,4.273223876953125
1999-07-22,4.2262654304504395
1999-07-23,4.273223876953125
1999-07-26,4.1793060302734375
1999-07-27,4.13234806060791
1999-07-28,3.9914729595184326
1999-07-29,4.038430690765381
1999-07-30,4.038430690765381
1999-08-02,3.9445137977600098
1999-08-03,4.1793060302734375
1999-08-04,4.2262654304504395
1999-08-05,4.414097309112549
1999-08-06,4.414097309112549
1999-08-09,4.695851802825928
1999-08-10,4.695851802825928
1999-08-11,4.977600574493408
1999-08-12,4.883682727813721
1999-08-13,5.024559497833252
1999-08-16,4.883682727813721
1999-08-17,5.024559497833252
1999-08-18,4.930642604827881
1999-08-19,4.883682727813721
1999-08-20,4.789766311645508
1999-08-23,4.977600574493408
1999-08-24,4.930642604827881
1999-08-25,4.836724758148193
1999-08-26,4.7428083419799805
1999-08-27,4.789766311645508
1999-08-30,4.601932525634766
1999-08-31,4.554974555969238
1999-09-01,4.320182800292969
1999-09-02,4.36713981628418
1999-09-03,4.320182800292969
1999-09-07,4.5080156326293945
1999-09-08,4.36713981628418
1999-09-09,4.461058139801025
1999-09-10,4.414097309112549
1999-09-13,4.461058139801025
1999-09-14,4.36713981628418
1999-09-15,4.320182800292969
1999-09-16,4.36713981628418
1999-09-17,4.36713981628418
1999-09-20,4.320182800292969
1999-09-21,4.695851802825928
1999-09-22,4.789766311645508
1999-09-23,4.883682727813721
1999-09-24,4.977600574493408
1999-09-27,6.010687351226807
1999-09-28,6.010687351226807
1999-09-29,6.057645797729492
1999-09-30,5.822854518890381
1999-10-01,6.245481491088867
1999-10-04,6.996816635131836
1999-10-05,7.090734004974365
1999-10-06,6.996816635131836
1999-10-07,7.137693881988525
1999-10-08,6.76202392578125
1999-10-11,6.808981895446777
1999-10-12,6.855940818786621
1999-10-13,6.94985818862915
1999-10-14,6.76202392578125
1999-10-15,6.715063095092773
1999-10-18,6.574192047119141
1999-10-19,6.574192047119141
1999-10-20,6.245481491088867
1999-10-21,6.010687351226807
1999-10-22,6.010687351226807
1999-10-25,6.15156364440918
1999-10-26,5.822854518890381
1999-10-27,5.822854518890381
1999-10-28,6.010687351226807
1999-10-29,5.96373176574707
1999-11-01,6.104604244232178
1999-11-02,5.916771411895752
1999-11-03,5.728937149047852
1999-11-04,5.681978702545166
1999-11-05,5.447186470031738
1999-11-08,5.400226593017578
1999-11-09,5.588059902191162
1999-11-10,5.916771411895752
1999-11-11,5.728937149047852
1999-11-12,5.541102409362793
1999-11-15,5.588059902191162
1999-11-16,5.541102409362793
1999-11-17,5.588059902191162
1999-11-18,5.635018348693848
1999-11-19,5.681978702545166
1999-11-22,5.588059902191162
1999-11-23,5.869812488555908
1999-11-24,6.010687351226807
1999-11-26,6.057645797729492
1999-11-29,5.635018348693848
1999-11-30,5.681978702545166
1999-12-01,5.541102409362793
1999-12-02,5.447186470031738
1999-12-03,5.165435314178467
1999-12-06,5.118476390838623
1999-12-07,5.118476390838623
1999-12-08,5.071518421173096
1999-12-09,5.071518421173096
1999-12-10,5.071518421173096
1999-12-13,5.071518421173096
1999-12-14,4.883682727813721
1999-12-15,4.977600574493408
1999-12-16,5.118476390838623
1999-12-17,5.353269100189209
1999-12-20,5.400226593017578
1999-12-21,5.400226593017578
1999-12-22,5.447186470031738
1999-12-23,5.635018348693848
1999-12-27,5.635018348693848
1999-12-28,5.635018348693848
1999-12-29,5.588059902191162
1999-12-30,5.541102409362793
1999-12-31,5.588059902191162
2000-01-03,5.400226593017578
2000-01-04,5.25935173034668
2000-01-05,5.212393283843994
2000-01-06,5.306309700012207
2000-01-07,5.447186470031738
2000-01-10,5.494143486022949
2000-01-11,5.400226593017578
2000-01-12,5.447186470031738
2000-01-13,5.400226593017578
2000-01-14,5.541102409362793
2000-01-18,5.447186470031738
2000-01-19,5.635018348693848
2000-01-20,5.494143486022949
2000-01-21,5.353269100189209
2000-01-24,5.071518421173096
2000-01-25,5.024559497833252
2000-01-26,4.930642604827881
2000-01-27,5.212393283843994
2000-01-28,4.883682727813721
2000-01-31,4.836724758148193
2000-02-01,4.5080156326293945
2000-02-02,4.36713981628418
2000-02-03,4.5080156326293945
2000-02-04,5.635018348693848
2000-02-07,5.541102409362793
2000-02-08,5.071518421173096
2000-02-09,5.447186470031738
2000-02-10,5.717199325561523
2000-02-11,5.635018348693848
2000-02-14,5.367581367492676
2000-02-15,5.367581367492676
2000-02-16,5.2734150886535645
2000-02-17,5.132161617279053
2000-02-18,5.4146647453308105
2000-02-22,5.508833885192871
2000-02-23,5.744253158569336
2000-02-24,5.650086402893066
2000-02-25,5.367581367492676
2000-02-28,5.2734150886535645
2000-02-29,5.2734150886535645
2000-03-01,5.226330757141113
2000-03-02,5.085078716278076
2000-03-03,4.990909576416016
2000-03-06,4.896742820739746
2000-03-07,5.085078716278076
2000-03-08,4.849658012390137
2000-03-09,4.7084059715271
2000-03-10,4.5200653076171875
2000-03-13,4.614236831665039
2000-03-14,4.661321640014648
2000-03-15,4.567152976989746
2000-03-16,4.614236831665039
2000-03-17,4.47298526763916
2000-03-20,4.5200653076171875
2000-03-21,4.614236831665039
2000-03-22,4.7084059715271
2000-03-23,4.614236831665039
2000-03-24,4.567152976989746
2000-03-27,4.47298526763916
2000-03-28,4.5200653076171875
2000-03-29,4.190478801727295
2000-03-30,4.096312999725342
2000-03-31,4.190478801727295
2000-04-03,4.143397808074951
2000-04-04,4.5200653076171875
2000-04-05,4.47298526763916
2000-04-06,4.378817558288574
2000-04-07,4.237565040588379
2000-04-10,4.237565040588379
2000-04-11,4.237565040588379
2000-04-12,4.2846479415893555
2000-04-13,4.237565040588379
2000-04-14,4.47298526763916
2000-04-17,4.331732273101807
2000-04-18,4.2846479415893555
2000-04-19,4.2846479415893555
2000-04-20,4.237565040588379
2000-04-24,4.237565040588379
2000-04-25,4.237565040588379
2000-04-26,4.237565040588379
2000-04-27,4.237565040588379
2000-04-28,4.049227714538574
2000-05-01,4.190478801727295
2000-05-02,4.661321640014648
2000-05-03,4.5200653076171875
2000-05-04,4.9438276290893555
2000-05-05,4.614236831665039
2000-05-08,4.614236831665039
2000-05-09,4.9438276290893555
2000-05-10,4.849658012390137
2000-05-11,4.80257511138916
2000-05-12,4.849658012390137
2000-05-15,4.755488872528076
2000-05-16,4.80257511138916
2000-05-17,4.80257511138916
2000-05-18,4.567152976989746
2000-05-19,4.5200653076171875
2000-05-22,4.5200653076171875
2000-05-23,4.378817558288574
2000-05-24,4.331732273101807
2000-05-25,4.002145767211914
2000-05-26,4.049227714538574
2000-05-30,4.096312999725342
2000-05-31,4.049227714538574
2000-06-01,4.190478801727295
2000-06-02,4.567152976989746
2000-06-05,5.17924690246582
2000-06-06,5.367581367492676
2000-06-07,5.2734150886535645
2000-06-08,5.17924690246582
2000-06-09,4.9438276290893555
2000-06-12,5.132161617279053
2000-06-13,4.990909576416016
2000-06-14,5.226330757141113
2000-06-15,4.9438276290893555
2000-06-16,4.755488872528076
2000-06-19,4.567152976989746
2000-06-20,4.5200653076171875
2000-06-21,4.755488872528076
2000-06-22,4.896742820739746
2000-06-23,4.80257511138916
2000-06-26,4.755488872528076
2000-06-27,4.661321640014648
2000-06-28,4.755488872528076
2000-06-29,4.567152976989746
2000-06-30,4.849658012390137
2000-07-03,4.7084059715271
2000-07-05,4.567152976989746
2000-07-06,4.7084059715271
2000-07-07,4.5200653076171875
2000-07-10,4.614236831665039
2000-07-11,4.567152976989746
2000-07-12,4.567152976989746
2000-07-13,4.47298526763916
2000-07-14,4.2846479415893555
2000-07-17,4.378817558288574
2000-07-18,4.425899982452393
2000-07-19,4.425899982452393
2000-07-20,4.331732273101807
2000-07-21,4.237565040588379
2000-07-24,4.378817558288574
2000-07-25,4.2846479415893555
2000-07-26,4.5200653076171875
2000-07-27,4.567152976989746
2000-07-28,4.567152976989746
2000-07-31,4.47298526763916
2000-08-01,4.47298526763916
2000-08-02,4.425899982452393
2000-08-03,4.002145767211914
2000-08-04,4.143397808074951
2000-08-07,4.237565040588379
2000-08-08,4.237565040588379
2000-08-09,4.237565040588379
2000-08-10,4.331732273101807
2000-08-11,4.331732273101807
2000-08-14,4.331732273101807
2000-08-15,4.331732273101807
2000-08-16,4.378817558288574
2000-08-17,4.2846479415893555
2000-08-18,4.2846479415893555
2000-08-21,4.190478801727295
2000-08-22,4.2846479415893555
2000-08-23,4.190478801727295
2000-08-24,4.2846479415893555
2000-08-25,4.2846479415893555
2000-08-28,4.237565040588379
2000-08-29,4.2846479415893555
2000-08-30,4.237565040588379
2000-08-31,4.378817558288574
2000-09-01,4.425899982452393
2000-09-05,4.378817558288574
2000-09-06,4.378817558288574
2000-09-07,4.331732273101807
2000-09-08,4.378817558288574
2000-09-11,4.5200653076171875
2000-09-12,4.567152976989746
2000-09-13,4.567152976989746
2000-09-14,4.614236831665039
2000-09-15,4.567152976989746
2000-09-18,4.5200653076171875
2000-09-19,4.425899982452393
2000-09-20,4.378817558288574
2000-09-21,4.47298526763916
2000-09-22,4.5200653076171875
2000-09-25,4.378817558288574
2000-09-26,4.378817558288574
2000-09-27,4.614236831665039
2000-09-28,4.47298526763916
2000-09-29,4.378817558288574
2000-10-02,4.378817558288574
2000-10-03,4.2846479415893555
2000-10-04,4.378817558288574
2000-10-05,4.331732273101807
2000-10-06,4.378817558288574
2000-10-09,4.237565040588379
2000-10-10,4.331732273101807
2000-10-11,4.237565040588379
2000-10-12,4.331732273101807
2000-10-13,4.190478801727295
2000-10-16,4.096312999725342
2000-10-17,4.049227714538574
2000-10-18,4.049227714538574
2000-10-19,4.002145767211914
2000-10-20,3.90797758102417
2000-10-23,3.860891580581665
2000-10-24,3.766723155975342
2000-10-25,3.6725566387176514
2000-10-26,3.766723155975342
2000-10-27,3.813807725906372
2000-10-30,4.002145767211914
2000-10-31,4.002145767211914
2000-11-01,4.002145767211914
2000-11-02,4.002145767211914
2000-11-03,3.955061674118042
2000-11-06,3.860891580581665
2000-11-07,3.860891580581665
2000-11-08,3.766723155975342
2000-11-09,3.719640016555786
2000-11-10,3.719640016555786
2000-11-13,3.813807725906372
2000-11-14,3.860891580581665
2000-11-15,3.860891580581665
2000-11-16,3.955061674118042
2000-11-17,3.955061674118042
2000-11-20,4.143397808074951
2000-11-21,4.331732273101807
2000-11-22,4.425899982452393
2000-11-24,4.331732273101807
2000-11-27,4.9438276290893555
2000-11-28,4.9438276290893555
2000-11-29,4.80257511138916
2000-11-30,4.990909576416016
2000-12-01,4.9438276290893555
2000-12-04,4.9438276290893555
2000-12-05,4.614236831665039
2000-12-06,4.9438276290893555
2000-12-07,4.896742820739746
2000-12-08,4.755488872528076
2000-12-11,4.567152976989746
2000-12-12,4.614236831665039
2000-12-13,4.425899982452393
2000-12-14,4.331732273101807
2000-12-15,4.567152976989746
2000-12-18,4.567152976989746
2000-12-19,4.567152976989746
2000-12-20,4.755488872528076
2000-12-21,4.755488872528076
2000-12-22,4.755488872528076
2000-12-26,4.661321640014648
2000-12-27,4.614236831665039
2000-12-28,4.567152976989746
2000-12-29,4.5200653076171875
2001-01-02,4.80257511138916
2001-01-03,4.567152976989746
2001-01-04,4.614236831665039
2001-01-05,4.9438276290893555
2001-01-08,5.037995338439941
2001-01-09,4.896742820739746
2001-01-10,4.661321640014648
2001-01-11,4.614236831665039
2001-01-12,4.7084059715271
2001-01-16,4.661321640014648
2001-01-17,4.614236831665039
2001-01-18,4.661321640014648
2001-01-19,4.567152976989746
2001-01-22,5.132161617279053
2001-01-23,4.990909576416016
2001-01-24,4.614236831665039
2001-01-25,4.661321640014648
2001-01-26,4.567152976989746
2001-01-29,4.56527042388916
2001-01-30,4.670737266540527
2001-01-31,4.595401763916016
2001-02-01,4.7084059715271
2001-02-02,4.655671119689941
2001-02-05,4.580336570739746
2001-02-06,4.550204277038574
2001-02-07,4.489936351776123
2001-02-08,4.143397808074951
2001-02-09,4.316666126251221
2001-02-12,4.150930404663086
2001-02-13,4.120796203613281
2001-02-14,4.105729579925537
2001-02-15,3.955061674118042
2001-02-16,4.105729579925537
2001-02-20,4.000260353088379
2001-02-21,4.135863780975342
2001-02-22,4.278997898101807
2001-02-23,4.542669773101807
2001-02-26,5.130279064178467
2001-02-27,5.235747337341309
2001-02-28,4.911807537078857
2001-03-01,5.024809837341309
2001-03-02,4.813238620758057
2001-03-05,5.077702522277832
2001-03-06,4.896356582641602
2001-03-07,5.047477722167969
2001-03-08,5.364834308624268
2001-03-09,5.576406002044678
2001-03-12,5.704859256744385
2001-03-13,5.470619201660156
2001-03-14,5.379947185516357
2001-03-15,5.266604900360107
2001-03-16,5.342166423797607
2001-03-19,5.251494407653809
2001-03-20,5.274160861968994
2001-03-21,5.213712215423584
2001-03-22,5.077702522277832
2001-03-23,5.138153553009033
2001-03-26,5.138153553009033
2001-03-27,4.987027645111084
2001-03-28,4.820795059204102
2001-03-29,4.684784889221191
2001-03-30,4.662116050720215
2001-04-02,4.5412187576293945
2001-04-03,4.896356582641602
2001-04-04,5.175933361053467
2001-04-05,4.964362621307373
2001-04-06,5.221268177032471
2001-04-09,4.964362621307373
2001-04-10,4.987027645111084
2001-04-11,4.956803798675537
2001-04-12,5.379947185516357
2001-04-16,5.4328389167785645
2001-04-17,5.357278347015381
2001-04-18,5.493290424346924
2001-04-19,5.5159592628479
2001-04-20,5.349722862243652
2001-04-23,5.138153553009033
2001-04-24,5.342166423797607
2001-04-25,5.168375015258789
2001-04-26,5.651967525482178
2001-04-27,5.704859256744385
2001-04-30,5.704859256744385
2001-05-01,5.893764019012451
2001-05-02,5.742640495300293
2001-05-03,5.485734462738037
2001-05-04,5.73508358001709
2001-05-07,5.780421733856201
2001-05-08,5.750195026397705
2001-05-09,6.150669574737549
2001-05-10,6.165781021118164
2001-05-11,6.112889289855957
2001-05-14,6.347127437591553
2001-05-15,6.188450813293457
2001-05-16,6.475582599639893
2001-05-17,6.573812484741211
2001-05-18,6.9969563484191895
2001-05-21,7.1027374267578125
2001-05-22,6.808054447174072
2001-05-23,6.392467498779297
2001-05-24,6.165781021118164
2001-05-25,6.339573383331299
2001-05-29,6.233785629272461
2001-05-30,5.984435081481934
2001-05-31,5.855982303619385
2001-06-01,6.120445728302002
2001-06-04,6.279123306274414
2001-06-05,6.483138561248779
2001-06-06,6.248899936676025
2001-06-07,6.052440643310547
2001-06-08,6.3849077224731445
2001-06-11,6.248899936676025
2001-06-12,6.369795799255371
2001-06-13,6.286678791046143
2001-06-14,6.536032676696777
2001-06-15,6.309349060058594
2001-06-18,6.407575607299805
2001-06-19,6.324459552764893
2001-06-20,6.128000736236572
2001-06-21,6.00710391998291
2001-06-22,6.105332374572754
2001-06-25,6.188450813293457
2001-06-26,6.437802314758301
2001-06-27,6.460472583770752
2001-06-28,6.332015037536621
2001-06-29,6.422687530517578
2001-07-02,6.233785629272461
2001-07-03,6.392467498779297
2001-07-05,6.248899936676025
2001-07-06,6.392467498779297
2001-07-09,6.483138561248779
2001-07-10,6.717374801635742
2001-07-11,6.891169548034668
2001-07-12,6.656929016113281
2001-07-13,6.332015037536621
2001-07-16,6.324459552764893
2001-07-17,6.3849077224731445
2001-07-18,6.475582599639893
2001-07-19,6.422687530517578
2001-07-20,6.3849077224731445
2001-07-23,6.264011383056641
2001-07-24,6.332015037536621
2001-07-25,6.196005821228027
2001-07-26,6.233785629272461
2001-07-27,6.196005821228027
2001-07-30,6.211117744445801
2001-07-31,6.264011383056641
2001-08-01,6.173336982727051
2001-08-02,6.324459552764893
2001-08-03,6.483138561248779
2001-08-06,6.422687530517578
2001-08-07,6.309349060058594
2001-08-08,6.400020599365234
2001-08-09,6.687155723571777
2001-08-10,6.838276386260986
2001-08-13,7.01206636428833
2001-08-14,6.913834571838379
2001-08-15,7.087628364562988
2001-08-16,7.01962423324585
2001-08-17,7.027177333831787
2001-08-20,7.064958095550537
2001-08-21,7.140519618988037
2001-08-22,7.329421520233154
2001-08-23,7.367203235626221
2001-08-24,7.246305465698242
2001-08-27,7.155632495880127
2001-08-28,7.140519618988037
2001-08-29,7.291640281677246
2001-08-30,7.321864604949951
2001-08-31,7.178304672241211
2001-09-04,6.951618194580078
2001-09-05,7.057400703430176
2001-09-06,7.178304672241211
2001-09-07,7.4049859046936035
2001-09-10,7.5032124519348145
2001-09-17,7.971688747406006
2001-09-18,8.538397789001465
2001-09-19,8.334383010864258
2001-09-20,8.613962173461914
2001-09-21,8.447722434997559
2001-09-24,8.024585723876953
2001-09-25,7.745006084442139
2001-09-26,7.933913707733154
2001-09-27,7.8583526611328125
2001-09-28,7.828117847442627
2001-10-01,7.8961286544799805
2001-10-02,7.714786529541016
2001-10-03,7.525881767272949
2001-10-04,7.359647750854492
2001-10-05,7.8961286544799805
2001-10-08,8.009475708007812
2001-10-09,7.465433120727539
2001-10-10,7.26141357421875
2001-10-11,6.86094331741333
2001-10-12,7.4049859046936035
2001-10-15,7.125407695770264
2001-10-16,7.556105136871338
2001-10-17,7.7601189613342285
2001-10-18,7.374759674072266
2001-10-19,7.465433120727539
2001-10-22,6.9969563484191895
2001-10-23,7.148074626922607
2001-10-24,7.2311930656433105
2001-10-25,7.1027374267578125
2001-10-26,7.095183849334717
2001-10-29,7.2009687423706055
2001-10-30,7.412540435791016
2001-10-31,7.3520894050598145
2001-11-01,7.435206890106201
2001-11-02,7.8961286544799805
2001-11-05,7.865905284881592
2001-11-06,7.7223381996154785
2001-11-07,8.054807662963867
2001-11-08,7.692117214202881
2001-11-09,7.797898292541504
2001-11-12,7.65433406829834
2001-11-13,7.397426128387451
2001-11-14,7.253862380981445
2001-11-15,7.0498456954956055
2001-11-16,7.0498456954956055
2001-11-19,6.792940139770508
2001-11-20,6.792940139770508
2001-11-21,6.762712478637695
2001-11-23,6.724933624267578
2001-11-26,6.5435872077941895
2001-11-27,6.838276386260986
2001-11-28,7.284082889556885
2001-11-29,7.057400703430176
2001-11-30,7.178304672241211
2001-12-03,7.329421520233154
2001-12-04,7.268970012664795
2001-12-05,7.3520894050598145
2001-12-06,7.42009162902832
2001-12-07,7.216083526611328
2001-12-10,7.117850303649902
2001-12-11,7.155632495880127
2001-12-12,7.42009162902832
2001-12-13,7.518327236175537
2001-12-14,7.684557914733887
2001-12-17,7.601439476013184
2001-12-18,7.865905284881592
2001-12-19,7.548550128936768
2001-12-20,7.707225322723389
2001-12-21,7.253862380981445
2001-12-24,7.639219284057617
2001-12-26,7.639219284057617
2001-12-27,7.495656967163086
2001-12-28,7.344534397125244
2001-12-31,7.457873821258545
2002-01-02,7.4729905128479
2002-01-03,7.488101005554199
2002-01-04,7.495656967163086
2002-01-07,7.684557914733887
2002-01-08,7.556105136871338
2002-01-09,7.994361877441406
2002-01-10,8.009475708007812
2002-01-11,8.190821647644043
2002-01-14,8.085030555725098
2002-01-15,8.50817584991455
2002-01-16,8.855754852294922
2002-01-17,8.704634666442871
2002-01-18,8.727302551269531
2002-01-22,8.817975044250488
2002-01-23,8.613962173461914
2002-01-24,8.417500495910645
2002-01-25,8.780193328857422
2002-01-28,8.697077751159668
2002-01-29,9.120218276977539
2002-01-30,9.218445777893066
2002-01-31,8.681966781616211
2002-02-01,9.052214622497559
2002-02-04,9.142888069152832
2002-02-05,9.263788223266602
2002-02-06,9.059774398803711
2002-02-07,9.407355308532715
2002-02-08,9.573583602905273
2002-02-11,9.112659454345703
2002-02-12,9.369569778442383
2002-02-13,9.384685516357422
2002-02-14,9.6718168258667
2002-02-15,9.581141471862793
2002-02-19,9.384685516357422
2002-02-20,9.331789016723633
2002-02-21,9.422466278076172
2002-02-22,9.422466278076172
2002-02-25,9.150443077087402
2002-02-26,9.445134162902832
2002-02-27,9.369569778442383
2002-02-28,9.157999992370605
2002-03-01,9.150443077087402
2002-03-04,8.703893661499023
2002-03-05,8.840129852294922
2002-03-06,9.052053451538086
2002-03-07,8.870406150817871
2002-03-08,8.522249221801758
2002-03-11,8.681192398071289
2002-03-12,8.847696304321289
2002-03-13,8.613072395324707
2002-03-14,8.537383079528809
2002-03-15,8.597932815551758
2002-03-18,8.938525199890137
2002-03-19,8.97636604309082
2002-03-20,9.059619903564453
2002-03-21,9.105030059814453
2002-03-22,9.612126350402832
2002-03-25,10.104092597961426
2002-03-26,9.982992172241211
2002-03-27,10.414403915405273
2002-03-28,10.104092597961426
2002-04-01,10.202478408813477
2002-04-02,10.255460739135742
2002-04-03,9.839188575744629
2002-04-04,10.005696296691895
2002-04-05,9.83161449432373
2002-04-08,9.778634071350098
2002-04-09,9.634830474853516
2002-04-10,10.255460739135742
2002-04-11,10.558202743530273
2002-04-12,10.596046447753906
2002-04-15,10.384125709533691
2002-04-16,9.990554809570312
2002-04-17,10.611183166503906
2002-04-18,10.414403915405273
2002-04-19,10.770125389099121
2002-04-22,10.91392993927002
2002-04-23,11.163689613342285
2002-04-24,11.27722454071045
2002-04-25,10.747418403625488
2002-04-26,11.27722454071045
2002-04-29,11.201537132263184
2002-04-30,10.51279354095459
2002-05-01,10.709575653076172
2002-05-02,10.90636157989502
2002-05-03,11.2923583984375
2002-05-06,11.837295532226562
2002-05-07,11.375615119934082
2002-05-08,11.421027183532715
2002-05-09,11.564826011657715
2002-05-10,11.746478080749512
2002-05-13,11.890277862548828
2002-05-14,11.118280410766602
2002-05-15,10.966907501220703
2002-05-16,11.269657135009766
2002-05-17,11.693496704101562
2002-05-20,12.056784629821777
2002-05-21,12.556313514709473
2002-05-22,12.616865158081055
2002-05-23,13.169373512268066
2002-05-24,13.055846214294434
2002-05-28,13.282904624938965
2002-05-29,12.904472351074219
2002-05-30,12.639570236206055
2002-05-31,12.677413940429688
2002-06-03,13.237485885620117
2002-06-04,13.010431289672852
2002-06-05,12.29898452758789
2002-06-06,12.654707908630371
2002-06-07,11.928120613098145
2002-06-10,10.830677032470703
2002-06-11,11.602672576904297
2002-06-12,11.057730674743652
2002-06-13,10.717147827148438
2002-06-14,11.27722454071045
2002-06-17,10.633888244628906
2002-06-18,11.3529052734375
2002-06-19,11.2091064453125
2002-06-20,11.95082950592041
2002-06-21,12.261141777038574
2002-06-24,12.253573417663574
2002-06-25,11.99623966217041
2002-06-26,11.89785099029541
2002-06-27,11.156122207641602
2002-06-28,11.027456283569336
2002-07-01,11.579965591430664
2002-07-02,10.686868667602539
2002-07-03,10.603615760803223
2002-07-05,10.361421585083008
2002-07-08,11.065300941467285
2002-07-09,11.746478080749512
2002-07-10,11.822161674499512
2002-07-11,11.421027183532715
2002-07-12,11.368045806884766
2002-07-15,11.035028457641602
2002-07-16,10.944201469421387
2002-07-17,10.482518196105957
2002-07-18,10.50522518157959
2002-07-19,10.785258293151855
2002-07-22,10.028399467468262
2002-07-23,8.930953025817871
2002-07-24,9.4985990524292
2002-07-25,8.862834930419922
2002-07-26,7.65186071395874
2002-07-29,8.582799911499023
2002-07-30,9.052053451538086
2002-07-31,8.734171867370605
2002-08-01,8.809857368469238
2002-08-02,9.256402015686035
2002-08-05,8.870406150817871
2002-08-06,9.460758209228516
2002-08-07,9.596988677978516
2002-08-08,9.233699798583984
2002-08-09,10.164639472961426
2002-08-12,10.020833969116211
2002-08-13,10.232754707336426
2002-08-14,9.861889839172363
2002-08-15,10.376554489135742
2002-08-16,10.225183486938477
2002-08-19,9.952713966369629
2002-08-20,9.854323387145996
2002-08-21,9.907304763793945
2002-08-22,10.066243171691895
2002-08-23,9.612126350402832
2002-08-26,10.285736083984375
2002-08-27,10.76255989074707
2002-08-28,10.90636157989502
2002-08-29,11.814592361450195
2002-08-30,11.262086868286133
2002-09-03,11.564826011657715
2002-09-04,11.542119979858398
2002-09-05,11.791885375976562
2002-09-06,11.981099128723145
2002-09-09,12.35953426361084
2002-09-10,11.746478080749512
2002-09-11,12.018946647644043
2002-09-12,12.548751831054688
2002-09-13,12.609293937683105
2002-09-16,12.715254783630371
2002-09-17,12.412508964538574
2002-09-18,12.374670028686523
2002-09-19,12.571456909179688
2002-09-20,12.488199234008789
2002-09-23,12.38223648071289
2002-09-24,12.753101348876953
2002-09-25,12.17788314819336
2002-09-26,11.844869613647461
2002-09-27,11.867574691772461
2002-09-30,12.117338180541992
2002-10-01,11.746478080749512
2002-10-02,11.693496704101562
2002-10-03,11.466437339782715
2002-10-04,11.534555435180664
2002-10-07,10.974479675292969
2002-10-08,10.414403915405273
2002-10-09,10.520359992980957
2002-10-10,10.157073020935059
2002-10-11,10.399262428283691
2002-10-14,10.686868667602539
2002-10-15,10.308440208435059
2002-10-16,10.346282958984375
2002-10-17,10.043539047241211
2002-10-18,9.960285186767578
2002-10-21,9.687813758850098
2002-10-22,10.210046768188477
2002-10-23,9.824048042297363
2002-10-24,9.861889839172363
2002-10-25,9.793771743774414
2002-10-28,10.308440208435059
2002-10-29,10.42197036743164
2002-10-30,10.406830787658691
2002-10-31,9.150444030761719
2002-11-01,9.36236572265625
2002-11-04,9.37750244140625
2002-11-05,9.294244766235352
2002-11-06,9.38507080078125
2002-11-07,9.369927406311035
2002-11-08,9.422917366027832
2002-11-11,9.286678314208984
2002-11-12,9.460758209228516
2002-11-13,9.127737045288086
2002-11-14,9.173152923583984
2002-11-15,9.40020751953125
2002-11-18,9.203429222106934
2002-11-19,8.930953025817871
2002-11-20,8.681192398071289
2002-11-21,8.333033561706543
2002-11-22,8.423858642578125
2002-11-25,8.280055046081543
2002-11-26,8.174095153808594
2002-11-27,8.287623405456543
2002-11-29,8.32546615600586
2002-12-02,8.19680118560791
2002-12-03,8.862834930419922
2002-12-04,8.893107414245605
2002-12-05,9.2488374710083
2002-12-06,9.83161449432373
2002-12-09,9.612126350402832
2002-12-10,9.536439895629883
2002-12-11,9.604557991027832
2002-12-12,10.391694068908691
2002-12-13,10.611183166503906
2002-12-16,10.876084327697754
2002-12-17,10.679302215576172
2002-12-18,10.966907501220703
2002-12-19,10.702005386352539
2002-12-20,10.807968139648438
2002-12-23,11.201537132263184
2002-12-24,11.103143692016602
2002-12-26,11.663223266601562
2002-12-27,11.436161994934082
2002-12-30,11.065300941467285
2002-12-31,11.246947288513184
2003-01-02,11.307493209838867
2003-01-03,11.595098495483398
2003-01-06,11.413458824157715
2003-01-07,10.770125389099121
2003-01-08,11.186403274536133
2003-01-09,11.072871208190918
2003-01-10,11.34533977508545
2003-01-13,10.966907501220703
2003-01-14,10.141929626464844
2003-01-15,10.051103591918945
2003-01-16,10.565773010253906
2003-01-17,10.285736083984375
2003-01-21,10.565773010253906
2003-01-22,10.777693748474121
2003-01-23,11.178826332092285
2003-01-24,11.716198921203613
2003-01-27,11.193965911865234
2003-01-28,11.027456283569336
2003-01-29,10.702005386352539
2003-01-30,11.110711097717285
2003-01-31,11.027456283569336
2003-02-03,11.095573425292969
2003-02-04,11.421027183532715
2003-02-05,10.868515014648438
2003-02-06,10.527931213378906
2003-02-07,10.543066024780273
2003-02-10,9.990554809570312
2003-02-11,10.391694068908691
2003-02-12,9.975419998168945
2003-02-13,10.565773010253906
2003-02-14,10.066243171691895
2003-02-18,10.126795768737793
2003-02-19,10.338714599609375
2003-02-20,10.656597137451172
2003-02-21,10.368988990783691
2003-02-24,10.157073020935059
2003-02-25,10.104092597961426
2003-02-26,10.210046768188477
2003-02-27,10.172204971313477
2003-02-28,10.429542541503906
2003-03-03,10.104092597961426
2003-03-04,10.164772033691406
2003-03-05,10.278558731079102
2003-03-06,10.12684440612793
2003-03-07,9.83100700378418
2003-03-10,9.466894149780273
2003-03-11,9.09520149230957
2003-03-12,8.951069831848145
2003-03-13,9.148297309875488
2003-03-14,9.474477767944336
2003-03-17,9.330351829528809
2003-03-18,9.724804878234863
2003-03-19,9.444135665893555
2003-03-20,8.928311347961426
2003-03-21,8.746255874633789
2003-03-24,8.700740814208984
2003-03-25,8.586957931518555
2003-03-26,9.026923179626465
2003-03-27,8.85245418548584
2003-03-28,9.527583122253418
2003-03-31,9.944790840148926
2003-04-01,8.36697769165039
2003-04-02,8.162158966064453
2003-04-03,7.752537250518799
2003-04-04,8.025617599487305
2003-04-07,7.9876909255981445
2003-04-08,8.0863037109375
2003-04-09,8.238014221191406
2003-04-10,8.184919357299805
2003-04-11,8.109061241149902
2003-04-14,8.025617599487305
2003-04-15,8.162158966064453
2003-04-16,8.01044750213623
2003-04-17,8.124228477478027
2003-04-21,8.389730453491211
2003-04-22,8.344217300415039
2003-04-23,8.124228477478027
2003-04-24,7.8663201332092285
2003-04-25,7.615994930267334
2003-04-28,7.51738166809082
2003-04-29,7.623579025268555
2003-04-30,7.600823402404785
2003-05-01,7.96493673324585
2003-05-02,7.980109214782715
2003-05-05,8.230430603027344
2003-05-06,8.275948524475098
2003-05-07,7.835978031158447
2003-05-08,7.881491184234619
2003-05-09,7.889079570770264
2003-05-12,8.124228477478027
2003-05-13,7.881491184234619
2003-05-14,8.07113265991211
2003-05-15,8.078720092773438
2003-05-16,7.92700719833374
2003-05-19,8.177335739135742
2003-05-20,8.253190994262695
2003-05-21,8.609713554382324
2003-05-22,8.412485122680664
2003-05-23,8.602131843566895
2003-05-27,8.677983283996582
2003-05-28,8.238014221191406
2003-05-29,8.374560356140137
2003-05-30,8.450417518615723
2003-06-02,8.36697769165039
2003-06-03,8.36697769165039
2003-06-04,8.382146835327148
2003-06-05,8.90555477142334
2003-06-06,8.913140296936035
2003-06-09,8.791769981384277
2003-06-10,8.549026489257812
2003-06-11,8.662817001342773
2003-06-12,8.647642135620117
2003-06-13,8.860042572021484
2003-06-16,8.913140296936035
2003-06-17,9.246909141540527
2003-06-18,9.148297309875488
2003-06-19,9.300007820129395
2003-06-20,9.269665718078613
2003-06-23,8.928311347961426
2003-06-24,8.68557071685791
2003-06-25,8.77660083770752
2003-06-26,8.860042572021484
2003-06-27,8.715914726257324
2003-06-30,8.799356460571289
2003-07-01,9.09520149230957
2003-07-02,8.973828315734863
2003-07-03,8.882796287536621
2003-07-07,8.988995552062988
2003-07-08,8.769015312194824
2003-07-09,8.761427879333496
2003-07-10,8.700740814208984
2003-07-11,8.799356460571289
2003-07-14,8.784185409545898
2003-07-15,8.24560260772705
2003-07-16,8.063547134399414
2003-07-17,7.9876909255981445
2003-07-18,8.207673072814941
2003-07-21,8.389730453491211
2003-07-22,8.329045295715332
2003-07-23,8.882796287536621
2003-07-24,9.36828327178955
2003-07-25,9.535162925720215
2003-07-28,9.67170524597168
2003-07-29,9.224150657653809
2003-07-30,9.254498481750488
2003-07-31,9.11036491394043
2003-08-01,9.102781295776367
2003-08-04,9.125540733337402
2003-08-05,9.216562271118164
2003-08-06,9.466894149780273
2003-08-07,9.489645957946777
2003-08-08,10.073741912841797
2003-08-11,10.23304271697998
2003-08-12,10.12684440612793
2003-08-13,10.164772033691406
2003-08-14,10.134428977966309
2003-08-15,10.179947853088379
2003-08-18,10.03581714630127
2003-08-19,10.430270195007324
2003-08-20,10.794381141662598
2003-08-21,10.612326622009277
2003-08-22,10.483366966247559
2003-08-25,10.392343521118164
2003-08-26,10.377175331115723
2003-08-27,11.059880256652832
2003-08-28,11.052294731140137
2003-08-29,10.930929183959961
2003-09-02,10.695772171020508
2003-09-03,10.521297454833984
2003-09-04,10.574395179748535
2003-09-05,10.718524932861328
2003-09-08,10.718524932861328
2003-09-09,11.075051307678223
2003-09-10,11.006782531738281
2003-09-11,11.105396270751953
2003-09-12,10.726113319396973
2003-09-15,10.559228897094727
2003-09-16,10.604742050170898
2003-09-17,10.619909286499023
2003-09-18,10.278558731079102
2003-09-19,10.31649112701416
2003-09-22,9.937200546264648
2003-09-23,9.975128173828125
2003-09-24,10.05099105834961
2003-09-25,9.618605613708496
2003-09-26,9.231741905212402
2003-09-29,9.216562271118164
2003-09-30,9.375866889953613
2003-10-01,9.550336837768555
2003-10-02,9.482069969177246
2003-10-03,9.133126258850098
2003-10-06,9.208982467651367
2003-10-07,9.512409210205078
2003-10-08,9.504826545715332
2003-10-09,9.626189231872559
2003-10-10,9.565505981445312
2003-10-13,9.762733459472656
2003-10-14,9.679293632507324
2003-10-15,9.588261604309082
2003-10-16,9.755146980285645
2003-10-17,9.527583122253418
2003-10-20,9.603436470031738
2003-10-21,10.088912963867188
2003-10-22,10.430270195007324
2003-10-23,10.210285186767578
2003-10-24,10.680597305297852
2003-10-27,10.665428161621094
2003-10-28,10.475785255432129
2003-10-29,10.635082244873047
2003-10-30,8.24560260772705
2003-10-31,8.24560260772705
2003-11-03,7.919421672821045
2003-11-04,8.0863037109375
2003-11-05,7.92700719833374
2003-11-06,7.805634021759033
2003-11-07,8.146988868713379
2003-11-10,7.980109214782715
2003-11-11,7.889079570770264
2003-11-12,8.526273727416992
2003-11-13,8.275948524475098
2003-11-14,8.222846031188965
2003-11-17,8.055962562561035
2003-11-18,8.503519058227539
2003-11-19,8.480757713317871
2003-11-20,8.450417518615723
2003-11-21,8.677983283996582
2003-11-24,8.427660942077637
2003-11-25,8.495928764343262
2003-11-26,8.769015312194824
2003-11-28,8.988995552062988
2003-12-01,9.06485652923584
2003-12-02,8.99658489227295
2003-12-03,9.034510612487793
2003-12-04,8.647642135620117
2003-12-05,8.89038372039795
2003-12-08,9.011750221252441
2003-12-09,8.784185409545898
2003-12-10,8.533860206604004
2003-12-11,8.875212669372559
2003-12-12,8.875212669372559
2003-12-15,8.85245418548584
2003-12-16,8.640060424804688
2003-12-17,8.897969245910645
2003-12-18,8.844871520996094
2003-12-19,8.769015312194824
2003-12-22,8.571786880493164
2003-12-23,8.617300987243652
2003-12-24,8.731084823608398
2003-12-26,8.90555477142334
2003-12-29,9.216562271118164
2003-12-30,9.186227798461914
2003-12-31,9.15588092803955
2004-01-02,9.231741905212402
2004-01-05,9.611021041870117
2004-01-06,9.611021041870117
2004-01-07,9.436553955078125
2004-01-08,9.565505981445312
2004-01-09,9.944790840148926
2004-01-12,9.899273872375488
2004-01-13,9.853764533996582
2004-01-14,9.679293632507324
2004-01-15,9.193811416625977
2004-01-16,9.201396942138672
2004-01-20,9.755146980285645
2004-01-21,9.922035217285156
2004-01-22,9.861348152160645
2004-01-23,9.611021041870117
2004-01-26,9.489645957946777
2004-01-27,9.686874389648438
2004-01-28,9.41379451751709
2004-01-29,9.201396942138672
2004-01-30,9.67170524597168
2004-02-02,9.611021041870117
2004-02-03,9.95995807647705
2004-02-04,9.580678939819336
2004-02-05,9.777905464172363
2004-02-06,10.11925983428955
2004-02-09,10.225460052490234
2004-02-10,10.195115089416504
2004-02-11,10.551643371582031
2004-02-12,10.415098190307617
2004-02-13,10.460613250732422
2004-02-17,10.756452560424805
2004-02-18,10.23304271697998
2004-02-19,10.187530517578125
2004-02-20,9.990306854248047
2004-02-23,9.823417663574219
2004-02-24,10.088912963867188
2004-02-25,9.975128173828125
2004-02-26,10.270973205566406
2004-02-27,10.346827507019043
2004-03-01,10.551643371582031
2004-03-02,10.225460052490234
2004-03-03,10.468740463256836
2004-03-04,10.658799171447754
2004-03-05,10.955310821533203
2004-03-08,10.985716819763184
2004-03-09,11.054139137268066
2004-03-10,10.658799171447754
2004-03-11,10.894484519958496
2004-03-12,11.046537399291992
2004-03-15,10.765241622924805
2004-03-16,10.90208625793457
2004-03-17,11.023726463317871
2004-03-18,11.122563362121582
2004-03-19,10.689214706420898
2004-03-22,10.681612014770508
2004-03-23,10.848869323730469
2004-03-24,10.51435661315918
2004-03-25,11.016124725341797
2004-03-26,11.061737060546875
2004-03-29,11.221393585205078
2004-03-30,11.358237266540527
2004-03-31,11.350639343261719
2004-04-01,11.289817810058594
2004-04-02,11.084547996520996
2004-04-05,10.955310821533203
2004-04-06,10.940102577209473
2004-04-07,11.023726463317871
2004-04-08,10.856472969055176
2004-04-12,10.719630241394043
2004-04-13,10.21025276184082
2004-04-14,10.111417770385742
2004-04-15,10.240662574768066
2004-04-16,10.21025276184082
2004-04-19,10.195046424865723
2004-04-20,9.526022911071777
2004-04-21,9.609648704528809
2004-04-22,9.693280220031738
2004-04-23,9.51081657409668
2004-04-26,9.640061378479004
2004-04-27,9.571638107299805
2004-04-28,8.879803657531738
2004-04-29,9.199111938476562
2004-04-30,9.214316368103027
2004-05-03,9.168703079223633
2004-05-04,9.830120086669922
2004-05-05,9.541227340698242
2004-05-06,9.2371244430542
2004-05-07,8.879803657531738
2004-05-10,9.130691528320312
2004-05-11,9.351163864135742
2004-05-12,9.17630386352539
2004-05-13,9.123082160949707
2004-05-14,9.214316368103027
2004-05-17,9.335955619812012
2004-05-18,9.579238891601562
2004-05-19,9.716087341308594
2004-05-20,9.951763153076172
2004-05-21,10.157034873962402
2004-05-24,10.415525436401367
2004-05-25,10.430727005004883
2004-05-26,10.483946800231934
2004-05-27,10.597983360290527
2004-05-28,10.575176239013672
2004-06-01,10.316688537597656
2004-06-02,10.331896781921387
2004-06-03,10.103816032409668
2004-06-04,10.217855453491211
2004-06-07,10.354704856872559
2004-06-08,10.172240257263184
2004-06-09,9.830120086669922
2004-06-10,9.883340835571289
2004-06-14,9.685674667358398
2004-06-15,9.837728500366211
2004-06-16,9.87574291229248
2004-06-17,10.012591361999512
2004-06-18,10.157034873962402
2004-06-21,10.202653884887695
2004-06-22,10.278679847717285
2004-06-23,10.407918930053711
2004-06-24,10.643596649169922
2004-06-25,10.613190650939941
2004-06-28,10.339497566223145
2004-06-29,10.08860969543457
2004-06-30,10.042997360229492
2004-07-01,10.081009864807129
2004-07-02,10.309085845947266
2004-07-06,10.362306594848633
2004-07-07,10.704421043395996
2004-07-08,11.061737060546875
2004-07-09,11.130163192749023
2004-07-12,10.871678352355957
2004-07-13,10.628395080566406
2004-07-14,10.658799171447754
2004-07-15,10.582779884338379
2004-07-16,10.704421043395996
2004-07-19,10.734829902648926
2004-07-20,10.658799171447754
2004-07-21,10.32429313659668
2004-07-22,10.32429313659668
2004-07-23,10.02018928527832
2004-07-26,9.84532642364502
2004-07-27,9.989779472351074
2004-07-28,10.035393714904785
2004-07-29,10.164639472961426
2004-07-30,10.05820083618164
2004-08-02,10.309085845947266
2004-08-03,10.195046424865723
2004-08-04,10.02018928527832
2004-08-05,9.617253303527832
2004-08-06,9.769303321838379
2004-08-09,9.7921142578125
2004-08-10,9.814921379089355
2004-08-11,9.594444274902344
2004-08-12,9.533623695373535
2004-08-13,9.617253303527832
2004-08-16,9.655265808105469
2004-08-17,9.693280220031738
2004-08-18,9.814921379089355
2004-08-19,10.217855453491211
2004-08-20,10.499154090881348
2004-08-23,10.240662574768066
2004-08-24,10.126625061035156
2004-08-25,10.278679847717285
2004-08-26,10.172240257263184
2004-08-27,10.126625061035156
2004-08-30,9.951763153076172
2004-08-31,10.347099304199219
2004-09-01,10.339497566223145
2004-09-02,10.225461959838867
2004-09-03,9.93655776977539
2004-09-07,9.799714088439941
2004-09-08,9.89854907989502
2004-09-09,10.02018928527832
2004-09-10,10.05059814453125
2004-09-13,10.012591361999512
2004-09-14,10.103816032409668
2004-09-15,10.073406219482422
2004-09-16,10.05059814453125
2004-09-17,9.814921379089355
2004-09-20,9.989779472351074
2004-09-21,10.316688537597656
2004-09-22,10.217855453491211
2004-09-23,10.529561042785645
2004-09-24,10.415525436401367
2004-09-27,10.40031909942627
2004-09-28,10.567574501037598
2004-09-29,10.605585098266602
2004-09-30,10.856472969055176
2004-10-01,10.772842407226562
2004-10-04,10.613190650939941
2004-10-05,10.894484519958496
2004-10-06,11.016124725341797
2004-10-07,10.780444145202637
2004-10-08,11.023726463317871
2004-10-11,11.061737060546875
2004-10-12,10.689214706420898
2004-10-13,10.385111808776855
2004-10-14,10.271075248718262
2004-10-15,10.544766426086426
2004-10-18,10.392715454101562
2004-10-19,10.696817398071289
2004-10-20,11.130163192749023
2004-10-21,11.16817569732666
2004-10-22,11.25180721282959
2004-10-25,11.82960033416748
2004-10-26,11.882820129394531
2004-10-27,11.692754745483398
2004-10-28,11.593921661376953
2004-10-29,11.7459716796875
2004-11-01,11.343039512634277
2004-11-02,11.236602783203125
2004-11-03,11.707959175109863
2004-11-04,11.96644401550293
2004-11-05,12.3009614944458
2004-11-08,11.875215530395508
2004-11-09,12.01966667175293
2004-11-10,12.034869194030762
2004-11-11,12.042475700378418
2004-11-12,12.384587287902832
2004-11-15,12.148908615112305
2004-11-16,12.369383811950684
2004-11-17,12.5594482421875
2004-11-18,12.194527626037598
2004-11-19,12.3009614944458
2004-11-22,12.3009614944458
2004-11-23,12.095691680908203
2004-11-24,11.98165225982666
2004-11-26,12.24774169921875
2004-11-29,12.255345344543457
2004-11-30,11.95124626159668
2004-12-01,11.806794166564941
2004-12-02,11.305020332336426
2004-12-03,11.190983772277832
2004-12-06,11.09215259552002
2004-12-07,10.83366870880127
2004-12-08,10.529561042785645
2004-12-09,10.552369117736816
2004-12-10,10.430727005004883
2004-12-13,10.529561042785645
2004-12-14,10.461136817932129
2004-12-15,10.40031909942627
2004-12-16,10.225461959838867
2004-12-17,10.339497566223145
2004-12-20,10.331896781921387
2004-12-21,10.392715454101562
2004-12-22,10.544766426086426
2004-12-23,10.552369117736816
2004-12-27,10.643596649169922
2004-12-28,10.544766426086426
2004-12-29,10.43832778930664
2004-12-30,10.392715454101562
2004-12-31,10.453536033630371
2005-01-03,10.157034873962402
2005-01-04,10.02018928527832
2005-01-05,9.868135452270508
2005-01-06,9.7921142578125
2005-01-07,9.685674667358398
2005-01-10,9.814921379089355
2005-01-11,9.98217487335205
2005-01-12,9.913750648498535
2005-01-13,9.784510612487793
2005-01-14,9.647661209106445
2005-01-18,9.754096984863281
2005-01-19,9.784510612487793
2005-01-20,9.776906967163086
2005-01-21,10.06580924987793
2005-01-24,10.004982948303223
2005-01-25,9.6704683303833
2005-01-26,9.746499061584473
2005-01-27,9.807317733764648
2005-01-28,9.738897323608398
2005-01-31,9.685674667358398
2005-02-01,9.799714088439941
2005-02-02,9.852933883666992
2005-02-03,9.738897323608398
2005-02-04,9.685674667358398
2005-02-07,9.373970031738281
2005-02-08,9.214316368103027
2005-02-09,9.123082160949707
2005-02-10,9.647661209106445
2005-02-11,9.746499061584473
2005-02-14,10.172240257263184
2005-02-15,10.415525436401367
2005-02-16,10.316688537597656
2005-02-17,10.635998725891113
2005-02-18,10.605585098266602
2005-02-22,11.099756240844727
2005-02-23,11.069344520568848
2005-02-24,11.023726463317871
2005-02-25,11.114961624145508
2005-02-28,11.000921249389648
2005-03-01,10.788047790527344
2005-03-02,10.818456649780273
2005-03-03,10.74988842010498
2005-03-04,11.085110664367676
2005-03-07,11.283196449279785
2005-03-08,11.656505584716797
2005-03-09,11.694602966308594
2005-03-10,11.618419647216797
2005-03-11,11.70222282409668
2005-03-14,11.549847602844238
2005-03-15,11.519371032714844
2005-03-16,11.846976280212402
2005-03-17,11.808884620666504
2005-03-18,11.511757850646973
2005-03-21,11.252721786499023
2005-03-22,11.00130844116211
2005-03-23,10.932740211486816
2005-03-24,10.833697319030762
2005-03-28,10.780366897583008
2005-03-29,10.719414710998535
2005-03-30,10.963214874267578
2005-03-31,11.085110664367676
2005-04-01,11.047017097473145
2005-04-04,10.833697319030762
2005-04-05,10.856552124023438
2005-04-06,10.833697319030762
2005-04-07,10.879408836364746
2005-04-08,10.947975158691406
2005-04-11,11.016544342041016
2005-04-12,10.856552124023438
2005-04-13,10.734655380249023
2005-04-14,10.23944091796875
2005-04-15,10.148017883300781
2005-04-18,10.41466999053955
2005-04-19,10.711798667907715
2005-04-20,10.528945922851562
2005-04-21,10.41466999053955
2005-04-22,10.35372543334961
2005-04-25,10.55942153930664
2005-04-26,10.445145606994629
2005-04-27,10.269920349121094
2005-04-28,10.16325855255127
2005-04-29,10.018499374389648
2005-05-02,10.018499374389648
2005-05-03,10.10230827331543
2005-05-04,10.399435043334961
2005-05-05,10.506096839904785
2005-05-06,10.35372543334961
2005-05-09,10.16325855255127
2005-05-10,9.713756561279297
2005-05-11,9.530908584594727
2005-05-12,9.096649169921875
2005-05-13,8.715714454650879
2005-05-16,8.471920013427734
2005-05-17,8.51001262664795
2005-05-18,8.639532089233398
2005-05-19,8.471920013427734
2005-05-20,8.350021362304688
2005-05-23,8.51001262664795
2005-05-24,8.791906356811523
2005-05-25,8.87570858001709
2005-05-26,8.799521446228027
2005-05-27,9.02807903289795
2005-05-31,9.02807903289795
2005-06-01,9.11950397491455
2005-06-02,9.127120971679688
2005-06-03,9.256640434265137
2005-06-06,9.256640434265137
2005-06-07,9.218548774719238
2005-06-08,9.195690155029297
2005-06-09,9.15759563446045
2005-06-10,9.393775939941406
2005-06-13,9.469963073730469
2005-06-14,9.256640434265137
2005-06-15,9.401392936706543
2005-06-16,9.721376419067383
2005-06-17,9.812799453735352
2005-06-20,9.523294448852539
2005-06-21,9.584238052368164
2005-06-22,9.500434875488281
2005-06-23,9.393775939941406
2005-06-24,9.469963073730469
2005-06-27,9.523294448852539
2005-06-28,9.386154174804688
2005-06-29,9.683280944824219
2005-06-30,9.599478721618652
2005-07-01,9.569005966186523
2005-07-05,9.309968948364258
2005-07-06,9.500434875488281
2005-07-07,9.546146392822266
2005-07-08,9.424249649047852
2005-07-11,9.60709285736084
2005-07-12,9.60709285736084
2005-07-13,9.561385154724121
2005-07-14,9.409013748168945
2005-07-15,9.332823753356934
2005-07-18,9.401392936706543
2005-07-19,9.431868553161621
2005-07-20,9.500434875488281
2005-07-21,9.728996276855469
2005-07-22,9.706137657165527
2005-07-25,9.60709285736084
2005-07-26,9.561385154724121
2005-07-27,9.492815017700195
2005-07-28,9.32520866394043
2005-07-29,9.309968948364258
2005-08-01,9.348066329956055
2005-08-02,9.523294448852539
2005-08-03,10.09468936920166
2005-08-04,10.125164031982422
2005-08-05,9.965170860290527
2005-08-08,9.91184139251709
2005-08-09,10.018499374389648
2005-08-10,10.048974990844727
2005-08-11,10.384197235107422
2005-08-12,10.376580238342285
2005-08-15,10.262299537658691
2005-08-16,10.16325855255127
2005-08-17,9.934694290161133
2005-08-18,9.957552909851074
2005-08-19,9.965170860290527
2005-08-22,10.06421184539795
2005-08-23,10.018499374389648
2005-08-24,9.78994083404541
2005-08-25,9.78994083404541
2005-08-26,9.751849174499512
2005-08-29,9.83565902709961
2005-08-30,9.690900802612305
2005-08-31,9.965170860290527
2005-09-01,10.407051086425781
2005-09-02,10.407051086425781
2005-09-06,10.41466999053955
2005-09-07,10.460382461547852
2005-09-08,10.55942153930664
2005-09-09,10.597517967224121
2005-09-12,10.719414710998535
2005-09-13,10.528945922851562
2005-09-14,10.963214874267578
2005-09-15,11.06225872039795
2005-09-16,11.549847602844238
2005-09-19,11.2755765914917
2005-09-20,10.986074447631836
2005-09-21,11.488896369934082
2005-09-22,11.367003440856934
2005-09-23,11.351763725280762
2005-09-26,11.37462043762207
2005-09-27,11.146060943603516
2005-09-28,11.367003440856934
2005-09-29,11.519371032714844
2005-09-30,11.283196449279785
2005-10-03,11.306053161621094
2005-10-04,11.092727661132812
2005-10-05,10.696558952331543
2005-10-06,10.795601844787598
2005-10-07,11.168917655944824
2005-10-10,11.107964515686035
2005-10-11,11.024162292480469
2005-10-12,10.848932266235352
2005-10-13,10.925117492675781
2005-10-14,10.803221702575684
2005-10-17,10.864171981811523
2005-10-18,10.605135917663574
2005-10-19,10.47562026977539
2005-10-20,9.90422534942627
2005-10-21,10.125164031982422
2005-10-24,10.178492546081543
2005-10-25,10.315629005432129
2005-10-26,10.018499374389648
2005-10-27,10.148017883300781
2005-10-28,10.300393104553223
2005-10-31,10.407051086425781
2005-11-01,10.391816139221191
2005-11-02,10.56704330444336
2005-11-03,10.429906845092773
2005-11-04,10.483238220214844
2005-11-07,10.361340522766113
2005-11-08,10.41466999053955
2005-11-09,10.589900016784668
2005-11-10,10.582283020019531
2005-11-11,10.780366897583008
2005-11-14,10.74988842010498
2005-11-15,10.53657054901123
2005-11-16,11.3212890625
2005-11-17,11.57270336151123
2005-11-18,11.45080280303955
2005-11-21,11.686984062194824
2005-11-22,11.633651733398438
2005-11-23,11.4965181350708
2005-11-25,11.664125442504883
2005-11-28,11.610797882080078
2005-11-29,11.435565948486328
2005-11-30,11.146060943603516
2005-12-01,11.801263809204102
2005-12-02,11.694602966308594
2005-12-05,11.984107971191406
2005-12-06,12.593597412109375
2005-12-07,13.081192016601562
2005-12-08,13.385942459106445
2005-12-09,13.675448417663574
2005-12-12,13.576401710510254
2005-12-13,13.545927047729492
2005-12-14,13.324991226196289
2005-12-15,13.606882095336914
2005-12-16,14.155423164367676
2005-12-19,14.02590560913086
2005-12-20,13.72115707397461
2005-12-21,14.208751678466797
2005-12-22,14.703963279724121
2005-12-23,14.353501319885254
2005-12-27,14.490640640258789
2005-12-28,14.879188537597656
2005-12-29,15.062033653259277
2005-12-30,15.05441951751709
2006-01-03,16.79147720336914
2006-01-04,16.661956787109375
2006-01-05,16.319103240966797
2006-01-06,16.692426681518555
2006-01-09,16.821949005126953
2006-01-10,17.012413024902344
2006-01-11,16.867650985717773
2006-01-12,16.524816513061523
2006-01-13,16.570524215698242
2006-01-17,16.49434471130371
2006-01-18,15.67153263092041
2006-01-19,16.433395385742188
2006-01-20,16.32673454284668
2006-01-23,16.32673454284668
2006-01-24,16.49434471130371
2006-01-25,16.882890701293945
2006-01-26,17.279064178466797
2006-01-27,17.454288482666016
2006-01-30,17.926645278930664
2006-01-31,18.680885314941406
2006-02-01,19.023725509643555
2006-02-02,19.34371566772461
2006-02-03,18.87897491455078
2006-02-06,19.785594940185547
2006-02-07,18.322805404663086
2006-02-08,18.048545837402344
2006-02-09,18.61231231689453
2006-02-10,17.819982528686523
2006-02-13,17.41619300842285
2006-02-14,18.39900016784668
2006-02-15,18.223770141601562
2006-02-16,19.427513122558594
2006-02-17,19.6636905670166
2006-02-21,20.082714080810547
2006-02-22,20.21224021911621
2006-02-23,19.49608612060547
2006-02-24,20.28841209411621
2006-02-27,19.770355224609375
2006-02-28,19.556791305541992
2006-03-01,20.289018630981445
2006-03-02,21.494159698486328
2006-03-03,21.166181564331055
2006-03-06,20.754291534423828
2006-03-07,19.312702178955078
2006-03-08,18.519453048706055
2006-03-09,18.519453048706055
2006-03-10,18.824548721313477
2006-03-13,18.511825561523438
2006-03-14,18.710132598876953
2006-03-15,18.916078567504883
2006-03-16,19.09151268005371
2006-03-17,20.037311553955078
2006-03-20,19.739845275878906
2006-03-21,19.335582733154297
2006-03-22,19.46525764465332
2006-03-23,20.380550384521484
2006-03-24,21.364486694335938
2006-03-27,21.440767288208008
2006-03-28,20.731414794921875
2006-03-29,21.539918899536133
2006-03-30,22.844213485717773
2006-03-31,23.2255859375
2006-04-03,23.584081649780273
2006-04-04,23.866289138793945
2006-04-05,24.705312728881836
2006-04-06,24.590900421142578
2006-04-07,24.369709014892578
2006-04-10,24.24003791809082
2006-04-11,23.60696029663086
2006-04-12,24.323938369750977
2006-04-13,24.94176483154297
2006-04-17,25.719764709472656
2006-04-18,26.146902084350586
2006-04-19,27.077449798583984
2006-04-20,25.6663761138916
2006-04-21,26.55878257751465
2006-04-24,26.802865982055664
2006-04-25,27.123214721679688
2006-04-26,27.680023193359375
2006-04-27,25.68161964416504
2006-04-28,28.114784240722656
2006-05-01,28.160541534423828
2006-05-02,28.793643951416016
2006-05-03,28.19869041442871
2006-05-04,28.51142120361328
2006-05-05,29.121604919433594
2006-05-08,29.129236221313477
2006-05-09,30.799640655517578
2006-05-10,30.845417022705078
2006-05-11,30.059785842895508
2006-05-12,28.74786949157715
2006-05-15,26.71895408630371
2006-05-16,26.825746536254883
2006-05-17,25.246864318847656
2006-05-18,25.239238739013672
2006-05-19,25.07905387878418
2006-05-22,24.705312728881836
2006-05-23,25.30787467956543
2006-05-24,23.94257164001465
2006-05-25,25.315509796142578
2006-05-26,25.178218841552734
2006-05-30,24.97991371154785
2006-05-31,25.445180892944336
2006-06-01,25.620603561401367
2006-06-02,26.45199966430664
2006-06-05,25.025665283203125
2006-06-06,23.805273056030273
2006-06-07,22.554370880126953
2006-06-08,21.71535301208496
2006-06-09,21.845020294189453
2006-06-12,20.97549057006836
2006-06-13,19.846628189086914
2006-06-14,20.395803451538086
2006-06-15,21.67721939086914
2006-06-16,21.234825134277344
2006-06-19,20.609373092651367
2006-06-20,21.639076232910156
2006-06-21,22.9891357421875
2006-06-22,22.752689361572266
2006-06-23,23.553571701049805
2006-06-26,23.629844665527344
2006-06-27,22.661157608032227
2006-06-28,22.058589935302734
2006-06-29,24.28581428527832
2006-06-30,25.231616973876953
2006-07-03,25.986724853515625
2006-07-05,25.87230110168457
2006-07-06,26.230804443359375
2006-07-07,25.82655143737793
2006-07-10,25.55196189880371
2006-07-11,26.619808197021484
2006-07-12,26.459625244140625
2006-07-13,25.971477508544922
2006-07-14,26.50539779663086
2006-07-17,25.47568702697754
2006-07-18,26.001976013183594
2006-07-19,26.863880157470703
2006-07-20,25.87230110168457
2006-07-21,24.590900421142578
2006-07-24,25.20871925354004
2006-07-25,26.154525756835938
2006-07-26,27.039316177368164
2006-07-27,25.82655143737793
2006-07-28,27.222366333007812
2006-07-31,27.298648834228516
2006-08-01,28.19869041442871
2006-08-02,28.572425842285156
2006-08-03,27.962234497070312
2006-08-04,27.90884017944336
2006-08-07,28.37411117553711
2006-08-08,28.03089141845703
2006-08-09,28.77838134765625
2006-08-10,27.94698143005371
2006-08-11,26.73421859741211
2006-08-14,26.429113388061523
2006-08-15,26.863880157470703
2006-08-16,27.481706619262695
2006-08-17,26.5816650390625
2006-08-18,26.474884033203125
2006-08-21,28.41988182067871
2006-08-22,28.396997451782227
2006-08-23,28.221572875976562
2006-08-24,27.878341674804688
2006-08-25,27.878341674804688
2006-08-28,26.871511459350586
2006-08-29,26.650306701660156
2006-08-30,26.940166473388672
2006-08-31,28.793643951416016
2006-09-01,29.411453247070312
2006-09-05,30.814903259277344
2006-09-06,30.15892791748047
2006-09-07,28.81651496887207
2006-09-08,27.939359664916992
2006-09-11,25.376523971557617
2006-09-12,24.65192413330078
2006-09-13,24.522258758544922
2006-09-14,23.286609649658203
2006-09-15,23.324748992919922
2006-09-18,24.072235107421875
2006-09-19,22.920488357543945
2006-09-20,22.47810173034668
2006-09-21,22.745059967041016
2006-09-22,23.179824829101562
2006-09-25,23.088294982910156
2006-09-26,23.889179229736328
2006-09-27,24.82735824584961
2006-09-28,24.087488174438477
2006-09-29,23.74425506591797
2006-10-02,23.9959659576416
2006-10-03,21.75349235534668
2006-10-04,22.00519561767578
2006-10-05,22.867097854614258
2006-10-06,22.72980499267578
2006-10-09,22.386571884155273
2006-10-10,22.745059967041016
2006-10-11,22.493356704711914
2006-10-12,23.72137451171875
2006-10-13,24.484119415283203
2006-10-16,25.422300338745117
2006-10-17,25.132457733154297
2006-10-18,24.346820831298828
2006-10-19,25.36127471923828
2006-10-20,24.865497589111328
2006-10-23,25.117204666137695
2006-10-24,25.18585205078125
2006-10-25,26.261310577392578
2006-10-26,26.924894332885742
2006-10-27,27.191871643066406
2006-10-30,27.83257293701172
2006-10-31,28.19869041442871
2006-11-01,28.412256240844727
2006-11-02,28.549543380737305
2006-11-03,29.045337677001953
2006-11-06,29.15212059020996
2006-11-07,29.106355667114258
2006-11-08,29.075834274291992
2006-11-09,30.47929573059082
2006-11-10,29.464845657348633
2006-11-13,29.518239974975586
2006-11-14,29.121604919433594
2006-11-15,29.266523361206055
2006-11-16,28.41988182067871
2006-11-17,28.67159080505371
2006-11-20,28.51905059814453
2006-11-21,30.464040756225586
2006-11-22,30.53267478942871
2006-11-24,31.54714012145996
2006-11-27,32.3175048828125
2006-11-28,32.531070709228516
2006-11-29,32.75991439819336
2006-11-30,33.50739288330078
2006-12-01,33.133644104003906
2006-12-04,34.31591033935547
2006-12-05,34.08707046508789
2006-12-06,33.17179489135742
2006-12-07,33.362483978271484
2006-12-08,31.745445251464844
2006-12-11,32.37088394165039
2006-12-12,32.5387077331543
2006-12-13,32.30225372314453
2006-12-14,32.187835693359375
2006-12-15,31.097116470336914
2006-12-18,30.929317474365234
2006-12-19,32.210723876953125
2006-12-20,31.38694953918457
2006-12-21,30.456411361694336
2006-12-22,30.601318359375
2006-12-26,30.822521209716797
2006-12-27,31.486116409301758
2006-12-28,31.81410026550293
2006-12-29,31.455617904663086
2007-01-03,29.686044692993164
2007-01-04,28.824140548706055
2007-01-05,28.557170867919922
2007-01-08,29.014820098876953
2007-01-09,28.412256240844727
2007-01-10,27.7847900390625
2007-01-11,28.152080535888672
2007-01-12,29.368759155273438
2007-01-16,28.94024085998535
2007-01-17,28.986167907714844
2007-01-18,27.532272338867188
2007-01-19,28.052608489990234
2007-01-22,27.93018341064453
2007-01-23,29.72075653076172
2007-01-24,30.340585708618164
2007-01-25,29.919723510742188
2007-01-26,30.325279235839844
2007-01-29,29.61363983154297
2007-01-30,30.309972763061523
2007-01-31,30.799711227416992
2007-02-01,31.105798721313477
2007-02-02,30.493633270263672
2007-02-05,30.730846405029297
2007-02-06,31.013973236083984
2007-02-07,30.891521453857422
2007-02-08,31.365964889526367
2007-02-09,30.83797264099121
2007-02-12,30.67728042602539
2007-02-13,31.541954040527344
2007-02-14,30.76911163330078
2007-02-15,31.021625518798828
2007-02-16,30.570140838623047
2007-02-20,29.552417755126953
2007-02-21,31.15935707092285
2007-02-22,31.021625518798828
2007-02-23,31.411884307861328
2007-02-26,32.00873947143555
2007-02-27,29.87379264831543
2007-02-28,30.111024856567383
2007-03-01,29.27694320678711
2007-03-02,28.01434326171875
2007-03-05,27.27975082397461
2007-03-06,28.473464965820312
2007-03-07,28.213298797607422
2007-03-08,28.037303924560547
2007-03-09,28.144428253173828
2007-03-12,28.833110809326172
2007-03-13,28.07555389404297
2007-03-14,28.335739135742188
2007-03-15,28.80251121520996
2007-03-16,28.840778350830078
2007-03-19,28.932600021362305
2007-03-20,28.986167907714844
2007-03-21,29.552417755126953
2007-03-22,29.28459358215332
2007-03-23,29.146860122680664
2007-03-26,28.955551147460938
2007-03-27,27.914878845214844
2007-03-28,27.84600257873535
2007-03-29,27.647052764892578
2007-03-30,27.103740692138672
2007-04-02,27.98373794555664
2007-04-03,28.067903518676758
2007-04-04,28.664766311645508
2007-04-05,28.69538688659668
2007-04-09,28.74894142150879
2007-04-10,28.81016731262207
2007-04-11,28.404611587524414
2007-04-12,28.60356330871582
2007-04-13,29.361106872558594
2007-04-16,29.91205596923828
2007-04-17,29.399370193481445
2007-04-18,29.50650978088379
2007-04-19,28.15974235534668
2007-04-20,28.634170532226562
2007-04-23,28.22095489501953
2007-04-24,27.84600257873535
2007-04-25,27.746522903442383
2007-04-26,26.973661422729492
2007-04-27,27.647052764892578
2007-04-30,26.996614456176758
2007-05-01,26.843578338623047
2007-05-02,27.302701950073242
2007-05-03,27.58582305908203
2007-05-04,27.440446853637695
2007-05-07,27.57818031311035
2007-05-08,27.218523025512695
2007-05-09,27.46339988708496
2007-05-10,26.828269958496094
2007-05-11,27.432785034179688
2007-05-14,26.812969207763672
2007-05-15,27.073139190673828
2007-05-16,26.292627334594727
2007-05-17,26.32322883605957
2007-05-18,26.812969207763672
2007-05-21,26.9813175201416
2007-05-22,26.828269958496094
2007-05-23,27.134349822998047
2007-05-24,25.94062042236328
2007-05-25,26.00183868408203
2007-05-29,25.848791122436523
2007-05-30,26.101316452026367
2007-05-31,27.7847900390625
2007-06-01,28.986167907714844
2007-06-04,29.024423599243164
2007-06-05,28.458166122436523
2007-06-06,28.435211181640625
2007-06-07,27.295045852661133
2007-06-08,27.24913787841797
2007-06-11,27.241477966308594
2007-06-12,26.912445068359375
2007-06-13,27.210872650146484
2007-06-14,27.509307861328125
2007-06-15,28.121482849121094
2007-06-18,28.15974235534668
2007-06-19,28.458166122436523
2007-06-20,27.80008888244629
2007-06-21,28.205646514892578
2007-06-22,27.769481658935547
2007-06-25,26.920095443725586
2007-06-26,26.101316452026367
2007-06-27,26.85887908935547
2007-06-28,27.46339988708496
2007-06-29,27.93018341064453
2007-07-02,28.435211181640625
2007-07-03,28.52703857421875
2007-07-05,30.302324295043945
2007-07-06,31.189958572387695
2007-07-09,31.098133087158203
2007-07-10,31.442481994628906
2007-07-11,31.350677490234375
2007-07-12,32.78924560546875
2007-07-13,32.995853424072266
2007-07-16,32.177085876464844
2007-07-17,32.0240478515625
2007-07-18,33.661590576171875
2007-07-19,34.220211029052734
2007-07-20,34.52627182006836
2007-07-23,33.998287200927734
2007-07-24,33.37082290649414
2007-07-25,32.67448043823242
2007-07-26,31.672048568725586
2007-07-27,31.511363983154297
2007-07-30,32.773948669433594
2007-07-31,32.55204391479492
2007-08-01,31.955177307128906
2007-08-02,32.353084564208984
2007-08-03,32.81220626831055
2007-08-06,31.72562026977539
2007-08-07,32.44491195678711
2007-08-08,34.174293518066406
2007-08-09,33.784027099609375
2007-08-10,34.4344482421875
2007-08-13,34.26612091064453
2007-08-14,32.58266067504883
2007-08-15,29.514162063598633
2007-08-16,28.458166122436523
2007-08-17,29.353456497192383
2007-08-20,30.233448028564453
2007-08-21,30.730846405029297
2007-08-22,31.901611328125
2007-08-23,32.115882873535156
2007-08-24,32.96525955200195
2007-08-27,32.077613830566406
2007-08-28,31.672048568725586
2007-08-29,32.88874816894531
2007-08-30,32.93465805053711
2007-08-31,34.01359176635742
2007-09-04,34.541603088378906
2007-09-05,33.79167556762695
2007-09-06,36.90607833862305
2007-09-07,37.64067459106445
2007-09-10,37.288692474365234
2007-09-11,38.260520935058594
2007-09-12,37.32698059082031
2007-09-13,37.15861129760742
2007-09-14,36.83720779418945
2007-09-17,36.6306037902832
2007-09-18,38.24520492553711
2007-09-19,37.90083312988281
2007-09-20,39.33945846557617
2007-09-21,38.115116119384766
2007-09-24,37.50296401977539
2007-09-25,36.806602478027344
2007-09-26,35.93428039550781
2007-09-27,36.83720779418945
2007-09-28,38.10746383666992
2007-10-01,39.086936950683594
2007-10-02,38.115116119384766
2007-10-03,37.13565444946289
2007-10-04,37.801387786865234
2007-10-05,39.62257385253906
2007-10-08,39.109901428222656
2007-10-09,40.931087493896484
2007-10-10,41.6274528503418
2007-10-11,41.849342346191406
2007-10-12,41.84170150756836
2007-10-15,42.400291442871094
2007-10-16,41.887611389160156
2007-10-17,41.175960540771484
2007-10-18,42.186038970947266
2007-10-19,41.08414077758789
2007-10-22,40.31892776489258
2007-10-23,40.51786804199219
2007-10-24,39.69911193847656
2007-10-25,40.135284423828125
2007-10-26,42.01004409790039
2007-10-29,43.00480270385742
2007-10-30,42.00239181518555
2007-10-31,43.532806396484375
2007-11-01,42.01769256591797
2007-11-02,43.923072814941406
2007-11-05,42.997154235839844
2007-11-06,44.389854431152344
2007-11-07,43.14255142211914
2007-11-08,42.14778137207031
2007-11-09,40.7015266418457
2007-11-12,36.9672966003418
2007-11-13,38.39060592651367
2007-11-14,39.194061279296875
2007-11-15,37.87025451660156
2007-11-16,38.94919967651367
2007-11-19,37.26573944091797
2007-11-20,39.58432388305664
2007-11-21,38.85738754272461
2007-11-23,39.95927047729492
2007-11-26,37.671302795410156
2007-11-27,36.62295913696289
2007-11-28,37.816673278808594
2007-11-29,37.510616302490234
2007-11-30,36.821903228759766
2007-12-03,36.99026870727539
2007-12-04,36.88313674926758
2007-12-05,36.309234619140625
2007-12-06,37.58711624145508
2007-12-07,37.41112518310547
2007-12-10,37.724853515625
2007-12-11,37.235130310058594
2007-12-12,38.176334381103516
2007-12-13,36.8984489440918
2007-12-14,36.52348327636719
2007-12-17,35.123146057128906
2007-12-18,36.51583480834961
2007-12-19,36.936702728271484
2007-12-20,36.9979133605957
2007-12-21,38.68902587890625
2007-12-24,38.97980499267578
2007-12-26,39.668495178222656
2007-12-27,39.35475158691406
2007-12-28,41.703948974609375
2007-12-31,41.80343246459961
2008-01-02,43.24967575073242
2008-01-03,44.764801025390625
2008-01-04,44.32862854003906
2008-01-07,44.78775405883789
2008-01-08,46.30287170410156
2008-01-09,46.432960510253906
2008-01-10,47.16755676269531
2008-01-11,46.80790710449219
2008-01-14,46.249305725097656
2008-01-15,44.451053619384766
2008-01-16,42.08656692504883
2008-01-17,40.969364166259766
2008-01-18,42.071266174316406
2008-01-22,44.61940383911133
2008-01-23,44.30568313598633
2008-01-24,46.40233612060547
2008-01-25,48.0092887878418
2008-01-28,48.483741760253906
2008-01-29,48.00163650512695
2008-01-30,48.583194732666016
2008-01-31,48.26946258544922
2008-02-01,47.53485870361328
2008-02-04,46.226356506347656
2008-02-05,44.695919036865234
2008-02-06,45.89729690551758
2008-02-07,46.46356201171875
2008-02-08,48.62145233154297
2008-02-11,49.16474914550781
2008-02-12,48.02457046508789
2008-02-13,48.277103424072266
2008-02-14,47.84095001220703
2008-02-15,47.89450454711914
2008-02-19,50.05241394042969
2008-02-20,51.09310531616211
2008-02-21,50.28960418701172
2008-02-22,49.929962158203125
2008-02-25,50.56509017944336
2008-02-26,51.567501068115234
2008-02-27,52.88368225097656
2008-02-28,53.687156677246094
2008-02-29,52.64645767211914
2008-03-03,54.720176696777344
2008-03-04,53.28923416137695
2008-03-05,55.89860153198242
2008-03-06,56.96988296508789
2008-03-07,55.47773742675781
2008-03-10,53.80955505371094
2008-03-11,55.60017776489258
2008-03-12,56.23686981201172
2008-03-13,59.282325744628906
2008-03-14,61.407203674316406
2008-03-17,61.16938018798828
2008-03-18,56.84288024902344
2008-03-19,52.255592346191406
2008-03-20,51.54214859008789
2008-03-24,50.75971221923828
2008-03-25,53.966243743896484
2008-03-26,54.54155349731445
2008-03-27,53.72842788696289
2008-03-28,53.061038970947266
2008-03-31,51.94105529785156
2008-04-01,49.5169792175293
2008-04-02,51.473114013671875
2008-04-03,52.178863525390625
2008-04-04,53.3065071105957
2008-04-07,52.96897888183594
2008-04-08,52.585426330566406
2008-04-09,54.37279510498047
2008-04-10,53.79746627807617
2008-04-11,52.99966812133789
2008-04-14,53.76676940917969
2008-04-15,55.63853073120117
2008-04-16,58.300418853759766
2008-04-17,58.14697265625
2008-04-18,55.362369537353516
2008-04-21,53.9278678894043
2008-04-22,52.57007598876953
2008-04-23,49.21013259887695
2008-04-24,47.10826110839844
2008-04-25,47.8293342590332
2008-04-28,46.809085845947266
2008-04-29,44.8759651184082
2008-04-30,47.90605545043945
2008-05-01,46.83209991455078
2008-05-02,47.96742248535156
2008-05-05,49.072059631347656
2008-05-06,49.39425277709961
2008-05-07,47.84468460083008
2008-05-08,50.59861755371094
2008-05-09,50.859439849853516
2008-05-12,50.606285095214844
2008-05-13,50.061649322509766
2008-05-14,48.62713623046875
2008-05-15,51.3273811340332
2008-05-16,53.122406005859375
2008-05-19,53.16842269897461
2008-05-20,56.08347702026367
2008-05-21,54.41116714477539
2008-05-22,54.771697998046875
2008-05-23,55.254966735839844
2008-05-27,53.29117965698242
2008-05-28,54.303749084472656
2008-05-29,52.4857063293457
2008-05-30,54.22703552246094
2008-06-02,54.18870162963867
2008-06-03,52.447349548339844
2008-06-04,51.15093231201172
2008-06-05,51.189273834228516
2008-06-06,53.41392517089844
2008-06-09,54.2730598449707
2008-06-10,50.25341796875
2008-06-11,50.62928771972656
2008-06-12,48.527408599853516
2008-06-13,48.527408599853516
2008-06-16,48.788246154785156
2008-06-17,49.39425277709961
2008-06-18,49.13343811035156
2008-06-19,49.0950813293457
2008-06-20,49.816165924072266
2008-06-23,50.03860855102539
2008-06-24,50.6906623840332
2008-06-25,50.5372428894043
2008-06-26,54.457191467285156
2008-06-27,56.735496520996094
2008-06-30,57.050018310546875
2008-07-01,57.740394592285156
2008-07-02,56.46702575683594
2008-07-03,55.53880310058594
2008-07-07,54.43416976928711
2008-07-08,54.00457763671875
2008-07-09,54.04293441772461
2008-07-10,55.883995056152344
2008-07-11,57.97823715209961
2008-07-14,60.617061614990234
2008-07-15,58.04726791381836
2008-07-16,55.99139404296875
2008-07-17,53.28350830078125
2008-07-18,53.6440544128418
2008-07-21,54.8637580871582
2008-07-22,52.1021614074707
2008-07-23,49.01837921142578
2008-07-24,45.343894958496094
2008-07-25,45.075416564941406
2008-07-28,45.152122497558594
2008-07-29,42.935176849365234
2008-07-30,42.65135192871094
2008-07-31,41.922576904296875
2008-08-01,40.779598236083984
2008-08-04,40.00481033325195
2008-08-05,37.3199348449707
2008-08-06,38.762081146240234
2008-08-07,38.754432678222656
2008-08-08,36.29967498779297
2008-08-11,35.15669631958008
2008-08-12,37.4656867980957
2008-08-13,41.02507400512695
2008-08-14,38.815792083740234
2008-08-15,37.20484161376953
2008-08-18,39.61359786987305
2008-08-19,41.56205749511719
2008-08-20,41.61574172973633
2008-08-21,44.500091552734375
2008-08-22,42.95819091796875
2008-08-25,43.63326644897461
2008-08-26,43.39544677734375
2008-08-27,44.34667205810547
2008-08-28,44.308319091796875
2008-08-29,43.90940856933594
2008-09-02,40.55713653564453
2008-09-03,40.19658660888672
2008-09-04,39.16867446899414
2008-09-05,40.058502197265625
2008-09-08,36.9670524597168
2008-09-09,34.389556884765625
2008-09-10,35.37913131713867
2008-09-11,34.51232147216797
2008-09-12,40.426734924316406
2008-09-15,39.23771667480469
2008-09-16,40.65685272216797
2008-09-17,44.8759651184082
2008-09-18,44.653507232666016
2008-09-19,46.747718811035156
2008-09-22,50.57559585571289
2008-09-23,49.11808395385742
2008-09-24,50.49121856689453
2008-09-25,47.476470947265625
2008-09-26,45.919246673583984
2008-09-29,44.76857376098633
2008-09-30,42.244773864746094
2008-10-01,42.83544921875
2008-10-02,35.716670989990234
2008-10-03,36.054203033447266
2008-10-06,33.61479568481445
2008-10-07,34.2974967956543
2008-10-08,38.74674987792969
2008-10-09,37.496360778808594
2008-10-10,30.684423446655273
2008-10-13,30.523330688476562
2008-10-14,33.8679313659668
2008-10-15,30.254852294921875
2008-10-16,27.339815139770508
2008-10-17,27.40119171142578
2008-10-20,30.07073402404785
2008-10-21,26.50367546081543
2008-10-22,19.829809188842773
2008-10-23,18.21120834350586
2008-10-24,19.944875717163086
2008-10-27,16.646299362182617
2008-10-28,18.778865814208984
2008-10-29,20.758010864257812
2008-10-30,21.916345596313477
2008-10-31,21.21061134338379
2008-11-03,21.95470428466797
2008-11-04,26.28887176513672
2008-11-05,25.14588165283203
2008-11-06,22.73715591430664
2008-11-07,24.816022872924805
2008-11-10,26.457653045654297
2008-11-11,24.992462158203125
2008-11-12,22.71414566040039
2008-11-13,25.506427764892578
2008-11-14,25.360671997070312
2008-11-17,23.174413681030273
2008-11-18,23.895492553710938
2008-11-19,20.08294677734375
2008-11-20,20.320756912231445
2008-11-21,24.78534507751465
2008-11-24,25.69820785522461
2008-11-25,26.84886932373047
2008-11-26,27.385848999023438
2008-11-28,28.889385223388672
2008-12-01,24.593564987182617
2008-12-02,25.0078125
2008-12-03,23.511932373046875
2008-12-04,22.29990005493164
2008-12-05,22.02374839782715
2008-12-08,24.071924209594727
2008-12-09,24.34808921813965
2008-12-10,27.953495025634766
2008-12-11,27.922828674316406
2008-12-12,29.90196990966797
2008-12-15,32.45644760131836
2008-12-16,35.63228225708008
2008-12-17,35.164344787597656
2008-12-18,33.499717712402344
2008-12-19,35.7627067565918
2008-12-22,34.282169342041016
2008-12-23,35.63995361328125
2008-12-24,36.123233795166016
2008-12-26,36.721580505371094
2008-12-29,38.93852615356445
2008-12-30,38.53964614868164
2008-12-31,39.37577819824219
2009-01-02,39.084293365478516
2009-01-05,38.08704376220703
2009-01-06,39.5522346496582
2009-01-07,35.9544563293457
2009-01-08,38.616336822509766
2009-01-09,38.31718826293945
2009-01-12,35.34079360961914
2009-01-13,36.5374641418457
2009-01-14,34.55833053588867
2009-01-15,36.77528762817383
2009-01-16,38.70072937011719
2009-01-20,37.77252960205078
2009-01-21,39.41414260864258
2009-01-22,39.322086334228516
2009-01-23,43.10393524169922
2009-01-26,42.068336486816406
2009-01-27,40.14288330078125
2009-01-28,39.92043685913086
2009-01-29,41.22451400756836
2009-01-30,40.68755340576172
2009-02-02,38.48594284057617
2009-02-03,38.89249038696289
2009-02-04,40.234962463378906
2009-02-05,41.999298095703125
2009-02-06,42.55928421020508
2009-02-09,40.756568908691406
2009-02-10,40.54946517944336
2009-02-11,43.21900939941406
2009-02-12,42.981204986572266
2009-02-13,41.22451400756836
2009-02-17,41.58506774902344
2009-02-18,41.37027359008789
2009-02-19,39.70564270019531
2009-02-20,41.922576904296875
2009-02-23,41.999298095703125
2009-02-24,38.82347106933594
2009-02-25,37.91827392578125
2009-02-26,37.565399169921875
2009-02-27,38.248130798339844
2009-03-02,35.45585250854492
2009-03-03,36.9133415222168
2009-03-04,36.34568405151367
2009-03-05,38.9615592956543
2009-03-06,38.32483673095703
2009-03-09,37.02077102661133
2009-03-10,35.30242919921875
2009-03-11,37.82073211669922
2009-03-12,38.06715774536133
2009-03-13,38.914306640625
2009-03-16,37.45876693725586
2009-03-17,37.150733947753906
2009-03-18,41.13224792480469
2009-03-19,42.69559860229492
2009-03-20,43.14227294921875
2009-03-23,43.38102340698242
2009-03-24,43.40412902832031
2009-03-25,44.79803466796875
2009-03-26,44.47459411621094
2009-03-27,43.48114013671875
2009-03-30,43.48883056640625
2009-03-31,43.83538055419922
2009-04-01,44.559303283691406
2009-04-02,41.817665100097656
2009-04-03,39.49190902709961
2009-04-06,38.690975189208984
2009-04-07,38.82958984375
2009-04-08,38.34442138671875
2009-04-09,37.967037200927734
2009-04-13,37.78221130371094
2009-04-14,37.882320404052734
2009-04-15,37.98245620727539
2009-04-16,35.21770095825195
2009-04-17,33.61586380004883
2009-04-20,36.17265701293945
2009-04-21,35.063690185546875
2009-04-22,35.02518081665039
2009-04-23,36.39599609375
2009-04-24,38.298213958740234
2009-04-27,36.61162185668945
2009-04-28,34.88656234741211
2009-04-29,35.44105911254883
2009-04-30,33.97010803222656
2009-05-01,34.17805099487305
2009-05-04,35.687496185302734
2009-05-05,35.57967758178711
2009-05-06,37.150733947753906
2009-05-07,36.865779876708984
2009-05-08,38.321311950683594
2009-05-11,37.320152282714844
2009-05-12,39.615116119384766
2009-05-13,40.400630950927734
2009-05-14,41.23237228393555
2009-05-15,40.32361602783203
2009-05-18,40.55466079711914
2009-05-19,41.032142639160156
2009-05-20,43.504249572753906
2009-05-21,44.12801742553711
2009-05-22,44.52080154418945
2009-05-26,44.16654968261719
2009-05-27,42.718719482421875
2009-05-28,45.406429290771484
2009-05-29,47.63981246948242
2009-06-01,46.54621887207031
2009-06-02,47.447265625
2009-06-03,44.898155212402344
2009-06-04,46.55391311645508
2009-06-05,44.17423629760742
2009-06-08,44.728736877441406
2009-06-09,43.719886779785156
2009-06-10,43.56584930419922
2009-06-11,43.62745666503906
2009-06-12,41.66365432739258
2009-06-15,40.44685745239258
2009-06-16,40.78571319580078
2009-06-17,40.83189010620117
2009-06-18,39.50728988647461
2009-06-19,40.60858154296875
2009-06-22,37.635887145996094
2009-06-23,39.38407897949219
2009-06-24,41.21697235107422
2009-06-25,42.83422088623047
2009-06-26,41.91778564453125
2009-06-29,41.96399688720703
2009-06-30,40.41603088378906
2009-07-01,42.179630279541016
2009-07-02,41.186161041259766
2009-07-06,39.49190902709961
2009-07-07,39.52268600463867
2009-07-08,37.9747428894043
2009-07-09,38.00556182861328
2009-07-10,37.82073211669922
2009-07-13,38.79879379272461
2009-07-14,39.599708557128906
2009-07-15,41.7868537902832
2009-07-16,42.16421890258789
2009-07-17,42.795719146728516
2009-07-20,44.47459411621094
2009-07-21,43.69676208496094
2009-07-22,43.95861053466797
2009-07-23,43.95861053466797
2009-07-24,44.2281494140625
2009-07-27,44.09722137451172
2009-07-28,41.4480094909668
2009-07-29,40.308223724365234
2009-07-30,43.08835983276367
2009-07-31,45.0906867980957
2009-08-03,45.83001708984375
2009-08-04,46.34599304199219
2009-08-05,46.29207992553711
2009-08-06,46.60012435913086
2009-08-07,45.05988311767578
2009-08-10,43.6197624206543
2009-08-11,43.12687301635742
2009-08-12,43.08066940307617
2009-08-13,43.665958404541016
2009-08-14,42.53388595581055
2009-08-17,40.762596130371094
2009-08-18,41.571224212646484
2009-08-19,41.94089889526367
2009-08-20,42.80341339111328
2009-08-21,44.06643295288086
2009-08-24,43.79688262939453
2009-08-25,44.235843658447266
2009-08-26,43.82769012451172
2009-08-27,44.8442497253418
2009-08-28,45.1908073425293
2009-08-31,44.205055236816406
2009-09-01,43.37331008911133
2009-09-02,48.07106399536133
2009-09-03,51.11305236816406
2009-09-04,51.77534103393555
2009-09-08,50.42763137817383
2009-09-09,49.76533126831055
2009-09-10,52.36064910888672
2009-09-11,53.977901458740234
2009-09-14,53.454219818115234
2009-09-15,54.262847900390625
2009-09-16,54.88664245605469
2009-09-17,54.09339904785156
2009-09-18,52.94594192504883
2009-09-21,53.00756072998047
2009-09-22,53.81616973876953
2009-09-23,51.92936325073242
2009-09-24,49.218544006347656
2009-09-25,49.47269821166992
2009-09-28,49.49579620361328
2009-09-29,50.68947982788086
2009-09-30,52.25283432006836
2009-10-01,49.4341926574707
2009-10-02,49.187747955322266
2009-10-05,51.251670837402344
2009-10-06,54.37066650390625
2009-10-07,55.23322296142578
2009-10-08,55.27171325683594
2009-10-09,55.1870002746582
2009-10-12,54.92514419555664
2009-10-13,56.14196014404297
2009-10-14,55.58745193481445
2009-10-15,54.18583679199219
2009-10-16,54.6016960144043
2009-10-19,54.971351623535156
2009-10-20,53.66215133666992
2009-10-21,53.48502731323242
2009-10-22,53.284793853759766
2009-10-23,52.75339889526367
2009-10-26,50.62015914916992
2009-10-27,50.0579719543457
2009-10-28,47.4549674987793
2009-10-29,44.035621643066406
2009-10-30,41.224674224853516
2009-11-02,42.025604248046875
2009-11-03,45.1908073425293
2009-11-04,43.6120491027832
2009-11-05,43.434932708740234
2009-11-06,44.320552825927734
2009-11-09,46.02252197265625
2009-11-10,46.75414276123047
2009-11-11,46.82346725463867
2009-11-12,45.9609375
2009-11-13,46.66943359375
2009-11-16,47.4549674987793
2009-11-17,47.416465759277344
2009-11-18,46.82346725463867
2009-11-19,47.5242919921875
2009-11-20,46.83116149902344
2009-11-23,48.510032653808594
2009-11-24,48.61785125732422
2009-11-25,50.07338333129883
2009-11-27,48.07106399536133
2009-11-30,48.25590515136719
2009-12-01,50.412227630615234
2009-12-02,52.129600524902344
2009-12-03,50.54314041137695
2009-12-04,48.64094924926758
2009-12-07,48.302093505859375
2009-12-08,46.808048248291016
2009-12-09,48.078758239746094
2009-12-10,48.07106399536133
2009-12-11,47.04679870605469
2009-12-14,46.44609832763672
2009-12-15,45.85310363769531
2009-12-16,46.36139678955078
2009-12-17,41.57892990112305
2009-12-18,41.802249908447266
2009-12-21,41.032142639160156
2009-12-22,41.347896575927734
2009-12-23,42.37984085083008
2009-12-24,42.472286224365234
2009-12-28,41.8715705871582
2009-12-29,41.856163024902344
2009-12-30,41.55582809448242
2009-12-31,41.586631774902344
2010-01-04,43.288597106933594
2010-01-05,43.820003509521484
2010-01-06,44.89046096801758
2010-01-07,44.47459411621094
2010-01-08,45.72988510131836
2010-01-11,45.822296142578125
2010-01-12,44.35137176513672
2010-01-13,45.206214904785156
2010-01-14,45.005977630615234
2010-01-15,44.235843658447266
2010-01-19,44.674827575683594
2010-01-20,42.88812255859375
2010-01-21,40.87809753417969
2010-01-22,41.37869644165039
2010-01-25,40.84730911254883
2010-01-26,40.87809753417969
2010-01-27,40.60087203979492
2010-01-28,40.53925323486328
2010-01-29,39.022117614746094
2010-02-01,41.38640213012695
2010-02-02,41.68674850463867
2010-02-03,41.370994567871094
2010-02-04,38.83728790283203
2010-02-05,41.75605010986328
2010-02-08,40.26972961425781
2010-02-09,42.05641174316406
2010-02-10,42.6570930480957
2010-02-11,44.65171813964844
2010-02-12,44.767242431640625
2010-02-16,46.03792953491211
2010-02-17,45.49885177612305
2010-02-18,46.42299270629883
2010-02-19,44.936649322509766
2010-02-22,44.690223693847656
2010-02-23,42.795719146728516
2010-02-24,42.83422088623047
2010-02-25,44.08183670043945
2010-02-26,44.33597183227539
2010-03-01,45.26011276245117
2010-03-02,46.29977035522461
2010-03-03,46.83116149902344
2010-03-04,46.20736312866211
2010-03-05,46.82346725463867
2010-03-08,46.261268615722656
2010-03-09,45.5296745300293
2010-03-10,44.896217346191406
2010-03-11,45.80002212524414
2010-03-12,45.0661735534668
2010-03-15,44.79580307006836
2010-03-16,46.18626403808594
2010-03-17,46.34074783325195
2010-03-18,45.73822784423828
2010-03-19,44.533172607421875
2010-03-22,44.40958023071289
2010-03-23,44.78035354614258
2010-03-24,42.73330307006836
2010-03-25,41.89131164550781
2010-03-26,42.926429748535156
2010-03-29,43.34355163574219
2010-03-30,42.439754486083984
2010-03-31,43.003665924072266
2010-04-01,44.471378326416016
2010-04-05,45.08934783935547
2010-04-06,44.9811897277832
2010-04-07,46.29440689086914
2010-04-08,46.39482116699219
2010-04-09,47.21364974975586
2010-04-12,46.64974594116211
2010-04-13,46.09356689453125
2010-04-14,47.19048309326172
2010-04-15,46.72697830200195
2010-04-16,45.96996307373047
2010-04-19,45.67643737792969
2010-04-20,45.83864212036133
2010-04-21,46.51070785522461
2010-04-22,46.56476593017578
2010-04-23,47.41449737548828
2010-04-26,47.24455642700195
2010-04-27,47.175018310546875
2010-04-28,49.144840240478516
2010-04-29,49.260711669921875
2010-04-30,48.78949737548828
2010-05-03,48.503692626953125
2010-05-04,48.040191650390625
2010-05-05,47.95521926879883
2010-05-06,48.681365966796875
2010-05-07,48.51140213012695
2010-05-10,48.78177261352539
2010-05-11,50.47349548339844
2010-05-12,50.28038024902344
2010-05-13,49.39974594116211
2010-05-14,49.72420883178711
2010-05-17,48.58864974975586
2010-05-18,48.27965545654297
2010-05-19,46.04722213745117
2010-05-20,43.84565734863281
2010-05-21,43.69118118286133
2010-05-24,43.74525451660156
2010-05-25,45.15885543823242
2010-05-26,44.74172592163086
2010-05-27,45.583736419677734
2010-05-28,45.251556396484375
2010-06-01,44.68765640258789
2010-06-02,46.23260498046875
2010-06-03,45.51422119140625
2010-06-04,44.5640754699707
2010-06-07,45.82319641113281
2010-06-08,46.23260498046875
2010-06-09,45.28246307373047
2010-06-10,46.1321907043457
2010-06-11,46.55705261230469
2010-06-14,45.63007736206055
2010-06-15,47.14411926269531
2010-06-16,47.99384689331055
2010-06-17,49.17572784423828
2010-06-18,50.0409049987793
2010-06-21,48.30282974243164
2010-06-22,47.71577072143555
2010-06-23,47.507198333740234
2010-06-24,47.40677261352539
2010-06-25,48.434165954589844
2010-06-28,48.017032623291016
2010-06-29,47.020545959472656
2010-06-30,46.95100021362305
2010-07-01,44.494544982910156
2010-07-02,44.41730880737305
2010-07-06,43.7993278503418
2010-07-07,44.78807830810547
2010-07-08,44.03877639770508
2010-07-09,44.7340202331543
2010-07-12,44.556339263916016
2010-07-13,44.45591735839844
2010-07-14,44.927120208740234
2010-07-15,45.02755355834961
2010-07-16,43.25859069824219
2010-07-19,42.68694305419922
2010-07-20,43.8842887878418
2010-07-21,43.42081069946289
2010-07-22,44.58723449707031
2010-07-23,44.247352600097656
2010-07-26,43.59075164794922
2010-07-27,42.2929801940918
2010-07-28,42.56336212158203
2010-07-29,42.51700210571289
2010-07-30,43.06545639038086
2010-08-02,42.69468307495117
2010-08-03,43.359004974365234
2010-08-04,45.243831634521484
2010-08-05,45.328819274902344
2010-08-06,46.1090087890625
2010-08-09,46.533870697021484
2010-08-10,47.012813568115234
2010-08-11,46.580230712890625
2010-08-12,47.808441162109375
2010-08-13,47.71577072143555
2010-08-16,48.22559356689453
2010-08-17,47.885704040527344
2010-08-18,48.74314880371094
2010-08-19,48.78949737548828
2010-08-20,48.8049430847168
2010-08-23,48.27965545654297
2010-08-24,48.19469451904297
2010-08-25,49.15257263183594
2010-08-26,49.446102142333984
2010-08-27,50.28810501098633
2010-08-30,50.102718353271484
2010-08-31,50.187686920166016
2010-09-01,49.79372024536133
2010-09-02,50.25718688964844
2010-09-03,50.4503173828125
2010-09-07,50.84428024291992
2010-09-08,50.5043830871582
2010-09-09,49.83234405517578
2010-09-10,49.99456787109375
2010-09-13,50.0409049987793
2010-09-14,51.85622024536133
2010-09-15,51.92573928833008
2010-09-16,52.45874786376953
2010-09-17,52.281105041503906
2010-09-20,52.860450744628906
2010-09-21,52.9222526550293
2010-09-22,53.60203170776367
2010-09-23,53.77967071533203
2010-09-24,53.47071838378906
2010-09-27,53.393455505371094
2010-09-28,54.729827880859375
2010-09-29,54.544437408447266
2010-09-30,54.8688850402832
2010-10-01,55.054264068603516
2010-10-04,54.32814407348633
2010-10-05,56.34430694580078
2010-10-06,57.27900314331055
2010-10-07,55.15468215942383
2010-10-08,56.066200256347656
2010-10-11,56.12802505493164
2010-10-12,55.74949264526367
2010-10-13,57.29442596435547
2010-10-14,56.55287551879883
2010-10-15,56.066200256347656
2010-10-18,55.919437408447266
2010-10-19,52.760013580322266
2010-10-20,53.99599075317383
2010-10-21,53.64064407348633
2010-10-22,54.31269073486328
2010-10-25,55.13925552368164
2010-10-26,55.36326217651367
2010-10-27,54.8148078918457
2010-10-28,58.27549743652344
2010-10-29,59.936275482177734
2010-11-01,59.61961364746094
2010-11-02,59.61187744140625
2010-11-03,59.248817443847656
2010-11-04,62.02969741821289
2010-11-05,61.75162887573242
2010-11-08,63.73687744140625
2010-11-09,61.913856506347656
2010-11-10,62.72492599487305
2010-11-11,62.894893646240234
2010-11-12,61.6589241027832
2010-11-15,60.747398376464844
2010-11-16,59.627315521240234
2010-11-17,59.8436279296875
2010-11-18,59.5423583984375
2010-11-19,60.39205551147461
2010-11-22,60.809207916259766
2010-11-23,60.577457427978516
2010-11-24,61.210899353027344
2010-11-26,59.866798400878906
2010-11-29,60.54654312133789
2010-11-30,62.346439361572266
2010-12-01,63.38929748535156
2010-12-02,64.09996032714844
2010-12-03,65.68353271484375
2010-12-06,67.30570983886719
2010-12-07,65.52903747558594
2010-12-08,64.54798126220703
2010-12-09,64.36258697509766
2010-12-10,64.06133270263672
2010-12-13,63.86821746826172
2010-12-14,63.566951751708984
2010-12-15,62.083805084228516
2010-12-16,58.40681457519531
2010-12-17,58.44544219970703
2010-12-20,59.449649810791016
2010-12-21,58.993900299072266
2010-12-22,58.0669059753418
2010-12-23,58.40681457519531
2010-12-27,57.5880012512207
2010-12-28,59.102020263671875
2010-12-29,59.33377456665039
2010-12-30,59.071163177490234
2010-12-31,59.248817443847656
2011-01-03,56.66874694824219
2011-01-04,55.59499740600586
2011-01-05,55.30918502807617
2011-01-06,53.88784408569336
2011-01-07,54.40538024902344
2011-01-10,55.355533599853516
2011-01-11,55.86536407470703
2011-01-12,55.996681213378906
2011-01-13,54.528987884521484
2011-01-14,53.509334564208984
2011-01-18,54.1273078918457
2011-01-19,53.99599075317383
2011-01-20,53.656097412109375
2011-01-21,52.821834564208984
2011-01-24,52.319725036621094
2011-01-25,52.09568786621094
2011-01-26,54.274070739746094
2011-01-27,52.33517837524414
2011-01-28,53.393455505371094
2011-01-31,52.86815643310547
2011-02-01,54.451744079589844
2011-02-02,53.94190979003906
2011-02-03,55.672264099121094
2011-02-04,56.21298599243164
2011-02-07,55.64906692504883
2011-02-08,57.00862121582031
2011-02-09,56.22844696044922
2011-02-10,56.313411712646484
2011-02-11,55.74177551269531
2011-02-14,56.7459831237793
2011-02-15,58.345008850097656
2011-02-16,59.06342697143555
2011-02-17,56.22844696044922
2011-02-18,54.953834533691406
2011-02-22,53.51704406738281
2011-02-23,55.231929779052734
2011-02-24,53.24666976928711
2011-02-25,53.5950927734375
2011-02-28,54.47005844116211
2011-03-01,55.80952453613281
2011-03-02,55.832740783691406
2011-03-03,54.68682861328125
2011-03-04,54.68682861328125
2011-03-07,54.02094268798828
2011-03-08,52.85954666137695
2011-03-09,52.3098030090332
2011-03-10,50.9393424987793
2011-03-11,51.698143005371094
2011-03-14,51.535518646240234
2011-03-15,50.38188552856445
2011-03-16,49.60760498046875
2011-03-17,50.53673553466797
2011-03-18,51.6749153137207
2011-03-21,52.06205368041992
2011-03-22,52.36399459838867
2011-03-23,53.626068115234375
2011-03-24,53.21571350097656
2011-03-25,52.410465240478516
2011-03-28,51.25679397583008
2011-03-29,50.28120803833008
2011-03-30,50.31991958618164
2011-03-31,51.372928619384766
2011-04-01,49.878597259521484
2011-04-04,49.661800384521484
2011-04-05,51.72909927368164
2011-04-06,51.225833892822266
2011-04-07,50.76127243041992
2011-04-08,51.59747314453125
2011-04-11,50.74578094482422
2011-04-12,50.4283332824707
2011-04-13,50.13411331176758
2011-04-14,50.621891021728516
2011-04-15,50.51350021362305
2011-04-18,49.243690490722656
2011-04-19,51.860721588134766
2011-04-20,52.21689224243164
2011-04-21,52.67371368408203
2011-04-25,51.109676361083984
2011-04-26,50.869659423828125
2011-04-27,52.147212982177734
2011-04-28,52.32529067993164
2011-04-29,53.87382888793945
2011-05-02,51.659423828125
2011-05-03,49.89408874511719
2011-05-04,49.95602035522461
2011-05-05,48.74041748046875
2011-05-06,48.50816345214844
2011-05-09,49.220458984375
2011-05-10,49.46049118041992
2011-05-11,48.62428283691406
2011-05-12,47.8267936706543
2011-05-13,47.43190002441406
2011-05-16,47.702884674072266
2011-05-17,48.345542907714844
2011-05-18,48.43070602416992
2011-05-19,48.701698303222656
2011-05-20,48.43070602416992
2011-05-23,48.00487518310547
2011-05-24,49.475990295410156
2011-05-25,49.97149658203125
2011-05-26,49.94827651977539
2011-05-27,50.204429626464844
2011-05-31,50.21995162963867
2011-06-01,49.92499923706055
2011-06-02,49.66109085083008
2011-06-03,50.662376403808594
2011-06-06,49.34284591674805
2011-06-07,49.49809265136719
2011-06-08,47.72835922241211
2011-06-09,48.73741149902344
2011-06-10,47.77492904663086
2011-06-13,47.278175354003906
2011-06-14,47.84478759765625
2011-06-15,48.124210357666016
2011-06-16,47.10739517211914
2011-06-17,48.201839447021484
2011-06-20,47.33248519897461
2011-06-21,50.78658676147461
2011-06-22,50.90299987792969
2011-06-23,50.39072036743164
2011-06-24,49.6378059387207
2011-06-27,50.460567474365234
2011-06-28,48.63650131225586
2011-06-29,48.81503677368164
2011-06-30,49.00130844116211
2011-07-01,47.79045104980469
2011-07-05,48.97027587890625
2011-07-06,49.67660903930664
2011-07-07,48.861602783203125
2011-07-08,48.82278823852539
2011-07-11,48.248416900634766
2011-07-12,49.948265075683594
2011-07-13,50.848670959472656
2011-07-14,50.064720153808594
2011-07-15,50.49161148071289
2011-07-18,51.003902435302734
2011-07-19,49.27299499511719
2011-07-20,49.30403137207031
2011-07-21,48.68307876586914
2011-07-22,49.172088623046875
2011-07-25,48.17078399658203
2011-07-26,48.4735107421875
2011-07-27,46.773616790771484
2011-07-28,44.11127853393555
2011-07-29,43.27300262451172
2011-08-01,44.02589416503906
2011-08-02,44.724483489990234
2011-08-03,45.32215118408203
2011-08-04,42.77621841430664
2011-08-05,43.73870849609375
2011-08-08,44.35966110229492
2011-08-09,46.96767807006836
2011-08-10,48.58216857910156
2011-08-11,48.82278823852539
2011-08-12,48.53559494018555
2011-08-15,50.22771453857422
2011-08-16,49.42046356201172
2011-08-17,49.692138671875
2011-08-18,49.34284591674805
2011-08-19,50.89524459838867
2011-08-22,53.014251708984375
2011-08-23,51.56277084350586
2011-08-24,51.01166915893555
2011-08-25,52.27685546875
2011-08-26,53.29369354248047
2011-08-29,53.379066467285156
2011-08-30,54.11040496826172
2011-08-31,53.74473571777344
2011-09-01,53.775856018066406
2011-09-02,55.31630325317383
2011-09-06,54.85729217529297
2011-09-07,55.44078826904297
2011-09-08,55.94651794433594
2011-09-09,55.24629211425781
2011-09-12,54.320465087890625
2011-09-13,54.5616569519043
2011-09-14,53.90811538696289
2011-09-15,52.96672058105469
2011-09-16,53.262359619140625
2011-09-19,52.84223937988281
2011-09-20,53.84588623046875
2011-09-21,53.0678596496582
2011-09-22,49.94028854370117
2011-09-23,47.25613784790039
2011-09-26,48.392051696777344
2011-09-27,47.816322326660156
2011-09-28,45.62234115600586
2011-09-29,46.563724517822266
2011-09-30,46.306983947753906
2011-10-03,45.373374938964844
2011-10-04,43.902950286865234
2011-10-05,44.8676643371582
2011-10-06,46.221397399902344
2011-10-07,44.50978469848633
2011-10-10,45.661258697509766
2011-10-11,45.79349899291992
2011-10-12,46.104705810546875
2011-10-13,45.40449142456055
2011-10-14,46.112483978271484
2011-10-17,44.52534103393555
2011-10-18,44.42420959472656
2011-10-19,36.185115814208984
2011-10-20,33.960018157958984
2011-10-21,34.10783386230469
2011-10-24,34.769142150878906
2011-10-25,35.19704818725586
2011-10-26,34.940303802490234
2011-10-27,33.197574615478516
2011-10-28,34.0222282409668
2011-10-31,33.75773620605469
2011-11-01,33.749942779541016
2011-11-02,34.240081787109375
2011-11-03,35.516021728515625
2011-11-04,35.32151794433594
2011-11-07,36.47297668457031
2011-11-08,35.780548095703125
2011-11-09,35.764984130859375
2011-11-10,36.0528564453125
2011-11-11,36.66748046875
2011-11-14,36.15401077270508
2011-11-15,36.465179443359375
2011-11-16,36.30180740356445
2011-11-17,35.01033401489258
2011-11-18,34.93252944946289
2011-11-21,33.197574615478516
2011-11-22,33.72661209106445
2011-11-23,32.80854797363281
2011-11-25,32.30287551879883
2011-11-28,31.82826805114746
2011-11-29,32.109432220458984
2011-11-30,35.0540657043457
2011-12-01,34.64008712768555
2011-12-02,33.61690139770508
2011-12-05,33.343528747558594
2011-12-06,33.96839141845703
2011-12-07,34.085533142089844
2011-12-08,33.06235885620117
2011-12-09,33.74187469482422
2011-12-12,32.742103576660156
2011-12-13,31.531484603881836
2011-12-14,30.141183853149414
2011-12-15,28.696224212646484
2011-12-16,28.9149112701416
2011-12-19,28.274438858032227
2011-12-20,29.196096420288086
2011-12-21,29.188278198242188
2011-12-22,28.766511917114258
2011-12-23,28.696224212646484
2011-12-27,28.21976661682129
2011-12-28,27.509004592895508
2011-12-29,27.938589096069336
2011-12-30,28.368167877197266
2012-01-03,29.891233444213867
2012-01-04,29.289813995361328
2012-01-05,29.649099349975586
2012-01-06,29.492897033691406
2012-01-09,29.711597442626953
2012-01-10,29.88343620300293
2012-01-11,29.47727394104004
2012-01-12,29.25078010559082
2012-01-13,28.907093048095703
2012-01-17,27.758943557739258
2012-01-18,28.079179763793945
2012-01-19,28.11041259765625
2012-01-20,27.446504592895508
2012-01-23,27.719881057739258
2012-01-24,26.92320442199707
2012-01-25,29.352313995361328
2012-01-26,29.51633644104004
2012-01-27,30.68791961669922
2012-01-30,29.4147891998291
2012-01-31,29.211708068847656
2012-02-01,29.188278198242188
2012-02-02,29.282014846801758
2012-02-03,28.44627571105957
2012-02-06,28.586864471435547
2012-02-07,28.227577209472656
2012-02-08,27.72768783569336
2012-02-09,27.829233169555664
2012-02-10,27.11065673828125
2012-02-13,26.962255477905273
2012-02-14,26.485801696777344
2012-02-15,26.720121383666992
2012-02-16,28.579051971435547
2012-02-17,27.68082618713379
2012-02-21,28.532201766967773
2012-02-22,29.313249588012695
2012-02-23,29.321067810058594
2012-02-24,28.82117462158203
2012-02-27,28.43844985961914
2012-02-28,29.25526237487793
2012-02-29,28.509143829345703
2012-03-01,28.85472297668457
2012-03-02,28.51699447631836
2012-03-05,28.242122650146484
2012-03-06,27.73948860168457
2012-03-07,27.802316665649414
2012-03-08,28.29708480834961
2012-03-09,28.556272506713867
2012-03-12,27.676645278930664
2012-03-13,27.684505462646484
2012-03-14,26.4436092376709
2012-03-15,26.28653335571289
2012-03-16,26.537851333618164
2012-03-19,26.043067932128906
2012-03-20,26.3729248046875
2012-03-21,25.99593734741211
2012-03-22,25.760334014892578
2012-03-23,26.396488189697266
2012-03-26,26.99336814880371
2012-03-27,26.262971878051758
2012-03-28,25.972383499145508
2012-03-29,25.885988235473633
2012-03-30,26.215850830078125
2012-04-02,27.456741333007812
2012-04-03,26.655658721923828
2012-04-04,25.626819610595703
2012-04-05,25.422622680664062
2012-04-09,25.391204833984375
2012-04-10,26.074481964111328
2012-04-11,25.422622680664062
2012-04-12,26.969816207885742
2012-04-13,26.215850830078125
2012-04-16,25.579689025878906
2012-04-17,26.710634231567383
2012-04-18,26.380775451660156
2012-04-19,26.50644302368164
2012-04-20,26.03520965576172
2012-04-23,25.65037727355957
2012-04-24,25.77604103088379
2012-04-25,27.024784088134766
2012-04-26,28.14786720275879
2012-04-27,30.912395477294922
2012-04-30,31.352203369140625
2012-05-01,31.108749389648438
2012-05-02,30.810304641723633
2012-05-03,30.158445358276367
2012-05-04,30.040620803833008
2012-05-07,30.386198043823242
2012-05-08,29.286672592163086
2012-05-09,29.977794647216797
2012-05-10,29.63222312927246
2012-05-11,28.909700393676758
2012-05-14,28.08504867553711
2012-05-15,26.679218292236328
2012-05-16,26.72634506225586
2012-05-17,28.171432495117188
2012-05-18,28.422761917114258
2012-05-21,29.38877296447754
2012-05-22,29.19242286682129
2012-05-23,30.77889060974121
2012-05-24,31.116596221923828
2012-05-25,31.25011444091797
2012-05-29,30.299806594848633
2012-05-30,30.13401222229004
2012-05-31,29.4787540435791
2012-06-01,32.09981155395508
2012-06-04,32.11557388305664
2012-06-05,32.08399200439453
2012-06-06,32.312950134277344
2012-06-07,31.357683181762695
2012-06-08,31.712955474853516
2012-06-11,31.065584182739258
2012-06-12,32.56557846069336
2012-06-13,33.17348098754883
2012-06-14,33.20505905151367
2012-06-15,33.13400650024414
2012-06-18,33.47346878051758
2012-06-19,33.623470306396484
2012-06-20,33.37873077392578
2012-06-21,31.744524002075195
2012-06-22,32.020843505859375
2012-06-25,33.18926239013672
2012-06-26,31.957687377929688
2012-06-27,31.72085189819336
2012-06-28,30.907703399658203
2012-06-29,31.941911697387695
2012-07-02,32.020843505859375
2012-07-03,33.16557312011719
2012-07-05,32.99189758300781
2012-07-06,31.997140884399414
2012-07-09,31.90241241455078
2012-07-10,30.584009170532227
2012-07-11,29.952438354492188
2012-07-12,29.297178268432617
2012-07-13,29.762956619262695
2012-07-16,29.312963485717773
2012-07-17,29.099807739257812
2012-07-18,28.997177124023438
2012-07-19,29.447189331054688
2012-07-20,29.60506820678711
2012-07-23,28.92612648010254
2012-07-24,29.64453887939453
2012-07-25,30.741924285888672
2012-07-26,33.22872543334961
2012-07-27,34.07346725463867
2012-07-30,34.98136901855469
2012-07-31,34.60242462158203
2012-08-01,34.81555938720703
2012-08-02,34.34977722167969
2012-08-03,34.460304260253906
2012-08-06,35.37609100341797
2012-08-07,35.74712371826172
2012-08-08,35.67607879638672
2012-08-09,35.77871322631836
2012-08-10,35.826072692871094
2012-08-13,35.470821380615234
2012-08-14,35.155029296875
2012-08-15,34.6971435546875
2012-08-16,36.228729248046875
2012-08-17,36.5523796081543
2012-08-20,36.93135070800781
2012-08-21,36.80502700805664
2012-08-22,37.30239486694336
2012-08-23,37.333980560302734
2012-08-24,37.41291809082031
2012-08-27,36.94712448120117
2012-08-28,37.065547943115234
2012-08-29,36.6787223815918
2012-08-30,36.48126983642578
2012-08-31,38.31287384033203
2012-09-04,37.908485412597656
2012-09-05,37.83713912963867
2012-09-06,38.3208122253418
2012-09-07,39.185054779052734
2012-09-10,38.05122375488281
2012-09-11,38.201866149902344
2012-09-12,38.3287239074707
2012-09-13,39.77973937988281
2012-09-14,40.73121643066406
2012-09-17,40.7629280090332
2012-09-18,41.119728088378906
2012-09-19,41.75405502319336
2012-09-20,41.214881896972656
2012-09-21,41.27830123901367
2012-09-24,39.95417785644531
2012-09-25,39.43086242675781
2012-09-26,39.549800872802734
2012-09-27,41.056304931640625
2012-09-28,41.13560104370117
2012-10-01,41.8016357421875
2012-10-02,41.587562561035156
2012-10-03,41.63512420654297
2012-10-04,42.66588592529297
2012-10-05,42.47559356689453
2012-10-08,42.1267204284668
2012-10-09,41.270389556884766
2012-10-10,41.119728088378906
2012-10-11,41.746131896972656
2012-10-12,40.834293365478516
2012-10-15,40.6043586730957
2012-10-16,41.230751037597656
2012-10-17,42.05535125732422
2012-10-18,41.7778434753418
2012-10-19,41.76198959350586
2012-10-22,42.515228271484375
2012-10-23,41.69062805175781
2012-10-24,40.945281982421875
2012-10-25,44.687774658203125
2012-10-26,44.10895919799805
2012-10-31,44.79085922241211
2012-11-01,44.640201568603516
2012-11-02,41.95228958129883
2012-11-05,42.808616638183594
2012-11-06,43.55394744873047
2012-11-07,44.23583221435547
2012-11-08,44.7353515625
2012-11-09,44.10104751586914
2012-11-12,44.21996307373047
2012-11-13,43.74424362182617
2012-11-14,43.094058990478516
2012-11-15,40.9373664855957
2012-11-16,41.34175491333008
2012-11-19,43.94245147705078
2012-11-20,43.1812744140625
2012-11-21,43.84731674194336
2012-11-23,44.782928466796875
2012-11-26,45.45689010620117
2012-11-27,43.879024505615234
2012-11-28,44.34684753417969
2012-11-29,44.832237243652344
2012-11-30,44.40253829956055
2012-12-03,43.85346984863281
2012-12-04,43.009979248046875
2012-12-05,41.69698715209961
2012-12-06,42.222206115722656
2012-12-07,42.707611083984375
2012-12-10,43.16118240356445
2012-12-11,42.707611083984375
2012-12-12,43.20892333984375
2012-12-13,42.452972412109375
2012-12-14,42.532527923583984
2012-12-17,42.32565689086914
2012-12-18,41.402587890625
2012-12-19,40.93308639526367
2012-12-20,40.455657958984375
2012-12-21,40.59092712402344
2012-12-24,40.535213470458984
2012-12-26,40.12144088745117
2012-12-27,40.463600158691406
2012-12-28,40.32833480834961
2012-12-31,41.7447624206543
2013-01-02,42.43705368041992
2013-01-03,41.012664794921875
2013-01-04,40.63071060180664
2013-01-07,39.476890563964844
2013-01-08,39.68378448486328
2013-01-09,39.69172286987305
2013-01-10,40.33628845214844
2013-01-11,40.47952651977539
2013-01-14,40.35219955444336
2013-01-15,40.60683822631836
2013-01-16,40.50339126586914
2013-01-17,40.2567138671875
2013-01-18,40.24079132080078
2013-01-22,40.32833480834961
2013-01-23,39.254066467285156
2013-01-24,37.845611572265625
2013-01-25,36.50875473022461
2013-01-28,36.461002349853516
2013-01-29,36.79521560668945
2013-01-30,37.12147521972656
2013-01-31,36.468963623046875
2013-02-01,36.811126708984375
2013-02-04,36.62015914916992
2013-02-05,36.4371337890625
2013-02-06,36.27002716064453
2013-02-07,36.33369064331055
2013-02-08,36.18250274658203
2013-02-11,35.163944244384766
2013-02-12,35.56977462768555
2013-02-13,35.09232711791992
2013-02-14,34.74219512939453
2013-02-15,32.73693084716797
2013-02-19,32.42658996582031
2013-02-20,30.6998233795166
2013-02-21,32.07646560668945
2013-02-22,31.98097038269043
2013-02-25,32.45840835571289
2013-02-26,33.35759353637695
2013-02-27,33.061622619628906
2013-02-28,32.029701232910156
2013-03-01,32.0697021484375
2013-03-04,31.349754333496094
2013-03-05,30.853769302368164
2013-03-06,32.22969055175781
2013-03-07,31.51775550842285
2013-03-08,31.373741149902344
2013-03-11,31.17376136779785
2013-03-12,32.22969055175781
2013-03-13,31.349754333496094
2013-03-14,31.83771514892578
2013-03-15,31.749719619750977
2013-03-18,31.877695083618164
2013-03-19,32.28568649291992
2013-03-20,32.4776611328125
2013-03-21,32.957645416259766
2013-03-22,32.829647064208984
2013-03-25,32.22969055175781
2013-03-26,32.11769104003906
2013-03-27,32.45368576049805
2013-03-28,32.829647064208984
2013-04-01,32.42967224121094
2013-04-02,31.085773468017578
2013-04-03,29.41388702392578
2013-04-04,30.093841552734375
2013-04-05,30.437820434570312
2013-04-08,30.21382713317871
2013-04-09,31.51775550842285
2013-04-10,30.917787551879883
2013-04-11,30.989768981933594
2013-04-12,28.517959594726562
2013-04-15,25.918140411376953
2013-04-16,26.07013702392578
2013-04-17,24.814220428466797
2013-04-18,25.846147537231445
2013-04-19,25.838146209716797
2013-04-22,26.230119705200195
2013-04-23,25.622154235839844
2013-04-24,26.598081588745117
2013-04-25,26.36610984802246
2013-04-26,24.774213790893555
2013-04-29,24.694229125976562
2013-04-30,25.83015251159668
2013-05-01,25.23018455505371
2013-05-02,25.59016227722168
2013-05-03,25.2061824798584
2013-05-06,24.97420883178711
2013-05-07,24.222259521484375
2013-05-08,25.51816749572754
2013-05-09,25.062204360961914
2013-05-10,24.88621711730957
2013-05-13,24.302249908447266
2013-05-14,24.12627601623535
2013-05-15,22.82236671447754
2013-05-16,23.478315353393555
2013-05-17,22.334392547607422
2013-05-20,23.782289505004883
2013-05-21,22.910348892211914
2013-05-22,23.41431999206543
2013-05-23,23.454317092895508
2013-05-24,23.054346084594727
2013-05-28,22.87836456298828
2013-05-29,24.59823226928711
2013-05-30,25.42005157470703
2013-05-31,25.790681838989258
2013-06-03,26.53192710876465
2013-06-04,26.008216857910156
2013-06-05,26.370790481567383
2013-06-06,26.813934326171875
2013-06-07,25.03331756591797
2013-06-10,25.017200469970703
2013-06-11,24.33234977722168
2013-06-12,24.81578254699707
2013-06-13,24.98497772216797
2013-06-14,24.235668182373047
2013-06-17,24.622400283813477
2013-06-18,23.78447151184082
2013-06-19,23.220474243164062
2013-06-20,21.327064514160156
2013-06-21,21.65740394592285
2013-06-24,21.061176300048828
2013-06-25,21.157865524291992
2013-06-26,20.263532638549805
2013-06-27,20.45690155029297
2013-06-28,22.189178466796875
2013-07-01,22.906248092651367
2013-07-02,21.76214599609375
2013-07-03,22.45505142211914
2013-07-05,21.46403694152832
2013-07-08,22.181119918823242
2013-07-09,22.01191520690918
2013-07-10,21.850778579711914
2013-07-11,23.494413375854492
2013-07-12,22.882076263427734
2013-07-15,22.793453216552734
2013-07-16,23.397729873657227
2013-07-17,22.559785842895508
2013-07-18,21.818544387817383
2013-07-19,22.80956268310547
2013-07-22,24.04229736328125
2013-07-23,24.31623649597168
2013-07-24,22.69676399230957
2013-07-25,22.616199493408203
2013-07-26,23.309101104736328
2013-07-29,23.381622314453125
2013-07-30,23.20435905456543
2013-07-31,22.890132904052734
2013-08-01,22.148881912231445
2013-08-02,21.407630920410156
2013-08-05,21.310949325561523
2013-08-06,20.489124298095703
2013-08-07,20.666383743286133
2013-08-08,22.14082908630371
2013-08-09,22.24557113647461
2013-08-12,23.574983596801758
2013-08-13,23.067392349243164
2013-08-14,24.074527740478516
2013-08-15,25.428112030029297
2013-08-16,24.976924896240234
2013-08-19,24.952741622924805
2013-08-20,25.903478622436523
2013-08-21,24.80771827697754
2013-08-22,25.2991943359375
2013-08-23,26.233816146850586
2013-08-26,26.49164390563965
2013-08-27,25.113887786865234
2013-08-28,24.751317977905273
2013-08-29,24.735088348388672
2013-08-30,24.386138916015625
2013-09-03,24.548439025878906
2013-09-04,24.856815338134766
2013-09-05,23.420427322387695
2013-09-06,24.158912658691406
2013-09-09,23.639530181884766
2013-09-10,22.746864318847656
2013-09-11,22.730636596679688
2013-09-12,21.448440551757812
2013-09-13,21.854204177856445
2013-09-16,21.675657272338867
2013-09-17,22.162569046020508
2013-09-18,23.891109466552734
2013-09-19,23.30681800842285
2013-09-20,21.764928817749023
2013-09-23,21.383512496948242
2013-09-24,21.359172821044922
2013-09-25,21.951587677001953
2013-09-26,21.326705932617188
2013-09-27,21.342941284179688
2013-09-30,21.480899810791016
2013-10-01,20.912832260131836
2013-10-02,21.091365814208984
2013-10-03,20.831680297851562
2013-10-04,20.61257553100586
2013-10-07,21.19686508178711
2013-10-08,20.336652755737305
2013-10-09,20.23116111755371
2013-10-10,20.166236877441406
2013-10-11,19.874088287353516
2013-10-14,19.606292724609375
2013-10-15,20.125667572021484
2013-10-16,19.517019271850586
2013-10-17,20.709959030151367
2013-10-18,20.263622283935547
2013-10-21,20.56388282775879
2013-10-22,21.60262680053711
2013-10-23,20.985868453979492
2013-10-24,24.76754379272461
2013-10-25,25.0434627532959
2013-10-28,25.449220657348633
2013-10-29,24.386138916015625
2013-10-30,24.572786331176758
2013-10-31,23.964139938354492
2013-11-01,23.452890396118164
2013-11-04,23.92357063293457
2013-11-05,23.51780891418457
2013-11-06,23.582731246948242
2013-11-07,23.120166778564453
2013-11-08,23.785612106323242
2013-11-11,23.363618850708008
2013-11-12,22.70629119873047
2013-11-13,22.80367660522461
2013-11-14,23.874879837036133
2013-11-15,23.17696762084961
2013-11-18,22.36545181274414
2013-11-19,22.61702537536621
2013-11-20,21.943466186523438
2013-11-21,21.46466827392578
2013-11-22,21.261781692504883
2013-11-25,21.55393409729004
2013-11-26,21.513357162475586
2013-11-27,22.0943603515625
2013-11-29,22.5362491607666
2013-12-02,20.940542221069336
2013-12-03,20.932357788085938
2013-12-04,21.587005615234375
2013-12-05,20.924179077148438
2013-12-06,20.825977325439453
2013-12-09,21.218765258789062
2013-12-10,22.421680450439453
2013-12-11,21.685197830200195
2013-12-12,21.431535720825195
2013-12-13,21.57882308959961
2013-12-16,21.546091079711914
2013-12-17,21.284229278564453
2013-12-18,20.989641189575195
2013-12-19,20.564115524291992
2013-12-20,20.613216400146484
2013-12-23,20.801433563232422
2013-12-24,21.750661849975586
2013-12-26,21.685197830200195
2013-12-27,21.816129684448242
2013-12-30,21.218765258789062
2013-12-31,21.587005615234375
2014-01-02,22.577163696289062
2014-01-03,22.18436622619629
2014-01-06,22.397136688232422
2014-01-07,22.33985710144043
2014-01-08,21.922513961791992
2014-01-09,21.276044845581055
2014-01-10,22.30711555480957
2014-01-13,23.42002296447754
2014-01-14,22.74082374572754
2014-01-15,23.51003646850586
2014-01-16,23.28908920288086
2014-01-17,24.02556610107422
2014-01-21,24.377439498901367
2014-01-22,23.379100799560547
2014-01-23,25.04845428466797
2014-01-24,25.30213165283203
2014-01-27,24.647476196289062
2014-01-28,25.0402774810791
2014-01-29,25.874954223632812
2014-01-30,25.073001861572266
2014-01-31,25.43305778503418
2014-02-03,25.932231903076172
2014-02-04,25.57217788696289
2014-02-05,25.514892578125
2014-02-06,25.57217788696289
2014-02-07,26.439584732055664
2014-02-10,27.7898006439209
2014-02-11,27.879810333251953
2014-02-12,26.90601921081543
2014-02-13,27.388822555541992
2014-02-14,27.593399047851562
2014-02-18,27.560667037963867
2014-02-19,26.44776725769043
2014-02-20,27.978008270263672
2014-02-21,28.05165672302246
2014-02-24,28.068017959594727
2014-02-25,27.48702049255371
2014-02-26,26.99603271484375
2014-02-27,26.90579605102539
2014-02-28,26.347990036010742
2014-03-03,26.684314727783203
2014-03-04,26.635101318359375
2014-03-05,26.7253360748291
2014-03-06,27.201112747192383
2014-03-07,26.561281204223633
2014-03-10,26.462844848632812
2014-03-11,26.717126846313477
2014-03-12,27.947582244873047
2014-03-13,28.579198837280273
2014-03-14,28.39874267578125
2014-03-17,27.652263641357422
2014-03-18,27.274934768676758
2014-03-19,26.380807876586914
2014-03-20,26.626890182495117
2014-03-21,26.54486846923828
2014-03-24,25.289812088012695
2014-03-25,25.503093719482422
2014-03-26,24.674589157104492
2014-03-27,25.15035629272461
2014-03-28,25.667144775390625
2014-03-31,24.814035415649414
2014-04-01,24.75661849975586
2014-04-02,25.125747680664062
2014-04-03,24.978097915649414
2014-04-04,25.34722900390625
2014-04-07,25.47027015686035
2014-04-08,26.175729751586914
2014-04-09,25.757387161254883
2014-04-10,25.675352096557617
2014-04-11,25.429264068603516
2014-04-14,25.91324234008789
2014-04-15,25.010908126831055
2014-04-16,22.869930267333984
2014-04-17,23.28828239440918
2014-04-21,22.377750396728516
2014-04-22,22.53360939025879
2014-04-23,23.362104415893555
2014-04-24,23.206256866455078
2014-04-25,23.829679489135742
2014-04-28,23.706634521484375
2014-04-29,24.313663482666016
2014-04-30,24.248027801513672
2014-05-01,24.27264404296875
2014-05-02,26.503856658935547
2014-05-05,26.274171829223633
2014-05-06,26.635101318359375
2014-05-07,26.356204986572266
2014-05-08,26.561281204223633
2014-05-09,26.667917251586914
2014-05-12,27.39797592163086
2014-05-13,26.92220687866211
2014-05-14,27.19290542602539
2014-05-15,26.881187438964844
2014-05-16,26.569480895996094
2014-05-19,26.65970802307129
2014-05-20,26.331586837768555
2014-05-21,26.397216796875
2014-05-22,26.536663055419922
2014-05-23,26.323387145996094
2014-05-27,24.789426803588867
2014-05-28,24.395687103271484
2014-05-29,24.46971321105957
2014-05-30,24.872737884521484
2014-06-02,25.029020309448242
2014-06-03,25.070154190063477
2014-06-04,24.979673385620117
2014-06-05,25.267541885375977
2014-06-06,25.251094818115234
2014-06-09,25.251094818115234
2014-06-10,25.917329788208008
2014-06-11,26.262779235839844
2014-06-12,27.126420974731445
2014-06-13,27.381399154663086
2014-06-16,27.521228790283203
2014-06-17,27.932485580444336
2014-06-18,29.0181941986084
2014-06-19,30.523399353027344
2014-06-20,30.67967414855957
2014-06-23,31.041576385498047
2014-06-24,30.235519409179688
2014-06-25,30.77836799621582
2014-06-26,30.6632080078125
2014-06-27,30.951101303100586
2014-06-30,31.50218963623047
2014-07-01,31.2225284576416
2014-07-02,31.929889678955078
2014-07-03,31.493947982788086
2014-07-07,31.321224212646484
2014-07-08,32.02860641479492
2014-07-09,33.22122573852539
2014-07-10,32.64548110961914
2014-07-11,33.59135437011719
2014-07-14,33.237674713134766
2014-07-15,32.42338562011719
2014-07-16,32.982704162597656
2014-07-17,34.24114227294922
2014-07-18,34.339847564697266
2014-07-21,34.150665283203125
2014-07-22,33.813438415527344
2014-07-23,33.86279296875
2014-07-24,33.517337799072266
2014-07-25,34.39741897583008
2014-07-28,34.64418029785156
2014-07-29,33.986175537109375
2014-07-30,33.52555465698242
2014-07-31,30.58919334411621
2014-08-01,30.942869186401367
2014-08-04,30.548078536987305
2014-08-05,30.926420211791992
2014-08-06,32.003910064697266
2014-08-07,31.80650520324707
2014-08-08,31.650232315063477
2014-08-11,31.9381160736084
2014-08-12,33.015594482421875
2014-08-13,32.99092483520508
2014-08-14,32.83464431762695
2014-08-15,32.46452331542969
2014-08-18,32.60434341430664
2014-08-19,32.29179382324219
2014-08-20,32.003910064697266
2014-08-21,30.77836799621582
2014-08-22,30.712575912475586
2014-08-25,30.005207061767578
2014-08-26,30.72080421447754
2014-08-27,30.564523696899414
2014-08-28,31.100303649902344
2014-08-29,31.553659439086914
2014-09-02,30.44089126586914
2014-09-03,29.979267120361328
2014-09-04,28.775808334350586
2014-09-05,28.800540924072266
2014-09-08,27.877349853515625
2014-09-09,28.33894920349121
2014-09-10,28.066930770874023
2014-09-11,28.371919631958008
2014-09-12,28.00922966003418
2014-09-15,28.21530532836914
2014-09-16,28.676902770996094
2014-09-17,27.918561935424805
2014-09-18,26.772804260253906
2014-09-19,25.610559463500977
2014-09-22,24.802759170532227
2014-09-23,25.2066593170166
2014-09-24,24.7203311920166
2014-09-25,24.86870765686035
2014-09-26,24.637901306152344
2014-09-29,24.481294631958008
2014-09-30,23.929019927978516
2014-10-01,24.118606567382812
2014-10-02,24.967622756958008
2014-10-03,23.121212005615234
2014-10-06,23.615793228149414
2014-10-07,23.055278778076172
2014-10-08,25.280845642089844
2014-10-09,24.324668884277344
2014-10-10,24.0938720703125
2014-10-13,24.712087631225586
2014-10-14,24.769786834716797
2014-10-15,25.412736892700195
2014-10-16,25.107751846313477
2014-10-17,23.673492431640625
2014-10-20,25.000591278076172
2014-10-21,24.984107971191406
2014-10-22,23.747678756713867
2014-10-23,24.10211753845215
2014-10-24,24.069143295288086
2014-10-27,23.624034881591797
2014-10-28,24.30818748474121
2014-10-29,23.145950317382812
2014-10-30,20.401079177856445
2014-10-31,19.370718002319336
2014-11-03,19.77461814880371
2014-11-04,18.96681022644043
2014-11-05,18.307388305664062
2014-11-06,19.0574893951416
2014-11-07,20.28567886352539
2014-11-10,18.96681022644043
2014-11-11,19.83232307434082
2014-11-12,19.58503532409668
2014-11-13,19.31302261352539
2014-11-14,20.697818756103516
2014-11-17,21.217119216918945
2014-11-18,22.15680694580078
2014-11-19,21.472646713256836
2014-11-20,22.181541442871094
2014-11-21,21.9589786529541
2014-11-24,21.38197135925293
2014-11-25,22.02491569519043
2014-11-26,21.42318344116211
2014-11-28,19.36248016357422
2014-12-01,20.697818756103516
2014-12-02,19.972448348999023
2014-12-03,20.83794593811035
2014-12-04,19.997173309326172
2014-12-05,19.54381561279297
2014-12-08,19.667457580566406
2014-12-09,21.142929077148438
2014-12-10,20.491748809814453
2014-12-11,20.219728469848633
2014-12-12,19.980684280395508
2014-12-15,18.29914665222168
2014-12-16,17.969432830810547
2014-12-17,19.06573486328125
2014-12-18,20.39282989501953
2014-12-19,20.541200637817383
2014-12-22,19.073972702026367
2014-12-23,18.958574295043945
2014-12-24,19.494361877441406
2014-12-26,20.071359634399414
2014-12-29,19.642732620239258
2014-12-30,20.648359298706055
2014-12-31,20.5164737701416
2015-01-02,22.25571632385254
2015-01-05,22.626649856567383
2015-01-06,23.929019927978516
2015-01-07,23.442691802978516
2015-01-08,23.088245391845703
2015-01-09,24.5472354888916
2015-01-12,25.40449333190918
2015-01-13,24.52250862121582
2015-01-14,24.258737564086914
2015-01-15,25.849605560302734
2015-01-16,26.970632553100586
2015-01-20,27.31682586669922
2015-01-21,26.92941665649414
2015-01-22,27.54762840270996
2015-01-23,26.83875274658203
2015-01-26,26.962387084960938
2015-01-27,28.248271942138672
2015-01-28,27.160234451293945
2015-01-29,26.912940979003906
2015-01-30,27.794919967651367
2015-02-02,28.50379753112793
2015-02-03,27.836135864257812
2015-02-04,28.116395950317383
2015-02-05,28.48732566833496
2015-02-06,26.03095054626465
2015-02-09,26.45133399963379
2015-02-10,25.915550231933594
2015-02-11,25.363279342651367
2015-02-12,26.79752540588379
2015-02-13,26.879966735839844
2015-02-17,25.824871063232422
2015-02-18,26.319442749023438
2015-02-19,25.486915588378906
2015-02-20,25.033567428588867
2015-02-23,25.388004302978516
2015-02-24,25.181936264038086
2015-02-25,26.47606086730957
2015-02-26,26.533899307250977
2015-02-27,26.56696319580078
2015-03-02,26.459537506103516
2015-03-03,26.15378761291504
2015-03-04,25.434865951538086
2015-03-05,25.872827529907227
2015-03-06,23.68302345275879
2015-03-09,22.84840965270996
2015-03-10,22.716197967529297
2015-03-11,23.625173568725586
2015-03-12,23.534271240234375
2015-03-13,23.435117721557617
2015-03-16,23.501222610473633
2015-03-17,23.22026824951172
2015-03-18,24.187082290649414
2015-03-19,23.600379943847656
2015-03-20,24.558940887451172
2015-03-23,25.13738250732422
2015-03-24,24.996910095214844
2015-03-25,24.881216049194336
2015-03-26,24.07966423034668
2015-03-27,23.840024948120117
2015-03-30,23.13762855529785
2015-03-31,23.088048934936523
2015-04-01,24.94733428955078
2015-04-02,24.567203521728516
2015-04-06,25.509244918823242
2015-04-07,24.517621994018555
2015-04-08,23.94744873046875
2015-04-09,23.79043960571289
2015-04-10,24.542417526245117
2015-04-13,24.00528907775879
2015-04-14,24.244932174682617
2015-04-15,25.13738250732422
2015-04-16,24.848155975341797
2015-04-17,25.01343536376953
2015-04-20,24.897750854492188
2015-04-21,25.277856826782227
2015-04-22,24.038347244262695
2015-04-23,25.236543655395508
2015-04-24,24.641578674316406
2015-04-27,24.872953414916992
2015-04-28,26.492591857910156
2015-04-29,26.360368728637695
2015-04-30,25.03822135925293
2015-05-01,26.21989631652832
2015-05-04,26.087675094604492
2015-05-05,26.277740478515625
2015-05-06,25.327444076538086
2015-05-07,25.93894386291504
2015-05-08,26.186847686767578
2015-05-11,26.765283584594727
2015-05-12,27.67426300048828
2015-05-13,28.18659782409668
2015-05-14,28.06264305114746
2015-05-15,27.699047088623047
2015-05-18,28.06264305114746
2015-05-19,26.864442825317383
2015-05-20,27.104080200195312
2015-05-21,27.004926681518555
2015-05-22,26.897497177124023
2015-05-26,25.691030502319336
2015-05-27,25.922409057617188
2015-05-28,26.576887130737305
2015-05-29,26.651447296142578
2015-06-01,26.59345817565918
2015-06-02,26.999412536621094
2015-06-03,26.37806510925293
2015-06-04,26.23722267150879
2015-06-05,25.54131507873535
2015-06-08,26.01354217529297
2015-06-09,25.632450103759766
2015-06-10,26.170949935913086
2015-06-11,25.847854614257812
2015-06-12,25.591026306152344
2015-06-15,25.740156173706055
2015-06-16,25.060819625854492
2015-06-17,25.657297134399414
2015-06-18,26.4443359375
2015-06-19,25.640735626220703
2015-06-22,25.027677536010742
2015-06-23,24.936546325683594
2015-06-24,24.886838912963867
2015-06-25,24.50575065612793
2015-06-26,24.157793045043945
2015-06-29,24.05838394165039
2015-06-30,23.503318786621094
2015-07-01,22.90682601928711
2015-07-02,23.55302619934082
2015-07-06,24.646591186523438
2015-07-07,23.55302619934082
2015-07-08,23.669008255004883
2015-07-09,23.685575485229492
2015-07-10,23.163652420043945
2015-07-13,22.71628761291504
2015-07-14,22.71628761291504
2015-07-15,22.318626403808594
2015-07-16,22.09493637084961
2015-07-17,20.843969345092773
2015-07-20,18.82253646850586
2015-07-21,19.336177825927734
2015-07-22,19.27819061279297
2015-07-23,18.54085922241211
2015-07-24,19.78354263305664
2015-07-27,19.029651641845703
2015-07-28,19.153921127319336
2015-07-29,19.361038208007812
2015-07-30,17.919517517089844
2015-07-31,18.333751678466797
2015-08-03,17.530149459838867
2015-08-04,17.646129608154297
2015-08-05,17.480436325073242
2015-08-06,18.168052673339844
2015-08-07,18.300607681274414
2015-08-10,19.626136779785156
2015-08-11,19.642711639404297
2015-08-12,21.41560173034668
2015-08-13,20.073503494262695
2015-08-14,19.642711639404297
2015-08-17,20.3966007232666
2015-08-18,20.371749877929688
2015-08-19,21.813262939453125
2015-08-20,22.44289207458496
2015-08-21,21.697284698486328
2015-08-24,20.43802833557129
2015-08-25,19.626136779785156
2015-08-26,18.689985275268555
2015-08-27,19.468732833862305
2015-08-28,20.424715042114258
2015-08-31,20.34989356994629
2015-09-01,20.058950424194336
2015-09-02,19.634994506835938
2015-09-03,18.94502067565918
2015-09-04,18.961641311645508
2015-09-08,18.83695411682129
2015-09-09,17.914216995239258
2015-09-10,18.138675689697266
2015-09-11,18.412996292114258
2015-09-14,18.437936782836914
2015-09-15,18.34649658203125
2015-09-16,19.726438522338867
2015-09-17,20.20026397705078
2015-09-18,20.333269119262695
2015-09-21,20.034008026123047
2015-09-22,19.14453125
2015-09-23,19.219348907470703
2015-09-24,21.4139347076416
2015-09-25,21.605140686035156
2015-09-28,20.557723999023438
2015-09-29,20.49952507019043
2015-09-30,21.048179626464844
2015-10-01,20.54109001159668
2015-10-02,23.118083953857422
2015-10-05,23.53373146057129
2015-10-06,23.949371337890625
2015-10-07,23.409032821655273
2015-10-08,22.860383987426758
2015-10-09,23.88286018371582
2015-10-12,23.04326629638672
2015-10-13,23.5170955657959
2015-10-14,25.129791259765625
2015-10-15,25.05497169494629
2015-10-16,24.273569107055664
2015-10-19,23.525413513183594
2015-10-20,24.06574821472168
2015-10-21,23.650108337402344
2015-10-22,24.182130813598633
2015-10-23,24.157188415527344
2015-10-26,23.24277687072754
2015-10-27,23.292654037475586
2015-10-28,23.101459503173828
2015-10-29,23.359153747558594
2015-10-30,23.5170955657959
2015-11-02,23.367469787597656
2015-11-03,23.084829330444336
2015-11-04,22.935203552246094
2015-11-05,21.937650680541992
2015-11-06,20.89022445678711
2015-11-09,21.50538444519043
2015-11-10,21.314193725585938
2015-11-11,21.929338455200195
2015-11-12,21.721515655517578
2015-11-13,21.671640396118164
2015-11-16,21.763084411621094
2015-11-17,20.823726654052734
2015-11-18,21.90440559387207
2015-11-19,22.469676971435547
2015-11-20,21.81296157836914
2015-11-23,21.54694938659668
2015-11-24,22.195356369018555
2015-11-25,22.18703842163086
2015-11-27,21.695110321044922
2015-11-30,22.05363655090332
2015-12-01,22.795703887939453
2015-12-02,22.370471954345703
2015-12-03,22.487207412719727
2015-12-04,24.288179397583008
2015-12-07,23.212600708007812
2015-12-08,23.37935447692871
2015-12-09,23.28763771057129
2015-12-10,22.9207706451416
2015-12-11,23.237613677978516
2015-12-14,22.162023544311523
2015-12-15,22.05363655090332
2015-12-16,22.745676040649414
2015-12-17,20.886333465576172
2015-12-18,21.73679542541504
2015-12-21,22.287097930908203
2015-12-22,22.078651428222656
2015-12-23,22.253742218017578
2015-12-24,22.68731117248535
2015-12-28,22.362140655517578
2015-12-29,22.45384979248047
2015-12-30,21.861867904663086
2015-12-31,21.911893844604492
2016-01-04,22.462194442749023
2016-01-05,23.029165267944336
2016-01-06,23.721210479736328
2016-01-07,25.005229949951172
2016-01-08,24.646705627441406
2016-01-11,23.837936401367188
2016-01-12,23.787904739379883
2016-01-13,24.163116455078125
2016-01-14,23.237613677978516
2016-01-15,23.354337692260742
2016-01-19,22.328781127929688
2016-01-20,22.403820037841797
2016-01-21,22.71233367919922
2016-01-22,22.745676040649414
2016-01-25,23.26262664794922
2016-01-26,23.971343994140625
2016-01-27,24.138099670410156
2016-01-28,24.15477752685547
2016-01-29,24.546649932861328
2016-02-01,25.071931838989258
2016-02-02,24.81346893310547
2016-02-03,26.180871963500977
2016-02-04,27.289806365966797
2016-02-05,27.94016456604004
2016-02-08,28.2736759185791
2016-02-09,27.606645584106445
2016-02-10,27.765066146850586
2016-02-11,29.45765495300293
2016-02-12,29.71613121032715
2016-02-16,28.448768615722656
2016-02-17,28.26534080505371
2016-02-18,29.232528686523438
2016-02-19,28.873998641967773
2016-02-22,28.890674591064453
2016-02-23,29.390949249267578
2016-02-24,29.357603073120117
2016-02-25,29.707786560058594
2016-02-26,28.87212371826172
2016-02-29,29.415300369262695
2016-03-01,27.952903747558594
2016-03-02,28.32058334350586
2016-03-03,28.70499610900879
2016-03-04,28.663209915161133
2016-03-07,29.432022094726562
2016-03-08,28.51279067993164
2016-03-09,28.61307716369629
2016-03-10,30.426462173461914
2016-03-11,29.849853515625
2016-03-14,29.30667495727539
2016-03-15,29.891633987426758
2016-03-16,31.596391677856445
2016-03-17,31.788585662841797
2016-03-18,31.74679946899414
2016-03-21,31.813657760620117
2016-03-22,31.345691680908203
2016-03-23,29.624217987060547
2016-03-24,30.184120178222656
2016-03-28,30.09218406677246
2016-03-29,31.170194625854492
2016-03-30,30.710582733154297
2016-03-31,30.217544555664062
2016-04-01,30.5267391204834
2016-04-04,29.941776275634766
2016-04-05,30.44316291809082
2016-04-06,30.51838493347168
2016-04-07,31.646526336669922
2016-04-08,32.14791488647461
2016-04-11,33.91116714477539
2016-04-12,34.32900619506836
2016-04-13,33.777462005615234
2016-04-14,33.05879592895508
2016-04-15,33.777462005615234
2016-04-18,33.476619720458984
2016-04-19,34.6716194152832
2016-04-20,34.12007522583008
2016-04-21,34.955753326416016
2016-04-22,34.54627990722656
2016-04-25,33.91116714477539
2016-04-26,34.354068756103516
2016-04-27,34.57969284057617
2016-04-28,36.12567901611328
2016-04-29,39.45161056518555
2016-05-02,39.075565338134766
2016-05-03,38.19810485839844
2016-05-04,36.60200881958008
2016-05-05,37.588077545166016
2016-05-06,38.4738883972168
2016-05-09,36.86104965209961
2016-05-10,37.897274017333984
2016-05-11,38.992000579833984
2016-05-12,38.23154067993164
2016-05-13,38.60759353637695
2016-05-16,39.71900939941406
2016-05-17,40.37084197998047
2016-05-18,37.512855529785156
2016-05-19,38.164695739746094
2016-05-20,38.590877532958984
2016-05-23,38.381954193115234
2016-05-24,36.89448547363281
2016-05-25,37.454376220703125
2016-05-26,37.730140686035156
2016-05-27,36.951595306396484
2016-05-31,37.672847747802734
2016-06-01,37.88251876831055
2016-06-02,37.840579986572266
2016-06-03,42.06745529174805
2016-06-06,42.15132141113281
2016-06-07,42.059078216552734
2016-06-08,42.42809295654297
2016-06-09,42.855804443359375
2016-06-10,42.42809295654297
2016-06-13,43.132568359375
2016-06-14,41.866172790527344
2016-06-15,42.9899787902832
2016-06-16,42.36098098754883
2016-06-17,42.11777114868164
2016-06-20,42.260353088378906
2016-06-21,41.631351470947266
2016-06-22,42.26873779296875
2016-06-23,41.765533447265625
2016-06-24,43.63575744628906
2016-06-27,44.063480377197266
2016-06-28,43.87897491455078
2016-06-29,44.41572952270508
2016-06-30,44.86860656738281
2016-07-01,46.62980270385742
2016-07-05,46.39496994018555
2016-07-06,47.250423431396484
2016-07-07,46.39496994018555
2016-07-08,46.83108139038086
2016-07-11,46.579471588134766
2016-07-12,45.52275848388672
2016-07-13,47.64458465576172
2016-07-14,47.03235626220703
2016-07-15,47.023983001708984
2016-07-18,47.023983001708984
2016-07-19,46.722049713134766
2016-07-20,43.82027053833008
2016-07-21,44.64216232299805
2016-07-22,45.061485290527344
2016-07-25,43.015159606933594
2016-07-26,44.21443176269531
2016-07-27,45.84145736694336
2016-07-28,47.41815185546875
2016-07-29,48.760005950927734
2016-08-01,49.389007568359375
2016-08-02,49.799949645996094
2016-08-03,49.749637603759766
2016-08-04,50.12702941894531
2016-08-05,48.575504302978516
2016-08-08,48.01359939575195
2016-08-09,48.944515228271484
2016-08-10,49.56513214111328
2016-08-11,49.13740158081055
2016-08-12,49.02838134765625
2016-08-15,48.74323654174805
2016-08-16,48.77677536010742
2016-08-17,48.05552291870117
2016-08-18,48.42454147338867
2016-08-19,47.082679748535156
2016-08-22,47.174930572509766
2016-08-23,46.90657043457031
2016-08-24,43.60221862792969
2016-08-25,44.00477600097656
2016-08-26,43.962833404541016
2016-08-29,44.70085906982422
2016-08-30,42.709503173828125
2016-08-31,42.55825424194336
2016-09-01,43.76820373535156
2016-09-02,45.011756896972656
2016-09-06,46.94430923461914
2016-09-07,47.15437698364258
2016-09-08,45.8267936706543
2016-09-09,42.827125549316406
2016-09-12,44.314361572265625
2016-09-13,43.096012115478516
2016-09-14,42.89434814453125
2016-09-15,43.41529846191406
2016-09-16,43.222042083740234
2016-09-19,43.801822662353516
2016-09-20,43.92784881591797
2016-09-21,47.07874298095703
2016-09-22,47.51566696166992
2016-09-23,45.65034103393555
2016-09-26,45.490684509277344
2016-09-27,45.41506576538086
2016-09-28,46.21330642700195
2016-09-29,46.33933639526367
2016-09-30,45.52429962158203
2016-10-03,44.33955764770508
2016-10-04,39.87788391113281
2016-10-05,39.289710998535156
2016-10-06,38.34023666381836
2016-10-07,37.76886749267578
2016-10-10,37.760467529296875
2016-10-11,37.57560348510742
2016-10-12,38.72674560546875
2016-10-13,38.91159439086914
2016-10-14,38.36543273925781
2016-10-17,38.79397201538086
2016-10-18,40.34002685546875
2016-10-19,41.58356475830078
2016-10-20,41.314693450927734
2016-10-21,41.21385955810547
2016-10-24,40.57528305053711
2016-10-25,41.6676025390625
2016-10-26,40.66770935058594
2016-10-27,40.978599548339844
2016-10-28,41.50794219970703
2016-10-31,42.684295654296875
2016-11-01,43.373287200927734
2016-11-02,43.03718566894531
2016-11-03,43.583343505859375
2016-11-04,43.42369079589844
2016-11-07,41.6676025390625
2016-11-08,41.76002502441406
2016-11-09,42.465816497802734
2016-11-10,39.113258361816406
2016-11-11,35.49182891845703
2016-11-14,35.30696487426758
2016-11-15,37.16389465332031
2016-11-16,37.19750213623047
2016-11-17,35.945552825927734
2016-11-18,35.45820999145508
2016-11-21,36.29005432128906
2016-11-22,35.91194152832031
2016-11-23,33.475223541259766
2016-11-25,34.34910202026367
2016-11-28,35.4329948425293
2016-11-29,35.33192825317383
2016-11-30,34.573917388916016
2016-12-01,33.78221893310547
2016-12-02,34.61602020263672
2016-12-05,34.45600509643555
2016-12-06,34.11910629272461
2016-12-07,33.95907974243164
2016-12-08,34.051727294921875
2016-12-09,32.240909576416016
2016-12-12,32.77994155883789
2016-12-13,33.394775390625
2016-12-14,31.895601272583008
2016-12-15,30.691198348999023
2016-12-16,31.4492130279541
2016-12-19,32.08931350708008
2016-12-20,31.802947998046875
2016-12-21,32.19879913330078
2016-12-22,32.10615921020508
2016-12-23,32.72941589355469
2016-12-27,33.65586471557617
2016-12-28,34.11067581176758
2016-12-29,36.553192138671875
2016-12-30,35.37404251098633
2017-01-03,36.258384704589844
2017-01-04,36.44367980957031
2017-01-05,38.37240982055664
2017-01-06,37.8081169128418
2017-01-09,37.16801452636719
2017-01-10,37.35329055786133
2017-01-11,38.363990783691406
2017-01-12,38.439788818359375
2017-01-13,38.78511047363281
2017-01-17,39.15568923950195
2017-01-18,38.49032211303711
2017-01-19,38.069210052490234
2017-01-20,38.439788818359375
2017-01-23,39.677879333496094
2017-01-24,39.80420684814453
2017-01-25,38.62509536743164
2017-01-26,37.841800689697266
2017-01-27,38.675621032714844
2017-01-30,38.886173248291016
2017-01-31,40.1748046875
2017-02-01,39.9221305847168
2017-02-02,40.974937438964844
2017-02-03,41.44659423828125
2017-02-06,42.3983154296875
2017-02-07,42.17932891845703
2017-02-08,42.83628463745117
2017-02-09,42.2803955078125
2017-02-10,42.81101989746094
2017-02-13,41.901390075683594
2017-02-14,41.64873123168945
2017-02-15,41.623451232910156
2017-02-16,39.66945266723633
2017-02-17,39.43363571166992
2017-02-21,39.25676345825195
2017-02-22,38.29660415649414
2017-02-23,38.220821380615234
2017-02-24,38.17027282714844
2017-02-27,35.84056854248047
2017-02-28,35.79834747314453
2017-03-01,35.621089935302734
2017-03-02,34.2620849609375
2017-03-03,34.802310943603516
2017-03-06,33.865352630615234
2017-03-07,33.747188568115234
2017-03-08,33.80626678466797
2017-03-09,33.64589309692383
2017-03-10,34.7769889831543
2017-03-13,34.81918716430664
2017-03-14,33.6965446472168
2017-03-15,36.28792190551758
2017-03-16,35.663299560546875
2017-03-17,35.764591217041016
2017-03-20,36.32170486450195
2017-03-21,37.21644973754883
2017-03-22,37.452789306640625
2017-03-23,37.41903305053711
2017-03-24,36.99697494506836
2017-03-27,37.680702209472656
2017-03-28,36.372344970703125
2017-03-29,36.43142318725586
2017-03-30,35.68017578125
2017-03-31,35.82366943359375
2017-04-03,36.760623931884766
2017-04-04,37.43589401245117
2017-04-05,37.680702209472656
2017-04-06,37.917049407958984
2017-04-07,37.63850021362305
2017-04-10,38.22092056274414
2017-04-11,39.13254928588867
2017-04-12,39.77406692504883
2017-04-13,39.352020263671875
2017-04-17,39.44487380981445
2017-04-18,39.22540283203125
2017-04-19,38.30533981323242
2017-04-20,38.4657096862793
2017-04-21,38.83711242675781
2017-04-24,38.54167175292969
2017-04-25,36.684661865234375
2017-04-26,36.811283111572266
2017-04-27,36.7015380859375
2017-04-28,40.37337875366211
2017-05-01,39.436431884765625
2017-05-02,39.5377197265625
2017-05-03,39.05658721923828
2017-05-04,38.280006408691406
2017-05-05,39.39422607421875
2017-05-08,39.352020263671875
2017-05-09,39.01436233520508
2017-05-10,39.47863006591797
2017-05-11,40.19612121582031
2017-05-12,40.871395111083984
2017-05-15,41.23435974121094
2017-05-16,41.496036529541016
2017-05-17,41.808345794677734
2017-05-18,41.20059585571289
2017-05-19,41.563568115234375
2017-05-22,41.47071838378906
2017-05-23,40.179229736328125
2017-05-24,40.74478530883789
2017-05-25,40.727909088134766
2017-05-26,41.47071838378906
2017-05-30,40.6502685546875
2017-05-31,40.94630813598633
2017-06-01,41.11546325683594
2017-06-02,41.352294921875
2017-06-05,40.68410110473633
2017-06-06,42.78173828125
2017-06-07,42.367286682128906
2017-06-08,42.012062072753906
2017-06-09,40.7686767578125
2017-06-12,40.692562103271484
2017-06-13,41.6737174987793
2017-06-14,39.71986770629883
2017-06-15,39.237735748291016
2017-06-16,39.61836624145508
2017-06-19,39.178531646728516
2017-06-20,38.65412521362305
2017-06-21,39.26311492919922
2017-06-22,39.373069763183594
2017-06-23,40.46418762207031
2017-06-26,39.9820556640625
2017-06-27,38.97553634643555
2017-06-28,39.29694366455078
2017-06-29,37.8505859375
2017-06-30,38.163543701171875
2017-07-03,37.25851821899414
2017-07-05,37.410762786865234
2017-07-06,37.19084930419922
2017-07-07,36.84405517578125
2017-07-10,37.63068389892578
2017-07-11,37.901344299316406
2017-07-12,37.757545471191406
2017-07-13,36.96247100830078
2017-07-14,37.72370910644531
2017-07-17,37.96901321411133
2017-07-18,38.070491790771484
2017-07-19,38.01129913330078
2017-07-20,38.594913482666016
2017-07-21,38.95015335083008
2017-07-24,38.84020233154297
2017-07-25,38.425758361816406
2017-07-26,40.07511520385742
2017-07-27,39.95671081542969
2017-07-28,39.99897384643555
2017-07-31,39.50839614868164
2017-08-01,39.077030181884766
2017-08-02,38.865570068359375
2017-08-03,38.58646011352539
2017-08-04,37.89288330078125
2017-08-07,38.04513168334961
2017-08-08,37.68142318725586
2017-08-09,37.83366775512695
2017-08-10,39.16162109375
2017-08-11,39.03474426269531
2017-08-14,38.89940643310547
2017-08-15,38.62874984741211
2017-08-16,39.49995422363281
2017-08-17,39.78752136230469
2017-08-18,39.6014518737793
2017-08-21,39.93130111694336
2017-08-22,39.63527297973633
2017-08-23,39.76214599609375
2017-08-24,39.72834014892578
2017-08-25,40.15122604370117
2017-08-28,41.952816009521484
2017-08-29,43.15388870239258
2017-08-30,42.78950119018555
2017-08-31,43.442054748535156
2017-09-01,43.416629791259766
2017-09-05,43.586124420166016
2017-09-06,42.83185958862305
2017-09-07,43.53527069091797
2017-09-08,43.39120101928711
2017-09-11,41.91657638549805
2017-09-12,42.043704986572266
2017-09-13,41.13689422607422
2017-09-14,41.38267135620117
2017-09-15,40.78095245361328
2017-09-18,40.043636322021484
2017-09-19,40.213138580322266
2017-09-20,39.77243423461914
2017-09-21,39.102928161621094
2017-09-22,39.611419677734375
2017-09-25,40.238548278808594
2017-09-26,38.94190979003906
2017-09-27,38.44188690185547
2017-09-28,38.65375900268555
2017-09-29,38.314762115478516
2017-10-02,38.28087615966797
2017-10-03,38.28087615966797
2017-10-04,38.50969314575195
2017-10-05,38.374080657958984
2017-10-06,38.831729888916016
2017-10-09,39.23853302001953
2017-10-10,38.94190979003906
2017-10-11,39.196163177490234
2017-10-12,39.2808952331543
2017-10-13,39.577510833740234
2017-10-16,38.577491760253906
2017-10-17,38.20458984375
2017-10-18,37.9842529296875
2017-10-19,37.84864807128906
2017-10-20,37.59441375732422
2017-10-23,38.060516357421875
2017-10-24,37.492706298828125
2017-10-25,37.24694061279297
2017-10-26,38.51817321777344
2017-10-27,38.49274444580078
2017-10-30,38.331722259521484
2017-10-31,37.82322692871094
2017-11-01,37.50965881347656
2017-11-02,37.33168411254883
2017-11-03,37.382545471191406
2017-11-06,38.297828674316406
2017-11-07,38.17070007324219
2017-11-08,38.636810302734375
2017-11-09,38.433414459228516
2017-11-10,38.136802673339844
2017-11-13,38.19613265991211
2017-11-14,38.475791931152344
2017-11-15,38.475791931152344
2017-11-16,37.81474685668945
2017-11-17,37.797786712646484
2017-11-20,37.28084945678711
2017-11-21,37.67068099975586
2017-11-22,38.06900405883789
2017-11-24,37.87407684326172
2017-11-27,38.4588508605957
2017-11-28,38.297828674316406
2017-11-29,36.94184875488281
2017-11-30,37.13726806640625
2017-12-01,37.13726806640625
2017-12-04,36.67845916748047
2017-12-05,36.04973602294922
2017-12-06,35.19160842895508
2017-12-07,35.81184005737305
2017-12-08,36.39807891845703
2017-12-11,36.13469696044922
2017-12-12,35.66740798950195
2017-12-13,36.21116638183594
2017-12-14,36.41508865356445
2017-12-15,36.50853729248047
2017-12-18,37.12876510620117
2017-12-19,37.23920822143555
2017-12-20,37.66402053833008
2017-12-21,37.842445373535156
2017-12-22,38.505165100097656
2017-12-26,39.09989929199219
2017-12-27,39.040428161621094
2017-12-28,39.36328125
2017-12-29,39.235843658447266
2018-01-02,39.70313262939453
2018-01-03,39.47373580932617
2018-01-04,39.81358337402344
2018-01-05,39.949527740478516
2018-01-08,40.04299545288086
2018-01-09,39.70313262939453
2018-01-10,39.55869674682617
2018-01-11,39.337806701660156
2018-01-12,40.12793731689453
2018-01-16,40.72269821166992
2018-01-17,40.323368072509766
2018-01-18,39.677642822265625
2018-01-19,39.30381774902344
2018-01-22,39.01494216918945
2018-01-23,39.49072265625
2018-01-24,41.73374938964844
2018-01-25,41.45337677001953
2018-01-26,41.827213287353516
2018-01-29,40.50179672241211
2018-01-30,40.22990036010742
2018-01-31,40.17042541503906
2018-02-01,40.051490783691406
2018-02-02,38.90449142456055
2018-02-05,38.03786849975586
2018-02-06,37.307193756103516
2018-02-07,37.247718811035156
2018-02-08,36.92486572265625
2018-02-09,36.40657424926758
2018-02-12,37.42613220214844
2018-02-13,37.3156852722168
2018-02-14,38.649593353271484
2018-02-15,38.31824493408203
2018-02-16,36.61898422241211
2018-02-20,35.41251754760742
2018-02-21,34.35895919799805
2018-02-22,34.197547912597656
2018-02-23,34.4609260559082
2018-02-26,34.35895919799805
2018-02-27,32.795658111572266
2018-02-28,32.454833984375
2018-03-01,32.94049835205078
2018-03-02,32.488914489746094
2018-03-05,32.64228820800781
2018-03-06,33.375057220458984
2018-03-07,32.701927185058594
2018-03-08,33.30690002441406
2018-03-09,33.28133773803711
2018-03-12,33.62215042114258
2018-03-13,33.66475296020508
2018-03-14,33.91184616088867
2018-03-15,33.28984832763672
2018-03-16,33.61363983154297
2018-03-19,33.91184616088867
2018-03-20,33.76700210571289
2018-03-21,34.567935943603516
2018-03-22,34.15042495727539
2018-03-23,35.650047302246094
2018-03-26,36.10163116455078
2018-03-27,35.70969772338867
2018-03-28,35.292179107666016
2018-03-29,35.84602737426758
2018-04-02,36.28908920288086
2018-04-03,36.03347396850586
2018-04-04,35.50519561767578
2018-04-05,35.820457458496094
2018-04-06,36.2550048828125
2018-04-09,36.723636627197266
2018-04-10,36.91108703613281
2018-04-11,37.46492004394531
2018-04-12,37.07297897338867
2018-04-13,38.2232666015625
2018-04-16,38.51295852661133
2018-04-17,38.42776870727539
2018-04-18,38.743011474609375
2018-04-19,37.822784423828125
2018-04-20,37.626827239990234
2018-04-23,37.12410354614258
2018-04-24,37.12410354614258
2018-04-25,36.88554000854492
2018-04-26,37.20930862426758
2018-04-27,37.456417083740234
2018-04-30,35.863059997558594
2018-05-01,35.97382736206055
2018-05-02,35.84602737426758
2018-05-03,36.22092056274414
2018-05-04,36.416900634765625
2018-05-07,36.44245529174805
2018-05-08,36.757713317871094
2018-05-09,37.17522048950195
2018-05-10,38.052852630615234
2018-05-11,38.11248779296875
2018-05-14,38.18917465209961
2018-05-15,37.183746337890625
2018-05-16,37.34564208984375
2018-05-17,37.05592727661133
2018-05-18,36.71511459350586
2018-05-21,36.502105712890625
2018-05-22,36.49357986450195
2018-05-23,37.19226837158203
2018-05-24,37.72905731201172
2018-05-25,37.42232131958008
2018-05-29,38.325504302978516
2018-05-30,38.640769958496094
2018-05-31,38.39306640625
2018-06-01,38.196617126464844
2018-06-04,37.90621566772461
2018-06-05,38.15391540527344
2018-06-06,37.98309326171875
2018-06-07,37.79519271850586
2018-06-08,37.974544525146484
2018-06-11,38.52973556518555
2018-06-12,38.92262649536133
2018-06-13,39.059288024902344
2018-06-14,39.80237579345703
2018-06-15,38.55534744262695
2018-06-18,38.80305862426758
2018-06-19,37.99162673950195
2018-06-20,37.55601501464844
2018-06-21,37.65851593017578
2018-06-22,38.30765914916992
2018-06-25,37.8378791809082
2018-06-26,38.051422119140625
2018-06-27,37.71831130981445
2018-06-28,38.06849670410156
2018-06-29,39.14470291137695
2018-07-02,38.58951187133789
2018-07-03,39.546146392822266
2018-07-05,40.77608871459961
2018-07-06,40.03298568725586
2018-07-09,39.44364547729492
2018-07-10,39.5290641784668
2018-07-11,38.68347930908203
2018-07-12,39.3069953918457
2018-07-13,38.87991714477539
2018-07-16,39.02511978149414
2018-07-17,38.905548095703125
2018-07-18,38.89699935913086
2018-07-19,38.85430145263672
2018-07-20,39.31551742553711
2018-07-23,37.8378791809082
2018-07-24,37.974544525146484
2018-07-25,38.29911422729492
2018-07-26,36.27482986450195
2018-07-27,35.702571868896484
2018-07-30,35.822139739990234
2018-07-31,35.77089309692383
2018-08-01,35.326744079589844
2018-08-02,35.2755012512207
2018-08-03,35.4890251159668
2018-08-06,35.2413330078125
2018-08-07,34.318885803222656
2018-08-08,34.276161193847656
2018-08-09,34.51533889770508
2018-08-10,34.13951873779297
2018-08-13,32.99497604370117
2018-08-14,32.7131233215332
2018-08-15,30.330097198486328
2018-08-16,29.5101318359375
2018-08-17,30.37279510498047
2018-08-20,30.244688034057617
2018-08-21,30.3813419342041
2018-08-22,30.842573165893555
2018-08-23,29.621173858642578
2018-08-24,30.885286331176758
2018-08-27,31.36359977722168
2018-08-28,30.740083694458008
2018-08-29,30.432586669921875
2018-08-30,29.86711883544922
2018-08-31,29.5758113861084
2018-09-04,28.453441619873047
2018-09-05,27.92224884033203
2018-09-06,27.99078941345215
2018-09-07,28.41061019897461
2018-09-10,28.299219131469727
2018-09-11,28.333499908447266
2018-09-12,29.21596908569336
2018-09-13,28.727609634399414
2018-09-14,28.530555725097656
2018-09-17,29.181705474853516
2018-09-18,29.532974243164062
2018-09-19,29.892820358276367
2018-09-20,30.11559295654297
2018-09-21,29.704330444335938
2018-09-24,29.430171966552734
2018-09-25,30.07274627685547
2018-09-26,28.916105270385742
2018-09-27,29.087467193603516
2018-09-28,29.30164337158203
2018-10-01,29.224546432495117
2018-10-02,30.706758499145508
2018-10-03,29.935665130615234
2018-10-04,30.01276969909668
2018-10-05,30.064180374145508
2018-10-08,30.07274627685547
2018-10-09,28.86469841003418
2018-10-10,29.721471786499023
2018-10-11,32.01762390136719
2018-10-12,31.949087142944336
2018-10-15,32.54025650024414
2018-10-16,31.906248092651367
2018-10-17,31.529260635375977
2018-10-18,31.71775245666504
2018-10-19,31.71775245666504
2018-10-22,31.075176239013672
2018-10-23,31.803424835205078
2018-10-24,31.435012817382812
2018-10-25,30.32120704650879
2018-10-26,30.12415313720703
2018-10-29,30.39832305908203
2018-10-30,30.509695053100586
2018-10-31,30.295503616333008
2018-11-01,31.743467330932617
2018-11-02,31.923370361328125
2018-11-05,31.118009567260742
2018-11-06,30.83527946472168
2018-11-07,30.569671630859375
2018-11-08,30.43259048461914
2018-11-09,29.33592414855957
2018-11-12,29.13029670715332
2018-11-13,28.779022216796875
2018-11-14,29.88425064086914
2018-11-15,30.24410057067871
2018-11-16,30.860977172851562
2018-11-19,30.60394859313965
2018-11-20,30.73246192932129
2018-11-21,31.940509796142578
2018-11-23,30.792434692382812
2018-11-26,30.57823944091797
2018-11-27,29.935665130615234
2018-11-28,30.406888961791992
2018-11-29,29.994361877441406
2018-11-30,30.183435440063477
2018-12-03,30.810823440551758
2018-12-04,31.532747268676758
2018-12-06,32.95941162109375
2018-12-07,34.30874252319336
2018-12-10,33.689937591552734
2018-12-11,33.561012268066406
2018-12-12,33.93058395385742
2018-12-13,34.394683837890625
2018-12-14,33.34616470336914
2018-12-17,33.887611389160156
2018-12-18,34.652503967285156
2018-12-19,32.830501556396484
2018-12-20,34.72127151489258
2018-12-21,34.11105728149414
2018-12-24,35.01347732543945
2018-12-26,34.197021484375
2018-12-27,35.14238739013672
2018-12-28,34.61813735961914
2018-12-31,34.72127151489258
2019-01-02,34.69547653198242
2019-01-03,35.46897506713867
2019-01-04,34.79861831665039
2019-01-07,34.205596923828125
2019-01-08,34.05089569091797
2019-01-09,34.76423263549805
2019-01-10,34.06809616088867
2019-01-11,34.205596923828125
2019-01-14,34.248573303222656
2019-01-15,33.638370513916016
2019-01-16,33.75869369506836
2019-01-17,33.913394927978516
2019-01-18,33.50946044921875
2019-01-22,33.75010299682617
2019-01-23,33.66415023803711
2019-01-24,34.03371047973633
2019-01-25,35.49476623535156
2019-01-28,35.683834075927734
2019-01-29,36.448726654052734
2019-01-30,36.86125946044922
2019-01-31,37.454280853271484
2019-02-01,37.18785095214844
2019-02-04,37.43708038330078
2019-02-05,37.583194732666016
2019-02-06,36.938602447509766
2019-02-07,36.82687759399414
2019-02-08,37.2566032409668
2019-02-11,36.56904983520508
2019-02-12,36.104957580566406
2019-02-13,35.769775390625
2019-02-14,35.976043701171875
2019-02-15,37.07611083984375
2019-02-19,37.213626861572266
2019-02-20,37.5917854309082
2019-02-21,37.2737922668457
2019-02-22,37.43708038330078
2019-02-25,37.153465270996094
2019-02-26,37.17926025390625
2019-02-27,36.534671783447266
2019-02-28,36.59932327270508
2019-03-01,36.409698486328125
2019-03-04,36.651039123535156
2019-03-05,36.73725128173828
2019-03-06,35.875267028808594
2019-03-07,36.45278549194336
2019-03-08,37.599212646484375
2019-03-11,37.357852935791016
2019-03-12,38.29740524291992
2019-03-13,38.5042839050293
2019-03-14,37.599212646484375
2019-03-15,37.67678451538086
2019-03-18,37.24580001831055
2019-03-19,37.288902282714844
2019-03-20,38.27155303955078
2019-03-21,38.254310607910156
2019-03-22,38.176734924316406
2019-03-25,38.90940856933594
2019-03-26,39.271446228027344
2019-03-27,38.443939208984375
2019-03-28,37.52162551879883
2019-03-29,37.49577331542969
2019-04-01,36.969966888427734
2019-04-02,37.24580001831055
2019-04-03,36.87516403198242
2019-04-04,37.66817092895508
2019-04-05,37.45267868041992
2019-04-08,37.71988296508789
2019-04-09,37.65955352783203
2019-04-10,37.1251220703125
2019-04-11,36.55622100830078
2019-04-12,36.418304443359375
2019-04-15,36.987213134765625
2019-04-16,35.9442253112793
2019-04-17,35.22016906738281
2019-04-18,34.823673248291016
2019-04-22,34.62540817260742
2019-04-23,34.59092712402344
2019-04-24,34.99605178833008
2019-04-25,35.0132942199707
2019-04-26,36.43556594848633
2019-04-29,35.61667251586914
2019-04-30,35.694252014160156
2019-05-01,35.29773712158203
2019-05-02,34.73746109008789
2019-05-03,35.40118408203125
2019-05-06,35.23741149902344
2019-05-07,35.91836166381836
2019-05-08,35.18568801879883
2019-05-09,35.108116149902344
2019-05-10,34.823673248291016
2019-05-13,35.797698974609375
2019-05-14,35.789066314697266
2019-05-15,35.418418884277344
2019-05-16,35.12534713745117
2019-05-17,35.43566131591797
2019-05-20,35.62528991699219
2019-05-21,35.27188491821289
2019-05-22,34.76332473754883
2019-05-23,35.24602508544922
2019-05-24,35.46152114868164
2019-05-28,35.45290756225586
2019-05-29,35.56496047973633
2019-05-30,36.26095962524414
2019-05-31,37.68752670288086
2019-06-03,39.03629684448242
2019-06-04,39.140045166015625
2019-06-05,39.67608642578125
2019-06-06,39.95275115966797
2019-06-07,39.892242431640625
2019-06-10,39.6501579284668
2019-06-11,39.8490104675293
2019-06-12,40.20348358154297
2019-06-13,40.37641143798828
2019-06-14,40.03056716918945
2019-06-17,40.704952239990234
2019-06-18,41.292877197265625
2019-06-19,41.854854583740234
2019-06-20,43.14309310913086
2019-06-21,43.48894119262695
2019-06-24,45.19218444824219
2019-06-25,44.32759094238281
2019-06-26,44.18060302734375
2019-06-27,43.95581817626953
2019-06-28,44.30165100097656
2019-07-01,43.41977310180664
2019-07-02,44.47456741333008
2019-07-03,44.90686798095703
2019-07-05,44.58695602416992
2019-07-08,44.24977493286133
2019-07-09,44.6647834777832
2019-07-10,44.958740234375
2019-07-11,44.89821243286133
2019-07-12,44.86362838745117
2019-07-15,44.82905197143555
2019-07-16,44.561031341552734
2019-07-17,45.70228958129883
2019-07-18,46.74844741821289
2019-07-19,46.29885482788086
2019-07-22,46.40260314941406
2019-07-23,45.99625778198242
2019-07-24,46.385318756103516
2019-07-25,46.497711181640625
2019-07-26,46.47177505493164
2019-07-29,46.99917984008789
2019-07-30,46.84355163574219
2019-07-31,45.157596588134766
2019-08-01,47.025108337402344
2019-08-02,46.765724182128906
2019-08-05,48.624610900878906
2019-08-06,49.100128173828125
2019-08-07,50.422950744628906
2019-08-08,51.356727600097656
2019-08-09,51.218379974365234
2019-08-12,51.52964401245117
2019-08-13,50.734214782714844
2019-08-14,50.49211883544922
2019-08-15,51.18379211425781
2019-08-16,51.09733963012695
2019-08-19,50.569942474365234
2019-08-20,51.32213592529297
2019-08-21,51.48640060424805
2019-08-22,51.33942794799805
2019-08-23,53.241519927978516
2019-08-26,53.742984771728516
2019-08-27,55.403011322021484
2019-08-28,55.25603103637695
2019-08-29,53.605751037597656
2019-08-30,54.22080993652344
2019-09-03,54.80989456176758
2019-09-04,55.57221221923828
2019-09-05,53.13795852661133
2019-09-06,51.52666473388672
2019-09-09,49.99332809448242
2019-09-10,49.10972213745117
2019-09-11,49.56886291503906
2019-09-12,49.02309799194336
2019-09-13,47.84495544433594
2019-09-16,48.390716552734375
2019-09-17,49.98467254638672
2019-09-18,49.282981872558594
2019-09-19,49.5775260925293
2019-09-20,50.417816162109375
2019-09-23,51.561309814453125
2019-09-24,51.89051055908203
2019-09-25,50.61705017089844
2019-09-26,50.18391799926758
2019-09-27,48.0701904296875
2019-09-30,46.44157028198242
2019-10-01,45.999759674072266
2019-10-02,46.35493087768555
2019-10-03,46.29430389404297
2019-10-04,47.06529998779297
2019-10-07,46.79673767089844
2019-10-08,47.619720458984375
2019-10-09,47.41180419921875
2019-10-10,47.65436553955078
2019-10-11,45.237422943115234
2019-10-14,45.592613220214844
2019-10-15,44.908241271972656
2019-10-16,45.31539535522461
2019-10-17,46.42424011230469
2019-10-18,46.93534851074219
2019-10-21,45.93912124633789
2019-10-22,45.930458068847656
2019-10-23,46.866050720214844
2019-10-24,49.86339569091797
2019-10-25,50.91158676147461
2019-10-28,50.53909683227539
2019-10-29,51.379390716552734
2019-10-30,51.82986831665039
2019-10-31,53.25057601928711
2019-11-01,52.28032302856445
2019-11-04,51.65660095214844
2019-11-05,51.15415573120117
2019-11-06,51.569976806640625
2019-11-07,50.5910758972168
2019-11-08,49.94135284423828
2019-11-11,50.097293853759766
2019-11-12,50.3485221862793
2019-11-13,51.084869384765625
2019-11-14,51.301429748535156
2019-11-15,50.78165817260742
2019-11-18,51.379390716552734
2019-11-19,52.150394439697266
2019-11-20,52.47956848144531
2019-11-21,52.1244010925293
2019-11-22,51.97713088989258
2019-11-25,50.37450408935547
2019-11-26,50.5526237487793
2019-11-27,50.47442626953125
2019-11-29,51.78646469116211
2019-12-02,52.1861572265625
2019-12-03,53.60246276855469
2019-12-04,53.324424743652344
2019-12-05,53.367862701416016
2019-12-06,52.41206741333008
2019-12-09,51.525794982910156
2019-12-10,51.447593688964844
2019-12-11,52.994239807128906
2019-12-12,52.75094985961914
2019-12-13,53.12458038330078
2019-12-16,52.12533950805664
2019-12-17,51.343326568603516
2019-12-18,51.36069869995117
2019-12-19,51.073974609375
2019-12-20,50.378849029541016
2019-12-23,51.8994140625
2019-12-24,53.29835510253906
2019-12-26,53.27227783203125
2019-12-27,53.26359176635742
2019-12-30,54.28020477294922
2019-12-31,53.532962799072266
2020-01-02,52.837833404541016
2020-01-03,52.933406829833984
2020-01-06,52.994239807128906
2020-01-07,53.41999053955078
2020-01-08,51.447593688964844
2020-01-09,51.23905563354492
2020-01-10,51.525794982910156
2020-01-13,50.509185791015625
2020-01-14,50.56999969482422
2020-01-15,52.31649398803711
2020-01-16,52.438148498535156
2020-01-17,52.438148498535156
2020-01-21,54.26283645629883
2020-01-22,52.7161865234375
2020-01-23,52.976863861083984
2020-01-24,53.863128662109375
2020-01-27,53.61115264892578
2020-01-28,51.66481018066406
2020-01-29,52.7161865234375
2020-01-30,53.150634765625
2020-01-31,53.715423583984375
2020-02-03,52.942108154296875
2020-02-04,51.64743423461914
2020-02-05,51.77777862548828
2020-02-06,51.78646469116211
2020-02-07,50.51787567138672
2020-02-10,51.4562873840332
2020-02-11,51.78646469116211
2020-02-12,51.51711654663086
2020-02-13,51.36069869995117
2020-02-14,43.33205795288086
2020-02-18,43.080081939697266
2020-02-19,43.13221740722656
2020-02-20,44.652793884277344
2020-02-21,45.139373779296875
2020-02-24,45.8258056640625
2020-02-25,45.13069534301758
2020-02-26,44.452945709228516
2020-02-27,43.09214401245117
2020-02-28,41.46092224121094
2020-03-02,42.08026123046875
2020-03-03,44.095298767089844
2020-03-04,44.48784637451172
2020-03-05,46.37202453613281
2020-03-06,46.2847900390625
2020-03-09,42.99618148803711
2020-03-10,43.03107452392578
2020-03-11,39.533111572265625
2020-03-12,36.9685173034668
2020-03-13,32.51101303100586
2020-03-16,33.74969482421875
2020-03-17,36.244503021240234
2020-03-18,31.717201232910156
2020-03-19,33.967769622802734
2020-03-20,32.10102462768555
2020-03-23,33.01695251464844
2020-03-24,38.451454162597656
2020-03-25,36.235782623291016
2020-03-26,36.000247955322266
2020-03-27,33.8369255065918
2020-03-30,34.979652404785156
2020-03-31,34.70924377441406
2020-04-01,36.27939224243164
2020-04-02,38.05891036987305
2020-04-03,38.966094970703125
2020-04-06,39.78608322143555
2020-04-07,39.62906265258789
2020-04-08,40.03032684326172
2020-04-09,42.7344856262207
2020-04-13,45.09844970703125
2020-04-14,46.0928955078125
2020-04-15,45.92714309692383
2020-04-16,47.0437126159668
2020-04-17,47.00009536743164
2020-04-20,47.00009536743164
2020-04-21,46.93030548095703
2020-04-22,49.320438385009766
2020-04-23,52.3211784362793
2020-04-24,53.132442474365234
2020-04-27,53.05392837524414
2020-04-28,53.324344635009766
2020-04-29,52.87947082519531
2020-04-30,51.187171936035156
2020-05-01,53.38539505004883
2020-05-04,55.287044525146484
2020-05-05,55.6185188293457
2020-05-06,55.24343490600586
2020-05-07,57.17123794555664
2020-05-08,57.47653579711914
2020-05-11,56.307647705078125
2020-05-12,56.028507232666016
2020-05-13,56.65656280517578
2020-05-14,57.65971374511719
2020-05-15,60.128360748291016
2020-05-18,57.668453216552734
2020-05-19,59.325843811035156
2020-05-20,58.261619567871094
2020-05-21,56.752532958984375
2020-05-22,57.267189025878906
2020-05-26,55.287044525146484
2020-05-27,55.068973541259766
2020-05-28,55.47023010253906
2020-05-29,56.004005432128906
2020-06-01,56.10026931762695
2020-06-02,54.41140365600586
2020-06-03,50.963661193847656
2020-06-04,50.9724006652832
2020-06-05,50.91115188598633
2020-06-08,50.49987030029297
2020-06-09,51.48869323730469
2020-06-10,54.096370697021484
2020-06-11,52.320003509521484
2020-06-12,51.847469329833984
2020-06-15,53.39632797241211
2020-06-16,51.5849494934082
2020-06-17,51.1124153137207
2020-06-18,50.22860336303711
2020-06-19,51.794960021972656
2020-06-22,53.658851623535156
2020-06-23,54.612674713134766
2020-06-24,53.85137176513672
2020-06-25,53.96511459350586
2020-06-26,53.82509994506836
2020-06-29,54.47266387939453
2020-06-30,56.05651092529297
2020-07-01,56.27528762817383
2020-07-02,54.980194091796875
2020-07-06,55.050193786621094
2020-07-07,56.28403854370117
2020-07-08,57.640380859375
2020-07-09,57.89415740966797
2020-07-10,56.85281753540039
2020-07-13,54.55141067504883
2020-07-14,56.957828521728516
2020-07-15,57.59663009643555
2020-07-16,56.957828521728516
2020-07-17,58.57670974731445
2020-07-20,60.04680252075195
2020-07-21,60.28307342529297
2020-07-22,61.23690414428711
2020-07-23,60.51933288574219
2020-07-24,62.82950973510742
2020-07-27,64.85965728759766
2020-07-28,65.76095581054688
2020-07-29,64.13335418701172
2020-07-30,65.91848754882812
2020-07-31,69.55872344970703
2020-08-03,68.31614685058594
2020-08-04,71.37886047363281
2020-08-05,73.07649230957031
2020-08-06,73.59276580810547
2020-08-07,72.06139373779297
2020-08-10,71.65888214111328
2020-08-11,67.642333984375
2020-08-12,67.68609619140625
2020-08-13,69.16497039794922
2020-08-14,69.17369842529297
2020-08-17,72.16641235351562
2020-08-18,71.87765502929688
2020-08-19,70.44253540039062
2020-08-20,70.80133056640625
2020-08-21,69.56748962402344
2020-08-24,68.83243560791016
2020-08-25,68.79744720458984
2020-08-26,70.6700668334961
2020-08-27,69.47998809814453
2020-08-28,71.96265411376953
2020-08-31,72.3749771118164
2020-09-01,71.19066619873047
2020-09-02,71.9188003540039
2020-09-03,70.33969116210938
2020-09-04,69.18171691894531
2020-09-08,69.68175506591797
2020-09-09,72.91889953613281
2020-09-10,72.0328369140625
2020-09-11,72.0942611694336
2020-09-14,75.85774993896484
2020-09-15,75.31385040283203
2020-09-16,75.08574676513672
2020-09-17,73.80492401123047
2020-09-18,70.81343841552734
2020-09-21,68.87466430664062
2020-09-22,69.25189208984375
2020-09-23,65.5410385131836
2020-09-24,68.67288208007812
2020-09-25,68.55006408691406
2020-09-28,68.67288208007812
2020-09-29,70.00633239746094
2020-09-30,69.83968353271484
2020-10-01,71.1292495727539
2020-10-02,69.8133544921875
2020-10-05,70.97135162353516
2020-10-06,68.3570785522461
2020-10-07,68.07633972167969
2020-10-08,68.9097671508789
2020-10-09,72.54167175292969
2020-10-12,72.53288269042969
2020-10-13,72.95398712158203
2020-10-14,73.84878540039062
2020-10-15,72.69078063964844
2020-10-16,71.33100891113281
2020-10-19,69.78703308105469
2020-10-20,69.99756622314453
2020-10-21,71.69070434570312
2020-10-22,69.90106964111328
2020-10-23,69.51507568359375
2020-10-26,69.59403991699219
2020-10-27,70.72572326660156
2020-10-28,66.78675842285156
2020-10-29,69.00625610351562
2020-10-30,69.5589370727539
2020-11-02,71.04154205322266
2020-11-03,72.36620330810547
2020-11-04,69.96248626708984
2020-11-05,72.8750228881836
2020-11-06,73.83125305175781
2020-11-09,66.76920318603516
2020-11-10,64.2865219116211
2020-11-11,64.06719207763672
2020-11-12,65.40067291259766
2020-11-13,65.15502166748047
2020-11-16,64.0408935546875
2020-11-17,62.812705993652344
2020-11-18,60.38265609741211
2020-11-19,59.04043197631836
2020-11-20,59.32993698120117
2020-11-23,56.81216812133789
2020-11-24,55.47146987915039
2020-11-25,56.27412796020508
2020-11-27,56.865089416503906
2020-11-30,58.09994125366211
2020-12-01,60.68431854248047
2020-12-02,60.931297302246094
2020-12-03,60.8960075378418
2020-12-04,60.91365432739258
2020-12-07,63.61270523071289
2020-12-08,64.40652465820312
2020-12-09,62.413124084472656
2020-12-10,62.59834289550781
2020-12-11,61.8838996887207
2020-12-14,60.587303161621094
2020-12-15,61.97209930419922
2020-12-16,62.9952507019043
2020-12-17,64.38005828857422
2020-12-18,63.1275634765625
2020-12-21,63.24224090576172
2020-12-22,61.8838996887207
2020-12-23,62.61598587036133
2020-12-24,63.057003021240234
2020-12-28,62.39548110961914
2020-12-29,62.7835693359375
2020-12-30,63.62150955200195
2020-12-31,62.19260787963867
2021-01-04,66.31173706054688
2021-01-05,65.48260498046875
2021-01-06,66.61161804199219
2021-01-07,67.37898254394531
2021-01-08,63.61270523071289
2021-01-11,61.19590759277344
2021-01-12,62.122047424316406
2021-01-13,61.83097839355469
2021-01-14,61.74277877807617
2021-01-15,60.5520133972168
2021-01-19,60.410892486572266
2021-01-20,62.89824295043945
2021-01-21,62.52778244018555
2021-01-22,62.35139083862305
2021-01-25,62.730655670166016
2021-01-26,62.56306076049805
2021-01-27,59.952232360839844
2021-01-28,61.22236633300781
2021-01-29,61.61046600341797
2021-02-01,62.42193603515625
2021-02-02,61.16946029663086
2021-02-03,61.11652374267578
2021-02-04,60.37560272216797
2021-02-05,62.61598587036133
2021-02-08,64.00079345703125
2021-02-09,63.85968017578125
2021-02-10,64.40652465820312
2021-02-11,62.63364028930664
2021-02-12,58.81439971923828
2021-02-16,56.33586502075195
2021-02-17,54.386558532714844
2021-02-18,53.883792877197266
2021-02-19,52.73713684082031
2021-02-22,54.9510612487793
2021-02-23,53.59272003173828
2021-02-24,54.368919372558594
2021-02-25,51.79336166381836
2021-02-26,49.57504653930664
2021-03-01,49.12251281738281
2021-03-02,50.684200286865234
2021-03-03,49.6815185546875
2021-03-04,49.95659637451172
2021-03-05,50.72856521606445
2021-03-08,50.347015380859375
2021-03-09,51.11899185180664
2021-03-10,51.376312255859375
2021-03-11,52.325767517089844
2021-03-12,52.449989318847656
2021-03-15,52.938011169433594
2021-03-16,52.53871154785156
2021-03-17,54.49971389770508
2021-03-18,53.34619140625
2021-03-19,53.80759811401367
2021-03-22,53.594642639160156
2021-03-23,52.60083770751953
2021-03-24,52.050697326660156
2021-03-25,51.43842697143555
2021-03-26,52.228153228759766
2021-03-29,52.37013244628906
2021-03-30,50.32040023803711
2021-03-31,51.29645538330078
2021-04-01,52.9468879699707
2021-04-05,53.25745391845703
2021-04-06,53.76323318481445
2021-04-07,53.30182647705078
2021-04-08,53.93182373046875
2021-04-09,53.92294692993164
2021-04-12,53.34619140625
2021-04-13,54.34886169433594
2021-04-14,53.9495735168457
2021-04-15,56.13239669799805
2021-04-16,57.30368423461914
2021-04-19,58.20874786376953
2021-04-20,58.89199447631836
2021-04-21,59.655094146728516
2021-04-22,58.705650329589844
2021-04-23,58.661293029785156
2021-04-26,58.430572509765625
2021-04-27,57.33916473388672
2021-04-28,57.75621032714844
2021-04-29,56.45183563232422
2021-04-30,55.40478515625
2021-05-03,59.3534049987793
2021-05-04,58.89199447631836
2021-05-05,59.17593002319336
2021-05-06,60.59564971923828
2021-05-07,61.376502990722656
2021-05-10,60.79087448120117
2021-05-11,61.31438446044922
2021-05-12,60.932838439941406
2021-05-13,61.11917495727539
2021-05-14,62.13071823120117
2021-05-17,64.9968032836914
2021-05-18,64.7572250366211
2021-05-19,64.02074432373047
2021-05-20,65.28075408935547
2021-05-21,63.95863342285156
2021-05-24,63.9941291809082
2021-05-25,64.15386962890625
2021-05-26,64.57087707519531
2021-05-27,63.621456146240234
2021-05-28,63.66581726074219
2021-06-01,63.91549301147461
2021-06-02,64.21866607666016
2021-06-03,62.399635314941406
2021-06-04,63.059478759765625
2021-06-07,62.92572021484375
2021-06-08,62.60472869873047
2021-06-09,63.05056381225586
2021-06-10,64.62883758544922
2021-06-11,63.558815002441406
2021-06-14,63.22890853881836
2021-06-15,62.05187225341797
2021-06-16,61.00862121582031
2021-06-17,57.450828552246094
2021-06-18,55.97063064575195
2021-06-21,57.12089920043945
2021-06-22,56.48780059814453
2021-06-23,55.65854263305664
2021-06-24,55.77446746826172
2021-06-25,55.56937789916992
2021-06-28,54.42803192138672
2021-06-29,54.107032775878906
2021-06-30,53.901939392089844
2021-07-01,53.94652557373047
2021-07-02,55.00761413574219
2021-07-06,55.06112289428711
2021-07-07,55.12353515625
2021-07-08,53.96436309814453
2021-07-09,54.82035827636719
2021-07-12,53.92869186401367
2021-07-13,55.04328536987305
2021-07-14,55.453468322753906
2021-07-15,55.80121612548828
2021-07-16,54.62419509887695
2021-07-19,54.13376998901367
2021-07-20,54.35669708251953
2021-07-21,54.55286407470703
2021-07-22,53.83952713012695
2021-07-23,53.45610046386719
2021-07-26,54.49936294555664
2021-07-27,54.53502655029297
2021-07-28,55.034366607666016
2021-07-29,57.75398635864258
2021-07-30,57.673736572265625
2021-08-02,57.14764404296875
2021-08-03,57.09414291381836
2021-08-04,56.4610595703125
2021-08-05,55.1324577331543
2021-08-06,53.97327423095703
2021-08-09,52.53767395019531
2021-08-10,51.6370849609375
2021-08-11,52.332584381103516
2021-08-12,51.699493408203125
2021-08-13,52.73383712768555
2021-08-16,52.609012603759766
2021-08-17,52.020503997802734
2021-08-18,50.46005630493164
2021-08-19,49.889381408691406
2021-08-20,50.04097366333008
2021-08-23,51.91349792480469
2021-08-24,51.96698760986328
2021-08-25,51.003997802734375
2021-08-26,50.39765167236328
2021-08-27,52.2255859375
2021-08-30,51.04856491088867
2021-08-31,51.60481262207031
2021-09-01,51.14726257324219
2021-09-02,51.7035026550293
2021-09-03,52.81599044799805
2021-09-07,51.15623474121094
2021-09-08,51.11137390136719
2021-09-09,50.84222412109375
2021-09-10,49.49647903442383
2021-09-13,49.810482025146484
2021-09-14,49.99888229370117
2021-09-15,50.196258544921875
2021-09-16,48.29427719116211
2021-09-17,47.75597381591797
2021-09-20,47.56757736206055
2021-09-21,47.441978454589844
2021-09-22,47.118988037109375
2021-09-23,45.89885330200195
2021-09-24,45.315704345703125
2021-09-27,45.351585388183594
2021-09-28,44.60693359375
2021-09-29,45.854000091552734
2021-09-30,46.51790237426758
2021-10-01,45.746341705322266
2021-10-04,46.7421875
2021-10-05,47.199737548828125
2021-10-06,47.809818267822266
2021-10-07,48.24044418334961
2021-10-08,48.42884826660156
2021-10-11,48.22250747680664
2021-10-12,49.46059799194336
2021-10-13,51.21902847290039
2021-10-14,51.936767578125
2021-10-15,51.52406692504883
2021-10-18,50.75251007080078
2021-10-19,50.90502166748047
2021-10-20,51.443321228027344
2021-10-21,51.22800827026367
2021-10-22,51.25492477416992
2021-10-25,51.90087127685547
2021-10-26,51.371559143066406
2021-10-27,50.88709259033203
2021-10-28,49.6938591003418
2021-10-29,47.5944938659668
2021-11-01,47.711124420166016
2021-11-02,46.85881423950195
2021-11-03,47.19076919555664
2021-11-04,46.8319091796875
2021-11-05,48.08793640136719
2021-11-08,48.08793640136719
2021-11-09,49.81945037841797
2021-11-10,51.290809631347656
2021-11-11,51.10239791870117
2021-11-12,51.201087951660156
2021-11-15,51.47023010253906
2021-11-16,50.53718185424805
2021-11-17,51.14726257324219
2021-11-18,50.05272674560547
2021-11-19,48.760807037353516
2021-11-22,47.49580383300781
2021-11-23,46.679386138916016
2021-11-24,46.36537170410156
2021-11-26,46.49995803833008
2021-11-29,45.46821594238281
2021-11-30,44.98941421508789
2021-12-01,43.43556594848633
2021-12-02,43.209712982177734
2021-12-03,43.77885437011719
2021-12-06,44.456398010253906
2021-12-07,44.77260208129883
2021-12-08,44.98038101196289
2021-12-09,43.66141891479492
2021-12-10,43.0651741027832
2021-12-13,44.05891418457031
2021-12-14,44.5196418762207
2021-12-15,44.212486267089844
2021-12-16,46.236106872558594
2021-12-17,45.549522399902344
2021-12-20,46.48002243041992
2021-12-21,47.10337448120117
2021-12-22,47.27503204345703
2021-12-23,46.61553192138672
2021-12-27,46.47099685668945
2021-12-28,46.26321029663086
2021-12-29,46.21804428100586
2021-12-30,47.51893997192383
2021-12-31,48.00677490234375
2022-01-03,46.75104904174805
2022-01-04,47.672515869140625
2022-01-05,46.99496841430664
2022-01-06,45.17009353637695
2022-01-07,45.28753662109375
2022-01-10,46.606510162353516
2022-01-11,46.77815628051758
2022-01-12,47.48280715942383
2022-01-13,46.76008987426758
2022-01-14,46.44388961791992
2022-01-18,45.44111633300781
2022-01-19,49.054725646972656
2022-01-20,47.3111572265625
2022-01-21,45.97412109375
2022-01-24,45.43208312988281
2022-01-25,45.53145980834961
2022-01-26,43.85112762451172
2022-01-27,42.20693588256836
2022-01-28,41.791378021240234
2022-01-31,43.16453552246094
2022-02-01,43.263919830322266
2022-02-02,43.959537506103516
2022-02-03,43.48976516723633
2022-02-04,43.54397201538086
2022-02-07,44.43833541870117
2022-02-08,44.375099182128906
2022-02-09,44.6912841796875
2022-02-10,42.631534576416016
2022-02-11,44.935211181640625
2022-02-14,47.3472900390625
2022-02-15,46.68780517578125
2022-02-16,47.24791717529297
2022-02-17,50.726016998291016
2022-02-18,49.61482620239258
2022-02-22,48.44944381713867
2022-02-23,49.48835372924805
2022-02-24,46.97690200805664
2022-02-25,46.79621505737305
2022-02-28,45.61276626586914
2022-03-01,47.735755920410156
2022-03-02,47.546043395996094
2022-03-03,47.69058609008789
2022-03-04,51.42281723022461
2022-03-07,53.0340461730957
2022-03-08,55.482749938964844
2022-03-09,56.001617431640625
2022-03-10,56.50228500366211
2022-03-11,55.89238357543945
2022-03-14,54.15371322631836
2022-03-15,54.35397720336914
2022-03-16,54.30846405029297
2022-03-17,55.637508392333984
2022-03-18,54.94567108154297
2022-03-21,56.86640167236328
2022-03-22,55.801353454589844
2022-03-23,57.021156311035156
2022-03-24,56.61152648925781
2022-03-25,56.484073638916016
2022-03-28,54.97298049926758
2022-03-29,55.20966339111328
2022-03-30,56.20188903808594
2022-03-31,55.74673843383789
2022-04-01,57.60374450683594
2022-04-04,57.71298599243164
2022-04-05,57.12128829956055
2022-04-06,57.139488220214844
2022-04-07,57.33064651489258
2022-04-08,59.28779220581055
2022-04-11,58.095314025878906
2022-04-12,59.11485290527344
2022-04-13,59.788475036621094
2022-04-14,59.8976936340332
2022-04-18,59.85218811035156
2022-04-19,58.413909912109375
2022-04-20,59.06932830810547
2022-04-21,56.2200927734375
2022-04-22,54.25385284423828
2022-04-25,52.31490707397461
2022-04-26,50.985870361328125
2022-04-27,50.21210861206055
2022-04-28,50.84022903442383
2022-04-29,53.00674057006836
2022-05-02,52.36042022705078
2022-05-03,52.66081619262695
2022-05-04,54.2629508972168
2022-05-05,52.879302978515625
2022-05-06,52.23298263549805
2022-05-09,49.20167922973633
2022-05-10,48.673702239990234
2022-05-11,48.273170471191406
2022-05-12,46.07025146484375
2022-05-13,46.097564697265625
2022-05-16,47.016971588134766
2022-05-17,47.42659378051758
2022-05-18,46.33424377441406
2022-05-19,49.219886779785156
2022-05-20,49.02872848510742
2022-05-23,48.93769454956055
2022-05-24,50.10288619995117
2022-05-25,49.89351272583008
2022-05-26,48.819358825683594
2022-05-27,49.210792541503906
2022-05-31,48.54131317138672
2022-06-01,48.761417388916016
2022-06-02,50.84319305419922
2022-06-03,49.68767547607422
2022-06-06,48.972347259521484
2022-06-07,49.04570770263672
2022-06-08,48.67888259887695
2022-06-09,47.07398223876953
2022-06-10,49.53176498413086
2022-06-13,46.3494873046875
2022-06-14,44.533660888671875
2022-06-15,45.1389274597168
2022-06-16,47.193199157714844
2022-06-17,46.532894134521484
2022-06-21,47.18402099609375
2022-06-22,46.294464111328125
2022-06-23,44.20349884033203
2022-06-24,45.1389274597168
2022-06-27,45.91845703125
2022-06-28,44.533660888671875
2022-06-29,43.79997634887695
2022-06-30,41.9658088684082
2022-07-01,43.479000091552734
2022-07-05,41.76405715942383
2022-07-06,41.479766845703125
2022-07-07,41.516448974609375
2022-07-08,41.42473602294922
2022-07-11,41.16794967651367
2022-07-12,40.25086212158203
2022-07-13,41.030391693115234
2022-07-14,39.42548751831055
2022-07-15,39.07699966430664
2022-07-18,39.168704986572266
2022-07-19,39.41632080078125
2022-07-20,37.63717269897461
2022-07-21,37.9489860534668
2022-07-22,36.940189361572266
2022-07-25,35.25274658203125
2022-07-26,36.206520080566406
2022-07-27,36.23402786254883
2022-07-28,38.52674102783203
2022-07-29,39.42548751831055
2022-08-01,39.37963104248047
2022-08-02,38.719337463378906
2022-08-03,39.07699966430664
2022-08-04,40.13164520263672
2022-08-05,39.85651397705078
2022-08-08,41.26883316040039
2022-08-09,41.20463562011719
2022-08-10,42.103370666503906
2022-08-11,41.17711639404297
2022-08-12,42.42436599731445
2022-08-15,41.681522369384766
2022-08-16,41.70903015136719
2022-08-17,40.030765533447266
2022-08-18,40.498470306396484
2022-08-19,40.09495544433594
2022-08-22,40.61770248413086
2022-08-23,41.22297668457031
2022-08-24,41.919960021972656
2022-08-25,41.78239059448242
2022-08-26,39.94823455810547
2022-08-29,39.957393646240234
2022-08-30,38.792701721191406
2022-08-31,38.153865814208984
2022-09-01,37.209510803222656
2022-09-02,38.47792434692383
2022-09-06,37.977962493896484
2022-09-07,39.274139404296875
2022-09-08,39.764835357666016
2022-09-09,40.83879852294922
2022-09-12,41.505409240722656
2022-09-13,39.63521194458008
2022-09-14,39.81113052368164
2022-09-15,38.03350830078125
2022-09-16,38.589012145996094
2022-09-19,38.79270553588867
2022-09-20,38.07980728149414
2022-09-21,38.06128692626953
2022-09-22,38.07980728149414
2022-09-23,36.17258071899414
2022-09-26,34.75603485107422
2022-09-27,34.85788345336914
2022-09-28,37.70021438598633
2022-09-29,38.35755157470703
2022-09-30,39.098228454589844
2022-10-03,40.811038970947266
2022-10-04,42.04240036010742
2022-10-05,41.13507080078125
2022-10-06,41.783172607421875
2022-10-07,39.477813720703125
2022-10-10,38.96860122680664
2022-10-11,38.41310119628906
2022-10-12,38.83899688720703
2022-10-13,38.737152099609375
2022-10-14,37.14470291137695
2022-10-17,38.30200958251953
2022-10-18,38.68159484863281
2022-10-19,37.4039421081543
2022-10-20,37.9409294128418
2022-10-21,39.87593460083008
2022-10-24,39.2000732421875
2022-10-25,39.82964324951172
2022-10-26,41.486900329589844
2022-10-27,41.597999572753906
2022-10-28,41.82019805908203
2022-10-31,40.69993591308594
2022-11-01,42.36643981933594
2022-11-02,39.16303253173828
2022-11-03,38.03350830078125
2022-11-04,40.190711975097656
2022-11-07,39.885189056396484
2022-11-08,42.23682403564453
2022-11-09,40.90361404418945
2022-11-10,44.10702133178711
2022-11-11,45.088409423828125
2022-11-14,45.014347076416016
2022-11-15,44.53291320800781
2022-11-16,44.21812057495117
2022-11-17,43.71816635131836
2022-11-18,44.190345764160156
2022-11-21,43.8477897644043
2022-11-22,45.48653030395508
2022-11-23,46.11609649658203
2022-11-25,46.1716423034668
2022-11-28,44.82917404174805
2022-11-29,46.19015884399414
2022-11-30,47.0114860534668
2022-12-01,48.691463470458984
2022-12-02,48.318138122558594
2022-12-05,46.99281692504883
2022-12-06,47.403480529785156
2022-12-07,48.43014144897461
2022-12-08,48.318138122558594
2022-12-09,47.524818420410156
2022-12-12,47.87015151977539
2022-12-13,49.33545684814453
2022-12-14,49.11146545410156
2022-12-15,47.104820251464844
2022-12-16,47.655479431152344
2022-12-19,46.9461669921875
2022-12-20,48.5608024597168
2022-12-21,48.812801361083984
2022-12-22,48.318138122558594
2022-12-23,49.11146545410156
2022-12-27,49.97011947631836
2022-12-28,48.5608024597168
2022-12-29,48.67280578613281
2022-12-30,48.523468017578125
2023-01-03,49.98878860473633
2023-01-04,51.780757904052734
2023-01-05,50.89411544799805
2023-01-06,51.594112396240234
2023-01-09,51.06210708618164
2023-01-10,51.5567741394043
2023-01-11,50.9034423828125
2023-01-12,51.510108947753906
2023-01-13,52.21942901611328
2023-01-17,50.94077682495117
2023-01-18,50.74477005004883
2023-01-19,51.80876541137695
2023-01-20,52.4901008605957
2023-01-23,52.630088806152344
2023-01-24,53.498085021972656
2023-01-25,54.048736572265625
2023-01-26,53.292755126953125
2023-01-27,53.078086853027344
2023-01-30,52.247432708740234
2023-01-31,52.71409225463867
2023-02-01,53.38608932495117
2023-02-02,51.295440673828125
2023-02-03,48.94346237182617
2023-02-06,48.94346237182617
2023-02-07,49.27012634277344
2023-02-08,49.17679214477539
2023-02-09,48.10347366333008
2023-02-10,47.814144134521484
2023-02-13,47.85148239135742
2023-02-14,47.636810302734375
2023-02-15,45.872833251953125
2023-02-16,46.01283264160156
2023-02-17,43.147525787353516
2023-02-21,43.3995246887207
2023-02-22,42.372867584228516
2023-02-23,42.3635368347168
2023-02-24,42.391536712646484
2023-02-27,42.87686538696289
2023-02-28,43.33821105957031
2023-03-01,44.15733337402344
2023-03-02,44.36446762084961
2023-03-03,44.92938995361328
2023-03-06,44.552772521972656
2023-03-07,42.820377349853516
2023-03-08,42.151893615722656
2023-03-09,42.330780029296875
2023-03-10,42.76388168334961
2023-03-13,44.94821548461914
2023-03-14,45.06119918823242
2023-03-15,45.353065490722656
2023-03-16,45.353065490722656
2023-03-17,47.86692428588867
2023-03-20,47.89516830444336
2023-03-21,46.57704544067383
2023-03-22,47.32084274291992
2023-03-23,48.13996505737305
2023-03-24,48.657798767089844
2023-03-27,48.50716018676758
2023-03-28,49.185054779052734
2023-03-29,48.68605422973633
2023-03-30,48.384761810302734
2023-03-31,47.98932647705078
2023-04-03,49.458099365234375
2023-04-04,52.14143371582031
2023-04-05,52.64985656738281
2023-04-06,53.23359298706055
2023-04-10,52.913475036621094
2023-04-11,53.46897506713867
2023-04-12,54.34458923339844
2023-04-13,55.8133659362793
2023-04-14,54.94716262817383
2023-04-17,54.12804412841797
2023-04-18,53.920902252197266
2023-04-19,53.03587341308594
2023-04-20,53.42190933227539
2023-04-21,52.97938537597656
2023-04-24,52.86640548706055
2023-04-25,53.02646255493164
2023-04-26,52.621604919433594
2023-04-27,53.280677795410156
2023-04-28,53.4124870300293
2023-05-01,52.64985656738281
2023-05-02,54.73061752319336
2023-05-03,54.66470718383789
2023-05-04,56.86787033081055
2023-05-05,56.3123664855957
2023-05-08,55.89809799194336
2023-05-09,56.444183349609375
2023-05-10,55.78511428833008
2023-05-11,53.459556579589844
2023-05-12,53.43131637573242
2023-05-15,53.97739791870117
2023-05-16,52.60277557373047
2023-05-17,51.88722229003906
2023-05-18,50.59733963012695
2023-05-19,50.87037658691406
2023-05-22,50.34312438964844
2023-05-23,50.29604721069336
2023-05-24,48.97792053222656
2023-05-25,48.12114334106445
2023-05-26,48.026981353759766
2023-05-30,47.32084274291992
2023-05-31,48.193992614746094
2023-06-01,49.68403625488281
2023-06-02,49.30441665649414
2023-06-05,49.43727493286133
2023-06-06,49.37084197998047
2023-06-07,48.16551971435547
2023-06-08,48.924774169921875
2023-06-09,48.37432098388672
2023-06-12,48.28889465332031
2023-06-13,47.51065444946289
2023-06-14,47.586585998535156
2023-06-15,47.85232162475586
2023-06-16,48.40278625488281
2023-06-20,46.248390197753906
2023-06-21,46.656494140625
2023-06-22,46.590057373046875
2023-06-23,46.609039306640625
2023-06-26,46.68495559692383
2023-06-27,46.51413345336914
2023-06-28,46.01111602783203
2023-06-29,46.722923278808594
2023-06-30,47.434730529785156
2023-07-03,47.94723129272461
2023-07-05,46.798858642578125
2023-07-06,45.75486373901367
2023-07-07,45.92570495605469
2023-07-10,46.94121551513672
2023-07-11,47.38727951049805
2023-07-12,49.997230529785156
2023-07-13,50.26297378540039
2023-07-14,49.92129898071289
2023-07-17,49.94977951049805
2023-07-18,51.0981559753418
2023-07-19,50.84191131591797
2023-07-20,49.27593231201172
2023-07-21,49.43727493286133
2023-07-24,49.152557373046875
2023-07-25,49.64607238769531
2023-07-26,49.551170349121094
2023-07-27,48.013668060302734
2023-07-28,48.706485748291016
2023-07-31,49.7409782409668
2023-08-01,48.03265380859375
2023-08-02,46.14398956298828
2023-08-03,45.88774871826172
2023-08-04,46.0870475769043
2023-08-07,46.00163269042969
2023-08-08,45.74538040161133
2023-08-09,45.96366500854492
2023-08-10,45.94469451904297
2023-08-11,46.55209732055664
2023-08-14,45.669456481933594
2023-08-15,44.49260330200195
2023-08-16,43.590980529785156
2023-08-17,44.10348129272461
2023-08-18,43.866214752197266
2023-08-21,44.207889556884766
2023-08-22,44.42617416381836
2023-08-23,45.460662841796875
2023-08-24,45.40370559692383
2023-08-25,44.90070724487305
2023-08-28,45.90672302246094
2023-08-29,46.561580657958984
2023-08-30,46.637516021728516
2023-08-31,46.41742706298828
2023-09-01,46.0538215637207
2023-09-05,45.23092269897461
2023-09-06,45.020408630371094
2023-09-07,45.1161003112793
2023-09-08,45.32661437988281
2023-09-11,45.967708587646484
2023-09-12,45.86245346069336
2023-09-13,45.29790496826172
2023-09-14,46.01555252075195
2023-09-15,46.96284866333008
2023-09-18,47.642215728759766
2023-09-19,47.1733512878418
2023-09-20,48.07280731201172
2023-09-21,46.96284866333008
2023-09-22,46.934139251708984
2023-09-25,46.484413146972656
2023-09-26,44.98213195800781
2023-09-27,43.2310791015625
2023-09-28,43.623390197753906
2023-09-29,43.48943328857422
2023-10-02,41.90103530883789
2023-10-03,42.3411979675293
2023-10-04,41.51829528808594
2023-10-05,42.44645690917969
2023-10-06,43.1545295715332
2023-10-09,44.341041564941406
2023-10-10,44.73335266113281
2023-10-11,45.49884796142578
2023-10-12,44.72378921508789
2023-10-13,46.5035514831543
2023-10-16,46.11124038696289
2023-10-17,47.19248962402344
2023-10-18,47.15421676635742
2023-10-19,47.479549407958984
2023-10-20,47.65178680419922
2023-10-23,47.25947570800781
2023-10-24,47.307308197021484
2023-10-25,46.70448684692383
2023-10-26,45.355316162109375
2023-10-27,46.68535614013672
2023-10-30,45.56582260131836
2023-10-31,44.886451721191406
2023-11-01,44.98213195800781
2023-11-02,45.53711700439453
2023-11-03,47.32645797729492
2023-11-06,47.03939437866211
2023-11-07,46.09209442138672
2023-11-08,44.896018981933594
2023-11-09,45.26919937133789
2023-11-10,45.02998352050781
2023-11-13,44.656803131103516
2023-11-14,46.149513244628906
2023-11-15,45.74762725830078
2023-11-16,46.60880661010742
2023-11-17,46.29304122924805
2023-11-20,46.49397659301758
2023-11-21,47.3934326171875
2023-11-22,47.44127655029297
2023-11-24,47.67092514038086
2023-11-27,48.59907913208008
2023-11-28,51.10606002807617
2023-11-29,51.10606002807617
2023-11-30,51.77127456665039
2023-12-01,52.43649673461914
2023-12-04,51.58810043334961
2023-12-05,51.0000114440918
2023-12-06,51.028934478759766
2023-12-07,50.62401580810547
2023-12-08,49.399635314941406
2023-12-11,49.322509765625
2023-12-12,48.49339294433594
2023-12-13,51.63630676269531
2023-12-14,52.57146453857422
2023-12-15,52.07013702392578
2023-12-18,52.51362228393555
2023-12-19,53.44878005981445
2023-12-20,52.127986907958984
2023-12-21,52.667877197265625
2023-12-22,53.313812255859375
2023-12-26,53.44878005981445
2023-12-27,54.0272331237793
2023-12-28,53.00530242919922
2023-12-29,52.87997055053711
2024-01-02,52.10870361328125
2024-01-03,50.67222213745117
2024-01-04,50.691505432128906
2024-01-05,50.73971176147461
2024-01-08,50.5758171081543
2024-01-09,49.7177734375
2024-01-10,50.19017791748047
2024-01-11,49.77562713623047
2024-01-12,50.68186569213867
2024-01-16,48.3969841003418
2024-01-17,47.220802307128906
2024-01-18,47.38469314575195
2024-01-19,47.567874908447266
2024-01-22,47.587158203125
2024-01-23,48.65729522705078
2024-01-24,47.1918830871582
2024-01-25,47.98242950439453
2024-01-26,47.606441497802734
2024-01-29,48.127037048339844
2024-01-30,47.722129821777344
2024-01-31,47.394344329833984
2024-02-01,48.79226303100586
2024-02-02,46.87372970581055
2024-02-05,45.77467727661133
2024-02-06,46.073543548583984
2024-02-07,45.79396057128906
2024-02-08,45.475807189941406
2024-02-09,44.94556427001953
2024-02-12,45.22514724731445
2024-02-13,43.364471435546875
2024-02-14,43.672977447509766
2024-02-15,44.964847564697266
2024-02-16,46.08318328857422
2024-02-20,46.87372970581055
2024-02-21,47.008705139160156
2024-02-22,46.43025207519531
2024-02-23,47.84745788574219
2024-02-26,47.12439727783203
2024-02-27,46.46881866455078
2024-02-28,46.295284271240234
2024-02-29,46.72304153442383
2024-03-01,48.23965072631836
2024-03-04,50.51455307006836
2024-03-05,51.30202102661133
2024-03-06,52.167259216308594
2024-03-07,52.77973556518555
2024-03-08,52.993614196777344
2024-03-11,54.0921745300293
2024-03-12,53.790802001953125
2024-03-13,54.65605163574219
2024-03-14,54.07273483276367
2024-03-15,54.38383102416992
2024-03-18,53.76164245605469
2024-03-19,52.85750961303711
2024-03-20,54.36438751220703
2024-03-21,54.821311950683594
2024-03-22,54.0921745300293
2024-03-25,54.45188903808594
2024-03-26,54.50049591064453
2024-03-27,56.24070358276367
2024-03-28,57.99062728881836
2024-04-01,59.5947265625
2024-04-02,59.10863494873047
2024-04-03,60.00304412841797
2024-04-04,58.904476165771484
2024-04-05,60.2752571105957
2024-04-08,59.44889831542969
2024-04-09,60.479408264160156
2024-04-10,59.55583572387695
2024-04-11,59.954437255859375
2024-04-12,59.74055480957031
2024-04-15,59.721107482910156
2024-04-16,60.022483825683594
2024-04-17,60.75162887573242
2024-04-18,61.7043571472168
2024-04-19,62.06407165527344
2024-04-22,60.528018951416016
2024-04-23,61.16966247558594
2024-04-24,61.918243408203125
2024-04-25,63.13346862792969
2024-04-26,63.69733428955078
2024-04-29,63.979270935058594
2024-04-30,61.58769607543945
2024-05-01,62.452945709228516
2024-05-02,63.3084716796875
2024-05-03,63.23069381713867
2024-05-06,64.29035949707031
2024-05-07,64.04730987548828
2024-05-08,64.43618774414062
2024-05-09,66.20555877685547
2024-05-10,66.4972152709961
2024-05-13,65.86529541015625
2024-05-14,66.73052215576172
2024-05-15,67.17772674560547
2024-05-16,66.89580535888672
2024-05-17,68.1596450805664
2024-05-20,68.8110122680664
2024-05-21,68.16938018798828
2024-05-22,66.1180648803711
2024-05-23,65.44727325439453
2024-05-24,65.826416015625
2024-05-28,67.0124740600586
2024-05-29,65.51531219482422
2024-05-30,66.68193054199219
2024-05-31,66.70148468017578
2024-06-03,67.11219024658203
2024-06-04,63.58203125
2024-06-05,64.63814544677734
2024-06-06,67.1708755493164
2024-06-07,62.38901901245117
2024-06-10,63.79717254638672
2024-06-11,63.24956130981445
2024-06-12,64.18831634521484
2024-06-13,62.613929748535156
2024-06-14,62.82906723022461
2024-06-17,62.82906723022461
2024-06-18,63.18110275268555
2024-06-20,64.60881805419922
2024-06-21,63.78740310668945
2024-06-24,64.20789337158203
2024-06-25,63.45490646362305
2024-06-26,63.91451644897461
2024-06-27,64.91197204589844
2024-06-28,63.95363235473633
2024-07-01,63.60160446166992
2024-07-02,64.21766662597656
2024-07-03,66.5450210571289
2024-07-05,68.25633239746094
2024-07-08,68.38346099853516
2024-07-09,68.64747619628906
2024-07-10,71.65936279296875
2024-07-11,72.9697265625
2024-07-12,73.45867156982422
2024-07-15,73.09685516357422
2024-07-16,74.79837036132812
2024-07-17,73.81070709228516
2024-07-18,73.28264617919922
2024-07-19,72.5296859741211
2024-07-22,73.10663604736328
2024-07-23,73.76182556152344
2024-07-24,72.97949981689453
2024-07-25,71.42466735839844
2024-07-26,71.77670288085938
2024-07-29,72.87194061279297
2024-07-30,73.49778747558594
2024-07-31,75.46333312988281
2024-08-01,74.40721893310547
2024-08-02,73.45867156982422
2024-08-05,71.55180358886719
2024-08-06,73.3510971069336
2024-08-07,70.64236450195312
2024-08-08,71.93315887451172
2024-08-09,72.51011657714844
2024-08-12,75.03306579589844
2024-08-13,75.79581451416016
2024-08-14,75.92294311523438
2024-08-15,76.35321044921875
2024-08-16,78.23074340820312
2024-08-19,79.05216217041016
2024-08-20,80.22562408447266
2024-08-21,80.87103271484375
2024-08-22,79.66822814941406
2024-08-23,80.95904541015625
2024-08-26,80.49945068359375
2024-08-27,80.45054626464844
2024-08-28,79.41397857666016
2024-08-29,80.27452087402344
2024-08-30,80.0583267211914
2024-09-03,77.64096069335938
2024-09-04,76.9432601928711
2024-09-05,77.34615325927734
2024-09-06,75.55770111083984
2024-09-09,76.4126205444336
2024-09-10,77.54269409179688
2024-09-11,77.72940826416016
2024-09-12,80.44158172607422
2024-09-13,81.72887420654297
2024-09-16,81.12944793701172
2024-09-17,80.86412811279297
2024-09-18,79.88146209716797
2024-09-19,80.41209411621094
2024-09-20,81.68956756591797
2024-09-23,81.17857360839844
2024-09-24,82.54450225830078
2024-09-25,82.78033447265625
2024-09-26,82.62310791015625
2024-09-27,80.40226745605469
2024-09-30,79.16410064697266
2024-10-01,80.43174743652344
2024-10-02,80.18608093261719
2024-10-03,78.55484771728516
2024-10-04,77.45425415039062
2024-10-07,76.86465454101562
2024-10-08,76.8253402709961
2024-10-09,76.81551361083984
2024-10-10,78.04385375976562
2024-10-11,78.08316040039062
2024-10-14,78.43692779541016
2024-10-15,80.65776062011719
2024-10-16,80.7855224609375
2024-10-17,80.75603485107422
2024-10-18,84.67689514160156
2024-10-21,85.12892150878906
2024-10-22,86.46536254882812
2024-10-23,87.07462310791016
2024-10-24,86.4063949584961
2024-10-25,85.37459564208984
2024-10-28,85.25667572021484
2024-10-29,87.31046295166016
2024-10-30,86.71102142333984
2024-10-31,84.79481506347656
2024-11-01,84.31330871582031
2024-11-04,84.40174865722656
2024-11-05,84.30347442626953
2024-11-06,81.72887420654297
2024-11-07,84.04798126220703
2024-11-08,82.38726806640625
2024-11-11,76.77620697021484
2024-11-12,75.81318664550781
2024-11-13,74.67328643798828
2024-11-14,76.2947006225586
2024-11-15,75.42994689941406
2024-11-18,78.6039810180664
2024-11-19,81.02134704589844
2024-11-20,81.36530303955078
2024-11-21,82.1219482421875
2024-11-22,82.83929443359375
2024-11-25,80.30400848388672
2024-11-26,82.652587890625
2024-11-27,82.102294921875
2024-11-29,83.35629272460938
2024-12-02,81.8258285522461
2024-12-03,84.90650177001953
2024-12-04,84.43256378173828
2024-12-05,83.93885803222656
2024-12-06,82.53673553466797
2024-12-09,83.46490478515625
2024-12-10,83.24767303466797
2024-12-11,86.24937438964844
2024-12-12,84.13633728027344
2024-12-13,82.66511535644531
2024-12-16,81.59872436523438
2024-12-17,80.7001953125
2024-12-18,76.78021240234375
2024-12-19,76.38526153564453
2024-12-20,77.17517852783203
2024-12-23,77.84659576416016
2024-12-24,77.73799133300781
2024-12-26,78.01445770263672
2024-12-27,77.65898895263672
2024-12-30,76.86907196044922
2024-12-31,77.22454071044922
2025-01-02,80.9569091796875
2025-01-03,80.0583724975586
2025-01-06,78.65628051757812
2025-01-07,80.12749481201172
2025-01-08,82.30964660644531
2025-01-10,83.23780822753906
2025-01-13,81.32225036621094
2025-01-14,82.88233947753906
2025-01-15,83.27729797363281
2025-01-16,83.11932373046875
2025-01-17,83.95861053466797
2025-01-21,87.48363494873047
2025-01-22,88.1056900024414
2025-01-23,87.58236694335938
2025-01-24,88.8067398071289
2025-01-27,88.34266662597656
2025-01-28,88.83635711669922
2025-01-29,88.97460174560547
2025-01-30,93.26978302001953
2025-01-31,91.7689437866211
2025-02-03,93.66474151611328
2025-02-04,94.38554382324219
2025-02-05,97.35762023925781
2025-02-06,97.71308135986328
2025-02-07,97.11077117919922
2025-02-10,99.24356079101562
2025-02-11,97.13052368164062
2025-02-12,98.295654296875
2025-02-13,99.5397720336914
2025-02-14,94.64227294921875
2025-02-18,96.09375762939453
2025-02-19,96.81455993652344
2025-02-20,96.80467224121094
2025-02-21,94.88912200927734
2025-02-24,96.26160430908203
2025-02-25,95.62966918945312
2025-02-26,97.12064361572266
2025-02-27,93.89185333251953
2025-02-28,95.46844482421875
2025-03-03,95.12139892578125
2025-03-04,95.06190490722656
2025-03-05,98.71088409423828
2025-03-06,97.0549545288086
2025-03-07,97.95729064941406
2025-03-10,96.21212768554688
2025-03-11,99.72228240966797
2025-03-12,100.1982421875
2025-03-13,101.81450653076172
2025-03-14,102.72674560546875
2025-03-17,104.392578125
2025-03-18,104.92803192138672
2025-03-19,104.59089660644531
2025-03-20,104.52149200439453
2025-03-21,103.46050262451172
2025-03-24,103.3018569946289
2025-03-25,104.56114959716797
2025-03-26,103.86705017089844
2025-03-27,106.92108917236328
2025-03-28,106.45504760742188
2025-03-31,107.49620819091797
2025-04-01,107.32762908935547
2025-04-02,106.62361907958984
2025-04-03,107.57553100585938
2025-04-04,98.6414794921875
2025-04-07,98.79020690917969
2025-04-08,99.28599548339844
2025-04-09,104.908203125
2025-04-10,110.60973358154297
2025-04-11,116.65831756591797
2025-04-14,117.39208221435547
2025-04-15,119.55370330810547
2025-04-16,121.50709533691406
2025-04-17,120.50560760498047
2025-04-21,122.42926025390625
2025-04-22,120.07923126220703
2025-04-23,117.24333953857422
2025-04-24,118.62162017822266
2025-04-25,117.51106262207031
2025-04-28,118.01676177978516
2025-04-29,115.38910675048828
2025-04-30,116.58891296386719
2025-05-01,111.61121368408203
2025-05-02,110.18336486816406
2025-05-05,113.33655548095703
2025-05-06,118.1258316040039
2025-05-07,116.31126403808594
2025-05-08,113.69352722167969
2025-05-09,116.33109283447266
2025-05-12,105.5626449584961
2025-05-13,106.09808349609375
2025-05-14,103.89679718017578
2025-05-15,105.61222839355469
2025-05-16,105.55271911621094
2025-05-19,107.30780029296875
2025-05-20,111.62113189697266
2025-05-21,114.65534210205078
2025-05-22,113.62410736083984
2025-05-23,116.62857055664062
2025-05-27,115.3197021484375
2025-05-28,116.87646484375
2025-05-29,117.1739273071289
2025-05-30,117.392822265625
2025-06-02,123.6509780883789
2025-06-03,121.88994598388672
2025-06-04,122.98438262939453
2025-06-05,121.44221496582031
2025-06-06,117.3729248046875
2025-06-09,117.90023803710938
2025-06-10,116.45758056640625
2025-06-11,118.30816650390625
2025-06-12,121.47206115722656
2025-06-13,123.83007049560547
2025-06-16,123.3823471069336
2025-06-17,123.2828598022461
2025-06-18,122.02923583984375
2025-06-20,120.40747833251953
2025-06-23,121.7406997680664
2025-06-24,119.88016510009766
2025-06-25,119.17375946044922
2025-06-26,122.42721557617188
2025-06-27,115.53228759765625
2025-06-30,118.32806396484375
2025-07-01,117.36296844482422
2025-07-02,118.0992202758789
2025-07-03,119.45234680175781
2025-07-07,121.5317611694336
2025-07-08,115.55218505859375
2025-07-09,117.0943374633789
2025-07-10,117.55201721191406
2025-07-11,119.27325439453125
2025-07-14,118.95487213134766
2025-07-15,118.4573974609375
2025-07-16,119.10411834716797
2025-07-17,118.00968170166016
2025-07-18,117.13414001464844
2025-07-21,122.04913330078125
2025-07-22,127.96900939941406
2025-07-23,126.55619812011719
2025-07-24,125.1533432006836
2025-07-25,126.20797729492188
2025-07-28,123.11370849609375
2025-07-29,125.6607666015625
2025-07-30,122.74559783935547
2025-07-31,123.73057556152344
2025-08-01,124.58622741699219
2025-08-04,130.72499084472656
2025-08-05,133.86900329589844
2025-08-06,134.73458862304688
2025-08-07,135.0927734375
2025-08-08,134.92364501953125
2025-08-11,134.77439880371094
2025-08-12,134.69480895996094
2025-08-13,133.0133514404297
2025-08-14,132.05821228027344
2025-08-15,132.67507934570312
2025-08-18,132.83425903320312
2025-08-19,129.57086181640625
2025-08-20,134.00830078125
2025-08-21,135.64993286132812
2025-08-22,136.56529235839844
2025-08-25,135.92852783203125
2025-08-26,138.9630889892578
2025-08-27,138.7939453125
2025-08-28,138.4059295654297
2025-08-29,143.4403076171875
2025-09-02,147.40121459960938
2025-09-03,148.42884826660156
2025-09-04,148.04971313476562
2025-09-05,151.5017852783203
2025-09-08,153.82643127441406
2025-09-09,152.39971923828125
2025-09-10,152.4695587158203
2025-09-11,153.37747192382812
2025-09-12,152.89857482910156
2025-09-15,153.4073944091797
2025-09-16,152.05052185058594
2025-09-17,152.8486785888672
2025-09-18,154.02598571777344
2025-09-19,160.82037353515625
2025-09-22,160.82037353515625
2025-09-23,162.01760864257812
2025-09-24,157.5678253173828
2025-09-25,159.53330993652344
2025-09-26,163.0452423095703
2025-09-29,166.3875732421875
2025-09-30,168.1734619140625
2025-10-01,169.7997283935547
2025-10-02,167.75442504882812
2025-10-03,169.031494140625
2025-10-06,170.01922607421875
2025-10-07,165.90866088867188
2025-10-08,169.18115234375
2025-10-09,161.35911560058594
2025-10-10,164.0030517578125
2025-10-13,171.70535278320312
2025-10-14,170.7974395751953
2025-10-15,178.3301239013672
2025-10-16,185.09457397460938
2025-10-17,174.08987426757812
2025-10-20,178.09066772460938
2025-10-21,162.82574462890625
2025-10-22,163.12506103515625
2025-10-23,164.29238891601562
2025-10-24,162.9754180908203
2025-10-27,154.8141632080078
2025-10-28,156.43045043945312
2025-10-29,156.42047119140625
2025-10-30,162.2371063232422
2025-10-31,160.4412384033203
2025-11-03,162.1373291015625
2025-11-04,155.55247497558594
2025-11-05,159.31381225585938
2025-11-06,158.92471313476562
2025-11-07,161.03985595703125
2025-11-10,167.53492736816406
2025-11-11,167.45510864257812
2025-11-12,172.70306396484375
2025-11-13,168.4827423095703
2025-11-14,167.72450256347656
2025-11-17,164.561767578125
2025-11-18,166.10821533203125
2025-11-19,167.28550720214844
2025-11-20,158.23631286621094
2025-11-21,159.63308715820312
2025-11-24,165.81887817382812
2025-11-25,165.4896240234375
2025-11-26,172.6232452392578
2025-11-28,174.02999877929688
2025-12-01,172.00999450683594
2025-12-02,169.77000427246094
2025-12-03,169.17999267578125
2025-12-04,171.42999267578125
2025-12-05,168.8300018310547
2025-12-08,164.72000122070312
2025-12-09,166.27999877929688
2025-12-10,164.11000061035156
2025-12-11,170.39999389648438
2025-12-12,168.27000427246094
2025-12-15,168.39999389648438
2025-12-16,166.52999877929688
2025-12-17,167.50999450683594
2025-12-18,168.61000061035156
2025-12-19,174.2100067138672
2025-12-22,180.1300048828125
2025-12-23,181.27000427246094
2025-12-24,181.33999633789062
2025-12-26,183.2100067138672
2025-12-29,171.33999633789062
2025-12-30,171.83999633789062
2025-12-31,169.52999877929688
