Price,Close
Ticker,ITSA4.SA
Date,
2000-01-03,0.2976152300834656
2000-01-04,0.2691998779773712
2000-01-05,0.29163315892219543
2000-01-06,0.29611968994140625
2000-01-07,0.2946242392063141
2000-01-10,0.3050929009914398
2000-01-11,0.30359724164009094
2000-01-12,0.2976152300834656
2000-01-13,0.29163315892219543
2000-01-14,0.29312863945961
2000-01-17,0.30359724164009094
2000-01-18,0.29611968994140625
2000-01-19,0.29312863945961
2000-01-20,0.2871464192867279
2000-01-21,0.2811642289161682
2000-01-24,0.27518230676651
2000-01-25,0.27518230676651
2000-01-26,0.27368640899658203
2000-01-27,0.27069520950317383
2000-01-28,0.2632175385951996
2000-01-31,0.2542441487312317
2000-02-01,0.2602265477180481
2000-02-02,0.2602265477180481
2000-02-03,0.2587306499481201
2000-02-04,0.2617219388484955
2000-02-07,0.2781728506088257
2000-02-08,0.2766773998737335
2000-02-09,0.2691998779773712
2000-02-10,0.26770421862602234
2000-02-11,0.2602265477180481
2000-02-14,0.2542441487312317
2000-02-15,0.2512528598308563
2000-02-16,0.2587306499481201
2000-02-17,0.2617219388484955
2000-02-18,0.25573962926864624
2000-02-21,0.25573962926864624
2000-02-22,0.25573962926864624
2000-02-23,0.2527485489845276
2000-02-24,0.2542441487312317
2000-02-25,0.24975746870040894
2000-02-28,0.24826200306415558
2000-02-29,0.24227960407733917
2000-03-01,0.24227960407733917
2000-03-02,0.2452707290649414
2000-03-03,0.24676629900932312
2000-03-06,0.24676629900932312
2000-03-07,0.24676629900932312
2000-03-08,0.24078413844108582
2000-03-09,0.24227960407733917
2000-03-10,0.23928849399089813
2000-03-13,0.23928849399089813
2000-03-14,0.22881971299648285
2000-03-15,0.2243330329656601
2000-03-16,0.23629742860794067
2000-03-17,0.23330630362033844
2000-03-20,0.23480191826820374
2000-03-21,0.23629742860794067
2000-03-22,0.24377542734146118
2000-03-23,0.24227960407733917
2000-03-24,0.2587306499481201
2000-03-27,0.2602265477180481
2000-03-28,0.25573962926864624
2000-03-29,0.2512528598308563
2000-03-30,0.2512528598308563
2000-03-31,0.2542441487312317
2000-04-03,0.2587306499481201
2000-04-04,0.2572350800037384
2000-04-05,0.2527485489845276
2000-04-06,0.2542441487312317
2000-04-07,0.2542441487312317
2000-04-10,0.24377542734146118
2000-04-11,0.24078413844108582
2000-04-12,0.24227960407733917
2000-04-13,0.23629742860794067
2000-04-14,0.2168552279472351
2000-04-17,0.20788182318210602
2000-04-18,0.2228376567363739
2000-04-19,0.2123686820268631
2000-04-20,0.21535968780517578
2000-04-21,0.21535968780517578
2000-04-24,0.21386413276195526
2000-04-25,0.2168552279472351
2000-04-26,0.21386413276195526
2000-04-27,0.21835093200206757
2000-04-28,0.23181088268756866
2000-05-01,0.23181088268756866
2000-05-02,0.2198461890220642
2000-05-03,0.2168552279472351
2000-05-04,0.2123686820268631
2000-05-05,0.21835093200206757
2000-05-08,0.21535968780517578
2000-05-09,0.2123686820268631
2000-05-10,0.20937737822532654
2000-05-11,0.2123686820268631
2000-05-12,0.2123686820268631
2000-05-15,0.2243330329656601
2000-05-16,0.23181088268756866
2000-05-17,0.22732417285442352
2000-05-18,0.22582854330539703
2000-05-19,0.2228376567363739
2000-05-22,0.21386413276195526
2000-05-23,0.2123686820268631
2000-05-24,0.2168552279472351
2000-05-25,0.2168552279472351
2000-05-26,0.21835093200206757
2000-05-29,0.2213418334722519
2000-05-30,0.22582854330539703
2000-05-31,0.2228376567363739
2000-06-01,0.2243330329656601
2000-06-02,0.23330630362033844
2000-06-05,0.23480191826820374
2000-06-06,0.23480191826820374
2000-06-07,0.2377932369709015
2000-06-08,0.24078413844108582
2000-06-09,0.24078413844108582
2000-06-12,0.2377932369709015
2000-06-13,0.23928849399089813
2000-06-14,0.24377542734146118
2000-06-15,0.24676629900932312
2000-06-16,0.24826200306415558
2000-06-19,0.2512528598308563
2000-06-20,0.24975746870040894
2000-06-21,0.2602265477180481
2000-06-22,0.2602265477180481
2000-06-23,0.2512528598308563
2000-06-26,0.24975746870040894
2000-06-27,0.24826200306415558
2000-06-28,0.2587306499481201
2000-06-29,0.25573962926864624
2000-06-30,0.2587306499481201
2000-07-03,0.2647128999233246
2000-07-04,0.27219071984291077
2000-07-05,0.27069520950317383
2000-07-06,0.2811642289161682
2000-07-07,0.2811642289161682
2000-07-10,0.2781728506088257
2000-07-11,0.27069520950317383
2000-07-12,0.2766773998737335
2000-07-13,0.26620858907699585
2000-07-14,0.2691998779773712
2000-07-17,0.27368640899658203
2000-07-18,0.27368640899658203
2000-07-19,0.2691998779773712
2000-07-20,0.27518230676651
2000-07-21,0.27069520950317383
2000-07-24,0.27368640899658203
2000-07-25,0.27518230676651
2000-07-26,0.2766773998737335
2000-07-27,0.27518230676651
2000-07-28,0.26620858907699585
2000-07-31,0.26770421862602234
2000-08-01,0.26770421862602234
2000-08-02,0.26770421862602234
2000-08-03,0.27219071984291077
2000-08-04,0.27219071984291077
2000-08-07,0.2811642289161682
2000-08-08,0.2781728506088257
2000-08-09,0.2796686291694641
2000-08-10,0.27518230676651
2000-08-11,0.2781728506088257
2000-08-14,0.27518230676651
2000-08-15,0.2811642289161682
2000-08-16,0.27518230676651
2000-08-17,0.2811642289161682
2000-08-18,0.27219071984291077
2000-08-21,0.27069520950317383
2000-08-22,0.2796686291694641
2000-08-23,0.2811642289161682
2000-08-24,0.28265950083732605
2000-08-25,0.29013729095458984
2000-08-28,0.29163315892219543
2000-08-29,0.2871464192867279
2000-08-30,0.29312863945961
2000-08-31,0.2886418104171753
2000-09-01,0.29163315892219543
2000-09-04,0.29013729095458984
2000-09-05,0.2871464192867279
2000-09-06,0.29013729095458984
2000-09-07,0.29013729095458984
2000-09-08,0.29163315892219543
2000-09-11,0.2871464192867279
2000-09-12,0.2781728506088257
2000-09-13,0.2886418104171753
2000-09-14,0.2856508195400238
2000-09-15,0.2841551601886749
2000-09-18,0.27069520950317383
2000-09-19,0.27219071984291077
2000-09-20,0.27069520950317383
2000-09-21,0.27368640899658203
2000-09-22,0.2796686291694641
2000-09-25,0.28265950083732605
2000-09-26,0.2841551601886749
2000-09-27,0.28265950083732605
2000-09-28,0.2841551601886749
2000-09-29,0.2796686291694641
2000-10-02,0.27219071984291077
2000-10-03,0.27518230676651
2000-10-04,0.2796686291694641
2000-10-05,0.2796686291694641
2000-10-06,0.2781728506088257
2000-10-09,0.2766773998737335
2000-10-10,0.27219071984291077
2000-10-11,0.27219071984291077
2000-10-12,0.27219071984291077
2000-10-13,0.27219071984291077
2000-10-16,0.26770421862602234
2000-10-17,0.2587306499481201
2000-10-18,0.2527485489845276
2000-10-19,0.24975746870040894
2000-10-20,0.24377542734146118
2000-10-23,0.23181088268756866
2000-10-24,0.23181088268756866
2000-10-25,0.23330630362033844
2000-10-26,0.2377932369709015
2000-10-27,0.24826200306415558
2000-10-30,0.24676629900932312
2000-10-31,0.24078413844108582
2000-11-01,0.23928849399089813
2000-11-02,0.23928849399089813
2000-11-03,0.23928849399089813
2000-11-06,0.24826200306415558
2000-11-07,0.2512528598308563
2000-11-08,0.24975746870040894
2000-11-09,0.2452707290649414
2000-11-10,0.2512528598308563
2000-11-13,0.24826200306415558
2000-11-14,0.24826200306415558
2000-11-15,0.24826200306415558
2000-11-16,0.2452707290649414
2000-11-17,0.24975746870040894
2000-11-20,0.2527485489845276
2000-11-21,0.2572350800037384
2000-11-22,0.2572350800037384
2000-11-23,0.24676629900932312
2000-11-24,0.24826200306415558
2000-11-27,0.2452707290649414
2000-11-28,0.2452707290649414
2000-11-29,0.24975746870040894
2000-11-30,0.23928849399089813
2000-12-01,0.23928849399089813
2000-12-04,0.24377542734146118
2000-12-05,0.25573962926864624
2000-12-06,0.2572350800037384
2000-12-07,0.2617219388484955
2000-12-08,0.27219071984291077
2000-12-11,0.2781728506088257
2000-12-12,0.2781728506088257
2000-12-13,0.27518230676651
2000-12-14,0.27518230676651
2000-12-15,0.27368640899658203
2000-12-18,0.2781728506088257
2000-12-19,0.2841551601886749
2000-12-20,0.27518230676651
2000-12-21,0.2781728506088257
2000-12-22,0.27518230676651
2000-12-25,0.27518230676651
2000-12-26,0.2781728506088257
2000-12-27,0.2796686291694641
2000-12-28,0.2886418104171753
2000-12-29,0.2886418104171753
2001-01-01,0.2886418104171753
2001-01-02,0.2841551601886749
2001-01-03,0.30359724164009094
2001-01-04,0.3006066083908081
2001-01-05,0.2946242392063141
2001-01-08,0.2976152300834656
2001-01-09,0.29911088943481445
2001-01-10,0.30359724164009094
2001-01-11,0.3006066083908081
2001-01-12,0.2946242392063141
2001-01-15,0.2976152300834656
2001-01-16,0.29911088943481445
2001-01-17,0.3006066083908081
2001-01-18,0.3125709295272827
2001-01-19,0.3110752999782562
2001-01-22,0.31406596302986145
2001-01-23,0.31406596302986145
2001-01-24,0.3080839216709137
2001-01-25,0.3080839216709137
2001-01-26,0.30957961082458496
2001-01-29,0.3080839216709137
2001-01-30,0.3080839216709137
2001-01-31,0.3065887689590454
2001-02-01,0.30359724164009094
2001-02-02,0.302101731300354
2001-02-05,0.29911088943481445
2001-02-06,0.302101731300354
2001-02-07,0.29911088943481445
2001-02-08,0.30359724164009094
2001-02-09,0.29911088943481445
2001-02-12,0.2946242392063141
2001-02-13,0.3065887689590454
2001-02-14,0.302101731300354
2001-02-15,0.3080839216709137
2001-02-16,0.29312863945961
2001-02-19,0.2871464192867279
2001-02-20,0.2811642289161682
2001-02-21,0.2856508195400238
2001-02-22,0.29013729095458984
2001-02-23,0.2946242392063141
2001-02-26,0.2946242392063141
2001-02-27,0.2946242392063141
2001-02-28,0.27518230676651
2001-03-01,0.28265950083732605
2001-03-02,0.29163315892219543
2001-03-05,0.2886418104171753
2001-03-06,0.2871464192867279
2001-03-07,0.29312863945961
2001-03-08,0.2886418104171753
2001-03-09,0.2811642289161682
2001-03-12,0.26620858907699585
2001-03-13,0.2691998779773712
2001-03-14,0.2691998779773712
2001-03-15,0.2602265477180481
2001-03-16,0.2587306499481201
2001-03-19,0.2527485489845276
2001-03-20,0.25573962926864624
2001-03-21,0.2587306499481201
2001-03-22,0.24826200306415558
2001-03-23,0.2632175385951996
2001-03-26,0.2691998779773712
2001-03-27,0.27069520950317383
2001-03-28,0.27069520950317383
2001-03-29,0.2647128999233246
2001-03-30,0.2602265477180481
2001-04-02,0.2542441487312317
2001-04-03,0.2512528598308563
2001-04-04,0.2542441487312317
2001-04-05,0.26770421862602234
2001-04-06,0.26620858907699585
2001-04-09,0.2632175385951996
2001-04-10,0.2691998779773712
2001-04-11,0.26770421862602234
2001-04-12,0.2796686291694641
2001-04-13,0.2796686291694641
2001-04-16,0.27219071984291077
2001-04-17,0.27518230676651
2001-04-18,0.2841551601886749
2001-04-19,0.27219071984291077
2001-04-20,0.2542441487312317
2001-04-23,0.2647128999233246
2001-04-24,0.2617219388484955
2001-04-25,0.2632175385951996
2001-04-26,0.2781728506088257
2001-04-27,0.2871464192867279
2001-04-30,0.28265950083732605
2001-05-01,0.28265950083732605
2001-05-02,0.28265950083732605
2001-05-03,0.29013729095458984
2001-05-04,0.2946242392063141
2001-05-07,0.29163315892219543
2001-05-08,0.2871464192867279
2001-05-09,0.2871464192867279
2001-05-10,0.29013729095458984
2001-05-11,0.2856508195400238
2001-05-14,0.2796686291694641
2001-05-15,0.28265950083732605
2001-05-16,0.2946242392063141
2001-05-17,0.2976152300834656
2001-05-18,0.2946242392063141
2001-05-21,0.29013729095458984
2001-05-22,0.2946242392063141
2001-05-23,0.30359724164009094
2001-05-24,0.302101731300354
2001-05-25,0.3065887689590454
2001-05-28,0.2976152300834656
2001-05-29,0.30359724164009094
2001-05-30,0.30359724164009094
2001-05-31,0.3065887689590454
2001-06-01,0.302101731300354
2001-06-04,0.30957961082458496
2001-06-05,0.3050929009914398
2001-06-06,0.3110752999782562
2001-06-07,0.31855303049087524
2001-06-08,0.30957961082458496
2001-06-11,0.302101731300354
2001-06-12,0.3050929009914398
2001-06-13,0.3155619204044342
2001-06-14,0.3155619204044342
2001-06-15,0.30957961082458496
2001-06-18,0.29911088943481445
2001-06-19,0.29312863945961
2001-06-20,0.2946242392063141
2001-06-21,0.3110752999782562
2001-06-22,0.3065887689590454
2001-06-25,0.3080839216709137
2001-06-26,0.302101731300354
2001-06-27,0.30359724164009094
2001-06-28,0.3050929009914398
2001-06-29,0.3065887689590454
2001-07-02,0.3080839216709137
2001-07-03,0.3050929009914398
2001-07-04,0.3050929009914398
2001-07-05,0.29163315892219543
2001-07-06,0.2976152300834656
2001-07-09,0.2976152300834656
2001-07-10,0.29013729095458984
2001-07-11,0.29163315892219543
2001-07-12,0.29911088943481445
2001-07-13,0.3065887689590454
2001-07-16,0.302101731300354
2001-07-17,0.3006066083908081
2001-07-18,0.3006066083908081
2001-07-19,0.3050929009914398
2001-07-20,0.30957961082458496
2001-07-23,0.3050929009914398
2001-07-24,0.29911088943481445
2001-07-25,0.29911088943481445
2001-07-26,0.302101731300354
2001-07-27,0.30957961082458496
2001-07-30,0.3110752999782562
2001-07-31,0.3080839216709137
2001-08-01,0.3050929009914398
2001-08-02,0.3006066083908081
2001-08-03,0.3006066083908081
2001-08-06,0.3065887689590454
2001-08-07,0.3080839216709137
2001-08-08,0.30957961082458496
2001-08-09,0.3110752999782562
2001-08-10,0.30957961082458496
2001-08-13,0.3065887689590454
2001-08-14,0.3110752999782562
2001-08-15,0.3110752999782562
2001-08-16,0.30957961082458496
2001-08-17,0.2976152300834656
2001-08-20,0.29312863945961
2001-08-21,0.29611968994140625
2001-08-22,0.29911088943481445
2001-08-23,0.29163315892219543
2001-08-24,0.2946242392063141
2001-08-27,0.29312863945961
2001-08-28,0.29163315892219543
2001-08-29,0.2946242392063141
2001-08-30,0.29013729095458984
2001-08-31,0.29013729095458984
2001-09-03,0.2856508195400238
2001-09-04,0.29013729095458984
2001-09-05,0.29163315892219543
2001-09-06,0.2796686291694641
2001-09-07,0.2796686291694641
2001-09-10,0.27368640899658203
2001-09-11,0.26770421862602234
2001-09-12,0.26770421862602234
2001-09-13,0.2542441487312317
2001-09-14,0.24676629900932312
2001-09-17,0.2602265477180481
2001-09-18,0.27518230676651
2001-09-19,0.27368640899658203
2001-09-20,0.2602265477180481
2001-09-21,0.25573962926864624
2001-09-24,0.25573962926864624
2001-09-25,0.2691998779773712
2001-09-26,0.2617219388484955
2001-09-27,0.2617219388484955
2001-09-28,0.26770421862602234
2001-10-01,0.2691998779773712
2001-10-02,0.2617219388484955
2001-10-03,0.2572350800037384
2001-10-04,0.25573962926864624
2001-10-05,0.25573962926864624
2001-10-08,0.25573962926864624
2001-10-09,0.2587306499481201
2001-10-10,0.2602265477180481
2001-10-11,0.2691998779773712
2001-10-12,0.2691998779773712
2001-10-15,0.2781728506088257
2001-10-16,0.27518230676651
2001-10-17,0.27518230676651
2001-10-18,0.27518230676651
2001-10-19,0.2766773998737335
2001-10-22,0.28265950083732605
2001-10-23,0.2871464192867279
2001-10-24,0.2856508195400238
2001-10-25,0.2886418104171753
2001-10-26,0.2886418104171753
2001-10-29,0.27368640899658203
2001-10-30,0.27368640899658203
2001-10-31,0.2841551601886749
2001-11-01,0.28265950083732605
2001-11-02,0.28265950083732605
2001-11-05,0.29312863945961
2001-11-06,0.29312863945961
2001-11-07,0.29312863945961
2001-11-08,0.29163315892219543
2001-11-09,0.29911088943481445
2001-11-12,0.2946242392063141
2001-11-13,0.29611968994140625
2001-11-14,0.30359724164009094
2001-11-15,0.30359724164009094
2001-11-16,0.302101731300354
2001-11-19,0.31406596302986145
2001-11-20,0.3155619204044342
2001-11-21,0.3200482726097107
2001-11-22,0.3215440511703491
2001-11-23,0.33201315999031067
2001-11-26,0.33649957180023193
2001-11-27,0.3290218412876129
2001-11-28,0.3200482726097107
2001-11-29,0.3110752999782562
2001-11-30,0.31855303049087524
2001-12-03,0.32453542947769165
2001-12-04,0.3215440511703491
2001-12-05,0.31705746054649353
2001-12-06,0.3155619204044342
2001-12-07,0.3155619204044342
2001-12-10,0.3080839216709137
2001-12-11,0.32453542947769165
2001-12-12,0.3350042700767517
2001-12-13,0.3200482726097107
2001-12-14,0.32303979992866516
2001-12-17,0.326030969619751
2001-12-18,0.3290218412876129
2001-12-19,0.32303979992866516
2001-12-20,0.3200482726097107
2001-12-21,0.326030969619751
2001-12-24,0.326030969619751
2001-12-25,0.326030969619751
2001-12-26,0.31855303049087524
2001-12-27,0.326030969619751
2001-12-28,0.32453542947769165
2001-12-31,0.32453542947769165
2002-01-01,0.32453542947769165
2002-01-02,0.3200482726097107
2002-01-03,0.3290218412876129
2002-01-04,0.3290218412876129
2002-01-07,0.3275263011455536
2002-01-08,0.3335084915161133
2002-01-09,0.33649957180023193
2002-01-10,0.3275263011455536
2002-01-11,0.3290218412876129
2002-01-14,0.32453542947769165
2002-01-15,0.3215440511703491
2002-01-16,0.3215440511703491
2002-01-17,0.3290218412876129
2002-01-18,0.3335084915161133
2002-01-21,0.326030969619751
2002-01-22,0.32303979992866516
2002-01-23,0.3290218412876129
2002-01-24,0.330517441034317
2002-01-25,0.330517441034317
2002-01-28,0.3275263011455536
2002-01-29,0.32303979992866516
2002-01-30,0.3215440511703491
2002-01-31,0.3200482726097107
2002-02-01,0.3125709295272827
2002-02-04,0.30957961082458496
2002-02-05,0.31406596302986145
2002-02-06,0.32303979992866516
2002-02-07,0.3200482726097107
2002-02-08,0.32303979992866516
2002-02-11,0.32303979992866516
2002-02-12,0.32303979992866516
2002-02-13,0.31705746054649353
2002-02-14,0.3215440511703491
2002-02-15,0.32303979992866516
2002-02-18,0.3275263011455536
2002-02-19,0.3290218412876129
2002-02-20,0.3335084915161133
2002-02-21,0.3335084915161133
2002-02-22,0.3424818515777588
2002-02-25,0.3514549434185028
2002-02-26,0.3574371337890625
2002-02-27,0.3604285717010498
2002-02-28,0.3604285717010498
2002-03-01,0.3589329123497009
2002-03-04,0.3574371337890625
2002-03-05,0.3424818515777588
2002-03-06,0.3350042700767517
2002-03-07,0.33649957180023193
2002-03-08,0.3394908010959625
2002-03-11,0.337995320558548
2002-03-12,0.35444632172584534
2002-03-13,0.35295069217681885
2002-03-14,0.3574371337890625
2002-03-15,0.35444632172584534
2002-03-18,0.355942040681839
2002-03-19,0.355942040681839
2002-03-20,0.355942040681839
2002-03-21,0.34846410155296326
2002-03-22,0.3469683527946472
2002-03-25,0.35295069217681885
2002-03-26,0.3604285717010498
2002-03-27,0.36192408204078674
2002-03-28,0.355942040681839
2002-03-29,0.355942040681839
2002-04-01,0.355942040681839
2002-04-02,0.35444632172584534
2002-04-03,0.3469683527946472
2002-04-04,0.34846410155296326
2002-04-05,0.3514549434185028
2002-04-08,0.3514549434185028
2002-04-09,0.36641085147857666
2002-04-10,0.3738885819911957
2002-04-11,0.3723929524421692
2002-04-12,0.37538430094718933
2002-04-15,0.36940205097198486
2002-04-16,0.3604285717010498
2002-04-17,0.36641085147857666
2002-04-18,0.3679065406322479
2002-04-19,0.36491498351097107
2002-04-22,0.3604285717010498
2002-04-23,0.35295069217681885
2002-04-24,0.3589329123497009
2002-04-25,0.35295069217681885
2002-04-26,0.3499598801136017
2002-04-29,0.355942040681839
2002-04-30,0.3469683527946472
2002-05-01,0.3469683527946472
2002-05-02,0.3394908010959625
2002-05-03,0.3439774513244629
2002-05-06,0.337995320558548
2002-05-07,0.3335084915161133
2002-05-08,0.3350042700767517
2002-05-09,0.326030969619751
2002-05-10,0.3215440511703491
2002-05-13,0.3215440511703491
2002-05-14,0.31705746054649353
2002-05-15,0.3275263011455536
2002-05-16,0.3290218412876129
2002-05-17,0.330517441034317
2002-05-20,0.3200482726097107
2002-05-21,0.326030969619751
2002-05-22,0.31705746054649353
2002-05-23,0.3155619204044342
2002-05-24,0.31705746054649353
2002-05-27,0.3110752999782562
2002-05-28,0.3065887689590454
2002-05-29,0.31406596302986145
2002-05-30,0.31406596302986145
2002-05-31,0.3125709295272827
2002-06-03,0.3110752999782562
2002-06-04,0.3065887689590454
2002-06-05,0.3006066083908081
2002-06-06,0.2871464192867279
2002-06-07,0.29312863945961
2002-06-10,0.3080839216709137
2002-06-11,0.29611968994140625
2002-06-12,0.29611968994140625
2002-06-13,0.29611968994140625
2002-06-14,0.2856508195400238
2002-06-17,0.29013729095458984
2002-06-18,0.2871464192867279
2002-06-19,0.28265950083732605
2002-06-20,0.26620858907699585
2002-06-21,0.2572350800037384
2002-06-24,0.2632175385951996
2002-06-25,0.27368640899658203
2002-06-26,0.2781728506088257
2002-06-27,0.2811642289161682
2002-06-28,0.2856508195400238
2002-07-01,0.28265950083732605
2002-07-02,0.2841551601886749
2002-07-03,0.2796686291694641
2002-07-04,0.2766773998737335
2002-07-05,0.27518230676651
2002-07-08,0.27368640899658203
2002-07-09,0.27368640899658203
2002-07-10,0.26770421862602234
2002-07-11,0.27069520950317383
2002-07-12,0.28265950083732605
2002-07-15,0.2796686291694641
2002-07-16,0.2766773998737335
2002-07-17,0.28265950083732605
2002-07-18,0.29163315892219543
2002-07-19,0.2856508195400238
2002-07-22,0.27368640899658203
2002-07-23,0.2647128999233246
2002-07-24,0.2647128999233246
2002-07-25,0.24826200306415558
2002-07-26,0.23181088268756866
2002-07-29,0.23629742860794067
2002-07-30,0.2228376567363739
2002-07-31,0.23330630362033844
2002-08-01,0.23629742860794067
2002-08-02,0.2542441487312317
2002-08-05,0.24676629900932312
2002-08-06,0.24826200306415558
2002-08-07,0.26620858907699585
2002-08-08,0.27518230676651
2002-08-09,0.2602265477180481
2002-08-12,0.24676629900932312
2002-08-13,0.24227960407733917
2002-08-14,0.23480191826820374
2002-08-15,0.2213418334722519
2002-08-16,0.23330630362033844
2002-08-19,0.23928849399089813
2002-08-20,0.23480191826820374
2002-08-21,0.24078413844108582
2002-08-22,0.24826200306415558
2002-08-23,0.24078413844108582
2002-08-26,0.2512528598308563
2002-08-27,0.2617219388484955
2002-08-28,0.25573962926864624
2002-08-29,0.2632175385951996
2002-08-30,0.2647128999233246
2002-09-02,0.2617219388484955
2002-09-03,0.2602265477180481
2002-09-04,0.2602265477180481
2002-09-05,0.24975746870040894
2002-09-06,0.24826200306415558
2002-09-09,0.2527485489845276
2002-09-10,0.2542441487312317
2002-09-11,0.2587306499481201
2002-09-12,0.2572350800037384
2002-09-13,0.2572350800037384
2002-09-16,0.24377542734146118
2002-09-17,0.24227960407733917
2002-09-18,0.2377932369709015
2002-09-19,0.2377932369709015
2002-09-20,0.23928849399089813
2002-09-23,0.23031537234783173
2002-09-24,0.22582854330539703
2002-09-25,0.22732417285442352
2002-09-26,0.2228376567363739
2002-09-27,0.2168552279472351
2002-09-30,0.21535968780517578
2002-10-01,0.23031537234783173
2002-10-02,0.22732417285442352
2002-10-03,0.23480191826820374
2002-10-04,0.23480191826820374
2002-10-07,0.22582854330539703
2002-10-08,0.22582854330539703
2002-10-09,0.21835093200206757
2002-10-10,0.22732417285442352
2002-10-11,0.22732417285442352
2002-10-14,0.2213418334722519
2002-10-15,0.2198461890220642
2002-10-16,0.21535968780517578
2002-10-17,0.22582854330539703
2002-10-18,0.22732417285442352
2002-10-21,0.22732417285442352
2002-10-22,0.23330630362033844
2002-10-23,0.24975746870040894
2002-10-24,0.2542441487312317
2002-10-25,0.27368640899658203
2002-10-28,0.26770421862602234
2002-10-29,0.25573962926864624
2002-10-30,0.27368640899658203
2002-10-31,0.2796686291694641
2002-11-01,0.2691998779773712
2002-11-04,0.2617219388484955
2002-11-05,0.2617219388484955
2002-11-06,0.2602265477180481
2002-11-07,0.26620858907699585
2002-11-08,0.27368640899658203
2002-11-11,0.2766773998737335
2002-11-12,0.26770421862602234
2002-11-13,0.2617219388484955
2002-11-14,0.2617219388484955
2002-11-15,0.2617219388484955
2002-11-18,0.26620858907699585
2002-11-19,0.2617219388484955
2002-11-20,0.2587306499481201
2002-11-21,0.2602265477180481
2002-11-22,0.26620858907699585
2002-11-25,0.2617219388484955
2002-11-26,0.26620858907699585
2002-11-27,0.26620858907699585
2002-11-28,0.2632175385951996
2002-11-29,0.2647128999233246
2002-12-02,0.27368640899658203
2002-12-03,0.2691998779773712
2002-12-04,0.2691998779773712
2002-12-05,0.2602265477180481
2002-12-06,0.26620858907699585
2002-12-09,0.2587306499481201
2002-12-10,0.2602265477180481
2002-12-11,0.27368640899658203
2002-12-12,0.27219071984291077
2002-12-13,0.27069520950317383
2002-12-16,0.27069520950317383
2002-12-17,0.2691998779773712
2002-12-18,0.2766773998737335
2002-12-19,0.2796686291694641
2002-12-20,0.2856508195400238
2002-12-23,0.2781728506088257
2002-12-24,0.2781728506088257
2002-12-25,0.2781728506088257
2002-12-26,0.27518230676651
2002-12-27,0.27368640899658203
2002-12-30,0.2811642289161682
2002-12-31,0.2811642289161682
2003-01-01,0.2811642289161682
2003-01-02,0.2811642289161682
2003-01-03,0.2886418104171753
2003-01-06,0.2946242392063141
2003-01-07,0.29013729095458984
2003-01-08,0.2886418104171753
2003-01-09,0.29312863945961
2003-01-10,0.2976152300834656
2003-01-13,0.29611968994140625
2003-01-14,0.29611968994140625
2003-01-15,0.2886418104171753
2003-01-16,0.29013729095458984
2003-01-17,0.28265950083732605
2003-01-20,0.2811642289161682
2003-01-21,0.2781728506088257
2003-01-22,0.27069520950317383
2003-01-23,0.2781728506088257
2003-01-24,0.27069520950317383
2003-01-27,0.27219071984291077
2003-01-28,0.2647128999233246
2003-01-29,0.27368640899658203
2003-01-30,0.26620858907699585
2003-01-31,0.2766773998737335
2003-02-03,0.27368640899658203
2003-02-04,0.27518230676651
2003-02-05,0.2766773998737335
2003-02-06,0.2766773998737335
2003-02-07,0.2766773998737335
2003-02-10,0.2856508195400238
2003-02-11,0.2871464192867279
2003-02-12,0.28265950083732605
2003-02-13,0.27069520950317383
2003-02-14,0.2691998779773712
2003-02-17,0.27069520950317383
2003-02-18,0.27368640899658203
2003-02-19,0.26620858907699585
2003-02-20,0.27219071984291077
2003-02-21,0.26770421862602234
2003-02-24,0.26770421862602234
2003-02-25,0.26770421862602234
2003-02-26,0.2691998779773712
2003-02-27,0.26770421862602234
2003-02-28,0.27219071984291077
2003-03-03,0.27219071984291077
2003-03-04,0.27219071984291077
2003-03-05,0.28265950083732605
2003-03-06,0.29163315892219543
2003-03-07,0.2871464192867279
2003-03-10,0.2871464192867279
2003-03-11,0.2841551601886749
2003-03-12,0.2841551601886749
2003-03-13,0.29013729095458984
2003-03-14,0.2946242392063141
2003-03-17,0.2946242392063141
2003-03-18,0.29911088943481445
2003-03-19,0.29911088943481445
2003-03-20,0.3080839216709137
2003-03-21,0.3215440511703491
2003-03-24,0.3110752999782562
2003-03-25,0.31406596302986145
2003-03-26,0.31406596302986145
2003-03-27,0.31406596302986145
2003-03-28,0.31406596302986145
2003-03-31,0.30957961082458496
2003-04-01,0.30957961082458496
2003-04-02,0.3110752999782562
2003-04-03,0.30957961082458496
2003-04-04,0.31705746054649353
2003-04-07,0.3290218412876129
2003-04-08,0.330517441034317
2003-04-09,0.3290218412876129
2003-04-10,0.3275263011455536
2003-04-11,0.3215440511703491
2003-04-14,0.3200482726097107
2003-04-15,0.3275263011455536
2003-04-16,0.33201315999031067
2003-04-17,0.337995320558548
2003-04-18,0.337995320558548
2003-04-21,0.337995320558548
2003-04-22,0.3394908010959625
2003-04-23,0.3394908010959625
2003-04-24,0.3335084915161133
2003-04-25,0.3290218412876129
2003-04-28,0.34846410155296326
2003-04-29,0.337995320558548
2003-04-30,0.3290218412876129
2003-05-01,0.3290218412876129
2003-05-02,0.32453542947769165
2003-05-05,0.3350042700767517
2003-05-06,0.3424818515777588
2003-05-07,0.35444632172584534
2003-05-08,0.3469683527946472
2003-05-09,0.3589329123497009
2003-05-12,0.3604285717010498
2003-05-13,0.3589329123497009
2003-05-14,0.36641085147857666
2003-05-15,0.3574371337890625
2003-05-16,0.3589329123497009
2003-05-19,0.35444632172584534
2003-05-20,0.3469683527946472
2003-05-21,0.3574371337890625
2003-05-22,0.3679065406322479
2003-05-23,0.36641085147857666
2003-05-26,0.3514549434185028
2003-05-27,0.36641085147857666
2003-05-28,0.36641085147857666
2003-05-29,0.37687942385673523
2003-05-30,0.37089720368385315
2003-06-02,0.3574371337890625
2003-06-03,0.36341989040374756
2003-06-04,0.3679065406322479
2003-06-05,0.36491498351097107
2003-06-06,0.36491498351097107
2003-06-09,0.3723929524421692
2003-06-10,0.36641085147857666
2003-06-11,0.3679065406322479
2003-06-12,0.36192408204078674
2003-06-13,0.3589329123497009
2003-06-16,0.3604285717010498
2003-06-17,0.3574371337890625
2003-06-18,0.34846410155296326
2003-06-19,0.34846410155296326
2003-06-20,0.3469683527946472
2003-06-23,0.3514549434185028
2003-06-24,0.35295069217681885
2003-06-25,0.3469683527946472
2003-06-26,0.3439774513244629
2003-06-27,0.3439774513244629
2003-06-30,0.33649957180023193
2003-07-01,0.3469683527946472
2003-07-02,0.34846410155296326
2003-07-03,0.34846410155296326
2003-07-04,0.3424818515777588
2003-07-07,0.337995320558548
2003-07-08,0.3499598801136017
2003-07-09,0.3499598801136017
2003-07-10,0.3439774513244629
2003-07-11,0.3394908010959625
2003-07-14,0.3514549434185028
2003-07-15,0.355942040681839
2003-07-16,0.35295069217681885
2003-07-17,0.355942040681839
2003-07-18,0.355942040681839
2003-07-21,0.355942040681839
2003-07-22,0.36192408204078674
2003-07-23,0.36491498351097107
2003-07-24,0.36940205097198486
2003-07-25,0.37687942385673523
2003-07-28,0.37687942385673523
2003-07-29,0.3679065406322479
2003-07-30,0.36641085147857666
2003-07-31,0.3738885819911957
2003-08-01,0.3679065406322479
2003-08-04,0.355942040681839
2003-08-05,0.36940205097198486
2003-08-06,0.36192408204078674
2003-08-07,0.3723929524421692
2003-08-08,0.38435739278793335
2003-08-11,0.3798706531524658
2003-08-12,0.3783750832080841
2003-08-13,0.3783750832080841
2003-08-14,0.39482659101486206
2003-08-15,0.3828617334365845
2003-08-18,0.38884395360946655
2003-08-19,0.3828617334365845
2003-08-20,0.3903394341468811
2003-08-21,0.3978171944618225
2003-08-22,0.3978171944618225
2003-08-25,0.39632177352905273
2003-08-26,0.4052952229976654
2003-08-27,0.41426822543144226
2003-08-28,0.4292239844799042
2003-08-29,0.42324191331863403
2003-09-01,0.4277286231517792
2003-09-02,0.4262332320213318
2003-09-03,0.4337104558944702
2003-09-04,0.4322150945663452
2003-09-05,0.4337104558944702
2003-09-08,0.4292239844799042
2003-09-09,0.4172598421573639
2003-09-10,0.4172598421573639
2003-09-11,0.4247373640537262
2003-09-12,0.40978172421455383
2003-09-15,0.41277313232421875
2003-09-16,0.40978172421455383
2003-09-17,0.40379956364631653
2003-09-18,0.40978172421455383
2003-09-19,0.41277313232421875
2003-09-22,0.4052952229976654
2003-09-23,0.4082861542701721
2003-09-24,0.40379956364631653
2003-09-25,0.3873487412929535
2003-09-26,0.38884395360946655
2003-09-29,0.3858528733253479
2003-09-30,0.38435739278793335
2003-10-01,0.3978171944618225
2003-10-02,0.4023040533065796
2003-10-03,0.41426822543144226
2003-10-06,0.4157640039920807
2003-10-07,0.42174625396728516
2003-10-08,0.42324191331863403
2003-10-09,0.4202505946159363
2003-10-10,0.4157640039920807
2003-10-13,0.41277313232421875
2003-10-14,0.42174625396728516
2003-10-15,0.4172598421573639
2003-10-16,0.4262332320213318
2003-10-17,0.4247373640537262
2003-10-20,0.4307195842266083
2003-10-21,0.43670186400413513
2003-10-22,0.4277286231517792
2003-10-23,0.42174625396728516
2003-10-24,0.4292239844799042
2003-10-27,0.4262332320213318
2003-10-28,0.4322150945663452
2003-10-29,0.4262332320213318
2003-10-30,0.4277286231517792
2003-10-31,0.4307195842266083
2003-11-03,0.4381975829601288
2003-11-04,0.441188246011734
2003-11-05,0.44268420338630676
2003-11-06,0.4381975829601288
2003-11-07,0.43670186400413513
2003-11-10,0.4277286231517792
2003-11-11,0.4307195842266083
2003-11-12,0.43520620465278625
2003-11-13,0.4307195842266083
2003-11-14,0.4322150945663452
2003-11-17,0.42324191331863403
2003-11-18,0.42174625396728516
2003-11-19,0.42324191331863403
2003-11-20,0.4247373640537262
2003-11-21,0.4307195842266083
2003-11-24,0.43969279527664185
2003-11-25,0.44268420338630676
2003-11-26,0.44268420338630676
2003-11-27,0.4561442732810974
2003-11-28,0.4576398730278015
2003-12-01,0.4546486735343933
2003-12-02,0.4501619338989258
2003-12-03,0.45913487672805786
2003-12-04,0.45913487672805786
2003-12-05,0.4696041941642761
2003-12-08,0.475586473941803
2003-12-09,0.4830637574195862
2003-12-10,0.475586473941803
2003-12-11,0.49502891302108765
2003-12-12,0.49353307485580444
2003-12-15,0.48156872391700745
2003-12-16,0.4770817756652832
2003-12-17,0.47109952569007874
2003-12-18,0.4830637574195862
2003-12-19,0.4890464246273041
2003-12-22,0.49054190516471863
2003-12-23,0.5025061964988708
2003-12-24,0.5025061964988708
2003-12-25,0.5025061964988708
2003-12-26,0.49652400612831116
2003-12-29,0.5129750370979309
2003-12-30,0.5099839568138123
2003-12-31,0.5099839568138123
2004-01-01,0.5099839568138123
2004-01-02,0.5204530954360962
2004-01-05,0.5563461780548096
2004-01-06,0.5563461780548096
2004-01-07,0.5458774566650391
2004-01-08,0.5443817973136902
2004-01-09,0.5398948788642883
2004-01-12,0.5458774566650391
2004-01-13,0.5443817973136902
2004-01-14,0.5189573168754578
2004-01-15,0.5099839568138123
2004-01-16,0.504002034664154
2004-01-19,0.5054972171783447
2004-01-20,0.5159661173820496
2004-01-21,0.5025061964988708
2004-01-22,0.5114792585372925
2004-01-23,0.5309220552444458
2004-01-26,0.5398948788642883
2004-01-27,0.5369041562080383
2004-01-28,0.5219482183456421
2004-01-29,0.49951493740081787
2004-01-30,0.49353307485580444
2004-02-02,0.5010107755661011
2004-02-03,0.5069931149482727
2004-02-04,0.49951493740081787
2004-02-05,0.49502891302108765
2004-02-06,0.5084882974624634
2004-02-09,0.5159661173820496
2004-02-10,0.5129750370979309
2004-02-11,0.5383997559547424
2004-02-12,0.524939775466919
2004-02-13,0.523443877696991
2004-02-16,0.5204530954360962
2004-02-17,0.5159661173820496
2004-02-18,0.5324177145957947
2004-02-19,0.5204530954360962
2004-02-20,0.5159661173820496
2004-02-23,0.5159661173820496
2004-02-24,0.5159661173820496
2004-02-25,0.5099839568138123
2004-02-26,0.5025061964988708
2004-02-27,0.523443877696991
2004-03-01,0.5324177145957947
2004-03-02,0.5369041562080383
2004-03-03,0.5294262170791626
2004-03-04,0.5279306173324585
2004-03-05,0.5324177145957947
2004-03-08,0.5294262170791626
2004-03-09,0.5189573168754578
2004-03-10,0.4980197250843048
2004-03-11,0.4860549867153168
2004-03-12,0.4980197250843048
2004-03-15,0.49502891302108765
2004-03-16,0.49652400612831116
2004-03-17,0.5099839568138123
2004-03-18,0.5069931149482727
2004-03-19,0.5084882974624634
2004-03-22,0.49652400612831116
2004-03-23,0.49054190516471863
2004-03-24,0.48156872391700745
2004-03-25,0.4770817756652832
2004-03-26,0.48156872391700745
2004-03-29,0.49353307485580444
2004-03-30,0.5099839568138123
2004-03-31,0.5010107755661011
2004-04-01,0.5129750370979309
2004-04-02,0.5219482183456421
2004-04-05,0.5204530954360962
2004-04-06,0.5219482183456421
2004-04-07,0.5114792585372925
2004-04-08,0.5084882974624634
2004-04-09,0.5084882974624634
2004-04-12,0.5189573168754578
2004-04-13,0.5144703388214111
2004-04-14,0.5129750370979309
2004-04-15,0.49951493740081787
2004-04-16,0.5010107755661011
2004-04-19,0.5010107755661011
2004-04-20,0.49502891302108765
2004-04-21,0.49502891302108765
2004-04-22,0.4860549867153168
2004-04-23,0.4860549867153168
2004-04-26,0.47259485721588135
2004-04-27,0.46661296486854553
2004-04-28,0.4516572952270508
2004-04-29,0.4322150945663452
2004-04-30,0.4262332320213318
2004-05-03,0.4292239844799042
2004-05-04,0.43670186400413513
2004-05-05,0.44268420338630676
2004-05-06,0.4277286231517792
2004-05-07,0.42324191331863403
2004-05-10,0.41277313232421875
2004-05-11,0.4262332320213318
2004-05-12,0.4247373640537262
2004-05-13,0.4322150945663452
2004-05-14,0.4441797137260437
2004-05-17,0.4441797137260437
2004-05-18,0.4486660659313202
2004-05-19,0.46661296486854553
2004-05-20,0.4651172459125519
2004-05-21,0.4651172459125519
2004-05-24,0.4696041941642761
2004-05-25,0.4785773456096649
2004-05-26,0.48156872391700745
2004-05-27,0.49951493740081787
2004-05-28,0.4980197250843048
2004-05-31,0.49054190516471863
2004-06-01,0.49652400612831116
2004-06-02,0.5010107755661011
2004-06-03,0.49652400612831116
2004-06-04,0.5025061964988708
2004-06-07,0.5204530954360962
2004-06-08,0.5159661173820496
2004-06-09,0.5069931149482727
2004-06-10,0.5069931149482727
2004-06-11,0.4980197250843048
2004-06-14,0.49203747510910034
2004-06-15,0.5069931149482727
2004-06-16,0.5114792585372925
2004-06-17,0.504002034664154
2004-06-18,0.5025061964988708
2004-06-21,0.5129750370979309
2004-06-22,0.504002034664154
2004-06-23,0.5129750370979309
2004-06-24,0.5129750370979309
2004-06-25,0.5174615383148193
2004-06-28,0.5174615383148193
2004-06-29,0.5383997559547424
2004-06-30,0.5383997559547424
2004-07-01,0.5518597960472107
2004-07-02,0.5488684177398682
2004-07-05,0.5428861379623413
2004-07-06,0.5309220552444458
2004-07-07,0.523443877696991
2004-07-08,0.5129750370979309
2004-07-09,0.5129750370979309
2004-07-12,0.5383997559547424
2004-07-13,0.5428861379623413
2004-07-14,0.5383997559547424
2004-07-15,0.5398948788642883
2004-07-16,0.5428861379623413
2004-07-19,0.5309220552444458
2004-07-20,0.5309220552444458
2004-07-21,0.5279306173324585
2004-07-22,0.5069931149482727
2004-07-23,0.5129750370979309
2004-07-26,0.5025061964988708
2004-07-27,0.5219482183456421
2004-07-28,0.5219482183456421
2004-07-29,0.523443877696991
2004-07-30,0.5159661173820496
2004-08-02,0.523443877696991
2004-08-03,0.5219482183456421
2004-08-04,0.5264350771903992
2004-08-05,0.5010107755661011
2004-08-06,0.523443877696991
2004-08-09,0.5174615383148193
2004-08-10,0.5324177145957947
2004-08-11,0.5204530954360962
2004-08-12,0.5204530954360962
2004-08-13,0.524939775466919
2004-08-16,0.5279306173324585
2004-08-17,0.5339128971099854
2004-08-18,0.553354799747467
2004-08-19,0.5593372583389282
2004-08-20,0.5698063969612122
2004-08-23,0.5608327984809875
2004-08-24,0.5608327984809875
2004-08-25,0.5623284578323364
2004-08-26,0.541390597820282
2004-08-27,0.5354084372520447
2004-08-30,0.5458774566650391
2004-08-31,0.5369041562080383
2004-09-01,0.5443817973136902
2004-09-02,0.5398948788642883
2004-09-03,0.5324177145957947
2004-09-06,0.5324177145957947
2004-09-07,0.5324177145957947
2004-09-08,0.5488684177398682
2004-09-09,0.5488684177398682
2004-09-10,0.5428861379623413
2004-09-13,0.541390597820282
2004-09-14,0.55036461353302
2004-09-15,0.553354799747467
2004-09-16,0.5683106184005737
2004-09-17,0.5802749991416931
2004-09-20,0.5892484784126282
2004-09-21,0.58625727891922
2004-09-22,0.5802749991416931
2004-09-23,0.5713016390800476
2004-09-24,0.5713016390800476
2004-09-27,0.5787794589996338
2004-09-28,0.5683106184005737
2004-09-29,0.5713016390800476
2004-09-30,0.5713016390800476
2004-10-01,0.590743899345398
2004-10-04,0.6012132167816162
2004-10-05,0.6042037010192871
2004-10-06,0.5982217788696289
2004-10-07,0.5937352776527405
2004-10-08,0.6012132167816162
2004-10-11,0.6071948409080505
2004-10-12,0.6071948409080505
2004-10-13,0.6042037010192871
2004-10-14,0.5952310562133789
2004-10-15,0.5997172594070435
2004-10-18,0.5937352776527405
2004-10-19,0.5952310562133789
2004-10-20,0.5877524614334106
2004-10-21,0.6161680221557617
2004-10-22,0.6161680221557617
2004-10-25,0.6191596984863281
2004-10-26,0.6116814017295837
2004-10-27,0.6116814017295837
2004-10-28,0.6221505999565125
2004-10-29,0.6161680221557617
2004-11-01,0.6146726608276367
2004-11-03,0.6131775379180908
2004-11-04,0.6206549406051636
2004-11-05,0.6086906790733337
2004-11-08,0.5997172594070435
2004-11-09,0.6027085185050964
2004-11-10,0.6206549406051636
2004-11-11,0.6161680221557617
2004-11-12,0.6221505999565125
2004-11-15,0.6221505999565125
2004-11-16,0.6116814017295837
2004-11-17,0.6176640391349792
2004-11-18,0.6071948409080505
2004-11-19,0.6012132167816162
2004-11-22,0.6012132167816162
2004-11-23,0.5982217788696289
2004-11-24,0.5997172594070435
2004-11-25,0.6042037010192871
2004-11-26,0.6191596984863281
2004-11-29,0.6251418590545654
2004-11-30,0.6356105208396912
2004-12-01,0.6430884003639221
2004-12-02,0.656548261642456
2004-12-03,0.6700087189674377
2004-12-06,0.6715038418769836
2004-12-07,0.6625306010246277
2004-12-08,0.6371060609817505
2004-12-09,0.6386018395423889
2004-12-10,0.6715038418769836
2004-12-13,0.693937361240387
2004-12-14,0.6954328417778015
2004-12-15,0.689450740814209
2004-12-16,0.6819732189178467
2004-12-17,0.6685129404067993
2004-12-20,0.6640263199806213
2004-12-21,0.6700087189674377
2004-12-22,0.6849637031555176
2004-12-23,0.6924414038658142
2004-12-24,0.6924414038658142
2004-12-27,0.6849637031555176
2004-12-28,0.6999197602272034
2004-12-29,0.6984236240386963
2004-12-30,0.6879549026489258
2004-12-31,0.6879549026489258
2005-01-03,0.6969282031059265
2005-01-04,0.6969282031059265
2005-01-05,0.6879549026489258
2005-01-06,0.6819732189178467
2005-01-07,0.6834681034088135
2005-01-10,0.6700087189674377
2005-01-11,0.6729991436004639
2005-01-12,0.6655218601226807
2005-01-13,0.675990641117096
2005-01-14,0.6700087189674377
2005-01-17,0.6640263199806213
2005-01-18,0.6625306010246277
2005-01-19,0.6744948625564575
2005-01-20,0.6580440998077393
2005-01-21,0.661034882068634
2005-01-24,0.6655218601226807
2005-01-26,0.6595392823219299
2005-01-27,0.6535571217536926
2005-01-28,0.6580440998077393
2005-01-31,0.6744948625564575
2005-02-01,0.6819732189178467
2005-02-02,0.6984236240386963
2005-02-03,0.7268397808074951
2005-02-04,0.7582464814186096
2005-02-09,0.7492727041244507
2005-02-10,0.7462815046310425
2005-02-11,0.7507686018943787
2005-02-14,0.774697482585907
2005-02-15,0.7821747660636902
2005-02-16,0.7657238841056824
2005-02-17,0.7776880264282227
2005-02-18,0.7567504644393921
2005-02-21,0.7492727041244507
2005-02-22,0.7567504644393921
2005-02-23,0.7522639632225037
2005-02-24,0.7836704850196838
2005-02-25,0.7761927843093872
2005-02-28,0.7582464814186096
2005-03-01,0.7687147855758667
2005-03-02,0.774697482585907
2005-03-03,0.8001216650009155
2005-03-04,0.828536868095398
2005-03-07,0.8360148668289185
2005-03-08,0.8225546479225159
2005-03-09,0.8150774240493774
2005-03-10,0.8150774240493774
2005-03-11,0.8150774240493774
2005-03-14,0.8046085238456726
2005-03-15,0.7926438450813293
2005-03-16,0.8150774240493774
2005-03-17,0.8180682063102722
2005-03-18,0.7926438450813293
2005-03-21,0.7702108025550842
2005-03-22,0.7537593245506287
2005-03-23,0.7417949438095093
2005-03-24,0.7552551031112671
2005-03-28,0.7477771639823914
2005-03-29,0.722352921962738
2005-03-30,0.7313261032104492
2005-03-31,0.7358130812644958
2005-04-01,0.7388041019439697
2005-04-04,0.7193618416786194
2005-04-05,0.7253440022468567
2005-04-06,0.722352921962738
2005-04-07,0.7358130812644958
2005-04-08,0.7253440022468567
2005-04-11,0.7298303842544556
2005-04-12,0.7328219413757324
2005-04-13,0.7343170642852783
2005-04-14,0.7178658843040466
2005-04-15,0.7029106020927429
2005-04-18,0.7029106020927429
2005-04-19,0.7178658843040466
2005-04-20,0.7103884220123291
2005-04-22,0.7193618416786194
2005-04-25,0.7462815046310425
2005-04-26,0.7687147855758667
2005-04-27,0.7732018232345581
2005-04-28,0.7447863221168518
2005-04-29,0.7358130812644958
2005-05-02,0.744784951210022
2005-05-03,0.7402896285057068
2005-05-04,0.770261287689209
2005-05-05,0.7672634720802307
2005-05-06,0.7642664313316345
2005-05-09,0.7627679109573364
2005-05-10,0.7417882680892944
2005-05-11,0.7327969074249268
2005-05-12,0.7193095088005066
2005-05-13,0.7268022894859314
2005-05-16,0.7387911677360535
2005-05-17,0.7417882680892944
2005-05-18,0.7492810487747192
2005-05-19,0.7492810487747192
2005-05-20,0.7402896285057068
2005-05-23,0.7327969074249268
2005-05-24,0.7283013463020325
2005-05-25,0.7283013463020325
2005-05-27,0.735793948173523
2005-05-30,0.7342953681945801
2005-05-31,0.7372923493385315
2005-06-01,0.7492810487747192
2005-06-02,0.7762548327445984
2005-06-03,0.7807508111000061
2005-06-06,0.7642664313316345
2005-06-07,0.7717593908309937
2005-06-08,0.7672634720802307
2005-06-09,0.7642664313316345
2005-06-10,0.761269748210907
2005-06-13,0.7567737698554993
2005-06-14,0.755275309085846
2005-06-15,0.7417882680892944
2005-06-16,0.744784951210022
2005-06-17,0.7492810487747192
2005-06-20,0.7537768483161926
2005-06-21,0.7492810487747192
2005-06-22,0.7432862520217896
2005-06-23,0.7312979698181152
2005-06-24,0.7417882680892944
2005-06-27,0.746284008026123
2005-06-28,0.7582725286483765
2005-06-29,0.7567737698554993
2005-06-30,0.761269748210907
2005-07-01,0.7597712874412537
2005-07-04,0.755275309085846
2005-07-05,0.7477822303771973
2005-07-06,0.744784951210022
2005-07-07,0.746284008026123
2005-07-08,0.7432862520217896
2005-07-11,0.755275309085846
2005-07-12,0.7627679109573364
2005-07-13,0.7807508111000061
2005-07-14,0.774756133556366
2005-07-15,0.7732580304145813
2005-07-18,0.770261287689209
2005-07-19,0.7582725286483765
2005-07-20,0.761269748210907
2005-07-21,0.7642664313316345
2005-07-22,0.746284008026123
2005-07-25,0.7238053679466248
2005-07-26,0.7342953681945801
2005-07-27,0.755275309085846
2005-07-28,0.7732580304145813
2005-07-29,0.7732580304145813
2005-08-01,0.8017306327819824
2005-08-02,0.8092232346534729
2005-08-03,0.7942378520965576
2005-08-04,0.79273921251297
2005-08-05,0.7837479710578918
2005-08-08,0.7867447137832642
2005-08-09,0.7957368493080139
2005-08-10,0.8167163133621216
2005-08-11,0.8122206926345825
2005-08-12,0.8017306327819824
2005-08-15,0.8317022919654846
2005-08-16,0.8302034139633179
2005-08-17,0.8227106332778931
2005-08-18,0.8152176737785339
2005-08-19,0.8017306327819824
2005-08-22,0.8182145953178406
2005-08-23,0.8137190341949463
2005-08-24,0.8287050724029541
2005-08-25,0.845189094543457
2005-08-26,0.845189094543457
2005-08-29,0.8616729974746704
2005-08-30,0.8646703958511353
2005-08-31,0.8811550736427307
2005-09-01,0.899137020111084
2005-09-02,0.8961406946182251
2005-09-05,0.8961406946182251
2005-09-06,0.9261112809181213
2005-09-08,0.9351027607917786
2005-09-09,0.9485898017883301
2005-09-12,0.94109708070755
2005-09-13,0.9201170802116394
2005-09-14,0.9141225814819336
2005-09-15,0.9246128797531128
2005-09-16,0.9246128797531128
2005-09-19,0.9380994439125061
2005-09-20,0.9515868425369263
2005-09-21,0.9680705666542053
2005-09-22,0.9515868425369263
2005-09-23,0.9470916986465454
2005-09-26,0.9515868425369263
2005-09-27,0.9366011619567871
2005-09-28,0.9455926418304443
2005-09-29,0.94109708070755
2005-09-30,0.9620766043663025
2005-10-03,0.9890509247779846
2005-10-04,1.0190223455429077
2005-10-05,0.9815585017204285
2005-10-06,0.9500879645347595
2005-10-07,0.9890509247779846
2005-10-10,0.9890509247779846
2005-10-11,1.0070335865020752
2005-10-13,0.960578203201294
2005-10-14,0.9590794444084167
2005-10-17,0.9950458407402039
2005-10-18,0.9800595045089722
2005-10-19,0.9590794444084167
2005-10-20,0.9201170802116394
2005-10-21,0.9321057796478271
2005-10-24,0.9740651845932007
2005-10-25,0.9440937042236328
2005-10-26,0.9815585017204285
2005-10-27,0.9515868425369263
2005-10-28,0.9665721654891968
2005-10-31,1.010030746459961
2005-11-01,1.0175238847732544
2005-11-03,1.0220197439193726
2005-11-04,1.0220197439193726
2005-11-07,1.0429996252059937
2005-11-08,1.0579848289489746
2005-11-09,1.065476894378662
2005-11-10,1.071472406387329
2005-11-11,1.083460807800293
2005-11-14,1.0744692087173462
2005-11-16,1.1269185543060303
2005-11-17,1.1329127550125122
2005-11-18,1.1014432907104492
2005-11-21,1.0939503908157349
2005-11-22,1.0939503908157349
2005-11-23,1.1029417514801025
2005-11-24,1.0909535884857178
2005-11-25,1.1194264888763428
2005-11-28,1.1194264888763428
2005-11-29,1.1164286136627197
2005-11-30,1.1314148902893066
2005-12-01,1.1583887338638306
2005-12-02,1.1583887338638306
2005-12-05,1.1673797369003296
2005-12-06,1.177870512008667
2005-12-07,1.164382815361023
2005-12-08,1.1014432907104492
2005-12-09,1.1029417514801025
2005-12-12,1.1059383153915405
2005-12-13,1.1179275512695312
2005-12-14,1.110434889793396
2005-12-15,1.1119335889816284
2005-12-16,1.1029417514801025
2005-12-19,1.0744692087173462
2005-12-20,1.0729706287384033
2005-12-21,1.1029417514801025
2005-12-22,1.1179275512695312
2005-12-23,1.1089359521865845
2005-12-26,1.1089359521865845
2005-12-27,1.099945068359375
2005-12-28,1.1089359521865845
2005-12-29,1.1089359521865845
2006-01-02,1.1164286136627197
2006-01-03,1.1538927555084229
2006-01-04,1.1838641166687012
2006-01-05,1.1613852977752686
2006-01-06,1.1913565397262573
2006-01-09,1.1838641166687012
2006-01-10,1.1838641166687012
2006-01-11,1.2063425779342651
2006-01-12,1.1958531141281128
2006-01-13,1.2063425779342651
2006-01-16,1.2123364210128784
2006-01-17,1.1898584365844727
2006-01-18,1.1913565397262573
2006-01-19,1.2438061237335205
2006-01-20,1.2587922811508179
2006-01-23,1.2512985467910767
2006-01-24,1.296256184577942
2006-01-25,1.296256184577942
2006-01-26,1.3397144079208374
2006-01-27,1.318734884262085
2006-01-30,1.3262271881103516
2006-01-31,1.3487058877944946
2006-02-01,1.3726829290390015
2006-02-02,1.3262271881103516
2006-02-03,1.318734884262085
2006-02-06,1.3487058877944946
2006-02-07,1.306746482849121
2006-02-08,1.3037495613098145
2006-02-09,1.3487058877944946
2006-02-10,1.3906652927398682
2006-02-13,1.3936628103256226
2006-02-14,1.3846710920333862
2006-02-15,1.3936628103256226
2006-02-16,1.4236334562301636
2006-02-17,1.4101471900939941
2006-02-20,1.4386193752288818
2006-02-21,1.3786776065826416
2006-02-22,1.3696861267089844
2006-02-23,1.368187427520752
2006-02-24,1.3831732273101807
2006-02-27,1.3831732273101807
2006-02-28,1.3831732273101807
2006-03-01,1.4086487293243408
2006-03-02,1.4311261177062988
2006-03-03,1.4236334562301636
2006-03-06,1.4026539325714111
2006-03-07,1.3666889667510986
2006-03-08,1.3561986684799194
2006-03-09,1.3037495613098145
2006-03-10,1.350204586982727
2006-03-13,1.3636908531188965
2006-03-14,1.4131436347961426
2006-03-15,1.4086487293243408
2006-03-16,1.4461127519607544
2006-03-17,1.4521068334579468
2006-03-20,1.4730865955352783
2006-03-21,1.4161410331726074
2006-03-22,1.4820784330368042
2006-03-23,1.4266308546066284
2006-03-24,1.4236334562301636
2006-03-27,1.4206370115280151
2006-03-28,1.360694169998169
2006-03-29,1.3921644687652588
2006-03-30,1.3936628103256226
2006-03-31,1.3996564149856567
2006-04-03,1.471587896347046
2006-04-04,1.4985620975494385
2006-04-05,1.471587896347046
2006-04-06,1.4910697937011719
2006-04-07,1.4685907363891602
2006-04-10,1.419138789176941
2006-04-11,1.375679612159729
2006-04-12,1.3786776065826416
2006-04-13,1.3576972484588623
2006-04-14,1.3576972484588623
2006-04-17,1.360694169998169
2006-04-18,1.3786776065826416
2006-04-19,1.3951622247695923
2006-04-20,1.3906652927398682
2006-04-21,1.3906652927398682
2006-04-24,1.375679612159729
2006-04-25,1.3831732273101807
2006-04-26,1.3951622247695923
2006-04-27,1.3996564149856567
2006-04-28,1.4296287298202515
2006-05-01,1.4296287298202515
2006-05-02,1.479081153869629
2006-05-03,1.50455641746521
2006-05-04,1.551011562347412
2006-05-05,1.5659972429275513
2006-05-08,1.6004643440246582
2006-05-09,1.4549672603607178
2006-05-10,1.4508808851242065
2006-05-11,1.4140986204147339
2006-05-12,1.3759527206420898
2006-05-15,1.3596044778823853
2006-05-16,1.3241844177246094
2006-05-17,1.3350822925567627
2006-05-18,1.4101471900939941
2006-05-19,1.38167405128479
2006-05-22,1.354699969291687
2006-05-23,1.2315452098846436
2006-05-24,1.2029365301132202
2006-05-25,1.1511685848236084
2006-05-26,1.226096510887146
2006-05-29,1.374180793762207
2006-05-30,1.2492560148239136
2006-05-31,1.1920379400253296
2006-06-01,1.1974871158599854
2006-06-02,1.2192845344543457
2006-06-05,1.2124725580215454
2006-06-06,1.1933995485305786
2006-06-07,1.1511685848236084
2006-06-08,1.0993995666503906
2006-06-09,1.1034868955612183
2006-06-12,1.100762128829956
2006-06-13,1.040819525718689
2006-06-14,1.008123755455017
2006-06-15,1.008123755455017
2006-06-16,1.0626168251037598
2006-06-19,1.117110013961792
2006-06-20,1.130732774734497
2006-06-21,1.130732774734497
2006-06-22,1.1566168069839478
2006-06-23,1.133458137512207
2006-06-26,1.249800682067871
2006-06-27,1.1361819505691528
2006-06-28,1.117110013961792
2006-06-29,1.1102969646453857
2006-06-30,1.1852258443832397
2006-07-03,1.1879514455795288
2006-07-04,1.226096510887146
2006-07-05,1.226096510887146
2006-07-06,1.1906760931015015
2006-07-07,1.2042996883392334
2006-07-10,1.1852258443832397
2006-07-11,1.1811397075653076
2006-07-12,1.1865891218185425
2006-07-13,1.1620670557022095
2006-07-14,1.1348203420639038
2006-07-17,1.2213283777236938
2006-07-18,1.1116602420806885
2006-07-19,1.117110013961792
2006-07-20,1.3052481412887573
2006-07-21,1.1865891218185425
2006-07-24,1.1920379400253296
2006-07-25,1.365189790725708
2006-07-26,1.3576972484588623
2006-07-27,1.3262271881103516
2006-07-28,1.2056605815887451
2006-07-31,1.2179218530654907
2006-08-01,1.226096510887146
2006-08-02,1.1988493204116821
2006-08-03,1.2015740871429443
2006-08-04,1.1961246728897095
2006-08-07,1.2179218530654907
2006-08-08,1.209748387336731
2006-08-09,1.2083858251571655
2006-08-10,1.2192845344543457
2006-08-11,1.3262271881103516
2006-08-14,1.1988493204116821
2006-08-15,1.1961246728897095
2006-08-16,1.253342866897583
2006-08-17,1.273777723312378
2006-08-18,1.2874013185501099
2006-08-21,1.2656030654907227
2006-08-22,1.2397197484970093
2006-08-23,1.2519807815551758
2006-08-24,1.226096510887146
2006-08-25,1.2138352394104004
2006-08-28,1.2015740871429443
2006-08-29,1.238357663154602
2006-08-30,1.2424442768096924
2006-08-31,1.2410821914672852
2006-09-01,1.232908010482788
2006-09-04,1.273777723312378
2006-09-05,1.2833138704299927
2006-09-06,1.269690752029419
2006-09-07,1.269690752029419
2006-09-08,1.245168685913086
2006-09-11,1.209748387336731
2006-09-12,1.2519807815551758
2006-09-13,1.3846710920333862
2006-09-14,1.2397197484970093
2006-09-15,1.26151704788208
2006-09-18,1.2587922811508179
2006-09-19,1.236994981765747
2006-09-20,1.354699969291687
2006-09-21,1.2192845344543457
2006-09-22,1.1920379400253296
2006-09-25,1.3052481412887573
2006-09-26,1.172965407371521
2006-09-27,1.2042996883392334
2006-09-28,1.1988493204116821
2006-09-29,1.232908010482788
2006-10-02,1.3636908531188965
2006-10-03,1.226096510887146
2006-10-04,1.2805888652801514
2006-10-05,1.3037495613098145
2006-10-06,1.3010241985321045
2006-10-09,1.3132853507995605
2006-10-10,1.3214592933654785
2006-10-11,1.3146477937698364
2006-10-12,1.3146477937698364
2006-10-13,1.3378069400787354
2006-10-16,1.3214592933654785
2006-10-17,1.3296337127685547
2006-10-18,1.3282711505889893
2006-10-19,1.3405320644378662
2006-10-20,1.336444616317749
2006-10-23,1.3568803071975708
2006-10-24,1.3636908531188965
2006-10-25,1.3745903968811035
2006-10-26,1.5060546398162842
2006-10-27,1.358242392539978
2006-10-30,1.3405320644378662
2006-10-31,1.3173717260360718
2006-11-01,1.325546383857727
2006-11-02,1.325546383857727
2006-11-03,1.3391697406768799
2006-11-06,1.474584698677063
2006-11-07,1.3432568311691284
2006-11-08,1.3691409826278687
2006-11-09,1.3173717260360718
2006-11-10,1.3146477937698364
2006-11-13,1.4670929908752441
2006-11-14,1.358242392539978
2006-11-15,1.358242392539978
2006-11-16,1.3596044778823853
2006-11-17,1.3786776065826416
2006-11-20,1.3786776065826416
2006-11-21,1.50455641746521
2006-11-22,1.3923008441925049
2006-11-23,1.540522575378418
2006-11-24,1.3786776065826416
2006-11-27,1.483576774597168
2006-11-28,1.3487058877944946
2006-11-29,1.371864676475525
2006-11-30,1.362329125404358
2006-12-01,1.3405320644378662
2006-12-04,1.3759527206420898
2006-12-05,1.3827639818191528
2006-12-06,1.4004743099212646
2006-12-07,1.4004743099212646
2006-12-08,1.4100106954574585
2006-12-11,1.4045616388320923
2006-12-12,1.3963874578475952
2006-12-13,1.4304465055465698
2006-12-14,1.5734894275665283
2006-12-15,1.4372570514678955
2006-12-18,1.4249961376190186
2006-12-19,1.5734894275665283
2006-12-20,1.4277217388153076
2006-12-21,1.4222712516784668
2006-12-22,1.42090904712677
2006-12-26,1.5734894275665283
2006-12-27,1.4576925039291382
2006-12-28,1.4876641035079956
2007-01-02,1.5012863874435425
2007-01-03,1.5162726640701294
2007-01-04,1.5230845212936401
2007-01-05,1.4617791175842285
2007-01-08,1.5189969539642334
2007-01-09,1.467228889465332
2007-01-10,1.6109546422958374
2007-01-11,1.4713162183761597
2007-01-12,1.4767651557922363
2007-01-15,1.640925407409668
2007-01-16,1.4876641035079956
2007-01-17,1.6738941669464111
2007-01-18,1.6634045839309692
2007-01-19,1.54624342918396
2007-01-22,1.5394314527511597
2007-01-23,1.7083603143692017
2007-01-24,1.7233459949493408
2007-01-26,1.6048240661621094
2007-01-29,1.711358666419983
2007-01-30,1.5639539957046509
2007-01-31,1.760810136795044
2007-02-01,1.7653058767318726
2007-02-02,1.6211719512939453
2007-02-05,1.6157225370407104
2007-02-06,1.798274040222168
2007-02-07,1.7698023319244385
2007-02-08,1.7533178329467773
2007-02-09,1.5598666667938232
2007-02-12,1.727841854095459
2007-02-13,1.7308390140533447
2007-02-14,1.8087646961212158
2007-02-15,1.6293461322784424
2007-02-16,1.6211719512939453
2007-02-21,1.6429688930511475
2007-02-22,1.6552302837371826
2007-02-23,1.798274040222168
2007-02-26,1.784787654876709
2007-02-27,1.6143592596054077
2007-02-28,1.7068618535995483
2007-03-01,1.5189969539642334
2007-03-02,1.4522435665130615
2007-03-05,1.5974674224853516
2007-03-06,1.5108224153518677
2007-03-07,1.6334326267242432
2007-03-08,1.6559101343154907
2007-03-09,1.5108224153518677
2007-03-12,1.640925407409668
2007-03-13,1.4222712516784668
2007-03-14,1.4495185613632202
2007-03-15,1.4304465055465698
2007-03-16,1.4168224334716797
2007-03-19,1.5012863874435425
2007-03-20,1.54624342918396
2007-03-21,1.6020991802215576
2007-03-22,1.6075485944747925
2007-03-23,1.6061854362487793
2007-03-26,1.5925627946853638
2007-03-27,1.5830261707305908
2007-03-28,1.5326210260391235
2007-03-29,1.540795087814331
2007-03-30,1.5516937971115112
2007-04-02,1.5189969539642334
2007-04-03,1.5571424961090088
2007-04-04,1.578939437866211
2007-04-05,1.5734894275665283
2007-04-09,1.5557795763015747
2007-04-10,1.5653163194656372
2007-04-11,1.54624342918396
2007-04-12,1.5598666667938232
2007-04-13,1.5993744134902954
2007-04-16,1.622534155845642
2007-04-17,1.8132600784301758
2007-04-18,1.630707859992981
2007-04-19,1.6525051593780518
2007-04-20,1.8282454013824463
2007-04-23,1.6470566987991333
2007-04-24,1.640245795249939
2007-04-25,1.6824761629104614
2007-04-26,1.68792724609375
2007-04-27,1.7219834327697754
2007-04-30,1.5121854543685913
2007-05-02,1.6858819723129272
2007-05-03,1.5394314527511597
2007-05-04,1.5680415630340576
2007-05-07,1.744326114654541
2007-05-08,1.7862861156463623
2007-05-09,1.6157225370407104
2007-05-10,1.6375197172164917
2007-05-11,1.6538676023483276
2007-05-14,1.603461742401123
2007-05-15,1.6157225370407104
2007-05-16,1.6743028163909912
2007-05-17,1.6865639686584473
2007-05-18,1.7029112577438354
2007-05-21,1.68792724609375
2007-05-22,1.6674916744232178
2007-05-23,1.6443318128585815
2007-05-24,1.6143592596054077
2007-05-25,1.6279836893081665
2007-05-28,1.6470566987991333
2007-05-29,1.6347954273223877
2007-05-30,1.6538676023483276
2007-05-31,1.6293461322784424
2007-06-01,1.6688519716262817
2007-06-04,1.6538676023483276
2007-06-05,1.6511420011520386
2007-06-06,1.7922813892364502
2007-06-08,1.6525051593780518
2007-06-11,1.8087646961212158
2007-06-12,1.6416056156158447
2007-06-13,1.6211719512939453
2007-06-14,1.6429688930511475
2007-06-15,1.8342403173446655
2007-06-18,1.6606789827346802
2007-06-19,1.6620419025421143
2007-06-20,1.6388828754425049
2007-06-21,1.6456941366195679
2007-06-22,1.6266207695007324
2007-06-25,1.6375197172164917
2007-06-26,1.622534155845642
2007-06-27,1.6416056156158447
2007-06-28,1.798274040222168
2007-06-29,1.649781346321106
2007-07-02,1.6688519716262817
2007-07-03,1.6593170166015625
2007-07-04,1.649781346321106
2007-07-05,1.6375197172164917
2007-07-06,1.6334326267242432
2007-07-10,1.6211719512939453
2007-07-11,1.6647664308547974
2007-07-12,1.7233459949493408
2007-07-13,1.716534972190857
2007-07-16,1.7560425996780396
2007-07-17,1.741055965423584
2007-07-18,1.777840495109558
2007-07-19,1.8050862550735474
2007-07-20,1.7601295709609985
2007-07-23,1.7737528085708618
2007-07-24,1.7069990634918213
2007-07-25,1.6961004734039307
2007-07-26,1.6443318128585815
2007-07-27,1.576215386390686
2007-07-30,1.6184464693069458
2007-07-31,1.611635446548462
2007-08-01,1.6279836893081665
2007-08-02,1.640245795249939
2007-08-03,1.6075485944747925
2007-08-06,1.5898382663726807
2007-08-07,1.5734894275665283
2007-08-08,1.5912002325057983
2007-08-09,1.5353449583053589
2007-08-10,1.550330400466919
2007-08-13,1.521721601486206
2007-08-14,1.5026494264602661
2007-08-15,1.4481556415557861
2007-08-16,1.5180429220199585
2007-08-17,1.434532880783081
2007-08-20,1.4808520078659058
2007-08-21,1.4713162183761597
2007-08-22,1.5571424961090088
2007-08-23,1.5666791200637817
2007-08-24,1.5748529434204102
2007-08-27,1.578939437866211
2007-08-28,1.5367071628570557
2007-08-29,1.5544177293777466
2007-08-30,1.5421568155288696
2007-08-31,1.7683026790618896
2007-09-03,1.7683026790618896
2007-09-04,1.6129977703094482
2007-09-05,1.7008682489395142
2007-09-06,1.690378189086914
2007-09-10,1.6319341659545898
2007-09-11,1.6469193696975708
2007-09-12,1.508097767829895
2007-09-13,1.4985620975494385
2007-09-14,1.540795087814331
2007-09-17,1.6424243450164795
2007-09-18,1.7203491926193237
2007-09-19,1.5639539957046509
2007-09-20,1.5653163194656372
2007-09-21,1.5857504606246948
2007-09-24,1.5898382663726807
2007-09-25,1.760810136795044
2007-09-26,1.6061854362487793
2007-09-27,1.6674916744232178
2007-09-28,1.716534972190857
2007-10-01,1.9406381845474243
2007-10-02,1.9601194858551025
2007-10-03,1.784651517868042
2007-10-04,1.7151721715927124
2007-10-05,1.7369695901870728
2007-10-08,2.0365452766418457
2007-10-09,1.8486809730529785
2007-10-10,1.8732023239135742
2007-10-11,1.8623032569885254
2007-10-15,1.943636178970337
2007-10-16,1.7642165422439575
2007-10-17,1.9481303691864014
2007-10-18,1.7574042081832886
2007-10-19,1.762853980064392
2007-10-22,1.8552204370498657
2007-10-23,1.690651297569275
2007-10-24,1.751954436302185
2007-10-25,1.7151721715927124
2007-10-26,1.7124477624893188
2007-10-29,1.9541255235671997
2007-10-30,1.7655786275863647
2007-10-31,1.7192596197128296
2007-11-01,1.784651517868042
2007-11-05,1.8552204370498657
2007-11-06,1.6988242864608765
2007-11-07,1.8222512006759644
2007-11-08,1.632070541381836
2007-11-09,1.6279836893081665
2007-11-12,1.7653058767318726
2007-11-13,1.7997723817825317
2007-11-14,1.8132600784301758
2007-11-16,1.6892884969711304
2007-11-19,1.6075485944747925
2007-11-21,1.5353449583053589
2007-11-22,1.5176341533660889
2007-11-23,1.5326210260391235
2007-11-26,1.6858819723129272
2007-11-27,1.7398024797439575
2007-11-28,1.8447892665863037
2007-11-29,1.8522887229919434
2007-11-30,1.7616170644760132
2007-12-03,1.9572758674621582
2007-12-04,1.7793430089950562
2007-12-05,1.969274878501892
2007-12-06,1.975274682044983
2007-12-07,1.7929774522781372
2007-12-10,1.9647773504257202
2007-12-11,1.7329846620559692
2007-12-12,1.7357101440429688
2007-12-13,1.6825363636016846
2007-12-14,1.6539018154144287
2007-12-17,1.5830010175704956
2007-12-18,1.8072932958602905
2007-12-19,1.6511752605438232
2007-12-20,1.6539018154144287
2007-12-21,1.8117929697036743
2007-12-26,1.8537887334823608
2007-12-27,1.6498111486434937
2007-12-28,1.762299656867981
2008-01-02,1.5407322645187378
2008-01-03,1.5202808380126953
2008-01-04,1.5134637355804443
2008-01-07,1.5134637355804443
2008-01-08,1.5270990133285522
2008-01-09,1.5134637355804443
2008-01-10,1.539370059967041
2008-01-11,1.493011236190796
2008-01-14,1.5039191246032715
2008-01-15,1.4452893733978271
2008-01-16,1.428928017616272
2008-01-17,1.4002939462661743
2008-01-18,1.3757520914077759
2008-01-21,1.3266667127609253
2008-01-22,1.3375744819641113
2008-01-23,1.3089410066604614
2008-01-24,1.3975685834884644
2008-01-28,1.404384970664978
2008-01-29,1.4302908182144165
2008-01-30,1.419382929801941
2008-01-31,1.3812053203582764
2008-02-01,1.33621084690094
2008-02-06,1.2843990325927734
2008-02-07,1.26803719997406
2008-02-08,1.2612197399139404
2008-02-11,1.3089410066604614
2008-02-12,1.3675708770751953
2008-02-13,1.405748963356018
2008-02-14,1.3634803295135498
2008-02-15,1.3907498121261597
2008-02-18,1.42483651638031
2008-02-19,1.3907498121261597
2008-02-20,1.42483651638031
2008-02-21,1.4207462072372437
2008-02-22,1.4466530084609985
2008-02-25,1.4787726402282715
2008-02-26,1.5183337926864624
2008-02-27,1.5592595338821411
2008-02-28,1.5265185832977295
2008-02-29,1.4664946794509888
2008-03-03,1.4910506010055542
2008-03-04,1.4705878496170044
2008-03-05,1.5374321937561035
2008-03-06,1.4924147129058838
2008-03-07,1.439211368560791
2008-03-10,1.4119280576705933
2008-03-11,1.473315954208374
2008-03-12,1.439211368560791
2008-03-13,1.4583102464675903
2008-03-14,1.4282972812652588
2008-03-17,1.3710014820098877
2008-03-18,1.4323906898498535
2008-03-19,1.3737300634384155
2008-03-20,1.3914649486541748
2008-03-24,1.3710014820098877
2008-03-25,1.4201124906539917
2008-03-26,1.4282972812652588
2008-03-27,1.3791868686676025
2008-03-28,1.3710014820098877
2008-03-31,1.405106544494629
2008-04-01,1.4514895677566528
2008-04-02,1.4596741199493408
2008-04-03,1.4787726402282715
2008-04-04,1.4624029397964478
2008-04-07,1.4664946794509888
2008-04-08,1.493778944015503
2008-04-09,1.4664946794509888
2008-04-10,1.4473971128463745
2008-04-11,1.4201124906539917
2008-04-14,1.3955577611923218
2008-04-15,1.3996508121490479
2008-04-16,1.4705878496170044
2008-04-17,1.5046919584274292
2008-04-18,1.540160894393921
2008-04-22,1.5087848901748657
2008-04-23,1.4869574308395386
2008-04-24,1.4842292070388794
2008-04-25,1.5142418146133423
2008-04-28,1.5333402156829834
2008-04-29,1.5019643306732178
2008-04-30,1.4970736503601074
2008-05-02,1.5462924242019653
2008-05-05,1.5585969686508179
2008-05-06,1.5189496278762817
2008-05-07,1.4929723739624023
2008-05-08,1.5052767992019653
2008-05-09,1.4970736503601074
2008-05-12,1.5052767992019653
2008-05-13,1.5052767992019653
2008-05-14,1.4628945589065552
2008-05-15,1.5039093494415283
2008-05-16,1.4916059970855713
2008-05-19,1.5011759996414185
2008-05-20,1.4724644422531128
2008-05-21,1.4560589790344238
2008-05-23,1.435550570487976
2008-05-26,1.4492225646972656
2008-05-27,1.499808430671692
2008-05-28,1.5476597547531128
2008-05-29,1.5476597547531128
2008-05-30,1.6064491271972656
2008-06-02,1.6064491271972656
2008-06-03,1.5298863649368286
2008-06-04,1.5011759996414185
2008-06-05,1.5080112218856812
2008-06-06,1.5599637031555176
2008-06-09,1.4929723739624023
2008-06-10,1.4410196542739868
2008-06-11,1.4314489364624023
2008-06-12,1.4834022521972656
2008-06-13,1.4888700246810913
2008-06-16,1.514847993850708
2008-06-17,1.551761507987976
2008-06-18,1.4943403005599976
2008-06-19,1.4970736503601074
2008-06-20,1.4437536001205444
2008-06-23,1.4400215148925781
2008-06-24,1.390742540359497
2008-06-25,1.4235950708389282
2008-06-26,1.3551526069641113
2008-06-27,1.371578335762024
2008-06-30,1.392111897468567
2008-07-01,1.3578906059265137
2008-07-02,1.3428328037261963
2008-07-03,1.3072431087493896
2008-07-04,1.303136944770813
2008-07-07,1.3003984689712524
2008-07-08,1.3072431087493896
2008-07-10,1.3003984689712524
2008-07-11,1.2839728593826294
2008-07-14,1.2867108583450317
2008-07-15,1.2730218172073364
2008-07-16,1.396217703819275
2008-07-17,1.3893731832504272
2008-07-18,1.412643551826477
2008-07-21,1.396217703819275
2008-07-22,1.411275029182434
2008-07-23,1.403062343597412
2008-07-24,1.3852673768997192
2008-07-25,1.3551526069641113
2008-07-28,1.326406717300415
2008-07-29,1.3729479312896729
2008-07-30,1.4071693420410156
2008-07-31,1.411275029182434
2008-08-01,1.3934803009033203
2008-08-04,1.3606288433074951
2008-08-05,1.4153814315795898
2008-08-06,1.4277009963989258
2008-08-07,1.3934803009033203
2008-08-08,1.367472529411316
2008-08-11,1.3209309577941895
2008-08-12,1.4530243873596191
2008-08-13,1.2935541868209839
2008-08-14,1.326406717300415
2008-08-15,1.3140878677368164
2008-08-18,1.292034387588501
2008-08-19,1.2851613759994507
2008-08-20,1.3222726583480835
2008-08-21,1.3250216245651245
2008-08-22,1.33876633644104
2008-08-25,1.2906594276428223
2008-08-26,1.2700421810150146
2008-08-27,1.2989059686660767
2008-08-28,1.3360183238983154
2008-08-29,1.309902310371399
2008-09-01,1.2782881259918213
2008-09-02,1.2892850637435913
2008-09-03,1.292034387588501
2008-09-04,1.249423861503601
2008-09-05,1.2782881259918213
2008-09-08,1.2741655111312866
2008-09-09,1.2439265251159668
2008-09-10,1.2659183740615845
2008-09-11,1.2865359783172607
2008-09-12,1.2755401134490967
2008-09-15,1.2013168334960938
2008-09-16,1.2123124599456787
2008-09-17,1.1339653730392456
2008-09-18,1.2398020029067993
2008-09-19,1.328270435333252
2008-09-22,1.2594491243362427
2008-09-23,1.2401785850524902
2008-09-24,1.2388023138046265
2008-09-25,1.2800954580307007
2008-09-26,1.2869775295257568
2008-09-29,1.2209075689315796
2008-09-30,1.310376763343811
2008-10-01,1.3213889598846436
2008-10-02,1.2401785850524902
2008-10-03,1.1603446006774902
2008-10-06,1.110792636871338
2008-10-07,1.0667458772659302
2008-10-08,1.04610013961792
2008-10-09,0.9731473922729492
2008-10-10,0.9359832406044006
2008-10-13,1.171356201171875
2008-10-14,1.197508692741394
2008-10-15,1.073628306388855
2008-10-16,0.9965474009513855
2008-10-17,0.9428660869598389
2008-10-20,0.9869129061698914
2008-10-21,0.964888870716095
2008-10-22,0.8533976078033447
2008-10-23,0.7708102464675903
2008-10-24,0.7033641934394836
2008-10-27,0.6937289834022522
2008-10-28,0.7708102464675903
2008-10-29,0.863031804561615
2008-10-30,0.9621367454528809
2008-10-31,0.9910408854484558
2008-11-03,1.132815957069397
2008-11-04,1.2071436643600464
2008-11-05,1.0860165357589722
2008-11-06,1.037840485572815
2008-11-07,1.1011574268341064
2008-11-10,1.1520856618881226
2008-11-11,1.1396973133087158
2008-11-12,1.0323354005813599
2008-11-13,1.1520856618881226
2008-11-14,1.112168788909912
2008-11-17,1.0942751169204712
2008-11-18,1.025452971458435
2008-11-19,0.9786535501480103
2008-11-21,0.8946904540061951
2008-11-24,1.0048060417175293
2008-11-25,1.04610013961792
2008-11-26,1.1424503326416016
2008-11-27,1.1314396858215332
2008-11-28,1.1355681419372559
2008-12-01,1.1071653366088867
2008-12-02,1.1443923711776733
2008-12-03,1.1443923711776733
2008-12-04,1.1568022966384888
2008-12-05,1.1857560873031616
2008-12-08,1.2533169984817505
2008-12-09,1.240907907485962
2008-12-10,1.2395291328430176
2008-12-11,1.2050596475601196
2008-12-12,1.240907907485962
2008-12-15,1.1650745868682861
2008-12-16,1.2312557697296143
2008-12-17,1.240907907485962
2008-12-18,1.209195852279663
2008-12-19,1.1871349811553955
2008-12-22,1.1568022966384888
2008-12-23,1.1099234819412231
2008-12-26,1.1016501188278198
2008-12-29,1.0919991731643677
2008-12-30,1.1044083833694458
2009-01-02,1.1934312582015991
2009-01-05,1.1878929138183594
2009-01-06,1.225273609161377
2009-01-07,1.1671254634857178
2009-01-08,1.1795861721038818
2009-01-09,1.1795861721038818
2009-01-12,1.1435887813568115
2009-01-13,1.2183516025543213
2009-01-14,1.0355989933013916
2009-01-15,1.0577507019042969
2009-01-16,1.0231387615203857
2009-01-19,1.0314453840255737
2009-01-20,0.9746813178062439
2009-01-21,1.010677695274353
2009-01-22,0.9857566952705383
2009-01-23,1.0092931985855103
2009-01-26,1.0009863376617432
2009-01-27,0.9871413111686707
2009-01-28,1.045290231704712
2009-01-29,1.018985390663147
2009-01-30,1.013446569442749
2009-02-02,0.9829879403114319
2009-02-03,0.9871413111686707
2009-02-04,1.002371072769165
2009-02-05,1.038367748260498
2009-02-06,1.1131302118301392
2009-02-09,1.0895941257476807
2009-02-10,1.0660579204559326
2009-02-11,1.0549819469451904
2009-02-12,1.056365728378296
2009-02-13,1.0840556621551514
2009-02-16,1.0909783840179443
2009-02-17,1.0231387615203857
2009-02-18,1.024523138999939
2009-02-19,0.992679238319397
2009-02-20,0.9746813178062439
2009-02-25,0.9746813178062439
2009-02-26,0.9871413111686707
2009-02-27,0.9788346290588379
2009-03-02,0.9084771871566772
2009-03-03,0.9015419483184814
2009-03-04,0.963956356048584
2009-03-05,0.9570217132568359
2009-03-06,0.9681171774864197
2009-03-09,0.9459254145622253
2009-03-10,1.0046311616897583
2009-03-11,1.0116764307022095
2009-03-12,1.056764841079712
2009-03-13,1.05112886428833
2009-03-16,1.0497201681137085
2009-03-17,1.076490879058838
2009-03-18,1.1145340204238892
2009-03-19,1.1131255626678467
2009-03-20,1.0919896364212036
2009-03-23,1.1934396028518677
2009-03-24,1.1469417810440063
2009-03-25,1.1413061618804932
2009-03-26,1.1694858074188232
2009-03-27,1.16385018825531
2009-03-30,1.1258066892623901
2009-03-31,1.1229890584945679
2009-04-01,1.1328519582748413
2009-04-02,1.1906218528747559
2009-04-03,1.214574933052063
2009-04-06,1.232892394065857
2009-04-07,1.239937424659729
2009-04-08,1.2413467168807983
2009-04-09,1.2653002738952637
2009-04-13,1.2610729932785034
2009-04-14,1.211756944656372
2009-04-15,1.2075304985046387
2009-04-16,1.2385282516479492
2009-04-17,1.24557363986969
2009-04-20,1.214574933052063
2009-04-22,1.1962579488754272
2009-04-23,1.232892394065857
2009-04-24,1.2469823360443115
2009-04-27,1.211756944656372
2009-04-28,1.239937424659729
2009-04-29,1.3089795112609863
2009-04-30,1.3216609954833984
2009-05-04,1.4107418060302734
2009-05-05,1.4232250452041626
2009-05-06,1.4201043844223022
2009-05-07,1.3295915126800537
2009-05-08,1.3327134847640991
2009-05-11,1.310865044593811
2009-05-12,1.2983810901641846
2009-05-13,1.253125786781311
2009-05-14,1.2687309980392456
2009-05-15,1.2671701908111572
2009-05-18,1.3217895030975342
2009-05-19,1.3186684846878052
2009-05-20,1.3311525583267212
2009-05-21,1.3233510255813599
2009-05-22,1.3342736959457397
2009-05-25,1.3264716863632202
2009-05-26,1.3764086961746216
2009-05-27,1.3795297145843506
2009-05-28,1.3998173475265503
2009-05-29,1.3998173475265503
2009-06-01,1.4301395416259766
2009-06-02,1.4176349639892578
2009-06-03,1.3816865682601929
2009-06-04,1.3879377841949463
2009-06-05,1.3738716840744019
2009-06-08,1.3785604238510132
2009-06-09,1.3644936084747314
2009-06-10,1.3598041534423828
2009-06-12,1.3754348754882812
2009-06-15,1.3347967863082886
2009-06-16,1.323855996131897
2009-06-17,1.3191664218902588
2009-06-18,1.3097890615463257
2009-06-19,1.3301074504852295
2009-06-22,1.3129140138626099
2009-06-23,1.3160401582717896
2009-06-24,1.3019733428955078
2009-06-25,1.3410488367080688
2009-06-26,1.3535525798797607
2009-06-29,1.3676193952560425
2009-06-30,1.362930417060852
2009-07-01,1.3801233768463135
2009-07-02,1.3676193952560425
2009-07-03,1.3551161289215088
2009-07-06,1.3707457780838013
2009-07-07,1.3551161289215088
2009-07-08,1.3363598585128784
2009-07-09,1.3363598585128784
2009-07-10,1.3129140138626099
2009-07-13,1.3160401582717896
2009-07-14,1.3066632747650146
2009-07-15,1.3582414388656616
2009-07-16,1.3691824674606323
2009-07-17,1.3707457780838013
2009-07-20,1.4160720109939575
2009-07-21,1.4145090579986572
2009-07-22,1.4223244190216064
2009-07-23,1.480155348777771
2009-07-24,1.5082893371582031
2009-07-27,1.4957855939865112
2009-07-28,1.5036001205444336
2009-07-29,1.487969994544983
2009-07-30,1.497348427772522
2009-07-31,1.4957855939865112
2009-08-03,1.5020360946655273
2009-08-04,1.5192298889160156
2009-08-05,1.5473638772964478
2009-08-06,1.5411111116409302
2009-08-07,1.5786234140396118
2009-08-10,1.5880017280578613
2009-08-11,1.5317333936691284
2009-08-12,1.5317333936691284
2009-08-13,1.4989111423492432
2009-08-14,1.4692144393920898
2009-08-17,1.4301395416259766
2009-08-18,1.4723403453826904
2009-08-19,1.500474214553833
2009-08-20,1.509852409362793
2009-08-21,1.5051623582839966
2009-08-24,1.5151357650756836
2009-08-25,1.530837893486023
2009-08-26,1.5622390508651733
2009-08-27,1.5512480735778809
2009-08-28,1.5465377569198608
2009-08-31,1.51984703540802
2009-09-01,1.500035047531128
2009-09-02,1.4811655282974243
2009-09-03,1.4654422998428345
2009-09-04,1.4937444925308228
2009-09-08,1.5078963041305542
2009-09-09,1.5267653465270996
2009-09-10,1.5314817428588867
2009-09-11,1.547204852104187
2009-09-14,1.5597851276397705
2009-09-15,1.5817979574203491
2009-09-16,1.5975202322006226
2009-09-17,1.5912325382232666
2009-09-18,1.5975202322006226
2009-09-21,1.5975202322006226
2009-09-22,1.603811264038086
2009-09-23,1.5802257061004639
2009-09-24,1.5660738945007324
2009-09-25,1.5739352703094482
2009-09-28,1.6116728782653809
2009-09-29,1.6509815454483032
2009-09-30,1.6855731010437012
2009-10-01,1.6792839765548706
2009-10-02,1.684000849723816
2009-10-05,1.7170205116271973
2009-10-06,1.704441785812378
2009-10-07,1.6619880199432373
2009-10-08,1.6698499917984009
2009-10-09,1.6855731010437012
2009-10-13,1.6950076818466187
2009-10-14,1.7468961477279663
2009-10-15,1.7374615669250488
2009-10-16,1.7343173027038574
2009-10-19,1.7437514066696167
2009-10-20,1.69815194606781
2009-10-21,1.6855731010437012
2009-10-22,1.723309874534607
2009-10-23,1.69815194606781
2009-10-26,1.7138762474060059
2009-10-27,1.655698537826538
2009-10-28,1.55349600315094
2009-10-29,1.647836685180664
2009-10-30,1.5739352703094482
2009-11-03,1.6604151725769043
2009-11-04,1.723309874534607
2009-11-05,1.7201658487319946
2009-11-06,1.7107305526733398
2009-11-09,1.7421784400939941
2009-11-10,1.7516123056411743
2009-11-11,1.7610474824905396
2009-11-12,1.7107305526733398
2009-11-13,1.7673366069793701
2009-11-16,1.765763521194458
2009-11-17,1.781488299369812
2009-11-18,1.7626179456710815
2009-11-19,1.7343173027038574
2009-11-23,1.7295994758605957
2009-11-24,1.753185510635376
2009-11-25,1.8035005331039429
2009-11-26,1.7343173027038574
2009-11-27,1.7500412464141846
2009-11-30,1.7626179456710815
2009-12-01,1.8199248313903809
2009-12-02,1.8545606136322021
2009-12-03,1.8356674909591675
2009-12-04,1.8482625484466553
2009-12-07,1.8891959190368652
2009-12-08,1.8718786239624023
2009-12-09,1.8844726085662842
2009-12-10,1.8923442363739014
2009-12-11,1.8954936265945435
2009-12-14,1.887620449066162
2009-12-15,1.8923442363739014
2009-12-16,1.8687291145324707
2009-12-17,1.8356674909591675
2009-12-18,1.8262208700180054
2009-12-21,1.8419654369354248
2009-12-22,1.8293704986572266
2009-12-23,1.8199248313903809
2009-12-24,1.8199248313903809
2009-12-28,1.8183505535125732
2009-12-29,1.8577076196670532
2009-12-30,1.8577076196670532
2010-01-04,1.9523674249649048
2010-01-05,1.9460536241531372
2010-01-06,1.922379493713379
2010-01-07,1.911332607269287
2010-01-08,1.897127389907837
2010-01-11,1.8908134698867798
2010-01-12,1.8908134698867798
2010-01-13,1.8845000267028809
2010-01-14,1.8576693534851074
2010-01-15,1.8118982315063477
2010-01-18,1.829258918762207
2010-01-19,1.8450424671173096
2010-01-20,1.7850667238235474
2010-01-21,1.7629711627960205
2010-01-22,1.7850667238235474
2010-01-26,1.7834893465042114
2010-01-27,1.7456090450286865
2010-01-28,1.786645531654358
2010-01-29,1.7724400758743286
2010-02-01,1.7976936101913452
2010-02-02,1.8245247602462769
2010-02-03,1.8229470252990723
2010-02-04,1.744031548500061
2010-02-05,1.702994704246521
2010-02-08,1.6966811418533325
2010-02-09,1.7834893465042114
2010-02-10,1.780332088470459
2010-02-11,1.7992725372314453
2010-02-12,1.8103208541870117
2010-02-17,1.8403074741363525
2010-02-18,1.8545137643814087
2010-02-19,1.8339943885803223
2010-02-22,1.7992725372314453
2010-02-23,1.777176022529602
2010-02-24,1.7677052021026611
2010-02-25,1.7677052021026611
2010-02-26,1.8245247602462769
2010-03-01,1.8156758546829224
2010-03-02,1.833056926727295
2010-03-03,1.8734246492385864
2010-03-04,1.846134901046753
2010-03-05,1.8734246492385864
2010-03-08,1.870214819908142
2010-03-09,1.9183748960494995
2010-03-10,1.9183748960494995
2010-03-11,1.9151633977890015
2010-03-12,1.8750287294387817
2010-03-15,1.8975054025650024
2010-03-16,1.9119535684585571
2010-03-17,1.891083836555481
2010-03-18,1.8830571174621582
2010-03-19,1.8653985261917114
2010-03-22,1.8926894664764404
2010-03-23,1.878242015838623
2010-03-24,1.8365027904510498
2010-03-25,1.846134901046753
2010-03-26,1.8766359090805054
2010-03-29,1.9103484153747559
2010-03-30,1.9376392364501953
2010-03-31,1.9552966356277466
2010-04-01,1.9809820652008057
2010-04-05,1.9874049425125122
2010-04-06,1.9649299383163452
2010-04-07,1.9376392364501953
2010-04-08,2.019509792327881
2010-04-09,2.025930404663086
2010-04-12,2.0066678524017334
2010-04-13,2.000246524810791
2010-04-14,2.019509792327881
2010-04-15,2.0066678524017334
2010-04-16,1.9536930322647095
2010-04-19,1.939244270324707
2010-04-20,1.9552966356277466
2010-04-22,1.939244270324707
2010-04-23,1.94245445728302
2010-04-26,1.907137393951416
2010-04-27,1.8477404117584229
2010-04-28,1.9023200273513794
2010-04-29,1.9360326528549194
2010-04-30,1.9247955083847046
2010-05-03,1.9289629459381104
2010-05-04,1.8743093013763428
2010-05-05,1.8550199270248413
2010-05-06,1.8357303142547607
2010-05-07,1.843767523765564
2010-05-10,1.9064586162567139
2010-05-11,1.9000284671783447
2010-05-12,1.9048516750335693
2010-05-13,1.864664077758789
2010-05-14,1.8389452695846558
2010-05-17,1.8598421812057495
2010-05-18,1.8035809993743896
2010-05-19,1.728029727935791
2010-05-20,1.7039175033569336
2010-05-21,1.755355715751648
2010-05-24,1.7360663414001465
2010-05-25,1.692664623260498
2010-05-26,1.7682162523269653
2010-05-27,1.7537493705749512
2010-05-28,1.734459400177002
2010-05-31,1.792327880859375
2010-06-01,1.7688292264938354
2010-06-02,1.7961909770965576
2010-06-04,1.7575628757476807
2010-06-07,1.7141072750091553
2010-06-08,1.7736575603485107
2010-06-09,1.7559535503387451
2010-06-10,1.797800898551941
2010-06-11,1.8428666591644287
2010-06-14,1.810676097869873
2010-06-15,1.8460850715637207
2010-06-16,1.883103847503662
2010-06-17,1.8589613437652588
2010-06-18,1.8509137630462646
2010-06-21,1.878274917602539
2010-06-22,1.878274917602539
2010-06-23,1.8895422220230103
2010-06-24,1.838037133216858
2010-06-25,1.8670085668563843
2010-06-28,1.8557417392730713
2010-06-29,1.7704384326934814
2010-06-30,1.723764419555664
2010-07-01,1.8155059814453125
2010-07-02,1.8155059814453125
2010-07-05,1.7768769264221191
2010-07-06,1.828380823135376
2010-07-07,1.9265589714050293
2010-07-08,1.9490938186645508
2010-07-12,1.9410452842712402
2010-07-13,1.9635778665542603
2010-07-14,1.9603596925735474
2010-07-15,1.9555312395095825
2010-07-16,1.8975892066955566
2010-07-19,1.9474823474884033
2010-07-20,1.957140326499939
2010-07-21,1.9716248512268066
2010-07-22,2.018300771713257
2010-07-23,2.0440516471862793
2010-07-26,2.050490140914917
2010-07-27,2.0311758518218994
2010-07-28,2.0681943893432617
2010-07-29,2.089118003845215
2010-07-30,2.1052136421203613
2010-08-02,2.113260507583618
2010-08-03,2.0295681953430176
2010-08-04,2.0199108123779297
2010-08-05,2.0247387886047363
2010-08-06,2.0376148223876953
2010-08-09,2.0408341884613037
2010-08-10,2.0327870845794678
2010-08-11,1.9811714887619019
2010-08-12,1.9908764362335205
2010-08-13,1.9957271814346313
2010-08-16,2.024838447570801
2010-08-17,2.0345425605773926
2010-08-18,2.013517141342163
2010-08-19,1.9924935102462769
2010-08-20,1.989258885383606
2010-08-23,1.9730852842330933
2010-08-24,1.9407416582107544
2010-08-25,1.9423577785491943
2010-08-26,1.9083948135375977
2010-08-27,1.9714686870574951
2010-08-30,1.9278017282485962
2010-08-31,1.989258885383606
2010-09-01,2.007716178894043
2010-09-02,1.9850481748580933
2010-09-03,1.9834297895431519
2010-09-06,1.9704773426055908
2010-09-08,1.9688581228256226
2010-09-09,1.9575239419937134
2010-09-10,1.967238187789917
2010-09-13,2.007716178894043
2010-09-14,2.0352418422698975
2010-09-15,2.04333758354187
2010-09-16,2.0400984287261963
2010-09-17,2.0287656784057617
2010-09-20,1.9413323402404785
2010-09-21,2.0158135890960693
2010-09-22,2.019050121307373
2010-09-23,2.030384063720703
2010-09-24,2.0158135890960693
2010-09-27,2.0206687450408936
2010-09-28,2.036860942840576
2010-09-29,2.056290626525879
2010-09-30,2.0919110774993896
2010-10-01,2.116199016571045
2010-10-04,2.132389783859253
2010-10-05,2.1922972202301025
2010-10-06,2.1744866371154785
2010-10-07,2.169628143310547
2010-10-08,2.2165839672088623
2010-10-11,2.2020132541656494
2010-10-13,2.203629970550537
2010-10-14,2.203629970550537
2010-10-15,2.218203067779541
2010-10-18,2.218203067779541
2010-10-19,2.1906774044036865
2010-10-20,2.2052505016326904
2010-10-21,2.195533514022827
2010-10-22,2.195533514022827
2010-10-25,2.1809637546539307
2010-10-26,2.1922972202301025
2010-10-27,2.1615333557128906
2010-10-28,2.145341634750366
2010-10-29,2.184201955795288
2010-11-01,2.1987736225128174
2010-11-03,2.2052505016326904
2010-11-04,2.2602992057800293
2010-11-05,2.2635385990142822
2010-11-08,2.2651567459106445
2010-11-09,2.229536771774292
2010-11-10,2.231156349182129
2010-11-11,2.2068681716918945
2010-11-12,2.210108995437622
2010-11-16,2.1728668212890625
2010-11-17,2.166391372680664
2010-11-18,2.1874401569366455
2010-11-19,2.2084877490997314
2010-11-22,2.176105499267578
2010-11-23,2.116199016571045
2010-11-24,2.1356277465820312
2010-11-25,2.1485798358917236
2010-11-26,2.124293327331543
2010-11-29,2.1064836978912354
2010-11-30,2.0983879566192627
2010-12-01,2.14766263961792
2010-12-02,2.14604115486145
2010-12-03,2.10714054107666
2010-12-06,2.089310646057129
2010-12-07,2.0925514698028564
2010-12-08,2.064998149871826
2010-12-09,2.0293374061584473
2010-12-10,2.0309603214263916
2010-12-13,2.0455479621887207
2010-12-14,2.060136079788208
2010-12-15,2.056894302368164
2010-12-16,2.0358223915100098
2010-12-17,2.05851411819458
2010-12-20,2.0098884105682373
2010-12-21,2.056894302368164
2010-12-22,2.10714054107666
2010-12-23,2.10714054107666
2010-12-27,2.066617488861084
2010-12-28,2.0747230052948
2010-12-29,2.126591920852661
2010-12-30,2.1395578384399414
2011-01-03,2.141179323196411
2011-01-04,2.180999279022217
2011-01-05,2.208709478378296
2011-01-06,2.1614387035369873
2011-01-07,2.097867250442505
2011-01-10,2.1223182678222656
2011-01-11,2.1435086727142334
2011-01-12,2.194039821624756
2011-01-13,2.151658535003662
2011-01-14,2.1435086727142334
2011-01-17,2.1190578937530518
2011-01-18,2.091346263885498
2011-01-19,2.0505964756011963
2011-01-20,2.0131049156188965
2011-01-21,2.0131049156188965
2011-01-24,2.0310349464416504
2011-01-26,1.9935431480407715
2011-01-27,1.9984350204467773
2011-01-28,1.9674630165100098
2011-01-31,1.9218223094940186
2011-02-01,1.9234520196914673
2011-02-02,1.894112229347229
2011-02-03,2.014734983444214
2011-02-04,1.8337996006011963
2011-02-07,1.8484711647033691
2011-02-08,1.9218223094940186
2011-02-09,1.9218223094940186
2011-02-10,1.8598806858062744
2011-02-11,1.9234520196914673
2011-02-14,1.9430128335952759
2011-02-15,1.9690923690795898
2011-02-16,2.0082151889801025
2011-02-17,2.0277750492095947
2011-02-18,2.0212554931640625
2011-02-21,2.0016942024230957
2011-02-22,1.9511628150939941
2011-02-23,1.9723535776138306
2011-02-24,1.9723535776138306
2011-02-25,1.9413827657699585
2011-02-28,1.9788744449615479
2011-03-01,1.9273059368133545
2011-03-02,1.941992998123169
2011-03-03,1.9697346687316895
2011-03-04,1.966471552848816
2011-03-09,1.966471552848816
2011-03-10,1.8616981506347656
2011-03-11,1.9042705297470093
2011-03-14,1.9157320261001587
2011-03-15,1.9402931928634644
2011-03-16,1.899357795715332
2011-03-17,1.9026323556900024
2011-03-18,1.937017798423767
2011-03-21,1.9468425512313843
2011-03-22,1.9419310092926025
2011-03-23,1.9828656911849976
2011-03-24,1.9812264442443848
2011-03-25,1.989413857460022
2011-03-28,1.986139178276062
2011-03-29,1.979589581489563
2011-03-30,1.9980497360229492
2011-03-31,2.0459771156311035
2011-04-01,2.0459771156311035
2011-04-04,2.112083911895752
2011-04-05,2.112083911895752
2011-04-06,2.1038196086883545
2011-04-07,2.092249870300293
2011-04-08,2.055891752243042
2011-04-11,2.047628402709961
2011-04-12,2.0344085693359375
2011-04-13,2.041018009185791
2011-04-14,2.0013561248779297
2011-04-15,2.012923240661621
2011-04-18,1.9947445392608643
2011-04-19,2.0228400230407715
2011-04-20,2.064154863357544
2011-04-25,2.047628402709961
2011-04-26,2.070767641067505
2011-04-27,2.032756805419922
2011-04-28,1.983176350593567
2011-04-29,2.0079658031463623
2011-05-02,1.9781711101531982
2011-05-03,1.9251987934112549
2011-05-04,1.9268548488616943
2011-05-05,1.9400981664657593
2011-05-06,1.9881027936935425
2011-05-09,2.0410752296447754
2011-05-10,1.9864490032196045
2011-05-11,1.9814828634262085
2011-05-12,1.9847931861877441
2011-05-13,1.931821346282959
2011-05-16,1.8987127542495728
2011-05-17,1.9069900512695312
2011-05-18,1.8838140964508057
2011-05-19,1.867261528968811
2011-05-20,1.8540183305740356
2011-05-23,1.8457403182983398
2011-05-24,1.8920910358428955
2011-05-25,1.8788483142852783
2011-05-26,1.9367865324020386
2011-05-27,1.9268548488616943
2011-05-30,1.915266752243042
2011-05-31,1.9549977779388428
2011-06-01,1.9291417598724365
2011-06-02,1.9473724365234375
2011-06-03,1.9473724365234375
2011-06-06,1.9075965881347656
2011-06-07,1.9307993650436401
2011-06-08,1.9307993650436401
2011-06-09,1.9125676155090332
2011-06-10,1.8926804065704346
2011-06-13,1.89102303981781
2011-06-14,1.9175400733947754
2011-06-15,1.9291417598724365
2011-06-16,1.914225697517395
2011-06-17,1.904281497001648
2011-06-20,1.9175400733947754
2011-06-21,1.904281497001648
2011-06-22,1.9109108448028564
2011-06-24,1.9059394598007202
2011-06-27,1.9109108448028564
2011-06-28,1.9639456272125244
2011-06-29,1.975547194480896
2011-06-30,1.9871501922607422
2011-07-01,1.9921202659606934
2011-07-04,2.00040602684021
2011-07-05,1.9970921277999878
2011-07-06,1.9722325801849365
2011-07-07,1.9258276224136353
2011-07-08,1.89102303981781
2011-07-11,1.8214149475097656
2011-07-12,1.7832956314086914
2011-07-13,1.786611557006836
2011-07-14,1.7435188293457031
2011-07-15,1.7402046918869019
2011-07-18,1.723631501197815
2011-07-19,1.7634080648422241
2011-07-20,1.7634080648422241
2011-07-21,1.7965548038482666
2011-07-22,1.7982120513916016
2011-07-25,1.760092854499817
2011-07-26,1.7368900775909424
2011-07-27,1.6987717151641846
2011-07-28,1.6987717151641846
2011-07-29,1.700429081916809
2011-08-01,1.7103731632232666
2011-08-02,1.6208769083023071
2011-08-03,1.5943588018417358
2011-08-04,1.536352276802063
2011-08-05,1.5446398258209229
2011-08-08,1.375590443611145
2011-08-09,1.4667445421218872
2011-08-10,1.4530333280563354
2011-08-11,1.5031951665878296
2011-08-12,1.5266050100326538
2011-08-15,1.5717507600784302
2011-08-16,1.5533572435379028
2011-08-17,1.603520154953003
2011-08-18,1.5232605934143066
2011-08-19,1.4881473779678345
2011-08-22,1.4513617753982544
2011-08-23,1.4664100408554077
2011-08-24,1.4730985164642334
2011-08-25,1.47978675365448
2011-08-26,1.5015233755111694
2011-08-29,1.5533572435379028
2011-08-30,1.5633901357650757
2011-08-31,1.6018480062484741
2011-09-01,1.6929420232772827
2011-09-02,1.6510801315307617
2011-09-05,1.5907963514328003
2011-09-06,1.6309856176376343
2011-09-08,1.6477311849594116
2011-09-09,1.595820426940918
2011-09-12,1.56735360622406
2011-09-13,1.5489332675933838
2011-09-14,1.5740516185760498
2011-09-15,1.5991690158843994
2011-09-16,1.6108909845352173
2011-09-19,1.6125651597976685
2011-09-20,1.6025179624557495
2011-09-21,1.5974938869476318
2011-09-22,1.525490164756775
2011-09-23,1.5171175003051758
2011-09-26,1.538886547088623
2011-09-27,1.6008435487747192
2011-09-28,1.5907963514328003
2011-09-29,1.6008435487747192
2011-09-30,1.595820426940918
2011-10-03,1.5656788349151611
2011-10-04,1.5355366468429565
2011-10-05,1.5640045404434204
2011-10-06,1.5974938869476318
2011-10-07,1.570702075958252
2011-10-10,1.6376829147338867
2011-10-11,1.67117440700531
2011-10-13,1.6929420232772827
2011-10-14,1.708012342453003
2011-10-17,1.7029889822006226
2011-10-18,1.7029889822006226
2011-10-19,1.7431777715682983
2011-10-20,1.7297817468643188
2011-10-21,1.7465274333953857
2011-10-24,1.7833665609359741
2011-10-25,1.7833665609359741
2011-10-26,1.7833665609359741
2011-10-27,1.7833665609359741
2011-10-28,1.8218806982040405
2011-10-31,1.808484673500061
2011-11-01,1.7649470567703247
2011-11-03,1.780017614364624
2011-11-04,1.7867157459259033
2011-11-07,1.7950879335403442
2011-11-08,1.791739583015442
2011-11-09,1.7532249689102173
2011-11-10,1.7532249689102173
2011-11-11,1.7548993825912476
2011-11-14,1.76327383518219
2011-11-16,1.771643877029419
2011-11-17,1.7046637535095215
2011-11-18,1.6862446069717407
2011-11-21,1.6862446069717407
2011-11-22,1.6494044065475464
2011-11-23,1.6192626953125
2011-11-24,1.6376829147338867
2011-11-25,1.6293102502822876
2011-11-28,1.67117440700531
2011-11-29,1.652753233909607
2011-11-30,1.7666212320327759
2011-12-01,1.814240574836731
2011-12-02,1.8293317556381226
2011-12-05,1.867896556854248
2011-12-06,1.8796350955963135
2011-12-07,1.8779577016830444
2011-12-08,1.867896556854248
2011-12-09,1.8846642971038818
2011-12-12,1.8846642971038818
2011-12-13,1.869573712348938
2011-12-14,1.8578367233276367
2011-12-15,1.8595131635665894
2011-12-16,1.8444221019744873
2011-12-19,1.8192713260650635
2011-12-20,1.869573712348938
2011-12-21,1.867896556854248
2011-12-22,1.9014309644699097
2011-12-23,1.919875979423523
2011-12-26,1.927823543548584
2011-12-27,1.9295361042022705
2011-12-28,1.893582820892334
2011-12-29,1.9312505722045898
2012-01-02,1.9072797298431396
2012-01-03,1.9637792110443115
2012-01-04,1.96720290184021
2012-01-05,1.9586414098739624
2012-01-06,1.9689143896102905
2012-01-09,1.9826120138168335
2012-01-10,2.0134291648864746
2012-01-11,2.0117170810699463
2012-01-12,2.0082926750183105
2012-01-13,1.9945958852767944
2012-01-16,1.9945958852767944
2012-01-17,1.9945958852767944
2012-01-18,2.0545196533203125
2012-01-19,2.0630807876586914
2012-01-20,2.061368465423584
2012-01-23,2.0356874465942383
2012-01-24,2.0031566619873047
2012-01-26,2.020278215408325
2012-01-27,1.996309518814087
2012-01-30,1.975763201713562
2012-01-31,1.9586414098739624
2012-02-01,1.996309518814087
2012-02-02,2.0031566619873047
2012-02-03,2.0082926750183105
2012-02-06,2.0117170810699463
2012-02-07,2.0322625637054443
2012-02-08,2.071640729904175
2012-02-09,2.0630807876586914
2012-02-10,2.0339748859405518
2012-02-13,2.0339748859405518
2012-02-14,2.0665042400360107
2012-02-15,2.042534828186035
2012-02-16,2.042534828186035
2012-02-17,2.0545196533203125
2012-02-23,2.0254127979278564
2012-02-24,2.016852855682373
2012-02-27,2.0014445781707764
2012-02-28,2.0442464351654053
2012-02-29,2.0545196533203125
2012-03-01,2.114790916442871
2012-03-02,2.1442606449127197
2012-03-05,2.121725082397461
2012-03-06,2.0610573291778564
2012-03-07,2.093991279602051
2012-03-08,2.1442606449127197
2012-03-09,2.16506028175354
2012-03-12,2.137327194213867
2012-03-13,2.158128023147583
2012-03-14,2.166795015335083
2012-03-15,2.1702616214752197
2012-03-16,2.180661916732788
2012-03-19,2.180661916732788
2012-03-20,2.1425256729125977
2012-03-21,2.121725082397461
2012-03-22,2.121725082397461
2012-03-23,2.0437211990356445
2012-03-26,2.073188066482544
2012-03-27,2.0783910751342773
2012-03-28,2.0246529579162598
2012-03-29,1.9934508800506592
2012-03-30,1.95011568069458
2012-04-02,1.9674490690231323
2012-04-03,1.9483811855316162
2012-04-04,1.8825112581253052
2012-04-05,1.8547757863998413
2012-04-09,1.8339751958847046
2012-04-10,1.7941057682037354
2012-04-11,1.7819714546203613
2012-04-12,1.8547757863998413
2012-04-13,1.787171483039856
2012-04-16,1.7837060689926147
2012-04-17,1.7837060689926147
2012-04-18,1.7681052684783936
2012-04-19,1.7837060689926147
2012-04-20,1.8201066255569458
2012-04-23,1.7923723459243774
2012-04-24,1.7750377655029297
2012-04-25,1.6744986772537231
2012-04-26,1.6831656694412231
2012-04-27,1.6919403076171875
2012-04-30,1.7301329374313354
2012-05-02,1.7301329374313354
2012-05-03,1.6881219148635864
2012-05-04,1.6652052402496338
2012-05-07,1.6728440523147583
2012-05-08,1.6804829835891724
2012-05-09,1.6518375873565674
2012-05-10,1.6499286890029907
2012-05-11,1.6785728931427002
2012-05-14,1.6174653768539429
2012-05-15,1.6193740367889404
2012-05-16,1.6193740367889404
2012-05-17,1.5315309762954712
2012-05-18,1.5601752996444702
2012-05-21,1.5601752996444702
2012-05-22,1.6270126104354858
2012-05-23,1.6193740367889404
2012-05-24,1.5964587926864624
2012-05-25,1.6193740367889404
2012-05-28,1.6231940984725952
2012-05-29,1.6079158782958984
2012-05-30,1.585000991821289
2012-05-31,1.6823921203613281
2012-06-01,1.6163967847824097
2012-06-04,1.5991816520690918
2012-06-05,1.5743130445480347
2012-06-06,1.6527425050735474
2012-06-08,1.6431775093078613
2012-06-11,1.6508299112319946
2012-06-12,1.6852620840072632
2012-06-13,1.694826602935791
2012-06-14,1.6967402696609497
2012-06-15,1.7196933031082153
2012-06-18,1.7196933031082153
2012-06-19,1.748387098312378
2012-06-20,1.7196933031082153
2012-06-21,1.645090103149414
2012-06-22,1.6163967847824097
2012-06-25,1.5475332736968994
2012-06-26,1.5532716512680054
2012-06-27,1.5685746669769287
2012-06-28,1.5494461059570312
2012-06-29,1.6259618997573853
2012-07-02,1.627874493598938
2012-07-03,1.6680456399917603
2012-07-04,1.6795233488082886
2012-07-05,1.6967402696609497
2012-07-06,1.6814355850219727
2012-07-10,1.5915299654006958
2012-07-11,1.6010947227478027
2012-07-12,1.6183102130889893
2012-07-13,1.6642200946807861
2012-07-16,1.6642200946807861
2012-07-17,1.6336129903793335
2012-07-18,1.6814355850219727
2012-07-19,1.7158678770065308
2012-07-20,1.6986511945724487
2012-07-23,1.6508299112319946
2012-07-24,1.7158678770065308
2012-07-25,1.7216063737869263
2012-07-26,1.7751684188842773
2012-07-27,1.8555095195770264
2012-07-30,1.8937671184539795
2012-07-31,1.838293194770813
2012-08-01,1.830641508102417
2012-08-02,1.7942962646484375
2012-08-03,1.8631616830825806
2012-08-06,1.8956807851791382
2012-08-07,1.8956807851791382
2012-08-08,1.8956807851791382
2012-08-09,1.928199052810669
2012-08-10,1.928199052810669
2012-08-13,1.935850977897644
2012-08-14,1.9109828472137451
2012-08-15,1.9262858629226685
2012-08-16,1.9549801349639893
2012-08-17,1.9588059186935425
2012-08-20,1.9511542320251465
2012-08-21,1.93202543258667
2012-08-22,1.930112600326538
2012-08-23,1.9167213439941406
2012-08-24,1.914808988571167
2012-08-27,1.888028860092163
2012-08-28,1.8842021226882935
2012-08-29,1.8402060270309448
2012-08-30,1.8325538635253906
2012-08-31,1.7885582447052002
2012-09-03,1.8048429489135742
2012-09-04,1.7722721099853516
2012-09-05,1.7837681770324707
2012-09-06,1.8374147415161133
2012-09-10,1.8374147415161133
2012-09-11,1.8374147415161133
2012-09-12,1.8374147415161133
2012-09-13,1.9504575729370117
2012-09-14,1.9504575729370117
2012-09-17,1.938962459564209
2012-09-18,1.9006423950195312
2012-09-19,1.8948951959609985
2012-09-20,1.8814828395843506
2012-09-21,1.8987267017364502
2012-09-24,1.8929787874221802
2012-09-25,1.7780200242996216
2012-09-26,1.8010116815567017
2012-09-27,1.7703560590744019
2012-09-28,1.730120062828064
2012-10-01,1.753111720085144
2012-10-02,1.7492809295654297
2012-10-03,1.7205405235290527
2012-10-04,1.726288914680481
2012-10-05,1.741616129875183
2012-10-08,1.7454477548599243
2012-10-09,1.703296422958374
2012-10-10,1.6630619764328003
2012-10-11,1.689885139465332
2012-10-15,1.701380968093872
2012-10-16,1.7071290016174316
2012-10-17,1.6994659900665283
2012-10-18,1.7052136659622192
2012-10-19,1.6956325769424438
2012-10-22,1.6764743328094482
2012-10-23,1.6228268146514893
2012-10-24,1.6975494623184204
2012-10-25,1.7205405235290527
2012-10-26,1.6975494623184204
2012-10-29,1.701380968093872
2012-10-30,1.7186249494552612
2012-10-31,1.7052136659622192
2012-11-01,1.781852126121521
2012-11-05,1.77418851852417
2012-11-06,1.7914320230484009
2012-11-07,1.7473642826080322
2012-11-08,1.7109618186950684
2012-11-09,1.7052136659622192
2012-11-12,1.7109618186950684
2012-11-13,1.7454477548599243
2012-11-14,1.7128782272338867
2012-11-16,1.7167081832885742
2012-11-19,1.7799358367919922
2012-11-21,1.8010116815567017
2012-11-22,1.8201721906661987
2012-11-23,1.841247320175171
2012-11-26,1.7933480739593506
2012-11-27,1.77418851852417
2012-11-28,1.7875999212265015
2012-11-29,1.8240044116973877
2012-11-30,1.841247320175171
2012-12-03,1.8863427639007568
2012-12-04,1.8613964319229126
2012-12-05,1.8729108572006226
2012-12-06,1.847963571548462
2012-12-07,1.8613964319229126
2012-12-10,1.8613964319229126
2012-12-11,1.8729108572006226
2012-12-12,1.8613964319229126
2012-12-13,1.859477162361145
2012-12-14,1.8518011569976807
2012-12-17,1.840287446975708
2012-12-18,1.8518011569976807
2012-12-19,1.9132083654403687
2012-12-20,1.907451868057251
2012-12-21,1.8959376811981201
2012-12-26,1.9208292961120605
2012-12-27,1.891428828239441
2012-12-28,1.8992692232131958
2013-01-02,1.9659109115600586
2013-01-03,2.028632164001465
2013-01-04,2.0188305377960205
2013-01-07,1.9933518171310425
2013-01-08,2.007070541381836
2013-01-09,2.028632164001465
2013-01-10,2.010991096496582
2013-01-11,2.0168702602386475
2013-01-14,2.0325510501861572
2013-01-15,2.0168702602386475
2013-01-16,2.028632164001465
2013-01-17,2.061953067779541
2013-01-18,2.0678317546844482
2013-01-21,2.0639116764068604
2013-01-22,2.0639116764068604
2013-01-23,2.0658719539642334
2013-01-24,2.0560715198516846
2013-01-28,1.999230980873108
2013-01-29,1.9972697496414185
2013-01-30,1.967871904373169
2013-01-31,1.9757107496261597
2013-02-01,1.9698309898376465
2013-02-04,1.9208292961120605
2013-02-05,1.9639506340026855
2013-02-06,1.9286699295043945
2013-02-07,1.9169100522994995
2013-02-08,1.950230360031128
2013-02-13,1.9404296875
2013-02-14,1.9306294918060303
2013-02-15,2.0207905769348145
2013-02-18,2.0423519611358643
2013-02-19,2.010991096496582
2013-02-20,1.9776705503463745
2013-02-21,1.9600300788879395
2013-02-22,2.022752046585083
2013-02-25,2.026671886444092
2013-02-26,1.987470269203186
2013-02-27,1.9953117370605469
2013-02-28,2.0247116088867188
2013-03-01,2.0335447788238525
2013-03-04,2.0256924629211426
2013-03-05,2.0099892616271973
2013-03-06,2.074737310409546
2013-03-07,2.090634822845459
2013-03-08,2.15224027633667
2013-03-11,2.1383285522460938
2013-03-12,2.106532573699951
2013-03-13,2.1045455932617188
2013-03-14,2.066786527633667
2013-03-15,2.0608253479003906
2013-03-18,2.0926222801208496
2013-03-19,2.074737310409546
2013-03-20,2.090634822845459
2013-03-21,2.066786527633667
2013-03-22,2.042938470840454
2013-03-25,2.0270397663116455
2013-03-26,2.042938470840454
2013-03-27,2.0508878231048584
2013-03-28,2.0508878231048584
2013-04-01,2.058838129043579
2013-04-02,2.0230655670166016
2013-04-03,2.0230655670166016
2013-04-04,1.971397042274475
2013-04-05,1.97537100315094
2013-04-08,1.9733840227127075
2013-04-09,2.02107834815979
2013-04-10,2.0508878231048584
2013-04-11,2.062812089920044
2013-04-12,2.0270397663116455
2013-04-15,1.9853079319000244
2013-04-16,2.0270397663116455
2013-04-17,1.97537100315094
2013-04-18,1.9097907543182373
2013-04-19,1.957485318183899
2013-04-22,1.9455618858337402
2013-04-23,1.957485318183899
2013-04-24,1.9654347896575928
2013-04-25,1.97537100315094
2013-04-26,1.97537100315094
2013-04-29,1.9117779731750488
2013-04-30,1.979345679283142
2013-05-02,1.958677053451538
2013-05-03,1.9870953559875488
2013-05-06,1.982723355293274
2013-05-07,2.015514612197876
2013-05-08,2.054905414581299
2013-05-09,2.048297643661499
2013-05-10,2.0240705013275146
2013-05-13,1.988829493522644
2013-05-14,1.9932355880737305
2013-05-15,2.028474807739258
2013-05-16,2.0130558013916016
2013-05-17,2.0372843742370605
2013-05-20,2.052701473236084
2013-05-21,2.087942123413086
2013-05-22,2.125382423400879
2013-05-23,2.0967509746551514
2013-05-24,2.092346429824829
2013-05-27,2.0857388973236084
2013-05-28,2.1055617332458496
2013-05-29,2.048297643661499
2013-05-31,2.070321559906006
2013-06-03,2.0515713691711426
2013-06-04,2.047159433364868
2013-06-05,1.983184814453125
2013-06-06,2.0096569061279297
2013-06-07,1.9809789657592773
2013-06-10,1.9875965118408203
2013-06-11,1.9280349016189575
2013-06-12,1.9280349016189575
2013-06-13,1.941271185874939
2013-06-14,1.888327717781067
2013-06-17,1.8949456214904785
2013-06-18,1.8839144706726074
2013-06-19,1.848620057106018
2013-06-20,1.846413493156433
2013-06-21,1.8375896215438843
2013-06-24,1.762586236000061
2013-06-25,1.7692041397094727
2013-06-26,1.7692041397094727
2013-06-27,1.800087332725525
2013-06-28,1.81111741065979
2013-07-01,1.8221477270126343
2013-07-02,1.7339081764221191
2013-07-03,1.7118479013442993
2013-07-04,1.7317019701004028
2013-07-05,1.7096422910690308
2013-07-08,1.7074356079101562
2013-07-10,1.725083827972412
2013-07-11,1.7537620067596436
2013-07-12,1.7427315711975098
2013-07-15,1.771409034729004
2013-07-16,1.7890572547912598
2013-07-17,1.815529704093933
2013-07-18,1.815529704093933
2013-07-19,1.808911681175232
2013-07-22,1.8442069292068481
2013-07-23,1.8750911951065063
2013-07-24,1.8530319929122925
2013-07-25,1.8530319929122925
2013-07-26,1.8530319929122925
2013-07-29,1.8530319929122925
2013-07-30,1.8574433326721191
2013-07-31,1.846413493156433
2013-08-01,1.9059767723083496
2013-08-02,1.9081809520721436
2013-08-05,1.8839144706726074
2013-08-06,1.828765630722046
2013-08-07,1.8267627954483032
2013-08-08,1.8712637424468994
2013-08-09,1.8801639080047607
2013-08-12,1.9224406480789185
2013-08-13,1.9402401447296143
2013-08-14,1.9090895652770996
2013-08-15,1.9024147987365723
2013-08-16,1.8690389394760132
2013-08-19,1.8467880487442017
2013-08-20,1.8312129974365234
2013-08-21,1.8245376348495483
2013-08-22,1.8245376348495483
2013-08-23,1.8868387937545776
2013-08-26,1.8334379196166992
2013-08-27,1.8022881746292114
2013-08-28,1.8067377805709839
2013-08-29,1.820088267326355
2013-08-30,1.8623640537261963
2013-09-02,1.879081130027771
2013-09-03,1.8411873579025269
2013-09-04,1.8456451892852783
2013-09-05,1.8701653480529785
2013-09-06,1.9058300256729126
2013-09-09,1.9437237977981567
2013-09-10,1.9504112005233765
2013-09-11,1.9481812715530396
2013-09-12,1.9437237977981567
2013-09-13,1.9504112005233765
2013-09-16,1.9526394605636597
2013-09-17,1.9905344247817993
2013-09-18,2.046259880065918
2013-09-19,2.0395705699920654
2013-09-20,1.9771593809127808
2013-09-23,2.015052556991577
2013-09-24,2.0083649158477783
2013-09-25,2.0083649158477783
2013-09-26,2.001678228378296
2013-09-27,2.050717830657959
2013-09-30,2.0061373710632324
2013-10-01,2.026198625564575
2013-10-02,2.0105950832366943
2013-10-03,2.003906488418579
2013-10-04,2.0061373710632324
2013-10-07,2.012824773788452
2013-10-08,2.0061373710632324
2013-10-09,2.02396821975708
2013-10-10,2.0440306663513184
2013-10-11,2.026198625564575
2013-10-14,2.032885789871216
2013-10-15,2.046259880065918
2013-10-16,2.057403802871704
2013-10-17,2.068549394607544
2013-10-18,2.101984977722168
2013-10-21,2.0730090141296387
2013-10-22,2.084153890609741
2013-10-23,2.050717830657959
2013-10-24,2.046259880065918
2013-10-25,2.0373423099517822
2013-10-28,2.068549394607544
2013-10-29,2.146566152572632
2013-10-30,2.1421091556549072
2013-10-31,2.151024341583252
2013-11-01,2.1287341117858887
2013-11-04,2.1331920623779297
2013-11-05,2.1175880432128906
2013-11-06,2.0952982902526855
2013-11-07,2.0640904903411865
2013-11-08,2.015052556991577
2013-11-11,2.02396821975708
2013-11-12,2.02396821975708
2013-11-13,2.057403802871704
2013-11-14,2.1042139530181885
2013-11-18,2.1354215145111084
2013-11-19,2.079694986343384
2013-11-21,2.0551764965057373
2013-11-22,2.026198625564575
2013-11-25,1.9927624464035034
2013-11-26,2.0083649158477783
2013-11-27,2.0640904903411865
2013-11-28,2.050717830657959
2013-11-29,2.068549394607544
2013-12-02,2.0317108631134033
2013-12-03,1.987058162689209
2013-12-04,1.9714288711547852
2013-12-05,1.9580333232879639
2013-12-06,1.987058162689209
2013-12-09,2.0116167068481445
2013-12-10,1.9982212781906128
2013-12-11,1.9624991416931152
2013-12-12,1.9714288711547852
2013-12-13,1.964732050895691
2013-12-16,1.978127121925354
2013-12-17,1.978127121925354
2013-12-18,1.9959888458251953
2013-12-19,2.0294787883758545
2013-12-20,1.9892908334732056
2013-12-23,2.0261716842651367
2013-12-26,2.021618127822876
2013-12-27,2.0261716842651367
2013-12-30,2.0261716842651367
2014-01-02,1.9988518953323364
2014-01-03,2.0056817531585693
2014-01-06,2.0193405151367188
2014-01-07,2.012511730194092
2014-01-08,2.023894786834717
2014-01-09,1.973809838294983
2014-01-10,1.964703917503357
2014-01-13,1.9624263048171997
2014-01-14,1.976085901260376
2014-01-15,1.9624263048171997
2014-01-16,1.94649076461792
2014-01-17,1.9282790422439575
2014-01-20,1.9191709756851196
2014-01-21,1.9328314065933228
2014-01-22,1.9260001182556152
2014-01-23,1.880469560623169
2014-01-24,1.8668099641799927
2014-01-27,1.9055118560791016
2014-01-28,1.9077891111373901
2014-01-29,1.8850219249725342
2014-01-30,1.8872989416122437
2014-01-31,1.916894793510437
2014-02-03,1.871362566947937
2014-02-04,1.980639934539795
2014-02-05,1.9692565202713013
2014-02-06,1.9988518953323364
2014-02-07,2.0034053325653076
2014-02-10,1.994300365447998
2014-02-11,1.9988518953323364
2014-02-12,1.976085901260376
2014-02-13,1.9487669467926025
2014-02-14,1.9669803380966187
2014-02-17,1.9578741788864136
2014-02-18,1.9282790422439575
2014-02-19,1.931378722190857
2014-02-20,1.9268079996109009
2014-02-21,1.940521478652954
2014-02-24,1.9519494771957397
2014-02-25,1.9245223999023438
2014-02-26,1.8970935344696045
2014-02-27,1.942806601524353
2014-02-28,1.9359493255615234
2014-03-05,1.9004594087600708
2014-03-06,1.9416744709014893
2014-03-07,1.9004594087600708
2014-03-10,1.8890117406845093
2014-03-11,1.909618616104126
2014-03-12,1.8958805799484253
2014-03-13,1.8752732276916504
2014-03-14,1.8340588808059692
2014-03-17,1.8546658754348755
2014-03-18,1.8844319581985474
2014-03-19,1.8913010358810425
2014-03-20,1.9531240463256836
2014-03-21,1.9439643621444702
2014-03-24,2.01723575592041
2014-03-25,2.028683662414551
2014-03-26,2.0263941287994385
2014-03-27,2.090506076812744
2014-03-28,2.076768398284912
2014-03-31,2.1179821491241455
2014-04-01,2.1454596519470215
2014-04-02,2.216440439224243
2014-04-03,2.2095720767974854
2014-04-04,2.182093858718872
2014-04-07,2.216440439224243
2014-04-08,2.1729354858398438
2014-04-09,2.1385903358459473
2014-04-10,2.161487102508545
2014-04-11,2.2027008533477783
2014-04-14,2.1798043251037598
2014-04-15,2.1271424293518066
2014-04-16,2.1569085121154785
2014-04-17,2.2072808742523193
2014-04-22,2.221019983291626
2014-04-23,2.2118613719940186
2014-04-24,2.2599456310272217
2014-04-25,2.2599456310272217
2014-04-28,2.246206045150757
2014-04-29,2.2530760765075684
2014-04-30,2.239337205886841
2014-05-02,2.234757423400879
2014-05-05,2.33481764793396
2014-05-06,2.3272624015808105
2014-05-07,2.33481764793396
2014-05-08,2.299556255340576
2014-05-09,2.2945194244384766
2014-05-12,2.3297817707061768
2014-05-13,2.314669132232666
2014-05-14,2.3247430324554443
2014-05-15,2.307112455368042
2014-05-16,2.3297817707061768
2014-05-19,2.307112455368042
2014-05-20,2.264294385910034
2014-05-21,2.20888352394104
2014-05-22,2.226515054702759
2014-05-23,2.211402654647827
2014-05-26,2.206364393234253
2014-05-27,2.1912543773651123
2014-05-28,2.239107131958008
2014-05-29,2.203845739364624
2014-05-30,2.1534736156463623
2014-06-02,2.174919366836548
2014-06-03,2.162304162979126
2014-06-04,2.1547346115112305
2014-06-05,2.1370723247528076
2014-06-06,2.20267391204834
2014-06-09,2.270798444747925
2014-06-10,2.2859363555908203
2014-06-11,2.333876132965088
2014-06-13,2.328829288482666
2014-06-16,2.3187367916107178
2014-06-17,2.2859363555908203
2014-06-18,2.3162126541137695
2014-06-20,2.2909820079803467
2014-06-23,2.278367280960083
2014-06-24,2.2808902263641357
2014-06-25,2.2152886390686035
2014-06-26,2.2051966190338135
2014-06-27,2.195105791091919
2014-06-30,2.1925816535949707
2014-07-01,2.197627544403076
2014-07-02,2.1648268699645996
2014-07-03,2.1824893951416016
2014-07-04,2.172396421432495
2014-07-07,2.1925816535949707
2014-07-08,2.1799657344818115
2014-07-10,2.25565767288208
2014-07-11,2.2531354427337646
2014-07-14,2.3061206340789795
2014-07-15,2.3263065814971924
2014-07-16,2.270798444747925
2014-07-17,2.278367280960083
2014-07-18,2.376767873764038
2014-07-21,2.3868601322174072
2014-07-22,2.40452241897583
2014-07-23,2.3969531059265137
2014-07-24,2.4247071743011475
2014-07-25,2.4196617603302
2014-07-28,2.409569263458252
2014-07-29,2.4120912551879883
2014-07-30,2.4120912551879883
2014-07-31,2.394429922103882
2014-08-01,2.369198799133301
2014-08-04,2.3969531059265137
2014-08-05,2.4272301197052
2014-08-06,2.4272301197052
2014-08-07,2.3969531059265137
2014-08-08,2.381814956665039
2014-08-11,2.4272301197052
2014-08-12,2.4272301197052
2014-08-13,2.3717212677001953
2014-08-14,2.415501832962036
2014-08-15,2.4689526557922363
2014-08-18,2.504587173461914
2014-08-19,2.5631284713745117
2014-08-20,2.578401803970337
2014-08-21,2.5885825157165527
2014-08-22,2.5605852603912354
2014-08-25,2.6242172718048096
2014-08-26,2.647125244140625
2014-08-27,2.723484516143799
2014-08-28,2.7056667804718018
2014-08-29,2.7871181964874268
2014-09-01,2.8036844730377197
2014-09-02,2.8546605110168457
2014-09-03,2.8393688201904297
2014-09-04,2.7756459712982178
2014-09-05,2.778196334838867
2014-09-08,2.7119274139404297
2014-09-09,2.6838908195495605
2014-09-10,2.655853033065796
2014-09-11,2.6533050537109375
2014-09-12,2.56154727935791
2014-09-15,2.609976053237915
2014-09-16,2.6915364265441895
2014-09-17,2.696633815765381
2014-09-18,2.699183225631714
2014-09-19,2.6074259281158447
2014-09-22,2.5819380283355713
2014-09-23,2.5488030910491943
2014-09-24,2.564096689224243
2014-09-25,2.4901812076568604
2014-09-26,2.5819380283355713
2014-09-29,2.411168336868286
2014-09-30,2.3627407550811768
2014-10-01,2.291374921798706
2014-10-02,2.3499975204467773
2014-10-03,2.4009737968444824
2014-10-06,2.5589985847473145
2014-10-07,2.566645622253418
2014-10-08,2.5360589027404785
2014-10-09,2.55135178565979
2014-10-10,2.4519495964050293
2014-10-13,2.6125242710113525
2014-10-14,2.6482064723968506
2014-10-15,2.5488030910491943
2014-10-16,2.4570472240448
2014-10-17,2.5360589027404785
2014-10-20,2.485084295272827
2014-10-21,2.332155704498291
2014-10-22,2.319411277770996
2014-10-23,2.2174596786499023
2014-10-24,2.2837278842926025
2014-10-27,2.24804425239563
2014-10-28,2.3347041606903076
2014-10-29,2.2633373737335205
2014-10-30,2.4366557598114014
2014-10-31,2.5207672119140625
2014-11-03,2.5080220699310303
2014-11-04,2.5539019107818604
2014-11-05,2.5386080741882324
2014-11-06,2.444303035736084
2014-11-07,2.485084295272827
2014-11-10,2.485084295272827
2014-11-11,2.472339391708374
2014-11-12,2.4978270530700684
2014-11-13,2.4086201190948486
2014-11-14,2.4341068267822266
2014-11-17,2.4086201190948486
2014-11-18,2.477437734603882
2014-11-19,2.5742921829223633
2014-11-21,2.724672794342041
2014-11-24,2.6711461544036865
2014-11-25,2.7221224308013916
2014-11-26,2.681342124938965
2014-11-27,2.660949945449829
2014-11-28,2.676243543624878
2014-12-01,2.537135124206543
2014-12-02,2.5345821380615234
2014-12-03,2.5575549602508545
2014-12-04,2.501401424407959
2014-12-05,2.555002212524414
2014-12-08,2.458008050918579
2014-12-09,2.4809813499450684
2014-12-10,2.435037136077881
2014-12-11,2.4656670093536377
2014-12-12,2.3354921340942383
2014-12-15,2.2869951725006104
2014-12-16,2.284442186355591
2014-12-17,2.414616823196411
2014-12-18,2.399303436279297
2014-12-19,2.447800397872925
2014-12-22,2.464606285095215
2014-12-23,2.4671666622161865
2014-12-26,2.4287378787994385
2014-12-29,2.436424493789673
2014-12-30,2.4056806564331055
2015-01-02,2.349318027496338
2015-01-05,2.357003927230835
2015-01-06,2.3749377727508545
2015-01-07,2.464606285095215
2015-01-08,2.490225315093994
2015-01-09,2.40311861038208
2015-01-12,2.362128257751465
2015-01-13,2.3698136806488037
2015-01-14,2.3826231956481934
2015-01-15,2.3774986267089844
2015-01-16,2.421052932739258
2015-01-19,2.3108878135681152
2015-01-20,2.357003927230835
2015-01-21,2.451796293258667
2015-01-22,2.4774160385131836
2015-01-23,2.4594814777374268
2015-01-26,2.456920623779297
2015-01-27,2.456920623779297
2015-01-28,2.4056806564331055
2015-01-29,2.3903095722198486
2015-01-30,2.3416309356689453
2015-02-02,2.364690065383911
2015-02-03,2.4415481090545654
2015-02-04,2.531217098236084
2015-02-05,2.531217098236084
2015-02-06,2.561960458755493
2015-02-09,2.5440263748168945
2015-02-10,2.5107216835021973
2015-02-11,2.4632503986358643
2015-02-12,2.4946978092193604
2015-02-13,2.5811729431152344
2015-02-18,2.62048077583313
2015-02-19,2.6152374744415283
2015-02-20,2.62048077583313
2015-02-23,2.6388237476348877
2015-02-24,2.6624069213867188
2015-02-25,2.672889232635498
2015-02-26,2.6886119842529297
2015-02-27,2.6440646648406982
2015-03-02,2.621756076812744
2015-03-03,2.627004623413086
2015-03-04,2.606010913848877
2015-03-05,2.5955135822296143
2015-03-06,2.540400743484497
2015-03-09,2.4747912883758545
2015-03-10,2.414431095123291
2015-03-11,2.495786190032959
2015-03-12,2.506284236907959
2015-03-13,2.487913131713867
2015-03-16,2.495786190032959
2015-03-17,2.556147575378418
2015-03-18,2.6558732986450195
2015-03-19,2.6584982872009277
2015-03-20,2.6480002403259277
2015-03-23,2.645376682281494
2015-03-24,2.640127420425415
2015-03-25,2.6584982872009277
2015-03-26,2.5823922157287598
2015-03-27,2.532527208328247
2015-03-30,2.6112592220306396
2015-03-31,2.6191318035125732
2015-04-01,2.7109861373901367
2015-04-02,2.7582249641418457
2015-04-06,2.8080883026123047
2015-04-07,2.802839756011963
2015-04-08,2.7975902557373047
2015-04-09,2.7451024055480957
2015-04-10,2.7634735107421875
2015-04-13,2.7608489990234375
2015-04-14,2.7477288246154785
2015-04-15,2.7897181510925293
2015-04-16,2.7765963077545166
2015-04-17,2.7451024055480957
2015-04-20,2.716235637664795
2015-04-22,2.737230062484741
2015-04-23,2.7687230110168457
2015-04-24,2.8605763912200928
2015-04-27,2.836956739425659
2015-04-28,2.8185856342315674
2015-04-29,2.8054635524749756
2015-04-30,2.7844693660736084
2015-05-04,2.8107125759124756
2015-05-05,2.7771201133728027
2015-05-06,2.7482528686523438
2015-05-07,2.765573501586914
2015-05-08,2.8031013011932373
2015-05-11,2.8117616176605225
2015-05-12,2.785780429840088
2015-05-13,2.7338178157806396
2015-05-14,2.75691294670105
2015-05-15,2.785780429840088
2015-05-18,2.75113844871521
2015-05-19,2.7078380584716797
2015-05-20,2.6818549633026123
2015-05-21,2.6760802268981934
2015-05-22,2.598137378692627
2015-05-25,2.627004623413086
2015-05-26,2.5837032794952393
2015-05-27,2.647213935852051
2015-05-28,2.632779598236084
2015-05-29,2.546175003051758
2015-06-01,2.547621011734009
2015-06-02,2.6256966590881348
2015-06-03,2.567862033843994
2015-06-05,2.486894369125366
2015-06-08,2.4955687522888184
2015-06-09,2.5013532638549805
2015-06-10,2.518702507019043
2015-06-11,2.4811103343963623
2015-06-12,2.4753265380859375
2015-06-15,2.5013532638549805
2015-06-16,2.5852134227752686
2015-06-17,2.5447285175323486
2015-06-18,2.6228058338165283
2015-06-19,2.579429864883423
2015-06-22,2.5938868522644043
2015-06-23,2.5938868522644043
2015-06-24,2.588104486465454
2015-06-25,2.5447285175323486
2015-06-26,2.5996718406677246
2015-06-29,2.567862033843994
2015-06-30,2.5765373706817627
2015-07-01,2.570753574371338
2015-07-02,2.6141304969787598
2015-07-03,2.570753574371338
2015-07-06,2.547621011734009
2015-07-07,2.5331623554229736
2015-07-08,2.5331623554229736
2015-07-10,2.5967795848846436
2015-07-13,2.5996718406677246
2015-07-14,2.5996718406677246
2015-07-15,2.582322597503662
2015-07-16,2.582322597503662
2015-07-17,2.5447285175323486
2015-07-20,2.5505127906799316
2015-07-21,2.547621011734009
2015-07-22,2.5100276470184326
2015-07-23,2.3799004554748535
2015-07-24,2.3133902549743652
2015-07-27,2.3133902549743652
2015-07-28,2.3365225791931152
2015-07-29,2.385683298110962
2015-07-30,2.353874683380127
2015-07-31,2.4290599822998047
2015-08-03,2.4377338886260986
2015-08-04,2.3712246417999268
2015-08-05,2.362549304962158
2015-08-06,2.3133902549743652
2015-08-07,2.2410976886749268
2015-08-10,2.2700138092041016
2015-08-11,2.2410976886749268
2015-08-12,2.2324211597442627
2015-08-13,2.2167751789093018
2015-08-14,2.2109265327453613
2015-08-17,2.1963040828704834
2015-08-18,2.1787564754486084
2015-08-19,2.1465861797332764
2015-08-20,2.140737771987915
2015-08-21,2.1231913566589355
2015-08-24,2.0793237686157227
2015-08-25,2.0822482109069824
2015-08-26,2.205077886581421
2015-08-27,2.272341012954712
2015-08-28,2.1992275714874268
2015-08-31,2.1290388107299805
2015-09-01,2.1129207611083984
2015-09-02,2.127574920654297
2015-09-03,2.192046642303467
2015-09-04,2.139296770095825
2015-09-08,2.1510188579559326
2015-09-09,2.1744625568389893
2015-09-10,2.1099910736083984
2015-09-11,2.1686015129089355
2015-09-14,2.274101495742798
2015-09-15,2.2594492435455322
2015-09-16,2.3063368797302246
2015-09-17,2.31219744682312
2015-09-18,2.212559938430786
2015-09-21,2.156879425048828
2015-09-22,2.183255434036255
2015-09-23,2.1099910736083984
2015-09-24,2.0953383445739746
2015-09-25,2.051379442214966
2015-09-28,2.057241678237915
2015-09-29,2.057241678237915
2015-09-30,2.092406988143921
2015-10-01,2.115852117538452
2015-10-02,2.1744625568389893
2015-10-05,2.2242817878723145
2015-10-06,2.256518602371216
2015-10-07,2.326850652694702
2015-10-08,2.3356435298919678
2015-10-09,2.3532261848449707
2015-10-13,2.262378215789795
2015-10-14,2.2096304893493652
2015-10-15,2.200838327407837
2015-10-16,2.16274094581604
2015-10-19,2.203767776489258
2015-10-20,2.1744625568389893
2015-10-21,2.1715331077575684
2015-10-22,2.203767776489258
2015-10-23,2.1891167163848877
2015-10-26,2.156879425048828
2015-10-27,2.139296770095825
2015-10-28,2.1246442794799805
2015-10-29,2.092406988143921
2015-10-30,2.1099910736083984
2015-11-03,2.200838327407837
2015-11-04,2.2154908180236816
2015-11-05,2.2506585121154785
2015-11-06,2.197906732559204
2015-11-09,2.1539487838745117
2015-11-10,2.1539487838745117
2015-11-11,2.200838327407837
2015-11-12,2.212559938430786
2015-11-13,2.1686015129089355
2015-11-16,2.183255434036255
2015-11-17,2.2154908180236816
2015-11-18,2.2360055446624756
2015-11-19,2.2711715698242188
2015-11-23,2.2653086185455322
2015-11-24,2.274101495742798
2015-11-25,2.1656715869903564
2015-11-26,2.2066996097564697
2015-11-27,2.1539487838745117
2015-11-30,2.1246442794799805
2015-12-01,2.1819074153900146
2015-12-02,2.1437320709228516
2015-12-03,2.231829881668091
2015-12-04,2.20833683013916
2015-12-07,2.1848440170288086
2015-12-08,2.1701607704162598
2015-12-09,2.2788164615631104
2015-12-10,2.273117780685425
2015-12-11,2.2582032680511475
2015-12-14,2.1895909309387207
2015-12-15,2.201523780822754
2015-12-16,2.1866090297698975
2015-12-17,2.2403035163879395
2015-12-18,2.1329126358032227
2015-12-21,2.0941321849823
2015-12-22,2.103081464767456
2015-12-23,2.0881659984588623
2015-12-28,2.0821995735168457
2015-12-29,2.0821995735168457
2015-12-30,2.0523698329925537
2016-01-04,1.9688423871994019
2016-01-05,2.001657247543335
2016-01-06,2.019554615020752
2016-01-07,1.9897241592407227
2016-01-08,1.9897241592407227
2016-01-11,1.965858817100525
2016-01-12,1.9419941902160645
2016-01-13,1.9479612112045288
2016-01-14,1.9569097757339478
2016-01-15,1.9240963459014893
2016-01-18,1.9151471853256226
2016-01-19,1.8942654132843018
2016-01-20,1.8733835220336914
2016-01-21,1.8793504238128662
2016-01-22,1.909179925918579
2016-01-26,1.9390114545822144
2016-01-27,1.9419941902160645
2016-01-28,1.9837573766708374
2016-01-29,2.0523698329925537
2016-02-01,2.0643022060394287
2016-02-02,1.8942654132843018
2016-02-03,1.9927068948745728
2016-02-04,2.0255215167999268
2016-02-05,2.022538423538208
2016-02-10,2.0255215167999268
2016-02-11,1.9807740449905396
2016-02-12,1.9837573766708374
2016-02-15,1.9867403507232666
2016-02-16,2.0165719985961914
2016-02-17,2.0255215167999268
2016-02-18,1.9897241592407227
2016-02-19,1.9933428764343262
2016-02-22,2.06080961227417
2016-02-23,2.057743787765503
2016-02-24,2.0424106121063232
2016-02-25,2.057743787765503
2016-02-26,2.0393433570861816
2016-02-29,2.0914769172668457
2016-03-01,2.1821439266204834
2016-03-02,2.2159507274627686
2016-03-03,2.3972840309143066
2016-03-04,2.492560863494873
2016-03-07,2.4618260860443115
2016-03-08,2.547882556915283
2016-03-09,2.4864141941070557
2016-03-10,2.578616142272949
2016-03-11,2.6247189044952393
2016-03-14,2.60627818107605
2016-03-15,2.455679416656494
2016-03-16,2.3942108154296875
2016-03-17,2.6400861740112305
2016-03-18,2.637012004852295
2016-03-21,2.6708199977874756
2016-03-22,2.575544595718384
2016-03-23,2.4987075328826904
2016-03-24,2.4987075328826904
2016-03-28,2.5970566272735596
2016-03-29,2.6247189044952393
2016-03-30,2.6032044887542725
2016-03-31,2.511002540588379
2016-04-01,2.511002540588379
2016-04-04,2.428018093109131
2016-04-05,2.415724515914917
2016-04-06,2.351182460784912
2016-04-07,2.384990930557251
2016-04-08,2.5263688564300537
2016-04-11,2.532515048980713
2016-04-12,2.6493072509765625
2016-04-13,2.6616010665893555
2016-04-14,2.60627818107605
2016-04-15,2.6493072509765625
2016-04-18,2.6277923583984375
2016-04-19,2.6247189044952393
2016-04-20,2.57246994972229
2016-04-22,2.547882556915283
2016-04-25,2.52022123336792
2016-04-26,2.6124255657196045
2016-04-27,2.676968574523926
2016-04-28,2.6708199977874756
2016-04-29,2.6616010665893555
2016-05-02,2.6032044887542725
2016-05-03,2.461212158203125
2016-05-04,2.5017809867858887
2016-05-05,2.4747345447540283
2016-05-06,2.484877347946167
2016-05-09,2.5186851024627686
2016-05-10,2.637012004852295
2016-05-11,2.6201090812683105
2016-05-12,2.650536298751831
2016-05-13,2.589682102203369
2016-05-16,2.576157808303833
2016-05-17,2.4950199127197266
2016-05-18,2.4950199127197266
2016-05-19,2.508542537689209
2016-05-20,2.478116035461426
2016-05-23,2.484877347946167
2016-05-24,2.461212158203125
2016-05-25,2.4578309059143066
2016-05-27,2.4578309059143066
2016-05-30,2.4544501304626465
2016-05-31,2.4138805866241455
2016-06-01,2.46639347076416
2016-06-02,2.4731686115264893
2016-06-03,2.4901084899902344
2016-06-06,2.456228494644165
2016-06-07,2.500272035598755
2016-06-08,2.5443155765533447
2016-06-09,2.5612542629241943
2016-06-10,2.425738573074341
2016-06-13,2.4494528770446777
2016-06-14,2.4020230770111084
2016-06-15,2.398635149002075
2016-06-16,2.452842950820923
2016-06-17,2.418962240219116
2016-06-20,2.4596171379089355
2016-06-21,2.435901165008545
2016-06-22,2.415574312210083
2016-06-23,2.503659248352051
2016-06-24,2.4426777362823486
2016-06-27,2.3681437969207764
2016-06-28,2.435901165008545
2016-06-29,2.4934957027435303
2016-06-30,2.571418046951294
2016-07-01,2.5951337814331055
2016-07-04,2.591745615005493
2016-07-05,2.5612542629241943
2016-07-06,2.5477027893066406
2016-07-07,2.56803035736084
2016-07-08,2.642563581466675
2016-07-11,2.6459524631500244
2016-07-12,2.6052963733673096
2016-07-13,2.6662800312042236
2016-07-14,2.7848572731018066
2016-07-15,2.771303653717041
2016-07-18,2.8322861194610596
2016-07-19,2.8492255210876465
2016-07-20,2.8390636444091797
2016-07-21,2.8119592666625977
2016-07-22,2.818734884262085
2016-07-25,2.8051846027374268
2016-07-26,2.778081178665161
2016-07-27,2.822124481201172
2016-07-28,2.7882442474365234
2016-07-29,2.8322861194610596
2016-08-01,2.798408269882202
2016-08-02,2.815347194671631
2016-08-03,2.927147150039673
2016-08-04,2.9339232444763184
2016-08-05,2.9237594604492188
2016-08-08,2.903432846069336
2016-08-09,2.900045871734619
2016-08-10,2.8627777099609375
2016-08-11,2.944087028503418
2016-08-12,2.947474956512451
2016-08-15,2.9984166622161865
2016-08-16,2.9676482677459717
2016-08-17,3.0155134201049805
2016-08-18,3.029189348220825
2016-08-19,3.0018362998962402
2016-08-22,2.919781446456909
2016-08-23,2.9232003688812256
2016-08-24,2.9129433631896973
2016-08-25,2.906106472015381
2016-08-26,2.9334566593170166
2016-08-29,2.9779045581817627
2016-08-30,2.9847412109375
2016-08-31,2.9402952194213867
2016-09-01,2.9659831523895264
2016-09-02,3.0070817470550537
2016-09-05,2.9968061447143555
2016-09-06,3.0207812786102295
2016-09-08,2.979682207107544
2016-09-09,2.8426854610443115
2016-09-12,2.86665940284729
2016-09-13,2.8529601097106934
2016-09-14,2.822136402130127
2016-09-15,2.8872106075286865
2016-09-16,2.8529601097106934
2016-09-19,2.8598086833953857
2016-09-20,2.8769350051879883
2016-09-21,2.8940587043762207
2016-09-22,2.938582420349121
2016-09-23,2.914609432220459
2016-09-26,2.8803582191467285
2016-09-27,2.9214584827423096
2016-09-28,2.952282667160034
2016-09-29,2.86665940284729
2016-09-30,2.856386423110962
2016-10-03,2.907759189605713
2016-10-04,2.86665940284729
2016-10-05,2.9043331146240234
2016-10-06,2.952282667160034
2016-10-07,2.9865310192108154
2016-10-10,3.031054973602295
2016-10-11,3.0002315044403076
2016-10-13,3.0002315044403076
2016-10-14,3.0481793880462646
2016-10-17,3.075579881668091
2016-10-18,3.116678476333618
2016-10-19,3.096130609512329
2016-10-20,3.109828472137451
2016-10-21,3.0858540534973145
2016-10-24,3.068730592727661
2016-10-25,3.027631998062134
2016-10-26,3.03448224067688
2016-10-27,3.099553346633911
2016-10-28,3.1064043045043945
2016-10-31,3.2331268787384033
2016-11-01,3.161202907562256
2016-11-03,3.099553346633911
2016-11-04,3.161202907562256
2016-11-07,3.2365503311157227
2016-11-08,3.2536776065826416
2016-11-09,3.1851775646209717
2016-11-10,3.0207812786102295
2016-11-11,2.938582420349121
2016-11-14,2.9351580142974854
2016-11-16,3.031054973602295
2016-11-17,2.9591329097747803
2016-11-18,3.0070817470550537
2016-11-21,3.037905216217041
2016-11-22,3.037905216217041
2016-11-23,2.9831080436706543
2016-11-24,2.9591329097747803
2016-11-25,2.9454331398010254
2016-11-28,2.972832441329956
2016-11-29,2.914609432220459
2016-11-30,2.948856830596924
2016-12-01,2.803044080734253
2016-12-02,2.8133373260498047
2016-12-05,2.7996132373809814
2016-12-06,2.86137056350708
2016-12-07,2.868231773376465
2016-12-08,2.864799737930298
2016-12-09,2.881955623626709
2016-12-12,2.768735408782959
2016-12-13,2.7824602127075195
2016-12-14,2.76530385017395
2016-12-15,2.76530385017395
2016-12-16,2.751580238342285
2016-12-19,2.7035481929779053
2016-12-20,2.7309954166412354
2016-12-21,2.7309954166412354
2016-12-22,2.751580238342285
2016-12-23,2.8070108890533447
2016-12-26,2.842543125152588
2016-12-27,2.831883192062378
2016-12-28,2.870967149734497
2016-12-29,2.9420320987701416
2017-01-02,2.9171595573425293
2017-01-03,3.0450730323791504
2017-01-04,3.0628409385681152
2017-01-05,3.0912647247314453
2017-01-06,3.080606460571289
2017-01-09,3.1125848293304443
2017-01-10,3.0912647247314453
2017-01-11,3.1125848293304443
2017-01-12,3.1978600025177
2017-01-13,3.1658823490142822
2017-01-16,3.1658823490142822
2017-01-17,3.2298381328582764
2017-01-18,3.212073564529419
2017-01-19,3.2085211277008057
2017-01-20,3.244050979614258
2017-01-23,3.325775146484375
2017-01-24,3.2866897583007812
2017-01-26,3.300903081893921
2017-01-27,3.297349691390991
2017-01-30,3.2582640647888184
2017-01-31,3.297349691390991
2017-02-01,3.3115615844726562
2017-02-02,3.308008909225464
2017-02-03,3.3719661235809326
2017-02-06,3.3222219944000244
2017-02-07,3.368412971496582
2017-02-08,3.3968374729156494
2017-02-09,3.421710729598999
2017-02-10,3.4536874294281006
2017-02-13,3.446582555770874
2017-02-14,3.4323718547821045
2017-02-15,3.563837766647339
2017-02-16,3.553178071975708
2017-02-17,3.610028028488159
2017-02-20,3.659773588180542
2017-02-21,3.7450006008148193
2017-02-22,3.7631797790527344
2017-02-23,3.7159125804901123
2017-02-24,3.650467872619629
2017-03-01,3.637723207473755
2017-03-02,3.594026803970337
2017-03-03,3.637723207473755
2017-03-06,3.666853427886963
2017-03-07,3.612234115600586
2017-03-08,3.543046712875366
2017-03-09,3.5102756023406982
2017-03-10,3.5248398780822754
2017-03-13,3.575819730758667
2017-03-14,3.5357651710510254
2017-03-15,3.626797676086426
2017-03-16,3.626797676086426
2017-03-17,3.5576131343841553
2017-03-20,3.5503289699554443
2017-03-21,3.426523447036743
2017-03-22,3.513916015625
2017-03-23,3.484786033630371
2017-03-24,3.5175588130950928
2017-03-27,3.5503289699554443
2017-03-28,3.5248398780822754
2017-03-29,3.5576131343841553
2017-03-30,3.513916015625
2017-03-31,3.4592959880828857
2017-04-03,3.488426923751831
2017-04-04,3.5357651710510254
2017-04-05,3.4957101345062256
2017-04-06,3.448371648788452
2017-04-07,3.4665791988372803
2017-04-10,3.4811439514160156
2017-04-11,3.4957101345062256
2017-04-12,3.477504014968872
2017-04-13,3.390110492706299
2017-04-17,3.4811439514160156
2017-04-18,3.5102756023406982
2017-04-19,3.452012538909912
2017-04-20,3.422882080078125
2017-04-24,3.5066328048706055
2017-04-25,3.513916015625
2017-04-26,3.502992868423462
2017-04-27,3.546689033508301
2017-04-28,3.6013097763061523
2017-05-02,3.670494794845581
2017-05-03,3.6340830326080322
2017-05-04,3.5503289699554443
2017-05-05,3.648648262023926
2017-05-08,3.6413631439208984
2017-05-09,3.6522881984710693
2017-05-10,3.6777780055999756
2017-05-11,3.739680528640747
2017-05-12,3.750605344772339
2017-05-15,3.750605344772339
2017-05-16,3.739680528640747
2017-05-17,3.666853427886963
2017-05-18,3.3136417865753174
2017-05-19,3.3354899883270264
2017-05-22,3.2408125400543213
2017-05-23,3.2808690071105957
2017-05-24,3.2808690071105957
2017-05-25,3.204400062561035
2017-05-26,3.266303062438965
2017-05-29,3.266303062438965
2017-05-30,3.2881510257720947
2017-05-31,3.259021520614624
2017-06-01,3.1915433406829834
2017-06-02,3.209779739379883
2017-06-05,3.1951904296875
2017-06-06,3.2389609813690186
2017-06-07,3.2936716079711914
2017-06-08,3.2681403160095215
2017-06-09,3.2134273052215576
2017-06-12,3.2134273052215576
2017-06-13,3.2353127002716064
2017-06-14,3.2681403160095215
2017-06-15,3.2681403160095215
2017-06-16,3.286376953125
2017-06-19,3.2900240421295166
2017-06-20,3.2061331272125244
2017-06-21,3.187894582748413
2017-06-22,3.1951904296875
2017-06-23,3.1623616218566895
2017-06-26,3.2462542057037354
2017-06-27,3.184246301651001
2017-06-28,3.2134273052215576
2017-06-29,3.2571969032287598
2017-06-30,3.2900240421295166
2017-07-03,3.2900240421295166
2017-07-04,3.286376953125
2017-07-05,3.319204568862915
2017-07-06,3.275434732437134
2017-07-07,3.271787405014038
2017-07-10,3.300966501235962
2017-07-11,3.3483855724334717
2017-07-12,3.3556792736053467
2017-07-13,3.366621255874634
2017-07-14,3.3593270778656006
2017-07-17,3.3483855724334717
2017-07-18,3.377563714981079
2017-07-19,3.3483855724334717
2017-07-20,3.3629746437072754
2017-07-21,3.3556792736053467
2017-07-24,3.3556792736053467
2017-07-25,3.3848586082458496
2017-07-26,3.3447365760803223
2017-07-27,3.3702683448791504
2017-07-28,3.3702683448791504
2017-07-31,3.373915433883667
2017-08-01,3.4833409786224365
2017-08-02,3.523463010787964
2017-08-03,3.5161664485931396
2017-08-04,3.5052247047424316
2017-08-07,3.5818238258361816
2017-08-08,3.5854709148406982
2017-08-09,3.5708789825439453
2017-08-10,3.545347213745117
2017-08-11,3.5635857582092285
2017-08-14,3.614649772644043
2017-08-15,3.632664442062378
2017-08-16,3.636343240737915
2017-08-17,3.6069281101226807
2017-08-18,3.654726028442383
2017-08-21,3.6510512828826904
2017-08-22,3.6878178119659424
2017-08-23,3.7650301456451416
2017-08-24,3.794445037841797
2017-08-25,3.7870895862579346
2017-08-28,3.779737949371338
2017-08-29,3.8091516494750977
2017-08-30,3.812828302383423
2017-08-31,3.7503230571746826
2017-09-01,3.822126865386963
2017-09-04,3.8073976039886475
2017-09-05,3.8294918537139893
2017-09-06,3.936275005340576
2017-09-07,3.936275005340576
2017-09-08,3.947319746017456
2017-09-11,3.998870849609375
2017-09-12,4.017283916473389
2017-09-13,4.028329849243164
2017-09-14,4.0430588722229
2017-09-15,4.131429195404053
2017-09-18,4.157206058502197
2017-09-19,4.142477989196777
2017-09-20,4.101973533630371
2017-09-21,4.105654716491699
2017-09-22,4.098291873931885
2017-09-25,4.054104804992676
2017-09-26,4.050422191619873
2017-09-27,3.9915084838867188
2017-09-28,3.984142780303955
2017-09-29,4.061468124389648
2017-10-02,4.035693645477295
2017-10-03,4.194026947021484
2017-10-04,4.164572715759277
2017-10-05,4.190347194671631
2017-10-06,4.17193603515625
2017-10-09,4.109338760375977
2017-10-10,4.194026947021484
2017-10-11,4.182982921600342
2017-10-12,4.182982921600342
2017-10-13,4.1793012619018555
2017-10-16,4.160889625549316
2017-10-17,4.113020420074463
2017-10-18,4.131429195404053
2017-10-19,4.105654716491699
2017-10-20,4.105654716491699
2017-10-23,4.0099196434021
2017-10-24,4.098291873931885
2017-10-25,4.160889625549316
2017-10-26,4.116702079772949
2017-10-27,4.105654716491699
2017-10-30,3.9915084838867188
2017-10-31,3.858947992324829
2017-11-01,3.8294918537139893
2017-11-02,3.8294918537139893
2017-11-03,3.8663134574890137
2017-11-06,3.87735915184021
2017-11-07,3.792668104171753
2017-11-08,3.917863607406616
2017-11-09,3.8552660942077637
2017-11-10,3.8552660942077637
2017-11-13,3.8552660942077637
2017-11-14,3.8000333309173584
2017-11-15,3.8000333309173584
2017-11-16,3.858947992324829
2017-11-17,3.9031341075897217
2017-11-20,3.9031341075897217
2017-11-21,3.9620494842529297
2017-11-22,3.9510037899017334
2017-11-23,3.947319746017456
2017-11-24,3.9104995727539062
2017-11-27,3.9730961322784424
2017-11-28,3.958367347717285
2017-11-29,3.862630605697632
2017-11-30,3.822126865386963
2017-12-01,3.857156753540039
2017-12-04,3.8719091415405273
2017-12-05,3.8534703254699707
2017-12-06,3.9087822437286377
2017-12-07,3.864531993865967
2017-12-08,3.879281997680664
2017-12-11,3.8977205753326416
2017-12-12,3.9382851123809814
2017-12-13,3.882970094680786
2017-12-14,3.8719091415405273
2017-12-15,3.890345573425293
2017-12-18,3.8719091415405273
2017-12-19,3.8350322246551514
2017-12-20,3.8940353393554688
2017-12-21,4.03784704208374
2017-12-22,4.041533470153809
2017-12-25,4.041533470153809
2017-12-26,4.059532642364502
2017-12-27,4.048298358917236
2017-12-28,4.052043437957764
2017-12-29,4.052043437957764
2018-01-02,4.130687713623047
2018-01-03,4.1793718338012695
2018-01-04,4.258016109466553
2018-01-05,4.265506267547607
2018-01-08,4.261760711669922
2018-01-09,4.1943511962890625
2018-01-10,4.1943511962890625
2018-01-11,4.261760711669922
2018-01-12,4.272995948791504
2018-01-15,4.32542610168457
2018-01-16,4.381597995758057
2018-01-17,4.449008464813232
2018-01-18,4.4714789390563965
2018-01-19,4.486457347869873
2018-01-22,4.598805904388428
2018-01-23,4.538888454437256
2018-01-24,4.834737300872803
2018-01-25,4.834737300872803
2018-01-26,5.036967754364014
2018-01-29,4.905896186828613
2018-01-30,4.935851573944092
2018-01-31,4.962069511413574
2018-02-01,4.94708776473999
2018-02-02,4.868442058563232
2018-02-05,4.7186455726623535
2018-02-06,4.90214729309082
2018-02-07,4.8010358810424805
2018-02-08,4.756093978881836
2018-02-09,4.748604774475098
2018-02-14,4.90214729309082
2018-02-15,4.90214729309082
2018-02-16,5.018243789672852
2018-02-19,5.007007598876953
2018-02-20,5.209234237670898
2018-02-21,5.299111843109131
2018-02-22,5.385246276855469
2018-02-23,5.3535308837890625
2018-02-26,5.361386299133301
2018-02-27,5.290689945220947
2018-02-28,5.153215408325195
2018-03-01,5.241692066192627
2018-03-02,5.284946441650391
2018-03-05,5.426509857177734
2018-03-06,5.4029154777526855
2018-03-07,5.387184143066406
2018-03-08,5.351794242858887
2018-03-09,5.398983001708984
2018-03-12,5.450101852416992
2018-03-13,5.414708614349365
2018-03-14,5.359659671783447
2018-03-15,5.3360676765441895
2018-03-16,5.284946441650391
2018-03-19,5.229895114898682
2018-03-20,5.229895114898682
2018-03-21,5.237759590148926
2018-03-22,5.2180986404418945
2018-03-23,5.233827114105225
2018-03-26,5.32033634185791
2018-03-27,5.265284061431885
2018-03-28,5.328202724456787
2018-03-29,5.422574996948242
2018-04-02,5.391117572784424
2018-04-03,5.363590717315674
2018-04-04,5.367522239685059
2018-04-05,5.351794242858887
2018-04-06,5.308541297912598
2018-04-09,5.202369213104248
2018-04-10,5.225963115692139
2018-04-11,5.222029685974121
2018-04-12,5.30460786819458
2018-04-13,5.190570831298828
2018-04-16,5.096198558807373
2018-04-17,5.190570831298828
2018-04-18,5.292811870574951
2018-04-19,5.21023416519165
2018-04-20,5.16697883605957
2018-04-23,5.186638832092285
2018-04-24,5.174842357635498
2018-04-25,5.206302165985107
2018-04-26,5.375386714935303
2018-04-27,5.383251667022705
2018-04-30,5.351794242858887
2018-05-02,5.033282279968262
2018-05-03,4.895653247833252
2018-05-04,4.817006587982178
2018-05-07,4.8248724937438965
2018-05-08,4.836670875549316
2018-05-09,4.8484673500061035
2018-05-10,5.009688854217529
2018-05-11,4.93104362487793
2018-05-14,4.860262393951416
2018-05-15,4.793415069580078
2018-05-16,4.840601444244385
2018-05-17,4.628260612487793
2018-05-18,4.5614118576049805
2018-05-21,4.533886909484863
2018-05-22,4.730499267578125
2018-05-23,4.620394706726074
2018-05-24,4.695109844207764
2018-05-25,4.628260612487793
2018-05-28,4.435579776763916
2018-05-29,4.4041218757629395
2018-05-30,4.415919780731201
2018-06-01,4.483457088470459
2018-06-04,4.626408100128174
2018-06-05,4.396819591522217
2018-06-06,4.3361735343933105
2018-06-07,4.071932792663574
2018-06-08,4.080593109130859
2018-06-11,3.9852936267852783
2018-06-12,3.980963706970215
2018-06-13,3.950639247894287
2018-06-14,3.820683717727661
2018-06-15,3.859670400619507
2018-06-18,3.7297167778015137
2018-06-19,3.8943257331848145
2018-06-20,3.9766297340393066
2018-06-21,3.859670400619507
2018-06-22,3.8899946212768555
2018-06-25,3.8726656436920166
2018-06-26,3.9376437664031982
2018-06-27,3.820683717727661
2018-06-28,3.9159843921661377
2018-06-29,3.9766297340393066
2018-07-02,4.019949436187744
2018-07-03,4.154235363006592
2018-07-04,4.193223476409912
2018-07-05,4.20188570022583
2018-07-06,4.210549831390381
2018-07-10,4.219213485717773
2018-07-11,4.232209205627441
2018-07-12,4.292856216430664
2018-07-13,4.388156890869141
2018-07-16,4.414147853851318
2018-07-17,4.500782489776611
2018-07-18,4.496452331542969
2018-07-19,4.561429023742676
2018-07-20,4.708711624145508
2018-07-23,4.591752052307129
2018-07-24,4.600417137145996
2018-07-25,4.747698783874512
2018-07-26,4.665395259857178
2018-07-27,4.652398586273193
2018-07-30,4.700048446655273
2018-07-31,4.513779640197754
2018-08-01,4.613411903381348
2018-08-02,4.639405250549316
2018-08-03,4.77802038192749
2018-08-06,4.708711624145508
2018-08-07,4.700048446655273
2018-08-08,4.600417137145996
2018-08-09,4.509445667266846
2018-08-10,4.3361735343933105
2018-08-13,4.314513683319092
2018-08-14,4.418478488922119
2018-08-15,4.40981388092041
2018-08-16,4.366495609283447
2018-08-17,4.310182094573975
2018-08-20,4.300802230834961
2018-08-21,4.203460216522217
2018-08-22,4.296377182006836
2018-08-23,4.181334972381592
2018-08-24,4.199034690856934
2018-08-27,4.3185014724731445
2018-08-28,4.247704982757568
2018-08-29,4.367173194885254
2018-08-30,4.1724853515625
2018-08-31,4.24328088760376
2018-09-03,4.196748733520508
2018-09-04,4.148001670837402
2018-09-05,4.148001670837402
2018-09-06,4.298676490783691
2018-09-10,4.294244766235352
2018-09-11,4.116979598999023
2018-09-12,4.143571376800537
2018-09-13,4.170159816741943
2018-09-14,4.2676568031311035
2018-09-17,4.33413028717041
2018-09-18,4.39174222946167
2018-09-19,4.387310028076172
2018-09-20,4.3252668380737305
2018-09-21,4.3740153312683105
2018-09-24,4.249927520751953
2018-09-25,4.285381317138672
2018-09-26,4.3252668380737305
2018-09-27,4.4537835121154785
2018-09-28,4.475941181182861
2018-10-01,4.427194595336914
2018-10-02,4.608890056610107
2018-10-03,4.759565830230713
2018-10-04,4.7241129875183105
2018-10-05,4.666501998901367
2018-10-08,4.9501261711120605
2018-10-09,4.910242080688477
2018-10-10,4.790587425231934
2018-10-11,4.763996601104736
2018-10-15,4.795019149780273
2018-10-16,4.994441509246826
2018-10-17,4.9501261711120605
2018-10-18,4.799450397491455
2018-10-19,4.790587425231934
2018-10-22,4.865924835205078
2018-10-23,4.857062816619873
2018-10-24,4.74183988571167
2018-10-25,4.795019149780273
2018-10-26,4.892516136169434
2018-10-29,4.826039791107178
2018-10-30,5.012170314788818
2018-10-31,4.981147766113281
2018-11-01,5.052052974700928
2018-11-05,5.096368312835693
2018-11-06,5.118525505065918
2018-11-07,5.140687465667725
2018-11-08,5.00773811340332
2018-11-09,5.118525505065918
2018-11-12,5.069778919219971
2018-11-13,5.034325122833252
2018-11-14,5.118525505065918
2018-11-16,5.31351900100708
2018-11-19,5.348973751068115
2018-11-21,5.25147819519043
2018-11-22,5.247045993804932
2018-11-23,5.255908012390137
2018-11-26,5.158411502838135
2018-11-27,5.357834815979004
2018-11-28,5.481921672821045
2018-11-29,5.535101890563965
2018-11-30,5.468625545501709
2018-12-03,5.428677082061768
2018-12-04,5.3487772941589355
2018-12-05,5.3487772941589355
2018-12-06,5.4863810539245605
2018-12-07,5.379849433898926
2018-12-10,5.21561336517334
2018-12-11,5.233367443084717
2018-12-12,5.286632537841797
2018-12-13,5.3709716796875
2018-12-14,5.406482696533203
2018-12-17,5.260002613067627
2018-12-18,5.285808086395264
2018-12-19,5.281367778778076
2018-12-20,5.276923656463623
2018-12-21,5.219179630279541
2018-12-26,5.152553558349609
2018-12-27,5.241391181945801
2018-12-28,5.365761756896973
2019-01-02,5.618947505950928
2019-01-03,5.667808532714844
2019-01-04,5.6500420570373535
2019-01-07,5.645599842071533
2019-01-08,5.721109867095947
2019-01-09,5.7966227531433105
2019-01-10,5.756646156311035
2019-01-11,5.68557596206665
2019-01-14,5.769970417022705
2019-01-15,5.734436988830566
2019-01-16,5.73887825012207
2019-01-17,5.747761249542236
2019-01-18,5.743319988250732
2019-01-21,5.721109867095947
2019-01-22,5.694459915161133
2019-01-23,5.769970417022705
2019-01-24,5.863250732421875
2019-01-28,5.992062568664551
2019-01-29,5.894341468811035
2019-01-30,5.960969924926758
2019-01-31,5.996505260467529
2019-02-01,6.014273643493652
2019-02-04,6.129764080047607
2019-02-05,5.938762187957764
2019-02-06,5.68557596206665
2019-02-07,5.694459915161133
2019-02-08,5.8765764236450195
2019-02-11,5.836598873138428
2019-02-12,5.934321880340576
2019-02-13,5.805506706237793
2019-02-14,5.952085018157959
2019-02-15,5.8765764236450195
2019-02-18,5.756646156311035
2019-02-19,5.8765764236450195
2019-02-20,5.863250732421875
2019-02-21,6.023157596588135
2019-02-22,6.072249889373779
2019-02-25,6.029889106750488
2019-02-26,6.034595489501953
2019-02-27,5.949864864349365
2019-02-28,5.822774410247803
2019-03-01,5.780338287353516
2019-03-06,5.695474147796631
2019-03-07,5.794482707977295
2019-03-08,5.8982086181640625
2019-03-11,6.06322717666626
2019-03-12,6.082085132598877
2019-03-13,6.119805335998535
2019-03-14,6.0207929611206055
2019-03-15,6.034937858581543
2019-03-18,6.077372074127197
2019-03-19,5.983076572418213
2019-03-20,5.879347801208496
2019-03-21,5.789768218994141
2019-03-22,5.624751567840576
2019-03-25,5.6388936042785645
2019-03-26,5.671898365020752
2019-03-27,5.389009475708008
2019-03-28,5.681328296661377
2019-03-29,5.648324012756348
2019-04-01,5.648324012756348
2019-04-02,5.596460819244385
2019-04-03,5.539884567260742
2019-04-04,5.563459873199463
2019-04-05,5.690756797790527
2019-04-08,5.686045169830322
2019-04-09,5.6011762619018555
2019-04-10,5.572888374328613
2019-04-11,5.5021653175354
2019-04-12,5.445588111877441
2019-04-15,5.436157703399658
2019-04-16,5.483306884765625
2019-04-17,5.407869338989258
2019-04-18,5.464446544647217
2019-04-22,5.445588111877441
2019-04-23,5.587031841278076
2019-04-24,5.587031841278076
2019-04-25,5.6766133308410645
2019-04-26,5.667181491851807
2019-04-29,5.563459873199463
2019-04-30,5.615322113037109
2019-05-02,5.634180068969727
2019-05-03,5.549311637878418
2019-05-06,5.393725872039795
2019-05-07,5.393725872039795
2019-05-08,5.4408745765686035
2019-05-09,5.417300701141357
2019-05-10,5.398442268371582
2019-05-13,5.304142951965332
2019-05-14,5.313574314117432
2019-05-15,5.304142951965332
2019-05-16,5.223992824554443
2019-05-17,5.223992824554443
2019-05-20,5.393725872039795
2019-05-21,5.55874490737915
2019-05-22,5.525742053985596
2019-05-23,5.506880283355713
2019-05-24,5.445588111877441
2019-05-27,5.459734916687012
2019-05-28,5.596460819244385
2019-05-29,5.73319149017334
2019-05-30,5.813342571258545
2019-05-31,5.841631889343262
2019-06-03,5.865244388580322
2019-06-04,5.8794097900390625
2019-06-05,5.737739562988281
2019-06-06,5.80385160446167
2019-06-07,5.855798721313477
2019-06-10,5.766071796417236
2019-06-11,5.780239582061768
2019-06-12,5.7519049644470215
2019-06-13,5.67634391784668
2019-06-14,5.657456398010254
2019-06-17,5.652735710144043
2019-06-18,5.761351108551025
2019-06-19,5.846353530883789
2019-06-21,5.950247764587402
2019-06-24,5.9738593101501465
2019-06-25,5.940802574157715
2019-06-26,6.12969970703125
2019-06-27,6.110811233520508
2019-06-28,6.087197780609131
2019-07-01,6.101363182067871
2019-07-02,6.035251617431641
2019-07-03,6.12497615814209
2019-07-04,6.209981918334961
2019-07-05,6.266646862030029
2019-07-08,6.271372318267822
2019-07-10,6.299706935882568
2019-07-11,6.233591556549072
2019-07-12,6.139144420623779
2019-07-15,6.115530967712402
2019-07-16,6.087197780609131
2019-07-17,6.106088161468506
2019-07-18,6.238312721252441
2019-07-19,6.162755966186523
2019-07-22,6.257204532623291
2019-07-23,6.2902607917785645
2019-07-24,6.280816078186035
2019-07-25,6.0919189453125
2019-07-26,6.143863677978516
2019-07-29,6.134422779083252
2019-07-30,6.035251617431641
2019-07-31,5.888854503631592
2019-08-01,5.926635265350342
2019-08-02,5.884133338928223
2019-08-05,5.7896833419799805
2019-08-06,5.978579998016357
2019-08-07,6.134422779083252
2019-08-08,6.195812702178955
2019-08-09,6.167478561401367
2019-08-12,5.950247764587402
2019-08-13,6.101363182067871
2019-08-14,6.021081447601318
2019-08-15,6.044695854187012
2019-08-16,6.06919527053833
2019-08-19,5.962461948394775
2019-08-20,5.870284080505371
2019-08-21,5.943055152893066
2019-08-22,5.846026420593262
2019-08-23,5.763552188873291
2019-08-26,5.739296913146973
2019-08-27,5.831470489501953
2019-08-28,5.918798923492432
2019-08-29,5.9479079246521
2019-08-30,5.962461948394775
2019-09-02,5.899289131164551
2019-09-03,5.80696439743042
2019-09-04,5.899289131164551
2019-09-05,6.113104820251465
2019-09-06,6.292901039123535
2019-09-09,6.370650291442871
2019-09-10,6.30748176574707
2019-09-11,6.288042068481445
2019-09-12,6.370650291442871
2019-09-13,6.394946098327637
2019-09-16,6.375510215759277
2019-09-17,6.404666900634766
2019-09-18,6.4143853187561035
2019-09-19,6.3560686111450195
2019-09-20,6.43382453918457
2019-09-23,6.365789413452148
2019-09-24,6.3463544845581055
2019-09-25,6.385229110717773
2019-09-26,6.521292209625244
2019-09-27,6.506710529327393
2019-09-30,6.404666900634766
2019-10-01,6.292901039123535
2019-10-02,6.147119522094727
2019-10-03,6.0742268562316895
2019-10-04,6.079087734222412
2019-10-07,5.918729305267334
2019-10-08,5.899289131164551
2019-10-09,5.99161958694458
2019-10-10,6.040210723876953
2019-10-11,6.171417713165283
2019-10-14,6.273461818695068
2019-10-15,6.283182621002197
2019-10-16,6.399807453155518
2019-10-17,6.390088081359863
2019-10-18,6.3512115478515625
2019-10-21,6.443540573120117
2019-10-22,6.589323997497559
2019-10-23,6.63791561126709
2019-10-24,6.633057594299316
2019-10-25,6.701089382171631
2019-10-28,6.759401321411133
2019-10-29,6.696230888366699
2019-10-30,6.778837203979492
2019-10-31,6.662214756011963
2019-11-01,6.686509132385254
2019-11-04,6.754540920257568
2019-11-05,6.837149143218994
2019-11-06,6.783697605133057
2019-11-07,6.773981094360352
2019-11-08,6.686509132385254
2019-11-11,6.74968147277832
2019-11-12,6.67193078994751
2019-11-13,6.560166358947754
2019-11-14,6.623338222503662
2019-11-18,6.608758926391602
2019-11-19,6.521292209625244
2019-11-21,6.5650248527526855
2019-11-22,6.662214756011963
2019-11-25,6.5018534660339355
2019-11-26,6.3463544845581055
2019-11-27,6.424101829528809
2019-11-28,6.4386796951293945
2019-11-29,6.448399543762207
2019-12-02,6.501933574676514
2019-12-03,6.487334728240967
2019-12-04,6.643069744110107
2019-12-05,6.613869667053223
2019-12-06,6.550601959228516
2019-12-09,6.657668590545654
2019-12-10,6.6479363441467285
2019-12-11,6.6284708976745605
2019-12-12,6.618734359741211
2019-12-13,6.670321464538574
2019-12-16,6.607027530670166
2019-12-17,6.733617305755615
2019-12-18,6.801779270172119
2019-12-19,6.806648254394531
2019-12-20,6.74335241317749
2019-12-23,6.792043209075928
2019-12-26,6.9088945388793945
2019-12-27,6.87968111038208
2019-12-30,6.860206604003906
2020-01-02,6.986796855926514
2020-01-03,6.884549140930176
2020-01-06,6.869944095611572
2020-01-07,6.77743673324585
2020-01-08,6.675189971923828
2020-01-09,6.543729782104492
2020-01-10,6.499912738800049
2020-01-13,6.587554931640625
2020-01-14,6.660583019256592
2020-01-15,6.553469657897949
2020-01-16,6.568074703216553
2020-01-17,6.621632099151611
2020-01-20,6.529123783111572
2020-01-21,6.378191947937012
2020-01-22,6.47069787979126
2020-01-23,6.597287654876709
2020-01-24,6.499912738800049
2020-01-27,6.3587164878845215
2020-01-28,6.383058071136475
2020-01-29,6.314896106719971
2020-01-30,6.368452072143555
2020-01-31,6.261340618133545
2020-02-03,6.256468296051025
2020-02-04,6.271074295043945
2020-02-05,6.305157661437988
2020-02-06,6.241862773895264
2020-02-07,6.227255344390869
2020-02-10,6.353845119476318
2020-02-11,6.465827941894531
2020-02-12,6.509650230407715
2020-02-13,6.412272930145264
2020-02-14,6.329503536224365
2020-02-17,6.329503536224365
2020-02-18,6.422011852264404
2020-02-19,6.495042324066162
2020-02-20,6.451223373413086
2020-02-21,6.452938079833984
2020-02-26,6.080167770385742
2020-02-27,5.97941780090332
2020-02-28,6.049942493438721
2020-03-02,6.2114081382751465
2020-03-03,6.120584011077881
2020-03-04,6.155904293060303
2020-03-05,5.969209671020508
2020-03-06,5.832973480224609
2020-03-09,5.464626312255859
2020-03-10,5.580681800842285
2020-03-11,5.247657299041748
2020-03-12,4.677478790283203
2020-03-13,5.1467390060424805
2020-03-16,4.59169864654541
2020-03-17,4.813716888427734
2020-03-18,4.576561450958252
2020-03-19,4.42014217376709
2020-03-20,4.193080425262451
2020-03-23,3.7995028495788574
2020-03-24,4.071980953216553
2020-03-25,4.344454288482666
2020-03-26,4.5311503410339355
2020-03-27,4.288950443267822
2020-03-30,4.450416088104248
2020-03-31,4.425187587738037
2020-04-01,4.167850971221924
2020-04-02,4.223355293273926
2020-04-03,4.0921630859375
2020-04-06,4.394912242889404
2020-04-07,4.526102066040039
2020-04-08,4.702706813812256
2020-04-09,4.662341117858887
2020-04-13,4.788487911224365
2020-04-14,4.843989372253418
2020-04-15,4.6926164627075195
2020-04-16,4.551334381103516
2020-04-17,4.61188268661499
2020-04-20,4.526102066040039
2020-04-22,4.521059036254883
2020-04-23,4.460508346557617
2020-04-24,4.2384934425354
2020-04-27,4.374730110168457
2020-04-28,4.68252420425415
2020-04-29,4.672434329986572
2020-04-30,4.541240692138672
2020-05-04,4.389863967895508
2020-05-05,4.495829105377197
2020-05-06,4.389863967895508
2020-05-07,4.182988166809082
2020-05-08,4.283904552459717
2020-05-11,4.248584270477295
2020-05-12,4.127481937408447
2020-05-13,4.147665977478027
2020-05-14,4.299040794372559
2020-05-15,4.107301235198975
2020-05-18,4.309133052825928
2020-05-19,4.157760143280029
2020-05-20,4.162805080413818
2020-05-21,4.384821891784668
2020-05-22,4.47059965133667
2020-05-25,4.662341117858887
2020-05-26,4.500874996185303
2020-05-27,4.596744060516357
2020-05-28,4.541240692138672
2020-05-29,4.47059965133667
2020-06-01,4.586915969848633
2020-06-02,4.8246073722839355
2020-06-03,4.961151123046875
2020-06-04,5.016780376434326
2020-06-05,5.077468395233154
2020-06-08,5.259529113769531
2020-06-09,5.239299774169922
2020-06-10,5.072409629821777
2020-06-12,4.951035022735596
2020-06-15,4.834719657897949
2020-06-16,4.9358649253845215
2020-06-17,5.02183723449707
2020-06-18,5.1836700439453125
2020-06-19,5.264586448669434
2020-06-22,5.133096694946289
2020-06-23,5.087581634521484
2020-06-24,4.940922260284424
2020-06-25,5.037008762359619
2020-06-26,4.885292053222656
2020-06-29,5.001608848571777
2020-06-30,4.849891185760498
2020-07-01,4.951035022735596
2020-07-02,5.0319504737854
2020-07-03,5.042068004608154
2020-07-06,5.239299774169922
2020-07-07,5.052183628082275
2020-07-08,5.143213272094727
2020-07-09,5.158383846282959
2020-07-10,5.173555850982666
2020-07-13,5.077468395233154
2020-07-14,5.138154983520508
2020-07-15,5.193784713745117
2020-07-16,5.133096694946289
2020-07-17,5.193784713745117
2020-07-20,5.269643783569336
2020-07-21,5.320216655731201
2020-07-22,5.320216655731201
2020-07-23,5.24435567855835
2020-07-24,5.284814357757568
2020-07-27,5.573078155517578
2020-07-28,5.502276420593262
2020-07-29,5.628706932067871
2020-07-30,5.5174455642700195
2020-07-31,5.3960747718811035
2020-08-03,5.411247253417969
2020-08-04,5.1634416580200195
2020-08-05,5.158383846282959
2020-08-06,5.219069957733154
2020-08-07,5.1634416580200195
2020-08-10,5.239299774169922
2020-08-11,5.158383846282959
2020-08-12,5.1128692626953125
2020-08-13,4.986437797546387
2020-08-14,5.02183723449707
2020-08-17,4.870120525360107
2020-08-18,4.966409206390381
2020-08-19,4.930934906005859
2020-08-20,4.900527000427246
2020-08-21,4.930934906005859
2020-08-24,4.981611728668213
2020-08-25,4.941070079803467
2020-08-26,4.870121479034424
2020-08-27,4.91066312789917
2020-08-28,4.956274032592773
2020-08-31,4.778901100158691
2020-09-01,4.936335563659668
2020-09-02,4.870315074920654
2020-09-03,4.971883296966553
2020-09-04,4.961730480194092
2020-09-08,4.895705699920654
2020-09-09,4.916022777557373
2020-09-10,4.804293155670166
2020-09-11,4.7078022956848145
2020-09-14,4.763665199279785
2020-09-15,4.702723979949951
2020-09-16,4.702723979949951
2020-09-17,4.697646141052246
2020-09-18,4.5656023025512695
2020-09-21,4.560525894165039
2020-09-22,4.560525894165039
2020-09-23,4.469109535217285
2020-09-24,4.5859174728393555
2020-09-25,4.580839157104492
2020-09-28,4.555444717407227
2020-09-29,4.47926664352417
2020-09-30,4.469109535217285
2020-10-01,4.519894599914551
2020-10-02,4.530052661895752
2020-10-05,4.5503668785095215
2020-10-06,4.560525894165039
2020-10-07,4.519894599914551
2020-10-08,4.738274097442627
2020-10-09,4.753507614135742
2020-10-13,4.733194351196289
2020-10-14,4.717958927154541
2020-10-15,4.697646141052246
2020-10-16,4.606230735778809
2020-10-19,4.682408809661865
2020-10-20,4.82460880279541
2020-10-21,4.8449225425720215
2020-10-22,5.027751445770264
2020-10-23,4.997278213500977
2020-10-26,5.032827854156494
2020-10-27,4.890628814697266
2020-10-28,4.662093162536621
2020-10-29,4.687488079071045
2020-10-30,4.616387844085693
2020-11-03,4.662093162536621
2020-11-04,4.768743515014648
2020-11-05,4.966807842254639
2020-11-06,4.992198467254639
2020-11-09,5.296910762786865
2020-11-10,5.46958065032959
2020-11-11,5.383248329162598
2020-11-12,5.317225456237793
2020-11-13,5.408639907836914
2020-11-16,5.525446891784668
2020-11-17,5.540680885314941
2020-11-18,5.4340314865112305
2020-11-19,5.4441914558410645
2020-11-23,5.43911075592041
2020-11-24,5.555917739868164
2020-11-25,5.479740142822266
2020-11-26,5.43911075592041
2020-11-27,5.5203680992126465
2020-11-30,5.373089790344238
2020-12-01,5.617321491241455
2020-12-02,5.612232208251953
2020-12-03,5.693643569946289
2020-12-04,5.7038187980651855
2020-12-07,5.7292585372924805
2020-12-08,5.7038187980651855
2020-12-09,5.734349250793457
2020-12-10,5.851376533508301
2020-12-11,5.857356548309326
2020-12-14,5.790621757507324
2020-12-15,5.903557300567627
2020-12-16,5.985693454742432
2020-12-17,5.9908294677734375
2020-12-18,5.934358596801758
2020-12-21,5.841954708099365
2020-12-22,5.852222919464111
2020-12-23,5.9908294677734375
2020-12-28,6.057564735412598
2020-12-29,6.093499183654785
2020-12-30,6.021629810333252
2021-01-04,5.929224014282227
2021-01-05,5.883025646209717
2021-01-06,6.001095294952393
2021-01-07,6.242371559143066
2021-01-08,6.22697114944458
2021-01-11,6.0832319259643555
2021-01-12,6.129432678222656
2021-01-13,6.0678300857543945
2021-01-14,6.2013044357299805
2021-01-15,5.96002721786499
2021-01-18,5.970293998718262
2021-01-19,5.8778910636901855
2021-01-20,5.785486698150635
2021-01-21,5.667416095733643
2021-01-22,5.585281848907471
2021-01-26,5.462251663208008
2021-01-27,5.426246643066406
2021-01-28,5.64226770401001
2021-01-29,5.457106113433838
2021-02-01,5.549688339233398
2021-02-02,5.5599751472473145
2021-02-03,5.565117359161377
2021-02-04,5.565117359161377
2021-02-05,5.5342583656311035
2021-02-08,5.451964378356934
2021-02-09,5.498254299163818
2021-02-10,5.462251663208008
2021-02-11,5.472537040710449
2021-02-12,5.451964378356934
2021-02-17,5.421103477478027
2021-02-18,5.323380947113037
2021-02-19,5.271946430206299
2021-02-22,5.030208110809326
2021-02-23,5.410815715789795
2021-02-24,5.359384059906006
2021-02-25,5.199939727783203
2021-02-26,5.117645263671875
2021-03-01,4.95788049697876
2021-03-02,5.102185249328613
2021-03-03,5.148568630218506
2021-03-04,5.2619500160217285
2021-03-05,5.344409942626953
2021-03-08,5.133105278015137
2021-03-09,5.179488182067871
2021-03-10,5.321671962738037
2021-03-11,5.306186676025391
2021-03-12,5.264892101287842
2021-03-15,5.2803778648376465
2021-03-16,5.20295524597168
2021-03-17,5.352643013000488
2021-03-18,5.404259204864502
2021-03-19,5.388772487640381
2021-03-22,5.430064678192139
2021-03-23,5.295864105224609
2021-03-24,5.1874680519104
2021-03-25,5.295864105224609
2021-03-26,5.357442855834961
2021-03-29,5.336758613586426
2021-03-30,5.414327621459961
2021-03-31,5.336758613586426
2021-04-01,5.2229905128479
2021-04-05,5.290215492248535
2021-04-06,5.2385029792785645
2021-04-07,5.233333110809326
2021-04-08,5.217819690704346
2021-04-09,5.191962242126465
2021-04-12,5.279873847961426
2021-04-13,5.269530296325684
2021-04-14,5.305729866027832
2021-04-15,5.305729866027832
2021-04-16,5.326416492462158
2021-04-19,5.274702072143555
2021-04-20,5.285045623779297
2021-04-22,5.285045623779297
2021-04-23,5.336758613586426
2021-04-26,5.310901641845703
2021-04-27,5.197131633758545
2021-04-28,5.389554977416992
2021-04-29,5.2651801109313965
2021-04-30,5.213357448577881
2021-05-03,5.280727863311768
2021-05-04,5.140807151794434
2021-05-05,5.291091442108154
2021-05-06,5.285910129547119
2021-05-07,5.358461856842041
2021-05-10,5.415465831756592
2021-05-11,5.415465831756592
2021-05-12,5.311821937561035
2021-05-13,5.405102252960205
2021-05-14,5.513930320739746
2021-05-17,5.5191121101379395
2021-05-18,5.503565788269043
2021-05-19,5.565751552581787
2021-05-20,5.586480617523193
2021-05-21,5.617575645446777
2021-05-24,5.627939701080322
2021-05-25,5.595962047576904
2021-05-26,5.647873878479004
2021-05-27,5.575199127197266
2021-05-28,5.6582560539245605
2021-05-31,5.637491226196289
2021-06-01,5.861119270324707
2021-06-02,6.0535407066345215
2021-06-04,6.188757419586182
2021-06-07,6.266768932342529
2021-06-08,6.209561347961426
2021-06-09,6.230363368988037
2021-06-10,6.199161529541016
2021-06-11,6.100348949432373
2021-06-14,6.131552696228027
2021-06-15,6.147154331207275
2021-06-16,6.204361438751221
2021-06-17,6.147154331207275
2021-06-18,6.089949607849121
2021-06-21,6.105547904968262
2021-06-22,6.152353286743164
2021-06-23,6.095147132873535
2021-06-24,6.115951061248779
2021-06-25,5.970332622528076
2021-06-28,5.907924175262451
2021-06-29,5.8767194747924805
2021-06-30,5.798708915710449
2021-07-01,5.809112071990967
2021-07-02,5.840317249298096
2021-07-05,5.7623066902160645
2021-07-06,5.741504669189453
2021-07-07,5.840317249298096
2021-07-08,5.809112071990967
2021-07-12,5.918323993682861
2021-07-13,5.897523880004883
2021-07-14,5.907924175262451
2021-07-15,5.861119270324707
2021-07-16,5.7779083251953125
2021-07-19,5.731104373931885
2021-07-20,5.798708915710449
2021-07-21,5.835116386413574
2021-07-22,5.767505645751953
2021-07-23,5.7623066902160645
2021-07-26,5.8143134117126465
2021-07-27,5.850718021392822
2021-07-28,6.006737232208252
2021-07-29,5.949527740478516
2021-07-30,5.809112071990967
2021-08-02,5.923526763916016
2021-08-03,5.996335506439209
2021-08-04,5.861119270324707
2021-08-05,5.8767194747924805
2021-08-06,5.985933303833008
2021-08-09,6.011938095092773
2021-08-10,5.9651312828063965
2021-08-11,6.0535407066345215
2021-08-12,5.949527740478516
2021-08-13,5.985933303833008
2021-08-16,5.932370185852051
2021-08-17,5.854107856750488
2021-08-18,5.869760036468506
2021-08-19,5.822801113128662
2021-08-20,5.833238124847412
2021-08-23,5.859323978424072
2021-08-24,5.984546661376953
2021-08-25,5.994980812072754
2021-08-26,5.843673229217529
2021-08-27,5.948023796081543
2021-08-30,5.906283855438232
2021-08-31,6.031506538391113
2021-09-01,6.0942230224609375
2021-09-02,5.890385150909424
2021-09-03,5.879932880401611
2021-09-06,5.989691734313965
2021-09-08,5.707454204559326
2021-09-09,5.822440147399902
2021-09-10,5.738813877105713
2021-09-13,5.817214488983154
2021-09-14,5.780627727508545
2021-09-15,5.780627727508545
2021-09-16,5.811987400054932
2021-09-17,5.686549663543701
2021-09-20,5.587242603302002
2021-09-21,5.5611114501953125
2021-09-22,5.67086935043335
2021-09-23,5.817214488983154
2021-09-24,5.733587265014648
2021-09-27,5.879932880401611
2021-09-28,5.764946460723877
2021-09-29,5.874705791473389
2021-09-30,5.822440147399902
2021-10-01,5.968784332275391
2021-10-04,5.832891941070557
2021-10-05,5.9217448234558105
2021-10-06,5.942652225494385
2021-10-07,5.827666759490967
2021-10-08,5.916520118713379
2021-10-11,5.827666759490967
2021-10-13,5.838120937347412
2021-10-14,5.770174503326416
2021-10-15,5.879932880401611
2021-10-18,5.9217448234558105
2021-10-19,5.70222806930542
2021-10-20,5.822440147399902
2021-10-21,5.665641784667969
2021-10-22,5.503617763519287
2021-10-25,5.576789855957031
2021-10-26,5.4722580909729
2021-10-27,5.4983906745910645
2021-10-28,5.4722580909729
2021-10-29,5.357272624969482
2021-11-01,5.493164539337158
2021-11-03,5.5402045249938965
2021-11-04,5.357272624969482
2021-11-05,5.31545877456665
2021-11-08,5.30500602722168
2021-11-09,5.2475128173828125
2021-11-10,5.367724895477295
2021-11-11,5.352044582366943
2021-11-12,5.346817970275879
2021-11-16,5.2475128173828125
2021-11-17,5.242286205291748
2021-11-18,5.205699920654297
2021-11-19,5.200474262237549
2021-11-22,5.14820671081543
2021-11-23,5.195248603820801
2021-11-24,5.277392387390137
2021-11-25,5.325174808502197
2021-11-26,5.218989372253418
2021-11-29,5.213682174682617
2021-11-30,5.134042263031006
2021-12-01,5.119953632354736
2021-12-02,5.268975257873535
2021-12-03,5.242364883422852
2021-12-06,5.3062310218811035
2021-12-07,5.258331298828125
2021-12-08,5.274298667907715
2021-12-09,5.1518874168396
2021-12-10,5.162531852722168
2021-12-13,5.088019847869873
2021-12-14,5.127251625061035
2021-12-15,5.175268650054932
2021-12-16,5.180603981018066
2021-12-17,5.089904308319092
2021-12-20,5.041885852813721
2021-12-21,5.008273601531982
2021-12-22,5.025079250335693
2021-12-23,5.03628396987915
2021-12-27,5.092304706573486
2021-12-28,5.086702823638916
2021-12-29,5.058691024780273
2021-12-30,5.0026702880859375
2022-01-03,5.053089141845703
2022-01-04,5.092304706573486
2022-01-05,5.03628396987915
2022-01-06,5.081100940704346
2022-01-07,5.142723560333252
2022-01-10,5.142723560333252
2022-01-11,5.226755619049072
2022-01-12,5.209949970245361
2022-01-13,5.355602741241455
2022-01-14,5.4172258377075195
2022-01-17,5.419123649597168
2022-01-18,5.458885669708252
2022-01-19,5.464566230773926
2022-01-20,5.458885669708252
2022-01-21,5.424803733825684
2022-01-24,5.3964009284973145
2022-01-25,5.532732009887695
2022-01-26,5.589536666870117
2022-01-27,5.663381099700928
2022-01-28,5.72018575668335
2022-01-31,5.788350582122803
2022-02-01,5.799712181091309
2022-02-02,5.70314359664917
2022-02-03,5.72018575668335
2022-02-04,5.833793640136719
2022-02-07,5.75426721572876
2022-02-08,5.765629768371582
2022-02-09,5.669061183929443
2022-02-10,5.731546878814697
2022-02-11,5.975804328918457
2022-02-14,5.953083038330078
2022-02-15,6.02692985534668
2022-02-16,6.009887218475342
2022-02-17,5.947402000427246
2022-02-18,5.975804328918457
2022-02-21,5.799712181091309
2022-02-22,5.811071872711182
2022-02-23,5.725865364074707
2022-02-24,5.6349778175354
2022-02-25,5.691783905029297
2022-03-02,5.65201997756958
2022-03-03,5.669061183929443
2022-03-04,5.606576919555664
2022-03-07,5.424803733825684
2022-03-08,5.413442611694336
2022-03-09,5.70314359664917
2022-03-10,5.6349778175354
2022-03-11,5.5781755447387695
2022-03-14,5.623617649078369
2022-03-15,5.5724945068359375
2022-03-16,5.674742221832275
2022-03-17,5.828113079071045
2022-03-18,5.9133195877075195
2022-03-21,6.066693305969238
2022-03-22,6.157577037811279
2022-03-23,6.134857177734375
2022-03-24,6.20302152633667
2022-03-25,6.199216842651367
2022-03-28,6.181998252868652
2022-03-29,6.227915287017822
2022-03-30,6.222175121307373
2022-03-31,6.170515060424805
2022-04-01,6.19347620010376
2022-04-04,6.153295040130615
2022-04-05,5.992575645446777
2022-04-06,5.9466552734375
2022-04-07,5.894994735717773
2022-04-08,5.894994735717773
2022-04-11,5.8433356285095215
2022-04-12,5.7859344482421875
2022-04-13,5.7916765213012695
2022-04-14,5.7974138259887695
2022-04-18,5.831854343414307
2022-04-19,5.768715858459473
2022-04-20,5.774454116821289
2022-04-22,5.6883544921875
2022-04-25,5.671133995056152
2022-04-26,5.4300537109375
2022-04-27,5.395613670349121
2022-04-28,5.366913795471191
2022-04-29,5.286553382873535
2022-05-02,5.2521138191223145
2022-05-03,5.240633010864258
2022-05-04,5.223414421081543
2022-05-05,5.091392517089844
2022-05-06,5.108613967895508
2022-05-09,5.039731979370117
2022-05-10,5.005293369293213
2022-05-11,5.114353179931641
2022-05-12,5.200453281402588
2022-05-13,5.246374130249023
2022-05-16,5.303772449493408
2022-05-17,5.349693775177002
2022-05-18,5.269334316253662
2022-05-19,5.309513568878174
2022-05-20,5.37839412689209
2022-05-23,5.447273254394531
2022-05-24,5.4989333152771
2022-05-25,5.407093524932861
2022-05-26,5.4300537109375
2022-05-27,5.4300537109375
2022-05-30,5.418574810028076
2022-05-31,5.504674911499023
2022-06-01,5.460671901702881
2022-06-02,5.483687400817871
2022-06-03,5.403129577636719
2022-06-06,5.426146507263184
2022-06-07,5.368605613708496
2022-06-08,5.293801307678223
2022-06-09,5.218998908996582
2022-06-10,5.115424633026123
2022-06-13,5.034865856170654
2022-06-14,5.017603874206543
2022-06-15,5.057883262634277
2022-06-17,4.965816974639893
2022-06-20,5.121177673339844
2022-06-21,5.075145244598389
2022-06-22,5.098161697387695
2022-06-23,4.988831996917725
2022-06-24,4.965816974639893
2022-06-27,5.029111862182617
2022-06-28,4.965816974639893
2022-06-29,4.914028167724609
2022-06-30,4.798946857452393
2022-07-01,4.787437438964844
2022-07-04,4.747159481048584
2022-07-05,4.752914905548096
2022-07-06,4.747159481048584
2022-07-07,4.798946857452393
2022-07-08,4.827717304229736
2022-07-11,4.7298970222473145
2022-07-12,4.718389511108398
2022-07-13,4.672355651855469
2022-07-14,4.660848617553711
2022-07-15,4.8047027587890625
2022-07-18,4.850734233856201
2022-07-19,4.9427995681762695
2022-07-20,4.867995738983154
2022-07-21,4.925537586212158
2022-07-22,4.873749732971191
2022-07-25,4.914028167724609
2022-07-26,4.902521133422852
2022-07-27,4.925537586212158
2022-07-28,4.977325439453125
2022-07-29,4.965816974639893
2022-08-01,4.914028167724609
2022-08-02,4.960061073303223
2022-08-03,5.000341415405273
2022-08-04,5.115424633026123
2022-08-05,5.184473991394043
2022-08-08,5.253523826599121
2022-08-09,5.351343631744385
2022-08-10,5.3801140785217285
2022-08-11,5.362851142883301
2022-08-12,5.431901454925537
2022-08-15,5.437655448913574
2022-08-16,5.460671901702881
2022-08-17,5.466426849365234
2022-08-18,5.466426849365234
2022-08-19,5.443090438842773
2022-08-22,5.39676570892334
2022-08-23,5.39676570892334
2022-08-24,5.37939453125
2022-08-25,5.431509017944336
2022-08-26,5.414137363433838
2022-08-29,5.37939453125
2022-08-30,5.408346652984619
2022-08-31,5.298327445983887
2022-09-01,5.317793369293213
2022-09-02,5.399068355560303
2022-09-05,5.462928295135498
2022-09-06,5.370040416717529
2022-09-08,5.381651401519775
2022-09-09,5.41648530960083
2022-09-12,5.5151777267456055
2022-09-13,5.439706802368164
2022-09-14,5.433900833129883
2022-09-15,5.42809534072876
2022-09-16,5.387456893920898
2022-09-19,5.550009727478027
2022-09-20,5.706757068634033
2022-09-21,5.677730083465576
2022-09-22,5.799644947052002
2022-09-23,5.666119575500488
2022-09-26,5.550009727478027
2022-09-27,5.491954803466797
2022-09-28,5.509371280670166
2022-09-29,5.579036712646484
2022-09-30,5.648702144622803
2022-10-03,6.049278736114502
2022-10-04,5.991223335266113
2022-10-05,6.008640766143799
2022-10-06,5.979613304138184
2022-10-07,5.938975811004639
2022-10-10,5.927365303039551
2022-10-11,5.851892948150635
2022-10-13,5.817060947418213
2022-10-14,5.793838024139404
2022-10-17,5.857700824737549
2022-10-18,5.973805904388428
2022-10-19,6.031862258911133
2022-10-20,6.153777122497559
2022-10-21,6.3163299560546875
2022-10-24,6.0725016593933105
2022-10-25,6.037668228149414
2022-10-26,5.88092041015625
2022-10-27,6.031862258911133
2022-10-28,6.037668228149414
2022-10-31,6.235054969787598
2022-11-01,6.246664047241211
2022-11-03,6.235054969787598
2022-11-04,6.252470970153809
2022-11-07,6.142166614532471
2022-11-08,6.159583568572998
2022-11-09,5.904141426086426
2022-11-10,5.759006500244141
2022-11-11,5.6452202796936035
2022-11-14,5.7154645919799805
2022-11-16,5.613289833068848
2022-11-17,5.638834476470947
2022-11-18,5.689920902252197
2022-11-21,5.697335243225098
2022-11-22,5.652372360229492
2022-11-23,5.613832473754883
2022-11-24,5.800105094909668
2022-11-25,5.671642303466797
2022-11-28,5.626678943634033
2022-11-29,5.645949363708496
2022-11-30,5.7037577629089355
2022-12-01,5.622307777404785
2022-12-02,5.648067474365234
2022-12-05,5.525705337524414
2022-12-06,5.564344882965088
2022-12-07,5.545024394989014
2022-12-08,5.390459060668945
2022-12-09,5.380911350250244
2022-12-12,5.34139347076416
2022-12-13,5.163567066192627
2022-12-14,5.262359142303467
2022-12-15,5.262359142303467
2022-12-16,5.301876068115234
2022-12-19,5.473116874694824
2022-12-20,5.525806903839111
2022-12-21,5.532391548156738
2022-12-22,5.558736801147461
2022-12-23,5.650944709777832
2022-12-26,5.578495979309082
2022-12-27,5.519219398498535
2022-12-28,5.631186485290527
2022-12-29,5.6048407554626465
2023-01-02,5.506048202514648
2023-01-03,5.367738246917725
2023-01-04,5.413841247558594
2023-01-05,5.4928741455078125
2023-01-06,5.585083961486816
2023-01-09,5.624598026275635
2023-01-10,5.7431511878967285
2023-01-11,5.7892537117004395
2023-01-12,5.729978084564209
2023-01-13,5.6838765144348145
2023-01-16,5.585083961486816
2023-01-17,5.67070198059082
2023-01-18,5.716805458068848
2023-01-19,5.723390579223633
2023-01-20,5.650944709777832
2023-01-23,5.532391548156738
2023-01-24,5.637770652770996
2023-01-25,5.650944709777832
2023-01-26,5.67728853225708
2023-01-27,5.545563697814941
2023-01-30,5.5982537269592285
2023-01-31,5.618013858795166
2023-02-01,5.453357696533203
2023-02-02,5.479702472686768
2023-02-03,5.427013874053955
2023-02-06,5.433599472045898
2023-02-07,5.374324798583984
2023-02-08,5.828769683837891
2023-02-09,5.67728853225708
2023-02-10,5.618013858795166
2023-02-13,5.756321907043457
2023-02-14,5.716805458068848
2023-02-15,5.756321907043457
2023-02-16,5.76949405670166
2023-02-17,5.756321907043457
2023-02-22,5.637770652770996
2023-02-23,5.637770652770996
2023-02-24,5.479702472686768
2023-02-27,5.433599472045898
2023-02-28,5.420427322387695
2023-03-01,5.383128643035889
2023-03-02,5.264237880706787
2023-03-03,5.27744722366333
2023-03-06,5.389733791351318
2023-03-07,5.369917392730713
2023-03-08,5.482203960418701
2023-03-09,5.422758102416992
2023-03-10,5.330286979675293
2023-03-13,5.251026153564453
2023-03-14,5.251026153564453
2023-03-15,5.270841598510742
2023-03-16,5.310473442077637
2023-03-17,5.191581726074219
2023-03-20,5.224607467651367
2023-03-21,5.284052848815918
2023-03-22,5.218000888824463
2023-03-23,5.138740539550781
2023-03-24,5.237011432647705
2023-03-27,5.297052383422852
2023-03-28,5.27703857421875
2023-03-29,5.330408096313477
2023-03-30,5.443820953369141
2023-03-31,5.483850002288818
2023-04-03,5.397122383117676
2023-04-04,5.437150955200195
2023-04-05,5.423807144165039
2023-04-06,5.417135238647461
2023-04-10,5.437150955200195
2023-04-11,5.617276668548584
2023-04-12,5.7306904792785645
2023-04-13,5.737360000610352
2023-04-14,5.784059524536133
2023-04-17,5.757375717163086
2023-04-18,5.757375717163086
2023-04-19,5.697332382202148
2023-04-20,5.690661907196045
2023-04-24,5.717348098754883
2023-04-25,5.7306904792785645
2023-04-26,5.657304763793945
2023-04-27,5.7306904792785645
2023-04-28,5.790731430053711
2023-05-02,5.5905914306640625
2023-05-03,5.583919525146484
2023-05-04,5.657304763793945
2023-05-05,5.830760478973389
2023-05-08,5.870788097381592
2023-05-09,5.904144287109375
2023-05-10,5.950843811035156
2023-05-11,6.004215717315674
2023-05-12,5.977529525756836
2023-05-15,6.004215717315674
2023-05-16,5.990872859954834
2023-05-17,6.010885715484619
2023-05-18,5.997543811798096
2023-05-19,5.957514762878418
2023-05-22,5.917487621307373
2023-05-23,5.9441728591918945
2023-05-24,5.937501907348633
2023-05-25,6.024229526519775
2023-05-26,5.990872859954834
2023-05-29,5.9842000007629395
2023-05-30,5.924158573150635
2023-05-31,5.857445240020752
2023-06-01,5.946765899658203
2023-06-02,6.0872416496276855
2023-06-05,6.080552577972412
2023-06-06,6.080552577972412
2023-06-07,6.093931198120117
2023-06-09,6.174201488494873
2023-06-12,6.2009596824646
2023-06-13,6.2544732093811035
2023-06-14,6.3280558586120605
2023-06-15,6.441772937774658
2023-06-16,6.45515251159668
2023-06-19,6.5354228019714355
2023-06-20,6.5621795654296875
2023-06-21,6.615694046020508
2023-06-22,6.5354228019714355
2023-06-23,6.5384016036987305
2023-06-26,6.5384016036987305
2023-06-27,6.47071647644043
2023-06-28,6.403031826019287
2023-06-29,6.497790336608887
2023-06-30,6.52486515045166
2023-07-03,6.626392364501953
2023-07-04,6.5384016036987305
2023-07-05,6.646698951721191
2023-07-06,6.504558563232422
2023-07-07,6.5925493240356445
2023-07-10,6.5790114402771
2023-07-11,6.497790336608887
2023-07-12,6.497790336608887
2023-07-13,6.5790114402771
2023-07-14,6.51809549331665
2023-07-17,6.612855434417725
2023-07-18,6.59931755065918
2023-07-19,6.5384016036987305
2023-07-20,6.5790114402771
2023-07-21,6.694076061248779
2023-07-24,6.646698951721191
2023-07-25,6.700845718383789
2023-07-26,6.6746506690979
2023-07-27,6.586199760437012
2023-07-28,6.6746506690979
2023-07-31,6.681455135345459
2023-08-01,6.667846202850342
2023-08-02,6.701864719390869
2023-08-03,6.695062160491943
2023-08-04,6.640629768371582
2023-08-07,6.640629768371582
2023-08-08,6.579395294189453
2023-08-09,6.470532417297363
2023-08-10,6.477336883544922
2023-08-11,6.531768798828125
2023-08-14,6.50455379486084
2023-08-15,6.484140396118164
2023-08-16,6.436512470245361
2023-08-17,6.382081508636475
2023-08-18,6.418410301208496
2023-08-21,6.322512149810791
2023-08-22,6.425260066986084
2023-08-23,6.54856014251709
2023-08-24,6.466359615325928
2023-08-25,6.397860050201416
2023-08-28,6.500608921051025
2023-08-29,6.562260627746582
2023-08-30,6.466359615325928
2023-08-31,6.3293609619140625
2023-09-01,6.397860050201416
2023-09-04,6.3293609619140625
2023-09-05,6.247160911560059
2023-09-06,6.171810626983643
2023-09-08,6.171810626983643
2023-09-11,6.322512149810791
2023-09-12,6.34990930557251
2023-09-13,6.34990930557251
2023-09-14,6.397860050201416
2023-09-15,6.391010284423828
2023-09-18,6.4047088623046875
2023-09-19,6.377309322357178
2023-09-20,6.4321088790893555
2023-09-21,6.301959991455078
2023-09-22,6.250967025756836
2023-09-25,6.285655498504639
2023-09-26,6.181589126586914
2023-09-27,6.153837203979492
2023-09-28,6.257905006408691
2023-09-29,6.278718948364258
2023-10-02,6.174651622772217
2023-10-03,6.11221170425415
2023-10-04,6.167713642120361
2023-10-05,6.188527584075928
2023-10-06,6.237091541290283
2023-10-09,6.167713642120361
2023-10-10,6.250967025756836
2023-10-11,6.3480963706970215
2023-10-13,6.202403545379639
2023-10-16,6.264842510223389
2023-10-17,6.1330246925354
2023-10-18,6.070584774017334
2023-10-19,6.105273723602295
2023-10-20,6.099342346191406
2023-10-23,6.092362880706787
2023-10-24,6.127257347106934
2023-10-25,6.078405857086182
2023-10-26,6.211000442504883
2023-10-27,6.092362880706787
2023-10-30,6.029555320739746
2023-10-31,6.029555320739746
2023-11-01,6.099342346191406
2023-11-03,6.322658061981201
2023-11-06,6.364530086517334
2023-11-07,6.497124671936035
2023-11-08,6.504103183746338
2023-11-09,6.511082649230957
2023-11-10,6.5878472328186035
2023-11-13,6.5878472328186035
2023-11-14,6.7623138427734375
2023-11-16,6.887929439544678
2023-11-17,6.866992950439453
2023-11-20,6.936779975891113
2023-11-21,6.936779975891113
2023-11-22,6.9088664054870605
2023-11-23,6.950737476348877
2023-11-24,6.9088664054870605
2023-11-27,6.957716464996338
2023-11-28,6.975860595703125
2023-11-29,6.997842788696289
2023-11-30,7.144394397735596
2023-12-01,7.161678314208984
2023-12-04,7.15433406829834
2023-12-05,7.220439434051514
2023-12-06,7.0882248878479
2023-12-07,7.146987438201904
2023-12-08,7.2424774169921875
2023-12-11,7.176370143890381
2023-12-12,7.13964319229126
2023-12-13,7.352654933929443
2023-12-14,7.440798759460449
2023-12-15,7.448145389556885
2023-12-18,7.448145389556885
2023-12-19,7.492120265960693
2023-12-20,7.418088436126709
2023-12-21,7.4773149490356445
2023-12-22,7.588362216949463
2023-12-26,7.610572338104248
2023-12-27,7.669797897338867
2023-12-28,7.677204132080078
2024-01-02,7.529137134552002
2024-01-03,7.514330863952637
2024-01-04,7.418088436126709
2024-01-05,7.573556423187256
2024-01-08,7.521734237670898
2024-01-09,7.536539554595947
2024-01-10,7.514330863952637
2024-01-11,7.4773149490356445
2024-01-12,7.514330863952637
2024-01-15,7.566154956817627
2024-01-16,7.440298557281494
2024-01-17,7.462508201599121
2024-01-18,7.395878791809082
2024-01-19,7.432895660400391
2024-01-22,7.3366522789001465
2024-01-23,7.440298557281494
2024-01-24,7.373669147491455
2024-01-25,7.358862400054932
2024-01-26,7.410684108734131
2024-01-29,7.351458549499512
2024-01-30,7.321845531463623
2024-01-31,7.403282165527344
2024-02-01,7.395878791809082
2024-02-02,7.3884758949279785
2024-02-05,7.514330863952637
2024-02-06,7.8104634284973145
2024-02-07,7.751236438751221
2024-02-08,7.647588729858398
2024-02-09,7.677204132080078
2024-02-14,7.669797897338867
2024-02-15,7.714219093322754
2024-02-16,7.743832111358643
2024-02-19,7.8030595779418945
2024-02-20,8.03996467590332
2024-02-21,7.936318874359131
2024-02-22,7.9585280418396
2024-02-23,7.859898567199707
2024-02-26,7.852282524108887
2024-02-27,7.996989727020264
2024-02-28,8.02745532989502
2024-02-29,7.84466552734375
2024-03-01,7.862626552581787
2024-03-04,7.839726448059082
2024-03-05,7.847358703613281
2024-03-06,7.946596145629883
2024-03-07,7.885527610778809
2024-03-08,7.961864948272705
2024-03-11,7.9694976806640625
2024-03-12,8.068734169006348
2024-03-13,8.167972564697266
2024-03-14,8.167972564697266
2024-03-15,8.137435913085938
2024-03-18,8.129803657531738
2024-03-19,8.084001541137695
2024-03-20,8.190874099731445
2024-03-21,8.076370239257812
2024-03-22,7.953415870666504
2024-03-25,7.876570701599121
2024-03-26,7.9841532707214355
2024-03-27,8.053314208984375
2024-03-28,8.068684577941895
2024-04-01,7.853519916534424
2024-04-02,7.822780609130859
2024-04-03,7.822780609130859
2024-04-04,7.722883701324463
2024-04-05,7.676776885986328
2024-04-08,7.761305809020996
2024-04-09,7.845833778381348
2024-04-10,7.692144393920898
2024-04-11,7.692144393920898
2024-04-12,7.607616901397705
2024-04-15,7.476981163024902
2024-04-16,7.369396686553955
2024-04-17,7.338659286499023
2024-04-18,7.330974102020264
2024-04-19,7.3232903480529785
2024-04-22,7.315605640411377
2024-04-23,7.369396686553955
2024-04-24,7.354029178619385
2024-04-25,7.315605640411377
2024-04-26,7.446242332458496
2024-04-29,7.423189163208008
2024-04-30,7.346343994140625
2024-05-02,7.461611747741699
2024-05-03,7.546140193939209
2024-05-06,7.553823947906494
2024-05-07,7.669092655181885
2024-05-08,7.753621578216553
2024-05-09,7.630669116973877
2024-05-10,7.715198993682861
2024-05-13,7.776673793792725
2024-05-14,7.899624347686768
2024-05-15,7.891941547393799
2024-05-16,7.93036413192749
2024-05-17,7.884257793426514
2024-05-20,7.845833778381348
2024-05-21,7.838150501251221
2024-05-22,7.776673793792725
2024-05-23,7.707513809204102
2024-05-24,7.65372371673584
2024-05-27,7.661407947540283
2024-05-28,7.661407947540283
2024-05-29,7.584563732147217
2024-05-31,7.476981163024902
2024-06-03,7.533621311187744
2024-06-04,7.572134971618652
2024-06-05,7.61065149307251
2024-06-06,7.656869888305664
2024-06-07,7.471994876861572
2024-06-10,7.410371780395508
2024-06-11,7.518215179443359
2024-06-12,7.448888301849365
2024-06-13,7.371855735778809
2024-06-14,7.371855735778809
2024-06-17,7.425777912139893
2024-06-18,7.479699611663818
2024-06-19,7.556729316711426
2024-06-20,7.5490264892578125
2024-06-21,7.529270648956299
2024-06-24,7.684834003448486
2024-06-25,7.7003912925720215
2024-06-26,7.661500453948975
2024-06-27,7.653721809387207
2024-06-28,7.63816499710083
2024-07-01,7.583717346191406
2024-07-02,7.6459431648254395
2024-07-03,7.754837989807129
2024-07-04,7.778172492980957
2024-07-05,7.73928165435791
2024-07-08,7.708168983459473
2024-07-09,7.754837989807129
2024-07-10,7.863732814788818
2024-07-11,7.902623176574707
2024-07-12,7.941514015197754
2024-07-15,7.949292182922363
2024-07-16,7.972625732421875
2024-07-17,8.058184623718262
2024-07-18,7.980403423309326
2024-07-19,8.058184623718262
2024-07-22,8.08151912689209
2024-07-23,7.988182067871094
2024-07-24,7.972625732421875
2024-07-25,7.902623176574707
2024-07-26,8.003738403320312
2024-07-29,8.034852027893066
2024-07-30,7.972625732421875
2024-07-31,7.910400867462158
2024-08-01,7.762617111206055
2024-08-02,7.653721809387207
2024-08-05,7.63816499710083
2024-08-06,7.801506519317627
2024-08-07,7.840397357940674
2024-08-08,7.840397357940674
2024-08-09,8.050407409667969
2024-08-12,8.089299201965332
2024-08-13,8.275975227355957
2024-08-14,8.447093963623047
2024-08-15,8.555988311767578
2024-08-16,8.509319305419922
2024-08-19,8.587100982666016
2024-08-20,8.61043643951416
2024-08-21,8.57154655456543
2024-08-22,8.52487564086914
2024-08-23,8.52487564086914
2024-08-26,8.517098426818848
2024-08-27,8.517098426818848
2024-08-28,8.672661781311035
2024-08-29,8.563764572143555
2024-08-30,8.52487564086914
2024-09-02,8.473062515258789
2024-09-03,8.605575561523438
2024-09-04,8.675731658935547
2024-09-05,8.753679275512695
2024-09-06,8.66793441772461
2024-09-09,8.761474609375
2024-09-10,8.753679275512695
2024-09-11,8.753679275512695
2024-09-12,8.730294227600098
2024-09-13,8.730294227600098
2024-09-16,8.730294227600098
2024-09-17,8.691320419311523
2024-09-18,8.652347564697266
2024-09-19,8.683526039123535
2024-09-20,8.588325500488281
2024-09-23,8.533522605895996
2024-09-24,8.541351318359375
2024-09-25,8.611812591552734
2024-09-26,8.752732276916504
2024-09-27,8.72924518585205
2024-09-30,8.666614532470703
2024-10-01,8.525693893432617
2024-10-02,8.557010650634766
2024-10-03,8.29865550994873
2024-10-04,8.314313888549805
2024-10-07,8.345626831054688
2024-10-08,8.345626831054688
2024-10-09,8.196880340576172
2024-10-10,8.236024856567383
2024-10-11,8.196880340576172
2024-10-14,8.267339706420898
2024-10-15,8.306485176086426
2024-10-16,8.282998085021973
2024-10-17,8.282998085021973
2024-10-18,8.306485176086426
2024-10-21,8.314313888549805
2024-10-22,8.322142601013184
2024-10-23,8.353458404541016
2024-10-24,8.423917770385742
2024-10-25,8.337800979614258
2024-10-28,8.431747436523438
2024-10-29,8.376944541931152
2024-10-30,8.353458404541016
2024-10-31,8.306485176086426
2024-11-01,8.228195190429688
2024-11-04,8.353458404541016
2024-11-05,8.658784866333008
2024-11-06,8.643126487731934
2024-11-07,8.525693893432617
2024-11-08,8.369115829467773
2024-11-11,8.337800979614258
2024-11-12,8.282998085021973
2024-11-13,8.228195190429688
2024-11-14,8.157732963562012
2024-11-18,8.063788414001465
2024-11-19,8.142077445983887
2024-11-21,7.993329048156738
2024-11-22,8.040301322937012
2024-11-25,7.985498905181885
2024-11-26,8.173393249511719
2024-11-27,7.891551494598389
2024-11-28,7.656683921813965
2024-11-29,7.633197784423828
2024-12-02,7.5339436531066895
2024-12-03,7.58103084564209
2024-12-04,7.630472183227539
2024-12-05,7.803518295288086
2024-12-06,7.638711929321289
2024-12-09,7.66343355178833
2024-12-10,7.787037372589111
2024-12-11,7.87768030166626
2024-12-12,7.627385139465332
2024-12-13,7.602512359619141
2024-12-16,7.48644495010376
2024-12-17,7.494736671447754
2024-12-18,7.212853908538818
2024-12-19,7.279178619384766
2024-12-20,7.395247936248779
2024-12-23,7.295759677886963
2024-12-26,7.378666877746582
2024-12-27,7.320631504058838
2024-12-30,7.320631504058838
2025-01-02,7.196273326873779
2025-01-03,7.07191276550293
2025-01-06,7.304050922393799
2025-01-07,7.362085342407227
2025-01-08,7.221144676208496
2025-01-09,7.279178619384766
2025-01-10,7.179691791534424
2025-01-13,7.229434490203857
2025-01-14,7.212853908538818
2025-01-15,7.519606113433838
2025-01-16,7.461573600769043
2025-01-17,7.503025531768799
2025-01-20,7.561060428619385
2025-01-21,7.627385139465332
2025-01-22,7.6190948486328125
2025-01-23,7.602512359619141
2025-01-24,7.585933685302734
2025-01-27,7.776617527008057
2025-01-28,7.776617527008057
2025-01-29,7.7683258056640625
2025-01-30,7.95072078704834
2025-01-31,7.900977611541748
2025-02-03,7.818070411682129
2025-02-04,7.834651470184326
2025-02-05,7.925848484039307
2025-02-06,7.975593566894531
2025-02-07,7.892685890197754
2025-02-10,7.934140205383301
2025-02-11,8.041916847229004
2025-02-12,7.834651470184326
2025-02-13,7.900977611541748
2025-02-14,8.1331148147583
2025-02-17,8.199441909790039
2025-02-18,8.168230056762695
2025-02-19,8.088410377502441
2025-02-20,8.061802864074707
2025-02-21,8.052934646606445
2025-02-24,7.964245319366455
2025-02-25,8.008589744567871
2025-02-26,7.97311544418335
2025-02-27,7.999720573425293
2025-02-28,7.795738220214844
2025-03-05,7.873363971710205
2025-03-06,7.909030437469482
2025-03-07,7.989279747009277
2025-03-10,7.989279747009277
2025-03-11,7.909030437469482
2025-03-12,7.882280349731445
2025-03-13,8.007112503051758
2025-03-14,8.256778717041016
2025-03-17,8.479695320129395
2025-03-18,8.542109489440918
2025-03-19,8.60452651977539
2025-03-20,8.533193588256836
2025-03-21,8.524276733398438
2025-03-24,8.542109489440918
2025-03-25,8.658024787902832
2025-03-26,8.595609664916992
2025-03-27,8.666942596435547
2025-03-28,8.577775955200195
2025-03-31,8.426194190979004
2025-04-01,8.417278289794922
2025-04-02,8.426194190979004
2025-04-03,8.577775955200195
2025-04-04,8.328110694885254
2025-04-07,8.381608963012695
2025-04-08,8.363778114318848
2025-04-09,8.559944152832031
2025-04-10,8.515360832214355
2025-04-11,8.60452651977539
2025-04-14,8.720441818237305
2025-04-15,8.836358070373535
2025-04-16,8.818524360656738
2025-04-17,8.872024536132812
2025-04-22,9.06818962097168
2025-04-23,9.219772338867188
2025-04-24,9.415938377380371
2025-04-25,9.42485523223877
2025-04-28,9.478354454040527
2025-04-29,9.478354454040527
2025-04-30,9.540769577026367
2025-05-02,9.389187812805176
2025-05-05,9.3446044921875
2025-05-06,9.317854881286621
2025-05-07,9.398103713989258
2025-05-08,9.451602935791016
2025-05-09,9.852850914001465
2025-05-12,9.629936218261719
2025-05-13,9.78151798248291
2025-05-14,9.808267593383789
2025-05-15,9.933100700378418
2025-05-16,10.004433631896973
2025-05-19,10.111432075500488
2025-05-20,10.129265785217285
2025-05-21,9.977683067321777
2025-05-22,9.852850914001465
2025-05-23,9.933100700378418
2025-05-26,9.977683067321777
2025-05-27,10.066850662231445
2025-05-28,9.959850311279297
2025-05-29,9.888517379760742
2025-05-30,9.870683670043945
2025-06-02,9.829158782958984
2025-06-03,9.811288833618164
2025-06-04,9.784482955932617
2025-06-05,9.677255630493164
2025-06-06,9.659383773803711
2025-06-09,9.632575988769531
2025-06-10,9.561092376708984
2025-06-11,9.6504487991333
2025-06-12,9.668320655822754
2025-06-13,9.570028305053711
2025-06-16,9.695124626159668
2025-06-17,9.739803314208984
2025-06-18,9.721931457519531
2025-06-20,9.659383773803711
2025-06-23,9.577712059020996
2025-06-24,9.7843599319458
2025-06-25,9.649589538574219
2025-06-26,9.649589538574219
2025-06-27,9.622634887695312
2025-06-30,9.838269233703613
2025-07-01,9.88319206237793
2025-07-02,9.775375366210938
2025-07-03,9.982023239135742
2025-07-04,9.991008758544922
2025-07-07,9.838269233703613
2025-07-08,9.811315536499023
2025-07-09,9.61365032196045
2025-07-10,9.478879928588867
2025-07-11,9.415987968444824
2025-07-14,9.362079620361328
2025-07-15,9.371064186096191
2025-07-16,9.424972534179688
2025-07-17,9.577712059020996
2025-07-18,9.389034271240234
2025-07-21,9.48786449432373
2025-07-22,9.344109535217285
2025-07-23,9.46989631652832
2025-07-24,9.344109535217285
2025-07-25,9.380049705505371
2025-07-28,9.209338188171387
2025-07-29,9.236292839050293
2025-07-30,9.344109535217285
2025-07-31,9.299185752868652
2025-08-01,9.290200233459473
2025-08-04,9.362079620361328
2025-08-05,9.46091079711914
2025-08-06,9.622634887695312
2025-08-07,9.76639175415039
2025-08-08,9.80233097076416
2025-08-11,9.80233097076416
2025-08-12,10.017963409423828
2025-08-13,9.901161193847656
2025-08-14,9.901161193847656
2025-08-15,9.910147666931152
2025-08-18,9.973039627075195
2025-08-19,9.66774845123291
2025-08-20,9.695160865783691
2025-08-21,9.68602180480957
2025-08-22,10.02411937713623
2025-08-25,9.987569808959961
2025-08-26,9.941880226135254
2025-08-27,10.088085174560547
2025-08-28,10.216012954711914
2025-08-29,10.252564430236816
2025-09-01,10.32905101776123
2025-09-02,10.164224624633789
2025-09-03,10.045185089111328
2025-09-04,10.100128173828125
2025-09-05,10.210010528564453
2025-09-08,10.164224624633789
2025-09-09,10.127598762512207
2025-09-10,10.145912170410156
2025-09-11,10.155069351196289
2025-09-12,10.072656631469727
2025-09-15,10.210010528564453
2025-09-16,10.20085334777832
2025-09-17,10.393150329589844
2025-09-18,10.40230655670166
2025-09-19,10.45724868774414
2025-09-22,10.347365379333496
2025-09-23,10.484719276428223
2025-09-24,10.429778099060059
2025-09-25,10.33820915222168
2025-09-26,10.420620918273926
2025-09-29,10.493877410888672
2025-09-30,10.503033638000488
2025-10-01,10.347365379333496
2025-10-02,10.219167709350586
2025-10-03,10.274109840393066
2025-10-06,10.228324890136719
2025-10-07,10.026872634887695
2025-10-08,10.100128173828125
2025-10-09,10.054342269897461
2025-10-10,10.026872634887695
2025-10-13,10.072656631469727
2025-10-14,10.08181381225586
2025-10-15,10.08181381225586
2025-10-16,10.054342269897461
2025-10-17,10.072656631469727
2025-10-20,10.283266067504883
2025-10-21,10.182539939880371
2025-10-22,10.2924222946167
2025-10-23,10.2924222946167
2025-10-24,10.32905101776123
2025-10-27,10.365679740905762
2025-10-28,10.40230655670166
2025-10-29,10.61291790008545
2025-10-30,10.567132949829102
2025-10-31,10.667859077453613
2025-11-03,10.786898612976074
2025-11-04,10.750271797180176
2025-11-05,10.80521297454834
2025-11-06,10.841841697692871
2025-11-07,10.814370155334473
2025-11-10,10.832683563232422
2025-11-11,11.125706672668457
2025-11-12,10.869311332702637
2025-11-13,10.93341064453125
2025-11-14,10.951725006103516
2025-11-17,10.915096282958984
2025-11-18,10.841841697692871
2025-11-19,10.759428024291992
2025-11-21,10.786898612976074
2025-11-24,10.814370155334473
2025-11-25,10.814370155334473
2025-11-26,11.079922676086426
2025-11-27,11.015823364257812
2025-11-28,11.290532112121582
2025-12-01,11.229549407958984
2025-12-02,11.504782676696777
2025-12-03,11.52313232421875
2025-12-04,11.84423828125
2025-12-05,11.339643478393555
2025-12-08,11.394689559936523
2025-12-09,11.339643478393555
2025-12-10,11.382351875305176
2025-12-11,11.470587730407715
2025-12-12,11.558822631835938
2025-12-15,11.764704704284668
2025-12-16,11.372549057006836
2025-12-17,11.30392074584961
2025-12-18,11.372549057006836
2025-12-19,11.470000267028809
2025-12-22,11.460000038146973
2025-12-23,11.59000015258789
2025-12-26,11.600000381469727
2025-12-29,11.59000015258789
2025-12-30,11.680000305175781
