Price,Close
Ticker,SPY
Date,
1995-01-03,26.584362030029297
1995-01-04,26.711374282836914
1995-01-05,26.711374282836914
1995-01-06,26.738601684570312
1995-01-09,26.76582145690918
1995-01-10,26.79304313659668
1995-01-11,26.811176300048828
1995-01-12,26.82025146484375
1995-01-13,27.1378231048584
1995-01-16,27.3011474609375
1995-01-17,27.31020164489746
1995-01-18,27.28299903869629
1995-01-19,27.128738403320312
1995-01-20,27.0289363861084
1995-01-23,27.110584259033203
1995-01-24,27.146892547607422
1995-01-25,27.21946907043457
1995-01-26,27.246675491333008
1995-01-27,27.355567932128906
1995-01-30,27.237632751464844
1995-01-31,27.34650230407715
1995-02-01,27.337432861328125
1995-02-02,27.500751495361328
1995-02-03,27.89088249206543
1995-02-06,28.008838653564453
1995-02-07,28.045141220092773
1995-02-08,28.045141220092773
1995-02-09,28.045141220092773
1995-02-10,28.081424713134766
1995-02-13,28.09050750732422
1995-02-14,28.126792907714844
1995-02-15,28.28104019165039
1995-02-16,28.244741439819336
1995-02-17,28.135860443115234
1995-02-21,28.126792907714844
1995-02-22,28.335468292236328
1995-02-23,28.380836486816406
1995-02-24,28.453433990478516
1995-02-27,28.226593017578125
1995-02-28,28.462499618530273
1995-03-01,28.28104019165039
1995-03-02,28.317333221435547
1995-03-03,28.326404571533203
1995-03-06,28.344547271728516
1995-03-07,28.126792907714844
1995-03-08,28.19936752319336
1995-03-09,28.19029998779297
1995-03-10,28.607669830322266
1995-03-13,28.580442428588867
1995-03-14,28.78914451599121
1995-03-15,28.734710693359375
1995-03-16,28.907087326049805
1995-03-17,28.935819625854492
1995-03-20,28.935819625854492
1995-03-21,28.862871170043945
1995-03-22,28.89022445678711
1995-03-23,28.908472061157227
1995-03-24,29.318967819213867
1995-03-27,29.437562942504883
1995-03-28,29.437562942504883
1995-03-29,29.42844581604004
1995-03-30,29.373716354370117
1995-03-31,29.255115509033203
1995-04-03,29.32809066772461
1995-04-04,29.519672393798828
1995-04-05,29.519672393798828
1995-04-06,29.629114151000977
1995-04-07,29.601764678955078
1995-04-10,29.656526565551758
1995-04-11,29.55614471435547
1995-04-12,29.656526565551758
1995-04-13,29.820701599121094
1995-04-17,29.64737892150879
1995-04-18,29.547033309936523
1995-04-19,29.519672393798828
1995-04-20,29.56528091430664
1995-04-21,29.711227416992188
1995-04-24,30.057884216308594
1995-04-25,29.975799560546875
1995-04-26,30.00313949584961
1995-04-27,30.076128005981445
1995-04-28,30.121723175048828
1995-05-01,30.039642333984375
1995-05-02,30.103492736816406
1995-05-03,30.52308464050293
1995-05-04,30.50487518310547
1995-05-05,30.468372344970703
1995-05-08,30.687286376953125
1995-05-09,30.65993309020996
1995-05-10,30.696422576904297
1995-05-11,30.778533935546875
1995-05-12,30.796770095825195
1995-05-15,30.9427547454834
1995-05-16,30.961008071899414
1995-05-17,30.84239387512207
1995-05-18,30.395397186279297
1995-05-19,30.41364860534668
1995-05-22,30.751178741455078
1995-05-23,31.03396224975586
1995-05-24,31.015705108642578
1995-05-25,31.043066024780273
1995-05-26,30.687286376953125
1995-05-30,30.678211212158203
1995-05-31,31.31674575805664
1995-06-01,31.234643936157227
1995-06-02,31.26202392578125
1995-06-05,31.453575134277344
1995-06-06,31.398841857910156
1995-06-07,31.234643936157227
1995-06-08,31.161678314208984
1995-06-09,30.979223251342773
1995-06-12,31.152555465698242
1995-06-13,31.490076065063477
1995-06-14,31.46270751953125
1995-06-15,31.599536895751953
1995-06-16,31.693342208862305
1995-06-19,32.05122756958008
1995-06-20,31.96862030029297
1995-06-21,31.950292587280273
1995-06-22,32.37236022949219
1995-06-23,32.30812454223633
1995-06-26,31.922731399536133
1995-06-27,31.858509063720703
1995-06-28,32.023681640625
1995-06-29,31.96862030029297
1995-06-30,31.950292587280273
1995-07-03,32.06954574584961
1995-07-05,32.188846588134766
1995-07-06,32.601749420166016
1995-07-07,32.74855422973633
1995-07-10,32.76694107055664
1995-07-11,32.610939025878906
1995-07-12,33.01465606689453
1995-07-13,32.94126510620117
1995-07-14,32.91373062133789
1995-07-17,33.097259521484375
1995-07-18,32.81281280517578
1995-07-19,32.4549446105957
1995-07-20,32.57423400878906
1995-07-21,32.537532806396484
1995-07-24,32.77609634399414
1995-07-25,33.02384567260742
1995-07-26,32.996315002441406
1995-07-27,33.27158737182617
1995-07-28,33.0605354309082
1995-07-31,32.977962493896484
1995-08-01,32.92292404174805
1995-08-02,32.849517822265625
1995-08-03,32.8403434753418
1995-08-04,32.87703323364258
1995-08-07,32.9504280090332
1995-08-08,32.9504280090332
1995-08-09,32.94126510620117
1995-08-10,32.867855072021484
1995-08-11,32.684349060058594
1995-08-14,32.977962493896484
1995-08-15,32.91373062133789
1995-08-16,33.005489349365234
1995-08-17,32.9504280090332
1995-08-18,32.987152099609375
1995-08-21,32.89539337158203
1995-08-22,32.95962142944336
1995-08-23,32.8403434753418
1995-08-24,32.87703323364258
1995-08-25,33.0605354309082
1995-08-28,32.94126510620117
1995-08-29,33.02384567260742
1995-08-30,33.097259521484375
1995-08-31,33.12478256225586
1995-09-01,33.27158737182617
1995-09-05,33.583595275878906
1995-09-06,33.64780044555664
1995-09-07,33.666160583496094
1995-09-08,33.79460525512695
1995-09-11,33.88639831542969
1995-09-12,34.0423698425293
1995-09-13,34.1983528137207
1995-09-14,34.51032257080078
1995-09-15,34.50080490112305
1995-09-18,34.371673583984375
1995-09-19,34.53772735595703
1995-09-20,34.70377731323242
1995-09-21,34.417789459228516
1995-09-22,34.427005767822266
1995-09-25,34.371673583984375
1995-09-26,34.36245346069336
1995-09-27,34.334774017333984
1995-09-28,34.59306335449219
1995-09-29,34.52848434448242
1995-10-02,34.353233337402344
1995-10-03,34.390113830566406
1995-10-04,34.353233337402344
1995-10-05,34.45469284057617
1995-10-06,34.48237609863281
1995-10-09,34.19639587402344
1995-10-10,34.17794418334961
1995-10-11,34.28864288330078
1995-10-12,34.50080490112305
1995-10-13,34.61151123046875
1995-10-16,34.44545364379883
1995-10-17,34.67609786987305
1995-10-18,34.777565002441406
1995-10-19,34.94358444213867
1995-10-20,34.731441497802734
1995-10-23,34.657649993896484
1995-10-24,34.69453811645508
1995-10-25,34.4085807800293
1995-10-26,34.09492111206055
1995-10-27,34.353233337402344
1995-10-30,34.57462692260742
1995-10-31,34.427005767822266
1995-11-01,34.70377731323242
1995-11-02,34.92515563964844
1995-11-03,34.97127914428711
1995-11-06,34.851341247558594
1995-11-07,34.72220993041992
1995-11-08,35.03585433959961
1995-11-09,35.165008544921875
1995-11-10,35.146549224853516
1995-11-13,35.10966491699219
1995-11-14,34.87903594970703
1995-11-15,35.22956466674805
1995-11-16,35.423301696777344
1995-11-17,35.53399658203125
1995-11-20,35.3494987487793
1995-11-21,35.63547134399414
1995-11-22,35.524757385253906
1995-11-24,35.61702346801758
1995-11-27,35.626220703125
1995-11-28,36.004451751708984
1995-11-29,36.04136657714844
1995-11-30,35.958335876464844
1995-12-01,36.004451751708984
1995-12-04,36.44725799560547
1995-12-05,36.68708801269531
1995-12-06,36.77013397216797
1995-12-07,36.57639694213867
1995-12-08,36.69631576538086
1995-12-11,36.8531494140625
1995-12-12,36.74245071411133
1995-12-13,36.97308349609375
1995-12-14,36.705528259277344
1995-12-15,36.718990325927734
1995-12-18,36.01355743408203
1995-12-19,36.394126892089844
1995-12-20,36.04142761230469
1995-12-21,36.22705841064453
1995-12-22,36.35700988769531
1995-12-26,36.53335189819336
1995-12-27,36.514793395996094
1995-12-28,36.4776611328125
1995-12-29,36.52407455444336
1996-01-02,36.913902282714844
1996-01-03,37.01601028442383
1996-01-04,36.66331100463867
1996-01-05,36.58903503417969
1996-01-08,36.728271484375
1996-01-09,36.09710693359375
1996-01-10,35.623741149902344
1996-01-11,35.83721923828125
1996-01-12,35.78153610229492
1996-01-15,35.7072639465332
1996-01-16,36.14351272583008
1996-01-17,36.03213119506836
1996-01-18,36.15281677246094
1996-01-19,36.394126892089844
1996-01-22,36.40340042114258
1996-01-23,36.48695755004883
1996-01-24,36.78396987915039
1996-01-25,36.65399169921875
1996-01-26,36.9695930480957
1996-01-29,37.11809539794922
1996-01-30,37.4337043762207
1996-01-31,37.823516845703125
1996-02-01,37.96277618408203
1996-02-02,37.804954528808594
1996-02-05,38.11127471923828
1996-02-06,38.47325897216797
1996-02-07,38.69601821899414
1996-02-08,39.11370086669922
1996-02-09,39.10441970825195
1996-02-12,39.40145492553711
1996-02-13,39.31791305541992
1996-02-14,38.97447967529297
1996-02-15,38.73316192626953
1996-02-16,38.57535934448242
1996-02-20,38.19480514526367
1996-02-21,38.668174743652344
1996-02-22,39.28078079223633
1996-02-23,39.16939926147461
1996-02-26,38.61247253417969
1996-02-27,38.491825103759766
1996-02-28,38.315460205078125
1996-02-29,37.94419860839844
1996-03-01,38.547515869140625
1996-03-04,38.77027130126953
1996-03-05,39.132266998291016
1996-03-06,38.7888298034668
1996-03-07,38.98377227783203
1996-03-08,37.721431732177734
1996-03-11,38.15766143798828
1996-03-12,37.86067199707031
1996-03-13,38.120540618896484
1996-03-14,38.28762435913086
1996-03-15,38.261878967285156
1996-03-18,38.9984130859375
1996-03-19,38.91450881958008
1996-03-20,38.86791229248047
1996-03-21,38.774635314941406
1996-03-22,38.87720489501953
1996-03-25,38.802642822265625
1996-03-26,38.98908996582031
1996-03-27,38.634803771972656
1996-03-28,38.784000396728516
1996-03-29,38.597530364990234
1996-04-01,39.04502487182617
1996-04-02,39.1196174621582
1996-04-03,39.1196174621582
1996-04-04,39.09163284301758
1996-04-08,38.42036437988281
1996-04-09,38.27120590209961
1996-04-10,37.59062194824219
1996-04-11,37.54401779174805
1996-04-12,38.01949691772461
1996-04-15,38.336483001708984
1996-04-16,38.4483642578125
1996-04-17,38.3551139831543
1996-04-18,38.41106033325195
1996-04-19,38.50428009033203
1996-04-22,38.802642822265625
1996-04-23,38.92384338378906
1996-04-24,38.784000396728516
1996-04-25,38.96113967895508
1996-04-26,39.04502487182617
1996-04-29,39.04502487182617
1996-04-30,39.01706314086914
1996-05-01,39.1009635925293
1996-05-02,38.4296989440918
1996-05-03,38.37377166748047
1996-05-06,38.336483001708984
1996-05-07,38.17798614501953
1996-05-08,38.65346145629883
1996-05-09,38.625492095947266
1996-05-10,39.00774383544922
1996-05-13,39.5950813293457
1996-05-14,39.83749771118164
1996-05-15,39.79087829589844
1996-05-16,39.874794006347656
1996-05-17,40.089210510253906
1996-05-20,40.359596252441406
1996-05-21,40.30363082885742
1996-05-22,40.68587875366211
1996-05-23,40.518070220947266
1996-05-24,40.67654800415039
1996-05-28,40.26636505126953
1996-05-29,39.995975494384766
1996-05-30,40.20108413696289
1996-05-31,39.90275955200195
1996-06-03,40.014644622802734
1996-06-04,40.2943115234375
1996-06-05,40.648590087890625
1996-06-06,40.35026931762695
1996-06-07,40.35026931762695
1996-06-10,40.219757080078125
1996-06-11,40.18245315551758
1996-06-12,40.10786056518555
1996-06-13,40.10786056518555
1996-06-14,39.94004440307617
1996-06-17,39.91206741333008
1996-06-18,39.58576965332031
1996-06-19,39.762908935546875
1996-06-20,39.73493576049805
1996-06-21,40.07668685913086
1996-06-24,40.151676177978516
1996-06-25,40.10481262207031
1996-06-26,39.833030700683594
1996-06-27,40.114192962646484
1996-06-28,40.2547607421875
1996-07-01,40.601566314697266
1996-07-02,40.451576232910156
1996-07-03,40.36724090576172
1996-07-05,39.336265563964844
1996-07-08,39.17693328857422
1996-07-09,39.336265563964844
1996-07-10,39.49561309814453
1996-07-11,38.69895553588867
1996-07-12,38.727046966552734
1996-07-15,37.58360290527344
1996-07-16,37.677345275878906
1996-07-17,38.12721633911133
1996-07-18,38.65209197998047
1996-07-19,38.37090301513672
1996-07-22,38.089717864990234
1996-07-23,37.60236740112305
1996-07-24,37.677345275878906
1996-07-25,38.0147590637207
1996-07-26,38.220951080322266
1996-07-29,37.799198150634766
1996-07-30,38.164737701416016
1996-07-31,38.445865631103516
1996-08-01,39.08320236206055
1996-08-02,39.92673873901367
1996-08-05,39.69243240356445
1996-08-06,39.814266204833984
1996-08-07,39.917354583740234
1996-08-08,39.85175704956055
1996-08-09,39.72052001953125
1996-08-12,40.01108932495117
1996-08-13,39.69243240356445
1996-08-14,39.833030700683594
1996-08-15,39.75802993774414
1996-08-16,40.095436096191406
1996-08-19,40.114192962646484
1996-08-20,40.08607864379883
1996-08-21,39.94548034667969
1996-08-22,40.32038116455078
1996-08-23,40.10481262207031
1996-08-26,39.90798568725586
1996-08-27,40.057945251464844
1996-08-28,39.99233627319336
1996-08-29,39.59869384765625
1996-08-30,39.18629455566406
1996-09-03,39.43936538696289
1996-09-04,39.47685623168945
1996-09-05,38.99885940551758
1996-09-06,39.551841735839844
1996-09-09,40.020469665527344
1996-09-10,40.0017204284668
1996-09-11,40.22666931152344
1996-09-12,40.50782012939453
1996-09-13,41.12641143798828
1996-09-16,41.27637481689453
1996-09-17,41.18264389038086
1996-09-18,41.07954406738281
1996-09-19,41.23888397216797
1996-09-20,41.38515090942383
1996-09-23,41.37575149536133
1996-09-24,41.36634826660156
1996-09-25,41.39458084106445
1996-09-26,41.37575149536133
1996-09-27,41.41341018676758
1996-09-30,41.37575149536133
1996-10-01,41.60184860229492
1996-10-02,41.88446807861328
1996-10-03,41.84677505493164
1996-10-04,42.41203308105469
1996-10-07,42.459144592285156
1996-10-08,42.289546966552734
1996-10-09,41.95981216430664
1996-10-10,41.87506103515625
1996-10-11,42.393157958984375
1996-10-14,42.449710845947266
1996-10-15,42.393157958984375
1996-10-16,42.60043716430664
1996-10-17,42.713470458984375
1996-10-18,42.939579010009766
1996-10-21,42.883060455322266
1996-10-22,42.581607818603516
1996-10-23,42.72289276123047
1996-10-24,42.35551071166992
1996-10-25,42.393157958984375
1996-10-28,42.11056137084961
1996-10-29,42.449710845947266
1996-10-30,42.30839538574219
1996-10-31,42.713470458984375
1996-11-01,42.56275939941406
1996-11-04,42.84536361694336
1996-11-05,43.090301513671875
1996-11-06,43.91935348510742
1996-11-07,44.022987365722656
1996-11-08,44.26791763305664
1996-11-11,44.22078323364258
1996-11-12,44.08890151977539
1996-11-13,44.2867317199707
1996-11-14,44.57878112792969
1996-11-15,44.635311126708984
1996-11-18,44.64473342895508
1996-11-19,44.96502685546875
1996-11-20,45.040401458740234
1996-11-21,44.97446823120117
1996-11-22,45.32303237915039
1996-11-25,45.89767837524414
1996-11-26,45.74697494506836
1996-11-27,45.66218566894531
1996-11-29,45.83176040649414
1996-12-02,45.85060501098633
1996-12-03,45.06867980957031
1996-12-04,45.19113540649414
1996-12-05,45.06867980957031
1996-12-06,44.80487060546875
1996-12-09,45.464332580566406
1996-12-10,45.24765396118164
1996-12-11,44.8331413269043
1996-12-12,44.08890151977539
1996-12-13,44.201927185058594
1996-12-16,43.63671112060547
1996-12-17,43.985286712646484
1996-12-18,44.333866119384766
1996-12-19,45.24765396118164
1996-12-20,45.346954345703125
1996-12-23,45.23335647583008
1996-12-24,45.564693450927734
1996-12-26,45.91496658325195
1996-12-27,45.97178268432617
1996-12-30,45.57414245605469
1996-12-31,44.741031646728516
1997-01-02,44.85466003417969
1997-01-03,45.4984016418457
1997-01-06,45.10077667236328
1997-01-07,45.64988708496094
1997-01-08,45.252281188964844
1997-01-09,45.63093948364258
1997-01-10,46.12322235107422
1997-01-13,46.05698776245117
1997-01-14,46.63446044921875
1997-01-15,46.52086639404297
1997-01-16,46.71019744873047
1997-01-17,46.99421310424805
1997-01-20,47.05100631713867
1997-01-21,47.42967224121094
1997-01-22,47.7704963684082
1997-01-23,47.10781478881836
1997-01-24,46.50193786621094
1997-01-27,46.36940383911133
1997-01-28,46.50193786621094
1997-01-29,46.956329345703125
1997-01-30,47.56222915649414
1997-01-31,47.50542449951172
1997-02-03,47.647430419921875
1997-02-04,47.94088363647461
1997-02-05,47.04154586791992
1997-02-06,47.35394287109375
1997-02-07,47.997703552246094
1997-02-10,47.54328536987305
1997-02-11,48.09237289428711
1997-02-12,48.77400588989258
1997-02-13,49.30416488647461
1997-02-14,49.190547943115234
1997-02-18,49.60710144042969
1997-02-19,49.275753021240234
1997-02-20,48.6793327331543
1997-02-21,48.69829177856445
1997-02-24,49.275753021240234
1997-02-25,49.31362533569336
1997-02-26,48.83080291748047
1997-02-27,48.10183334350586
1997-02-28,47.95985412597656
1997-03-03,48.28171920776367
1997-03-04,48.016632080078125
1997-03-05,48.83080291748047
1997-03-06,48.546791076660156
1997-03-07,48.982242584228516
1997-03-10,49.49347686767578
1997-03-11,49.228431701660156
1997-03-12,48.792911529541016
1997-03-13,48.03554916381836
1997-03-14,48.28171920776367
1997-03-17,48.414241790771484
1997-03-18,47.89356231689453
1997-03-19,47.73265075683594
1997-03-20,47.486488342285156
1997-03-21,47.70634841918945
1997-03-24,48.3715705871582
1997-03-25,47.89640426635742
1997-03-26,48.105499267578125
1997-03-27,46.83207321166992
1997-03-31,45.84371566772461
1997-04-01,46.13832092285156
1997-04-02,45.311519622802734
1997-04-03,45.55861282348633
1997-04-04,46.12880325317383
1997-04-07,46.30936050415039
1997-04-08,46.64198684692383
1997-04-09,46.2618408203125
1997-04-10,46.09080123901367
1997-04-11,44.62730407714844
1997-04-14,45.22600555419922
1997-04-15,45.99577331542969
1997-04-16,46.52794647216797
1997-04-17,46.337886810302734
1997-04-18,46.56596374511719
1997-04-21,46.2618408203125
1997-04-22,47.278717041015625
1997-04-23,47.326236724853516
1997-04-24,47.08864212036133
1997-04-25,46.54697799682617
1997-04-28,47.003108978271484
1997-04-29,48.485599517822266
1997-04-30,48.71368408203125
1997-05-01,48.656673431396484
1997-05-02,49.530975341796875
1997-05-05,50.70938491821289
1997-05-06,50.671348571777344
1997-05-07,49.56897735595703
1997-05-08,49.91111373901367
1997-05-09,50.253211975097656
1997-05-12,51.089515686035156
1997-05-13,50.880455017089844
1997-05-14,50.97547149658203
1997-05-15,51.317596435546875
1997-05-16,50.61431884765625
1997-05-19,50.76639938354492
1997-05-20,51.374610900878906
1997-05-21,51.260555267333984
1997-05-22,51.089515686035156
1997-05-23,51.564659118652344
1997-05-27,51.77374267578125
1997-05-28,51.764259338378906
1997-05-29,51.46015548706055
1997-05-30,51.792747497558594
1997-06-02,51.564659118652344
1997-06-03,51.393611907958984
1997-06-04,51.33660125732422
1997-06-05,51.526668548583984
1997-06-06,52.534019470214844
1997-06-09,52.800086975097656
1997-06-10,52.96168518066406
1997-06-11,53.08517074584961
1997-06-12,54.11153030395508
1997-06-13,54.56771469116211
1997-06-16,54.58671951293945
1997-06-17,54.51069641113281
1997-06-18,54.32059860229492
1997-06-19,54.88128662109375
1997-06-20,54.69432830810547
1997-06-23,53.36824035644531
1997-06-24,54.722957611083984
1997-06-25,54.34131622314453
1997-06-26,54.07419204711914
1997-06-27,54.28408432006836
1997-06-30,53.92158126831055
1997-07-01,54.55122756958008
1997-07-02,55.448001861572266
1997-07-03,56.21121597290039
1997-07-07,55.6387939453125
1997-07-08,56.22074508666992
1997-07-09,55.60063171386719
1997-07-10,55.84870147705078
1997-07-11,56.03950119018555
1997-07-14,56.21121597290039
1997-07-15,56.4974250793457
1997-07-16,57.24158477783203
1997-07-17,56.955413818359375
1997-07-18,55.743751525878906
1997-07-21,55.75328063964844
1997-07-22,57.23201370239258
1997-07-23,57.184329986572266
1997-07-24,57.45144271850586
1997-07-25,57.413326263427734
1997-07-28,57.37512969970703
1997-07-29,57.56592559814453
1997-07-30,58.25284957885742
1997-07-31,58.19560241699219
1997-08-01,57.96662139892578
1997-08-04,58.119285583496094
1997-08-05,58.15746307373047
1997-08-06,58.63444137573242
1997-08-07,58.19560241699219
1997-08-08,57.01260757446289
1997-08-11,57.43239212036133
1997-08-12,56.516502380371094
1997-08-13,56.34480285644531
1997-08-14,56.55465316772461
1997-08-15,54.81835174560547
1997-08-18,56.03950119018555
1997-08-19,56.688232421875
1997-08-20,57.546844482421875
1997-08-21,56.535579681396484
1997-08-22,56.516502380371094
1997-08-25,56.30661392211914
1997-08-26,55.476627349853516
1997-08-27,55.81053161621094
1997-08-28,54.9614372253418
1997-08-29,55.18087387084961
1997-09-02,56.97442626953125
1997-09-03,56.66914749145508
1997-09-04,57.03169250488281
1997-09-05,56.86952209472656
1997-09-08,57.11752700805664
1997-09-09,57.14619064331055
1997-09-10,55.963165283203125
1997-09-11,55.676979064941406
1997-09-12,56.573768615722656
1997-09-15,56.47834777832031
1997-09-16,57.89030456542969
1997-09-17,57.89030456542969
1997-09-18,58.13838195800781
1997-09-19,58.23672103881836
1997-09-22,58.562294006347656
1997-09-23,58.2941780090332
1997-09-24,57.815391540527344
1997-09-25,57.41326904296875
1997-09-26,57.892005920410156
1997-09-29,58.44733428955078
1997-09-30,57.834537506103516
1997-10-01,58.60054016113281
1997-10-02,58.926151275634766
1997-10-03,59.222938537597656
1997-10-06,59.61554718017578
1997-10-07,60.17091751098633
1997-10-08,59.749610900878906
1997-10-09,59.5389518737793
1997-10-10,59.36658477783203
1997-10-13,59.42402267456055
1997-10-14,59.44316864013672
1997-10-15,59.309139251708984
1997-10-16,58.37078857421875
1997-10-17,57.777069091796875
1997-10-20,58.60054016113281
1997-10-21,59.74003601074219
1997-10-22,59.347442626953125
1997-10-23,58.179264068603516
1997-10-24,57.604759216308594
1997-10-27,53.42993927001953
1997-10-28,56.5131721496582
1997-10-29,56.359981536865234
1997-10-30,55.11519241333008
1997-10-31,56.41740798950195
1997-11-03,57.604759216308594
1997-11-04,57.604759216308594
1997-11-05,57.796241760253906
1997-11-06,57.5760498046875
1997-11-07,56.95363235473633
1997-11-10,56.608924865722656
1997-11-11,56.62809753417969
1997-11-12,55.45991516113281
1997-11-13,56.264244079589844
1997-11-14,57.030235290527344
1997-11-17,58.08351135253906
1997-11-18,57.719642639160156
1997-11-19,58.006900787353516
1997-11-20,58.88782501220703
1997-11-21,59.289974212646484
1997-11-24,58.217559814453125
1997-11-25,58.37078857421875
1997-11-26,58.54313278198242
1997-11-28,58.60054016113281
1997-12-01,60.113468170166016
1997-12-02,59.749610900878906
1997-12-03,59.921958923339844
1997-12-04,59.8644905090332
1997-12-05,60.630489349365234
1997-12-08,60.458152770996094
1997-12-09,60.09429931640625
1997-12-10,59.57722473144531
1997-12-11,58.562294006347656
1997-12-12,58.67717361450195
1997-12-15,59.27083206176758
1997-12-16,59.63475036621094
1997-12-17,59.328285217285156
1997-12-18,58.75376892089844
1997-12-19,58.31461715698242
1997-12-22,58.68951416015625
1997-12-23,57.64171600341797
1997-12-24,57.46866226196289
1997-12-26,57.69940948486328
1997-12-29,58.833736419677734
1997-12-30,59.756649017333984
1997-12-31,59.71821212768555
1998-01-02,60.025794982910156
1998-01-05,60.160400390625
1998-01-06,59.199073791503906
1998-01-07,59.35287857055664
1998-01-08,58.833736419677734
1998-01-09,56.79573440551758
1998-01-12,57.83397674560547
1998-01-13,58.6414909362793
1998-01-14,58.91067123413086
1998-01-15,58.42039489746094
1998-01-16,59.25676345825195
1998-01-20,60.21807098388672
1998-01-21,59.64127731323242
1998-01-22,59.11256790161133
1998-01-23,59.02603530883789
1998-01-26,58.987586975097656
1998-01-27,59.5836067199707
1998-01-28,60.12195587158203
1998-01-29,60.448787689208984
1998-01-30,60.487247467041016
1998-02-02,61.4870491027832
1998-02-03,61.948463439941406
1998-02-04,61.87159729003906
1998-02-05,61.833106994628906
1998-02-06,62.52530288696289
1998-02-09,62.3138313293457
1998-02-10,62.90981674194336
1998-02-11,62.852142333984375
1998-02-12,63.1213264465332
1998-02-13,62.756011962890625
1998-02-17,63.063602447509766
1998-02-18,63.640411376953125
1998-02-19,63.30400085449219
1998-02-20,63.7750358581543
1998-02-23,64.0250015258789
1998-02-24,63.52507781982422
1998-02-25,64.31341552734375
1998-02-26,64.67869567871094
1998-02-27,64.67869567871094
1998-03-02,64.54408264160156
1998-03-03,64.90943145751953
1998-03-04,64.48641967773438
1998-03-05,63.89039611816406
1998-03-06,65.17857360839844
1998-03-09,64.94786834716797
1998-03-10,65.56311798095703
1998-03-11,65.8707275390625
1998-03-12,66.139892578125
1998-03-13,65.88998413085938
1998-03-16,66.60136413574219
1998-03-17,66.79360961914062
1998-03-18,67.04359436035156
1998-03-19,67.21658325195312
1998-03-20,67.79537200927734
1998-03-23,67.64110565185547
1998-03-24,68.21958923339844
1998-03-25,67.96893310546875
1998-03-26,67.93033599853516
1998-03-27,67.64110565185547
1998-03-30,67.60255432128906
1998-03-31,67.83394622802734
1998-04-01,68.38349151611328
1998-04-02,69.12583923339844
1998-04-03,69.47293090820312
1998-04-06,68.91373443603516
1998-04-07,68.45096588134766
1998-04-08,68.06533813476562
1998-04-09,68.60526275634766
1998-04-13,68.41243743896484
1998-04-14,68.99085998535156
1998-04-15,69.18368530273438
1998-04-16,68.37383270263672
1998-04-17,69.28010559082031
1998-04-20,69.26079559326172
1998-04-21,69.58858489990234
1998-04-22,69.78141784667969
1998-04-23,69.1065673828125
1998-04-24,68.37383270263672
1998-04-27,67.08192443847656
1998-04-28,66.98552703857422
1998-04-29,67.44828033447266
1998-04-30,68.70164489746094
1998-05-01,69.47293090820312
1998-05-04,69.29939270019531
1998-05-05,68.81732177734375
1998-05-06,68.00745391845703
1998-05-07,67.46756744384766
1998-05-08,68.56661987304688
1998-05-11,68.33528137207031
1998-05-12,69.06796264648438
1998-05-13,69.24152374267578
1998-05-14,68.89445495605469
1998-05-15,68.50883483886719
1998-05-18,68.23886108398438
1998-05-19,68.70164489746094
1998-05-20,69.3572006225586
1998-05-21,68.91373443603516
1998-05-22,68.64376831054688
1998-05-26,67.54472351074219
1998-05-27,67.64110565185547
1998-05-28,67.94966125488281
1998-05-29,67.27476501464844
1998-06-01,67.58328247070312
1998-06-02,67.64110565185547
1998-06-03,66.56130981445312
1998-06-04,67.79537200927734
1998-06-05,69.1065673828125
1998-06-08,69.02938842773438
1998-06-09,69.24152374267578
1998-06-10,68.79801940917969
1998-06-11,67.50615692138672
1998-06-12,68.1424331665039
1998-06-15,66.34921264648438
1998-06-16,67.3711929321289
1998-06-17,68.77872467041016
1998-06-18,68.4702377319336
1998-06-19,68.12716674804688
1998-06-22,68.45602416992188
1998-06-23,69.26844787597656
1998-06-24,70.19691467285156
1998-06-25,70.08081817626953
1998-06-26,70.37096405029297
1998-06-29,70.62248229980469
1998-06-30,70.1388931274414
1998-07-01,70.95128631591797
1998-07-02,71.08673095703125
1998-07-06,71.80243682861328
1998-07-07,71.66700744628906
1998-07-08,72.18927764892578
1998-07-09,71.7056884765625
1998-07-10,72.09254455566406
1998-07-13,72.11190795898438
1998-07-14,72.92431640625
1998-07-15,72.78889465332031
1998-07-16,73.29185485839844
1998-07-17,73.38858032226562
1998-07-20,73.38858032226562
1998-07-21,72.11190795898438
1998-07-22,72.11190795898438
1998-07-23,70.68050384521484
1998-07-24,70.62248229980469
1998-07-27,71.12538146972656
1998-07-28,69.92607116699219
1998-07-29,69.65528106689453
1998-07-30,70.69982147216797
1998-07-31,69.19107055664062
1998-08-03,68.90087890625
1998-08-04,66.23151397705078
1998-08-05,67.14069366455078
1998-08-06,67.43080139160156
1998-08-07,67.54684448242188
1998-08-10,67.15998840332031
1998-08-11,66.15415954589844
1998-08-12,67.27607727050781
1998-08-13,66.46366119384766
1998-08-14,65.68990325927734
1998-08-17,67.0826416015625
1998-08-18,68.32062530517578
1998-08-19,68.14651489257812
1998-08-20,67.74034118652344
1998-08-21,67.19868469238281
1998-08-24,67.6242446899414
1998-08-25,67.77899932861328
1998-08-26,67.39212036132812
1998-08-27,64.21981048583984
1998-08-28,63.987709045410156
1998-08-31,59.42268753051758
1998-09-01,61.93730163574219
1998-09-02,61.492408752441406
1998-09-03,61.00883102416992
1998-09-04,60.50590896606445
1998-09-08,63.755611419677734
1998-09-09,62.20812225341797
1998-09-10,60.97013473510742
1998-09-11,62.94313430786133
1998-09-14,64.0263442993164
1998-09-15,64.41325378417969
1998-09-16,64.99357604980469
1998-09-17,63.13661193847656
1998-09-18,63.417781829833984
1998-09-21,63.37899398803711
1998-09-22,63.90312194824219
1998-09-23,66.4654541015625
1998-09-24,64.83488464355469
1998-09-25,64.75724029541016
1998-09-28,65.3395767211914
1998-09-29,65.18431854248047
1998-09-30,63.204315185546875
1998-10-01,61.37960433959961
1998-10-02,62.563743591308594
1998-10-05,61.301944732666016
1998-10-06,61.24373245239258
1998-10-07,60.331390380859375
1998-10-08,60.00135803222656
1998-10-09,61.20489501953125
1998-10-12,62.09782409667969
1998-10-13,61.88426971435547
1998-10-14,62.46666717529297
1998-10-15,65.82488250732422
1998-10-16,65.84427642822266
1998-10-19,66.07721710205078
1998-10-20,66.4654541015625
1998-10-21,66.2325210571289
1998-10-22,67.2225341796875
1998-10-23,66.3684310913086
1998-10-26,66.85371398925781
1998-10-27,66.4654541015625
1998-10-28,66.34896087646484
1998-10-29,67.96016693115234
1998-10-30,68.3289794921875
1998-11-02,69.49370574951172
1998-11-03,68.9889907836914
1998-11-04,69.72663879394531
1998-11-05,70.67774963378906
1998-11-06,70.8913345336914
1998-11-09,70.3866195678711
1998-11-10,70.1925048828125
1998-11-11,69.72663879394531
1998-11-12,69.64899444580078
1998-11-13,70.32837677001953
1998-11-16,70.85250091552734
1998-11-17,70.85250091552734
1998-11-18,71.2795181274414
1998-11-19,71.90072631835938
1998-11-20,72.4442367553711
1998-11-23,74.15248107910156
1998-11-24,73.68658447265625
1998-11-25,73.68658447265625
1998-11-27,74.23011779785156
1998-11-30,72.13368225097656
1998-12-01,73.06539916992188
1998-12-02,72.8519287109375
1998-12-03,71.64835357666016
1998-12-04,73.53132629394531
1998-12-07,73.88068389892578
1998-12-08,73.55072784423828
1998-12-09,73.68658447265625
1998-12-10,72.6092300415039
1998-12-11,72.75482177734375
1998-12-14,70.65837860107422
1998-12-15,72.48307037353516
1998-12-16,72.38601684570312
1998-12-17,73.54098510742188
1998-12-18,73.85344696044922
1998-12-21,74.88572692871094
1998-12-22,75.216796875
1998-12-23,76.79435729980469
1998-12-24,76.46329498291016
1998-12-28,76.26850128173828
1998-12-29,77.47604370117188
1998-12-30,76.85281372070312
1998-12-31,76.85281372070312
1999-01-04,76.6775131225586
1999-01-05,77.553955078125
1999-01-06,79.42365264892578
1999-01-07,79.03411865234375
1999-01-08,79.61839294433594
1999-01-11,78.85884094238281
1999-01-12,77.4371109008789
1999-01-13,76.89176940917969
1999-01-14,75.54789733886719
1999-01-15,77.51497650146484
1999-01-19,78.02136993408203
1999-01-20,78.64459228515625
1999-01-21,76.5606460571289
1999-01-22,76.38540649414062
1999-01-25,77.1644287109375
1999-01-26,78.56668090820312
1999-01-27,77.65129089355469
1999-01-28,78.95620727539062
1999-01-29,79.55998992919922
1999-02-01,79.09251403808594
1999-02-02,78.60564422607422
1999-02-03,79.40419006347656
1999-02-04,78.21609497070312
1999-02-05,77.32023620605469
1999-02-08,77.47604370117188
1999-02-09,75.74268341064453
1999-02-10,76.22954559326172
1999-02-11,77.98242950439453
1999-02-12,77.04759216308594
1999-02-16,76.58013153076172
1999-02-17,76.5022201538086
1999-02-18,77.10599517822266
1999-02-19,77.4371109008789
1999-02-22,79.50155639648438
1999-02-23,79.46260833740234
1999-02-24,78.0602798461914
1999-02-25,77.32023620605469
1999-02-26,77.00858306884766
1999-03-01,77.2228775024414
1999-03-02,76.54118347167969
1999-03-03,76.95014953613281
1999-03-04,77.92398071289062
1999-03-05,79.49185180664062
1999-03-08,80.00789642333984
1999-03-09,79.81318664550781
1999-03-10,80.51432800292969
1999-03-11,81.41023254394531
1999-03-12,80.63117980957031
1999-03-15,81.78026580810547
1999-03-16,81.4686508178711
1999-03-17,81.11811828613281
1999-03-18,82.42301177978516
1999-03-19,81.02194213867188
1999-03-22,81.17814636230469
1999-03-23,78.83538055419922
1999-03-24,79.28437042236328
1999-03-25,80.90483856201172
1999-03-26,80.31912994384766
1999-03-29,81.9395980834961
1999-03-30,81.51007080078125
1999-03-31,80.20196533203125
1999-04-01,80.80721282958984
1999-04-05,82.72051239013672
1999-04-06,82.52531433105469
1999-04-07,83.1890640258789
1999-04-08,84.24333953857422
1999-04-09,84.2628402709961
1999-04-12,85.16094207763672
1999-04-13,84.61424255371094
1999-04-14,83.1890640258789
1999-04-15,82.87670135498047
1999-04-16,82.17388153076172
1999-04-19,80.90483856201172
1999-04-20,81.92005920410156
1999-04-21,84.2628402709961
1999-04-22,85.06330871582031
1999-04-23,84.84850311279297
1999-04-26,85.33662414550781
1999-04-27,85.74659729003906
1999-04-28,84.57520294189453
1999-04-29,83.93096923828125
1999-04-30,83.2476577758789
1999-05-03,84.77047729492188
1999-05-04,83.5600357055664
1999-05-05,84.22381591796875
1999-05-06,83.70645904541016
1999-05-07,84.34095001220703
1999-05-10,83.92117309570312
1999-05-11,84.77047729492188
1999-05-12,85.43426513671875
1999-05-13,85.80518341064453
1999-05-14,83.57954406738281
1999-05-17,83.83335876464844
1999-05-18,83.6771469116211
1999-05-19,84.2823715209961
1999-05-20,83.7747573852539
1999-05-21,83.30620574951172
1999-05-24,81.92005920410156
1999-05-25,80.59246826171875
1999-05-26,81.49051666259766
1999-05-27,80.31912994384766
1999-05-28,81.3440933227539
1999-06-01,81.06102752685547
1999-06-02,81.13912963867188
1999-06-03,81.5881576538086
1999-06-04,83.22813415527344
1999-06-07,83.44286346435547
1999-06-08,82.6229248046875
1999-06-09,82.5447769165039
1999-06-10,81.78334045410156
1999-06-11,81.10006713867188
1999-06-14,81.17814636230469
1999-06-15,81.72480773925781
1999-06-16,83.28669738769531
1999-06-17,84.06758117675781
1999-06-18,84.1647720336914
1999-06-21,84.36058044433594
1999-06-22,83.77310943603516
1999-06-23,83.36186218261719
1999-06-24,82.73523712158203
1999-06-25,82.52962493896484
1999-06-28,83.53814697265625
1999-06-29,84.3213882446289
1999-06-30,85.84883117675781
1999-07-01,86.49505615234375
1999-07-02,87.35668182373047
1999-07-06,87.33711242675781
1999-07-07,87.45455932617188
1999-07-08,87.52308654785156
1999-07-09,88.04208374023438
1999-07-12,87.65039825439453
1999-07-13,87.33711242675781
1999-07-14,87.82661437988281
1999-07-15,88.38475799560547
1999-07-16,88.86450958251953
1999-07-19,88.27708435058594
1999-07-20,86.46566009521484
1999-07-21,86.36775970458984
1999-07-22,85.23199462890625
1999-07-23,85.06554412841797
1999-07-26,84.43891906738281
1999-07-27,85.14385223388672
1999-07-28,85.41806030273438
1999-07-29,84.22348022460938
1999-07-30,83.18568420410156
1999-08-02,83.38147735595703
1999-08-03,82.98982238769531
1999-08-04,81.85403442382812
1999-08-05,82.59821319580078
1999-08-06,81.69740295410156
1999-08-09,81.52113342285156
1999-08-10,80.62033081054688
1999-08-11,81.59944915771484
1999-08-12,81.5505142211914
1999-08-13,83.4402084350586
1999-08-16,83.81226348876953
1999-08-17,84.36058044433594
1999-08-18,83.7535171508789
1999-08-19,83.06815338134766
1999-08-20,83.91016387939453
1999-08-23,85.51592254638672
1999-08-24,85.82925415039062
1999-08-25,86.71045684814453
1999-08-26,85.67261505126953
1999-08-27,84.63471221923828
1999-08-30,83.06815338134766
1999-08-31,82.75477600097656
1999-09-01,83.77310943603516
1999-09-02,82.7841796875
1999-09-03,85.2026138305664
1999-09-07,84.8893051147461
1999-09-08,84.47809600830078
1999-09-09,84.43891906738281
1999-09-10,85.14385223388672
1999-09-13,84.56619262695312
1999-09-14,84.00809478759766
1999-09-15,82.67647552490234
1999-09-16,82.99961853027344
1999-09-17,84.04835510253906
1999-09-20,83.93046569824219
1999-09-21,82.1631088256836
1999-09-22,82.07470703125
1999-09-23,80.3564682006836
1999-09-24,80.2779312133789
1999-09-27,80.80814361572266
1999-09-28,80.6510238647461
1999-09-29,79.68877410888672
1999-09-30,80.90630340576172
1999-10-01,80.72958374023438
1999-10-04,82.1631088256836
1999-10-05,82.08457946777344
1999-10-06,83.34135437011719
1999-10-07,82.87002563476562
1999-10-08,84.12688446044922
1999-10-11,83.9894027709961
1999-10-12,82.69332885742188
1999-10-13,80.5528564453125
1999-10-14,80.53321838378906
1999-10-15,78.47127532958984
1999-10-18,79.04076385498047
1999-10-19,79.8066635131836
1999-10-20,80.5921401977539
1999-10-21,81.06344604492188
1999-10-22,81.75074005126953
1999-10-25,81.33831024169922
1999-10-26,80.31719207763672
1999-10-27,81.7703628540039
1999-10-28,84.5588607788086
1999-10-29,86.09059143066406
1999-11-01,85.18727111816406
1999-11-02,84.57852935791016
1999-11-03,85.14800262451172
1999-11-04,85.79601287841797
1999-11-05,86.64047241210938
1999-11-08,86.71900939941406
1999-11-09,85.90408325195312
1999-11-10,86.54228973388672
1999-11-11,87.0332260131836
1999-11-12,87.81871032714844
1999-11-15,88.02491760253906
1999-11-16,88.76129913330078
1999-11-17,88.99694061279297
1999-11-18,89.6253433227539
1999-11-19,89.54683685302734
1999-11-22,89.52717590332031
1999-11-23,88.74166107177734
1999-11-24,89.2129898071289
1999-11-26,88.87914276123047
1999-11-29,88.56490325927734
1999-11-30,87.52413940429688
1999-12-01,88.23112487792969
1999-12-02,88.76129913330078
1999-12-03,90.39118194580078
1999-12-06,89.72354888916016
1999-12-07,88.99694061279297
1999-12-08,88.42745208740234
1999-12-09,88.85951232910156
1999-12-10,89.154052734375
1999-12-13,89.3111343383789
1999-12-14,88.44708251953125
1999-12-15,88.91840362548828
1999-12-16,89.3111343383789
1999-12-17,89.88470458984375
1999-12-20,89.23505401611328
1999-12-21,90.59341430664062
1999-12-22,90.8296127319336
1999-12-23,92.27656555175781
1999-12-27,92.14852905273438
1999-12-28,92.08948516845703
1999-12-29,92.48323822021484
1999-12-30,92.37494659423828
1999-12-31,92.5225830078125
2000-01-03,91.61705017089844
2000-01-04,88.03423309326172
2000-01-05,88.19176483154297
2000-01-06,86.77442169189453
2000-01-07,91.8139419555664
2000-01-10,92.12889099121094
2000-01-11,91.0264663696289
2000-01-12,90.1209487915039
2000-01-13,91.3414535522461
2000-01-14,92.58164978027344
2000-01-18,91.85324096679688
2000-01-19,92.601318359375
2000-01-20,91.18394470214844
2000-01-21,90.98712921142578
2000-01-24,88.40827941894531
2000-01-25,89.4122543334961
2000-01-26,88.70360565185547
2000-01-27,88.34925079345703
2000-01-28,85.5932388305664
2000-01-31,87.91617584228516
2000-02-01,88.78228759765625
2000-02-02,88.86109161376953
2000-02-03,90.19970703125
2000-02-04,89.82566833496094
2000-02-07,89.68781280517578
2000-02-08,90.90837860107422
2000-02-09,88.99884796142578
2000-02-10,89.176025390625
2000-02-11,87.36492156982422
2000-02-14,87.87676239013672
2000-02-15,88.87089538574219
2000-02-16,87.56180572509766
2000-02-17,87.10906219482422
2000-02-18,85.23890686035156
2000-02-22,85.0223617553711
2000-02-23,86.02635955810547
2000-02-24,84.29401397705078
2000-02-25,83.9888687133789
2000-02-28,85.75072479248047
2000-02-29,86.57752227783203
2000-03-01,87.20748901367188
2000-03-02,87.26654052734375
2000-03-03,88.90040588378906
2000-03-06,88.03423309326172
2000-03-07,86.33141326904297
2000-03-08,86.22319793701172
2000-03-09,88.74293518066406
2000-03-10,88.27046966552734
2000-03-13,87.30587005615234
2000-03-14,86.06568908691406
2000-03-15,88.07366180419922
2000-03-16,92.18792724609375
2000-03-17,92.7972183227539
2000-03-20,92.32353210449219
2000-03-21,94.21820068359375
2000-03-22,94.79053497314453
2000-03-23,96.40882873535156
2000-03-24,96.981201171875
2000-03-27,95.95494842529297
2000-03-28,95.40234375
2000-03-29,95.50099182128906
2000-03-30,93.90241241455078
2000-03-31,94.96812438964844
2000-04-03,95.52075958251953
2000-04-04,94.81026458740234
2000-04-05,94.21820068359375
2000-04-06,95.03722381591797
2000-04-07,95.63912963867188
2000-04-10,95.26420593261719
2000-04-11,94.98786163330078
2000-04-12,92.38275146484375
2000-04-13,91.09992980957031
2000-04-14,85.88967895507812
2000-04-17,88.88953399658203
2000-04-18,91.23808288574219
2000-04-19,90.38948822021484
2000-04-20,90.82365417480469
2000-04-24,89.83686065673828
2000-04-25,93.56694793701172
2000-04-26,92.51105499267578
2000-04-27,92.20518493652344
2000-04-28,91.63282012939453
2000-05-01,92.87616729736328
2000-05-02,91.02100372314453
2000-05-03,88.88953399658203
2000-05-04,89.56058502197266
2000-05-05,90.64604949951172
2000-05-08,89.96513366699219
2000-05-09,89.24478149414062
2000-05-10,87.23171997070312
2000-05-11,89.22504425048828
2000-05-12,90.19210815429688
2000-05-15,91.75122833251953
2000-05-16,92.63928985595703
2000-05-17,91.67230224609375
2000-05-18,90.54731750488281
2000-05-19,89.1263427734375
2000-05-22,88.45536804199219
2000-05-23,87.15283203125
2000-05-24,88.57378387451172
2000-05-25,87.05413818359375
2000-05-26,87.15283203125
2000-05-30,89.99472045898438
2000-05-31,90.19210815429688
2000-06-01,91.77094268798828
2000-06-02,93.36955261230469
2000-06-05,92.91561889648438
2000-06-06,92.5011978149414
2000-06-07,93.1426010131836
2000-06-08,92.77749633789062
2000-06-09,92.5801773071289
2000-06-12,91.49467468261719
2000-06-13,93.21166229248047
2000-06-14,93.36955261230469
2000-06-15,93.56694793701172
2000-06-16,92.79812622070312
2000-06-19,93.9850082397461
2000-06-20,93.64872741699219
2000-06-21,93.60918426513672
2000-06-22,92.18485260009766
2000-06-23,91.39360046386719
2000-06-26,92.57061004638672
2000-06-27,91.88816833496094
2000-06-28,92.14523315429688
2000-06-29,91.27487182617188
2000-06-30,91.9672622680664
2000-07-03,93.23326110839844
2000-07-05,91.55181121826172
2000-07-06,92.26400756835938
2000-07-07,93.74765014648438
2000-07-10,93.58938598632812
2000-07-11,93.7872085571289
2000-07-12,94.40042877197266
2000-07-13,94.81591033935547
2000-07-14,95.74567413330078
2000-07-17,95.58738708496094
2000-07-18,94.80599212646484
2000-07-19,94.0444107055664
2000-07-20,95.35000610351562
2000-07-21,93.49048614501953
2000-07-24,92.95636749267578
2000-07-25,93.25310516357422
2000-07-26,92.34312438964844
2000-07-27,92.0266342163086
2000-07-28,89.94944763183594
2000-07-31,90.52314758300781
2000-08-01,91.0770263671875
2000-08-02,91.53205108642578
2000-08-03,92.16510009765625
2000-08-04,92.65959167480469
2000-08-07,93.76744842529297
2000-08-08,94.12346649169922
2000-08-09,93.33226013183594
2000-08-10,92.87718200683594
2000-08-11,93.31246185302734
2000-08-14,94.49934387207031
2000-08-15,94.42028045654297
2000-08-16,94.08395385742188
2000-08-17,95.07303619384766
2000-08-18,94.75657653808594
2000-08-21,95.2708740234375
2000-08-22,95.11264038085938
2000-08-23,95.48844909667969
2000-08-24,95.78520202636719
2000-08-25,95.74567413330078
2000-08-28,96.07205963134766
2000-08-29,96.09185028076172
2000-08-30,95.17193603515625
2000-08-31,96.43803405761719
2000-09-01,96.53691864013672
2000-09-05,95.76543426513672
2000-09-06,94.67739868164062
2000-09-07,95.48844909667969
2000-09-08,94.83564758300781
2000-09-11,94.69718170166016
2000-09-12,94.00480651855469
2000-09-13,94.25210571289062
2000-09-14,94.72687530517578
2000-09-15,92.65443420410156
2000-09-18,91.80166625976562
2000-09-19,92.6346206665039
2000-09-20,91.95039367675781
2000-09-21,90.55225372314453
2000-09-22,92.19834899902344
2000-09-25,91.54383850097656
2000-09-26,90.3737564086914
2000-09-27,90.8497085571289
2000-09-28,92.01980590820312
2000-09-29,91.147216796875
2000-10-02,91.28605651855469
2000-10-03,90.43324279785156
2000-10-04,91.1868667602539
2000-10-05,91.50418090820312
2000-10-06,89.52101135253906
2000-10-09,88.84671783447266
2000-10-10,87.3791732788086
2000-10-11,86.64537048339844
2000-10-12,84.48370361328125
2000-10-13,87.29981231689453
2000-10-16,87.69644927978516
2000-10-17,85.51494598388672
2000-10-18,85.19761657714844
2000-10-19,88.41040802001953
2000-10-20,88.78724670410156
2000-10-23,89.18386840820312
2000-10-24,88.58888244628906
2000-10-25,86.50654602050781
2000-10-26,86.74455261230469
2000-10-27,88.39058685302734
2000-10-30,89.18386840820312
2000-10-31,90.7208251953125
2000-11-01,90.41342163085938
2000-11-02,90.56218719482422
2000-11-03,90.61173248291016
2000-11-06,91.24635314941406
2000-11-07,91.2265396118164
2000-11-08,89.2037353515625
2000-11-09,88.86656188964844
2000-11-10,86.70489501953125
2000-11-13,86.03059387207031
2000-11-14,88.29142761230469
2000-11-15,88.56907653808594
2000-11-16,87.18085479736328
2000-11-17,86.71477508544922
2000-11-20,85.47531127929688
2000-11-21,85.91160583496094
2000-11-22,83.85903930664062
2000-11-24,85.57445526123047
2000-11-27,86.3281021118164
2000-11-28,84.8407211303711
2000-11-29,84.68204498291016
2000-11-30,83.9482650756836
2000-12-01,83.90860748291016
2000-12-04,84.62251281738281
2000-12-05,87.39903259277344
2000-12-06,86.00080108642578
2000-12-07,84.82088470458984
2000-12-08,85.0191879272461
2000-12-11,87.97408294677734
2000-12-12,87.59730529785156
2000-12-13,86.39746856689453
2000-12-14,85.29681396484375
2000-12-15,83.37020874023438
2000-12-18,84.48424530029297
2000-12-19,82.76350402832031
2000-12-20,80.36646270751953
2000-12-21,80.92346954345703
2000-12-22,83.350341796875
2000-12-26,84.24552917480469
2000-12-27,84.86221313476562
2000-12-28,85.1208267211914
2000-12-29,83.5094985961914
2001-01-02,81.9976577758789
2001-01-03,85.93641662597656
2001-01-04,85.01139068603516
2001-01-05,82.2363510131836
2001-01-08,82.8729248046875
2001-01-09,82.65411376953125
2001-01-10,84.1063003540039
2001-01-11,84.18587493896484
2001-01-12,84.02669525146484
2001-01-16,84.5638198852539
2001-01-17,84.95173645019531
2001-01-18,85.79715728759766
2001-01-19,85.30975341796875
2001-01-22,85.87672424316406
2001-01-23,86.5530776977539
2001-01-24,86.81171417236328
2001-01-25,86.59286499023438
2001-01-26,86.49337005615234
2001-01-29,86.95494842529297
2001-01-30,87.71879577636719
2001-01-31,87.22225952148438
2001-02-01,87.80155944824219
2001-02-02,85.80908203125
2001-02-05,86.4393081665039
2001-02-06,86.18465423583984
2001-02-07,85.73908233642578
2001-02-08,84.73966979980469
2001-02-09,83.92486572265625
2001-02-12,84.88606262207031
2001-02-13,84.19220733642578
2001-02-14,84.06488037109375
2001-02-15,84.87969970703125
2001-02-16,83.00818634033203
2001-02-20,81.72872161865234
2001-02-21,79.96543884277344
2001-02-22,80.08638763427734
2001-02-23,79.54528045654297
2001-02-26,81.23851013183594
2001-02-27,80.48741912841797
2001-02-28,78.90235900878906
2001-03-01,79.31613159179688
2001-03-02,78.68592834472656
2001-03-05,79.40522766113281
2001-03-06,80.25823211669922
2001-03-07,80.83113861083984
2001-03-08,80.92024993896484
2001-03-09,78.52677917480469
2001-03-12,75.16571044921875
2001-03-13,76.400634765625
2001-03-14,74.89199829101562
2001-03-15,74.9111099243164
2001-03-16,73.40859985351562
2001-03-19,74.90214538574219
2001-03-20,72.89153289794922
2001-03-21,71.65328216552734
2001-03-22,70.9256591796875
2001-03-23,73.0702896118164
2001-03-26,74.0021743774414
2001-03-27,75.51488494873047
2001-03-28,73.427734375
2001-03-29,73.70854949951172
2001-03-30,74.48085021972656
2001-04-02,72.89153289794922
2001-04-03,70.45970153808594
2001-04-04,70.75337982177734
2001-04-05,73.43411254882812
2001-04-06,72.31710815429688
2001-04-09,73.12134552001953
2001-04-10,74.45533752441406
2001-04-11,74.5063705444336
2001-04-12,75.85955047607422
2001-04-16,75.06169891357422
2001-04-17,76.12125396728516
2001-04-18,79.146728515625
2001-04-19,80.19985961914062
2001-04-20,79.46585845947266
2001-04-23,78.02335357666016
2001-04-24,77.60204315185547
2001-04-25,78.61692810058594
2001-04-26,78.968017578125
2001-04-27,80.28285217285156
2001-04-30,80.84453582763672
2001-05-01,81.09346008300781
2001-05-02,80.9466552734375
2001-05-03,79.91903686523438
2001-05-04,81.27854919433594
2001-05-07,80.57646179199219
2001-05-08,80.53817749023438
2001-05-09,80.19985961914062
2001-05-10,80.4360122680664
2001-05-11,79.8807373046875
2001-05-14,80.04029846191406
2001-05-15,80.41051483154297
2001-05-16,82.30621337890625
2001-05-17,82.43385314941406
2001-05-18,82.8104248046875
2001-05-21,84.02953338623047
2001-05-22,83.92100524902344
2001-05-23,82.49768829345703
2001-05-24,82.740234375
2001-05-25,81.76366424560547
2001-05-29,81.11261749267578
2001-05-30,79.9764404296875
2001-05-31,80.39136505126953
2001-06-01,80.88924407958984
2001-06-04,81.27854919433594
2001-06-05,82.2104263305664
2001-06-06,81.52751159667969
2001-06-07,81.82111358642578
2001-06-08,81.06155395507812
2001-06-11,80.48706817626953
2001-06-12,80.3466567993164
2001-06-13,79.65733337402344
2001-06-14,77.87014770507812
2001-06-15,77.9955825805664
2001-06-18,77.61796569824219
2001-06-19,77.95719909667969
2001-06-20,78.36685180664062
2001-06-21,79.256591796875
2001-06-22,78.63570404052734
2001-06-25,77.91239166259766
2001-06-26,77.80357360839844
2001-06-27,77.75874328613281
2001-06-28,78.18761444091797
2001-06-29,78.47566986083984
2001-07-02,79.45503997802734
2001-07-03,79.43582916259766
2001-07-05,77.88677215576172
2001-07-06,76.20333099365234
2001-07-09,76.61937713623047
2001-07-10,75.6976547241211
2001-07-11,75.77445983886719
2001-07-12,77.57315826416016
2001-07-13,78.24524688720703
2001-07-16,77.2658920288086
2001-07-17,77.98922729492188
2001-07-18,77.45794677734375
2001-07-19,78.13641357421875
2001-07-20,77.66912078857422
2001-07-23,76.13932037353516
2001-07-24,75.4032211303711
2001-07-25,76.23532104492188
2001-07-26,77.03545379638672
2001-07-27,77.32987976074219
2001-07-30,77.35551452636719
2001-07-31,77.67552185058594
2001-08-01,78.16202545166016
2001-08-02,78.48204803466797
2001-08-03,78.05319213867188
2001-08-06,77.00346374511719
2001-08-07,77.30431365966797
2001-08-08,75.87047576904297
2001-08-09,76.09452056884766
2001-08-10,76.3569564819336
2001-08-13,76.37616729736328
2001-08-14,76.34416961669922
2001-08-15,75.68486022949219
2001-08-16,75.94728088378906
2001-08-17,74.73114013671875
2001-08-20,75.42240142822266
2001-08-21,74.1358413696289
2001-08-22,74.90392303466797
2001-08-23,74.63510131835938
2001-08-24,76.18412017822266
2001-08-27,75.72966003417969
2001-08-28,74.6222915649414
2001-08-29,73.95659637451172
2001-08-30,72.53559875488281
2001-08-31,73.06688690185547
2001-09-04,72.5995864868164
2001-09-05,72.77881622314453
2001-09-06,70.9033432006836
2001-09-07,69.5911636352539
2001-09-10,70.44251251220703
2001-09-17,66.76193237304688
2001-09-18,66.6019058227539
2001-09-19,65.25772094726562
2001-09-20,63.183807373046875
2001-09-21,62.50211715698242
2001-09-24,64.699462890625
2001-09-25,65.37407684326172
2001-09-26,65.14276885986328
2001-09-27,65.70816802978516
2001-09-28,67.10237884521484
2001-10-01,66.99315643310547
2001-10-02,67.8348388671875
2001-10-03,68.97205352783203
2001-10-04,69.02987670898438
2001-10-05,68.89495849609375
2001-10-08,68.44523620605469
2001-10-09,68.07897186279297
2001-10-10,69.59529876708984
2001-10-11,70.67466735839844
2001-10-12,70.35344696044922
2001-10-15,70.22489166259766
2001-10-16,70.66828918457031
2001-10-17,69.16475677490234
2001-10-18,69.01705169677734
2001-10-19,68.97205352783203
2001-10-22,70.33415222167969
2001-10-23,69.9743423461914
2001-10-24,69.78802490234375
2001-10-25,71.0408935546875
2001-10-26,70.88026428222656
2001-10-29,69.03630828857422
2001-10-30,68.20747375488281
2001-10-31,67.97614288330078
2001-11-01,69.71736907958984
2001-11-02,70.19281005859375
2001-11-05,71.11161041259766
2001-11-06,72.21664428710938
2001-11-07,72.1202621459961
2001-11-08,72.34515380859375
2001-11-09,72.4222640991211
2001-11-12,71.97897338867188
2001-11-13,73.5980453491211
2001-11-14,73.66871643066406
2001-11-15,73.80361938476562
2001-11-16,73.47591400146484
2001-11-19,74.38188171386719
2001-11-20,73.75870513916016
2001-11-21,73.27035522460938
2001-11-23,74.32405853271484
2001-11-26,74.48470306396484
2001-11-27,74.16345977783203
2001-11-28,72.82061767578125
2001-11-29,73.80361938476562
2001-11-30,73.27674865722656
2001-12-03,72.8398666381836
2001-12-04,74.073486328125
2001-12-05,75.4291763305664
2001-12-06,75.39058685302734
2001-12-07,74.88945007324219
2001-12-10,73.48880004882812
2001-12-11,73.34102630615234
2001-12-12,73.42457580566406
2001-12-13,71.99818420410156
2001-12-14,72.68566131591797
2001-12-17,73.43739318847656
2001-12-18,73.87429809570312
2001-12-19,74.39470672607422
2001-12-20,73.66229248046875
2001-12-21,74.10906982421875
2001-12-24,73.96723175048828
2001-12-26,74.37337493896484
2001-12-27,74.82469177246094
2001-12-28,74.78600311279297
2001-12-31,73.68999481201172
2002-01-02,74.48297119140625
2002-01-03,75.32759857177734
2002-01-04,75.8304443359375
2002-01-07,75.29533386230469
2002-01-08,75.12125396728516
2002-01-09,74.5087890625
2002-01-10,74.83760833740234
2002-01-11,74.10260772705078
2002-01-14,73.63844299316406
2002-01-15,74.23800659179688
2002-01-16,72.73584747314453
2002-01-17,73.2838363647461
2002-01-18,72.94863891601562
2002-01-22,72.44570922851562
2002-01-23,73.00015258789062
2002-01-24,73.22581481933594
2002-01-25,73.20648193359375
2002-01-28,73.40634155273438
2002-01-29,71.0982894897461
2002-01-30,72.12335205078125
2002-01-31,72.96793365478516
2002-02-01,72.6262435913086
2002-02-04,70.82106018066406
2002-02-05,70.3826675415039
2002-02-06,70.07965087890625
2002-02-07,69.64127349853516
2002-02-08,70.97579956054688
2002-02-11,71.84614562988281
2002-02-12,71.62049102783203
2002-02-13,72.38126373291016
2002-02-14,72.24585723876953
2002-02-15,71.49156188964844
2002-02-19,70.11834716796875
2002-02-20,71.29814910888672
2002-02-21,69.82176208496094
2002-02-22,70.68567657470703
2002-02-25,71.85260009765625
2002-02-26,71.70429229736328
2002-02-27,71.9815444946289
2002-02-28,71.65917205810547
2002-03-01,73.32894134521484
2002-03-04,74.62482452392578
2002-03-05,74.38630676269531
2002-03-06,75.2695541381836
2002-03-07,75.10835266113281
2002-03-08,75.42428588867188
2002-03-11,75.58545684814453
2002-03-12,75.54029846191406
2002-03-13,74.81181335449219
2002-03-14,74.70865631103516
2002-03-15,75.42049407958984
2002-03-18,75.43341827392578
2002-03-19,75.93777465820312
2002-03-20,74.50883483886719
2002-03-21,74.54121398925781
2002-03-22,74.3795394897461
2002-03-25,73.4549789428711
2002-03-26,73.88166809082031
2002-03-27,74.07565307617188
2002-03-28,74.0433349609375
2002-04-01,74.07565307617188
2002-04-02,73.66834259033203
2002-04-03,73.15106964111328
2002-04-04,72.84720611572266
2002-04-05,72.86015319824219
2002-04-08,73.01531982421875
2002-04-09,72.50455474853516
2002-04-10,73.3256607055664
2002-04-11,71.50238800048828
2002-04-12,72.03902435302734
2002-04-15,71.48943328857422
2002-04-16,73.18988800048828
2002-04-17,73.03471374511719
2002-04-18,72.7178726196289
2002-04-19,72.98301696777344
2002-04-22,71.76744079589844
2002-04-23,71.4571533203125
2002-04-24,70.73946380615234
2002-04-25,70.77823638916016
2002-04-26,69.43340301513672
2002-04-29,69.09073638916016
2002-04-30,69.7372817993164
2002-05-01,70.59070587158203
2002-05-02,70.3191909790039
2002-05-03,69.5562515258789
2002-05-06,68.1919937133789
2002-05-07,67.95281982421875
2002-05-08,70.48085021972656
2002-05-09,69.66619110107422
2002-05-10,68.3536605834961
2002-05-13,69.74375915527344
2002-05-14,71.26313018798828
2002-05-15,70.98512268066406
2002-05-16,71.35369873046875
2002-05-17,71.7027816772461
2002-05-20,70.9269027709961
2002-05-21,70.28038787841797
2002-05-22,70.43560028076172
2002-05-23,71.18559265136719
2002-05-24,70.27391052246094
2002-05-28,69.8924789428711
2002-05-29,69.37523651123047
2002-05-30,69.18126678466797
2002-05-31,69.32350158691406
2002-06-03,67.48081970214844
2002-06-04,67.64894104003906
2002-06-05,68.28250885009766
2002-06-06,66.8924560546875
2002-06-07,66.81487274169922
2002-06-10,67.07347106933594
2002-06-11,65.92262268066406
2002-06-12,66.32349395751953
2002-06-13,65.65756225585938
2002-06-14,65.5605697631836
2002-06-17,67.31920623779297
2002-06-18,67.86872863769531
2002-06-19,66.2846908569336
2002-06-20,65.43771362304688
2002-06-21,64.41452026367188
2002-06-24,64.75192260742188
2002-06-25,63.29856872558594
2002-06-26,63.40237045288086
2002-06-27,64.51182556152344
2002-06-28,64.2069091796875
2002-07-01,62.95466232299805
2002-07-02,61.61811447143555
2002-07-03,61.9684944152832
2002-07-05,64.43396759033203
2002-07-08,63.629459381103516
2002-07-09,62.02687072753906
2002-07-10,59.769004821777344
2002-07-11,60.25564193725586
2002-07-12,59.593841552734375
2002-07-15,59.91169357299805
2002-07-16,58.756839752197266
2002-07-17,58.87364196777344
2002-07-18,56.966102600097656
2002-07-19,54.96123504638672
2002-07-22,53.332740783691406
2002-07-23,51.872894287109375
2002-07-24,54.96772384643555
2002-07-25,54.50060272216797
2002-07-26,55.53870391845703
2002-07-29,58.24430465698242
2002-07-30,59.00339126586914
2002-07-31,59.14613723754883
2002-08-01,57.601951599121094
2002-08-02,56.310791015625
2002-08-05,54.35138702392578
2002-08-06,56.18101119995117
2002-08-07,57.1607780456543
2002-08-08,59.00987243652344
2002-08-09,59.23047637939453
2002-08-12,58.795772552490234
2002-08-13,57.725215911865234
2002-08-14,59.833900451660156
2002-08-15,60.66437530517578
2002-08-16,60.48270797729492
2002-08-19,61.89711380004883
2002-08-20,61.24180603027344
2002-08-21,62.124210357666016
2002-08-22,62.72758483886719
2002-08-23,61.378074645996094
2002-08-26,61.806304931640625
2002-08-27,61.09257125854492
2002-08-28,59.75601577758789
2002-08-29,59.7819709777832
2002-08-30,59.54838943481445
2002-09-03,57.277530670166016
2002-09-04,58.095054626464844
2002-09-05,57.601951599121094
2002-09-06,58.39349365234375
2002-09-09,58.82172775268555
2002-09-10,59.49650955200195
2002-09-11,59.12666702270508
2002-09-12,58.03666305541992
2002-09-13,58.17939758300781
2002-09-16,58.32212829589844
2002-09-17,56.98556900024414
2002-09-18,56.41458511352539
2002-09-19,54.95477294921875
2002-09-20,54.9730224609375
2002-09-23,54.52334213256836
2002-09-24,53.643524169921875
2002-09-25,54.9730224609375
2002-09-26,55.87241744995117
2002-09-27,53.93028259277344
2002-09-30,53.30462646484375
2002-10-01,55.865875244140625
2002-10-02,54.19096755981445
2002-10-03,53.643524169921875
2002-10-04,52.65943145751953
2002-10-07,51.571014404296875
2002-10-08,52.37920379638672
2002-10-09,50.89974594116211
2002-10-10,52.548587799072266
2002-10-11,54.84920883178711
2002-10-14,55.1555290222168
2002-10-15,57.80803298950195
2002-10-16,56.40681457519531
2002-10-17,57.52779006958008
2002-10-18,57.76891326904297
2002-10-21,58.76605987548828
2002-10-22,58.34247589111328
2002-10-23,58.78564453125
2002-10-24,57.586421966552734
2002-10-25,58.78564453125
2002-10-28,58.40110778808594
2002-10-29,57.723297119140625
2002-10-30,58.283775329589844
2002-10-31,57.69074249267578
2002-11-01,58.83124923706055
2002-11-04,59.3917121887207
2002-11-05,59.86098861694336
2002-11-06,60.636531829833984
2002-11-07,59.15060043334961
2002-11-08,58.427162170410156
2002-11-11,57.52128982543945
2002-11-12,57.97746276855469
2002-11-13,58.0361213684082
2002-11-14,59.13103103637695
2002-11-15,59.56769943237305
2002-11-18,58.96812057495117
2002-11-19,58.88990020751953
2002-11-20,60.19984436035156
2002-11-21,61.32082748413086
2002-11-22,60.88419723510742
2002-11-25,60.92325973510742
2002-11-26,59.763221740722656
2002-11-27,61.44466781616211
2002-11-29,61.24916458129883
2002-12-02,61.34688186645508
2002-12-03,60.525753021240234
2002-12-04,60.25201416015625
2002-12-05,59.587223052978516
2002-12-06,59.97825622558594
2002-12-09,58.32942199707031
2002-12-10,59.11146926879883
2002-12-11,59.1635856628418
2002-12-12,59.15711212158203
2002-12-13,58.22513198852539
2002-12-16,59.73064422607422
2002-12-17,59.209259033203125
2002-12-18,58.524940490722656
2002-12-19,58.107818603515625
2002-12-20,58.936981201171875
2002-12-23,58.956607818603516
2002-12-24,58.51780319213867
2002-12-26,58.544002532958984
2002-12-27,57.22761535644531
2002-12-30,57.705692291259766
2002-12-31,57.7842903137207
2003-01-02,59.644264221191406
2003-01-03,59.827667236328125
2003-01-06,60.88211441040039
2003-01-07,60.7314567565918
2003-01-08,59.85385513305664
2003-01-09,60.78388214111328
2003-01-10,60.94758224487305
2003-01-13,60.92792510986328
2003-01-14,61.12440872192383
2003-01-15,60.515357971191406
2003-01-16,60.26646423339844
2003-01-17,59.37576675415039
2003-01-21,58.45232009887695
2003-01-22,57.74497604370117
2003-01-23,58.09864807128906
2003-01-24,56.57267761230469
2003-01-27,55.79985046386719
2003-01-28,56.212467193603516
2003-01-29,56.638179779052734
2003-01-30,55.29557800292969
2003-01-31,56.36309814453125
2003-02-03,56.47443389892578
2003-02-04,55.91773986816406
2003-02-05,55.570640563964844
2003-02-06,55.308658599853516
2003-02-07,54.63409423828125
2003-02-10,55.020511627197266
2003-02-11,54.64063262939453
2003-02-12,53.76960754394531
2003-02-13,53.933326721191406
2003-02-14,55.1121826171875
2003-02-18,56.081478118896484
2003-02-19,55.78676986694336
2003-02-20,55.230072021484375
2003-02-21,55.78676986694336
2003-02-24,54.882965087890625
2003-02-25,55.3217887878418
2003-02-26,54.51618194580078
2003-02-27,55.23661422729492
2003-02-28,55.60335922241211
2003-03-03,55.07286071777344
2003-03-04,54.195289611816406
2003-03-05,54.653743743896484
2003-03-06,54.195289611816406
2003-03-07,54.568580627441406
2003-03-10,53.258731842041016
2003-03-11,52.734806060791016
2003-03-12,53.088436126708984
2003-03-13,54.9222526550293
2003-03-14,55.09908676147461
2003-03-17,56.834659576416016
2003-03-18,57.16865921020508
2003-03-19,57.60745620727539
2003-03-20,57.73188781738281
2003-03-21,58.96416473388672
2003-03-24,57.00461959838867
2003-03-25,57.550392150878906
2003-03-26,57.261085510253906
2003-03-27,57.30710220336914
2003-03-28,57.017757415771484
2003-03-31,55.72237014770508
2003-04-01,56.57719421386719
2003-04-02,57.944923400878906
2003-04-03,57.66875457763672
2003-04-04,58.01069641113281
2003-04-07,57.898963928222656
2003-04-08,57.9909782409668
2003-04-09,57.22817611694336
2003-04-10,57.54383087158203
2003-04-11,57.30710220336914
2003-04-14,58.4907341003418
2003-04-15,59.036521911621094
2003-04-16,58.03043746948242
2003-04-17,58.89181137084961
2003-04-21,58.951026916503906
2003-04-22,60.06230545043945
2003-04-23,60.61467742919922
2003-04-24,60.07547378540039
2003-04-25,59.33244323730469
2003-04-28,60.35824203491211
2003-04-29,60.568634033203125
2003-04-30,60.4371452331543
2003-05-01,60.430580139160156
2003-05-02,61.291988372802734
2003-05-05,61.17359161376953
2003-05-06,61.75226593017578
2003-05-07,61.41035461425781
2003-05-08,60.79221725463867
2003-05-09,61.63389587402344
2003-05-12,62.390132904052734
2003-05-13,62.278324127197266
2003-05-14,62.14679718017578
2003-05-15,62.54133605957031
2003-05-16,62.383522033691406
2003-05-19,60.923709869384766
2003-05-20,60.79882049560547
2003-05-21,60.923709869384766
2003-05-22,61.528690338134766
2003-05-23,61.65360641479492
2003-05-27,62.73207092285156
2003-05-28,62.90957260131836
2003-05-29,62.745201110839844
2003-05-30,63.75127410888672
2003-06-02,64.01428985595703
2003-06-03,64.27732849121094
2003-06-04,65.20454406738281
2003-06-05,65.52668762207031
2003-06-06,65.270263671875
2003-06-09,64.60611724853516
2003-06-10,65.26368713378906
2003-06-11,65.95411682128906
2003-06-12,66.15800476074219
2003-06-13,65.46753692626953
2003-06-16,66.84842681884766
2003-06-17,66.84842681884766
2003-06-18,66.78923797607422
2003-06-19,65.77000427246094
2003-06-20,65.62483978271484
2003-06-23,64.95171356201172
2003-06-24,65.01765441894531
2003-06-25,64.36433410644531
2003-06-26,65.20246124267578
2003-06-27,64.45012664794922
2003-06-30,64.43035125732422
2003-07-01,65.02428436279297
2003-07-02,65.84257507324219
2003-07-03,65.16287231445312
2003-07-07,66.45632934570312
2003-07-08,66.75334167480469
2003-07-09,66.37718200683594
2003-07-10,65.5324478149414
2003-07-11,66.15278625488281
2003-07-14,66.47615814208984
2003-07-15,66.3309555053711
2003-07-16,65.94161224365234
2003-07-17,65.00445556640625
2003-07-18,65.67102813720703
2003-07-21,64.85929107666016
2003-07-22,65.44664764404297
2003-07-23,65.49286651611328
2003-07-24,64.99787902832031
2003-07-25,66.1462173461914
2003-07-28,65.90199279785156
2003-07-29,65.59842681884766
2003-07-30,65.44005584716797
2003-07-31,65.59184265136719
2003-08-01,65.0110855102539
2003-08-04,65.0110855102539
2003-08-05,63.63179016113281
2003-08-06,64.0013427734375
2003-08-07,64.67448425292969
2003-08-08,64.85929107666016
2003-08-11,65.10348510742188
2003-08-12,65.69741821289062
2003-08-13,65.3608169555664
2003-08-14,65.53903198242188
2003-08-15,65.74361419677734
2003-08-18,66.31117248535156
2003-08-19,66.56192779541016
2003-08-20,66.29137420654297
2003-08-21,66.50257873535156
2003-08-22,65.84257507324219
2003-08-25,65.94822692871094
2003-08-26,66.06700134277344
2003-08-27,66.08679962158203
2003-08-28,66.4959716796875
2003-08-29,66.94471740722656
2003-09-02,67.84224700927734
2003-09-03,68.21180725097656
2003-09-04,68.24480438232422
2003-09-05,67.8620376586914
2003-09-08,68.42298889160156
2003-09-09,67.97419738769531
2003-09-10,67.28787994384766
2003-09-11,67.48587799072266
2003-09-12,67.61127471923828
2003-09-15,67.37367248535156
2003-09-16,68.35700988769531
2003-09-17,68.22498321533203
2003-09-18,69.03014373779297
2003-09-19,68.67903137207031
2003-09-22,67.93705749511719
2003-09-23,68.19541931152344
2003-09-24,66.98307037353516
2003-09-25,66.4332504272461
2003-09-26,66.21460723876953
2003-09-29,66.86384582519531
2003-09-30,66.21460723876953
2003-10-01,67.62567138671875
2003-10-02,67.87083435058594
2003-10-03,68.4935302734375
2003-10-06,68.80491638183594
2003-10-07,69.06990051269531
2003-10-08,68.89765167236328
2003-10-09,69.08312225341797
2003-10-10,69.27525329589844
2003-10-13,69.49388122558594
2003-10-14,69.73898315429688
2003-10-15,69.55348205566406
2003-10-16,69.83170318603516
2003-10-17,69.06990051269531
2003-10-20,69.58663177490234
2003-10-21,69.4673843383789
2003-10-22,68.59288024902344
2003-10-23,68.46704864501953
2003-10-24,68.61940002441406
2003-10-27,68.65251159667969
2003-10-28,69.58663177490234
2003-10-29,69.67935180664062
2003-10-30,69.82510375976562
2003-10-31,69.75887298583984
2003-11-03,70.21598815917969
2003-11-04,70.06360626220703
2003-11-05,70.11663818359375
2003-11-06,70.48760986328125
2003-11-07,69.9642562866211
2003-11-10,69.67935180664062
2003-11-11,69.6595230102539
2003-11-12,70.4411849975586
2003-11-13,70.46111297607422
2003-11-14,69.86483764648438
2003-11-17,69.51375579833984
2003-11-18,68.7916488647461
2003-11-19,69.37461853027344
2003-11-20,68.75189208984375
2003-11-21,69.03678894042969
2003-11-24,69.95098114013672
2003-11-25,70.21598815917969
2003-11-26,70.46772766113281
2003-11-28,70.52070617675781
2003-12-01,71.28258514404297
2003-12-02,71.10369110107422
2003-12-03,70.99110412597656
2003-12-04,71.28258514404297
2003-12-05,70.78573608398438
2003-12-08,71.26268768310547
2003-12-09,70.71282196044922
2003-12-10,70.70623016357422
2003-12-11,71.50115966796875
2003-12-12,71.64031219482422
2003-12-15,71.28258514404297
2003-12-16,71.65355682373047
2003-12-17,71.8788070678711
2003-12-18,72.68702697753906
2003-12-19,72.48467254638672
2003-12-22,72.99050903320312
2003-12-23,73.03714752197266
2003-12-24,72.96393585205078
2003-12-26,73.01716613769531
2003-12-29,73.98890686035156
2003-12-30,74.00225067138672
2003-12-31,74.06881713867188
2004-01-02,74.03553771972656
2004-01-05,74.84089660644531
2004-01-06,74.91414642333984
2004-01-07,75.16704559326172
2004-01-08,75.46658325195312
2004-01-09,74.8076400756836
2004-01-12,75.36007690429688
2004-01-13,74.92076873779297
2004-01-14,75.54647827148438
2004-01-15,75.73284912109375
2004-01-16,76.0323257446289
2004-01-20,76.01235961914062
2004-01-21,76.61144256591797
2004-01-22,76.4117660522461
2004-01-23,76.16548919677734
2004-01-26,77.12396240234375
2004-01-27,76.33187866210938
2004-01-28,75.4599380493164
2004-01-29,75.53316497802734
2004-01-30,75.53316497802734
2004-02-02,75.85929870605469
2004-02-03,75.73284912109375
2004-02-04,75.11382293701172
2004-02-05,75.33345031738281
2004-02-06,76.17878723144531
2004-02-09,76.19876861572266
2004-02-10,76.44503784179688
2004-02-11,77.25706481933594
2004-02-12,76.97750091552734
2004-02-13,76.63141632080078
2004-02-17,77.32362365722656
2004-02-18,76.98419189453125
2004-02-19,76.69798278808594
2004-02-20,76.46500396728516
2004-02-23,76.2719497680664
2004-02-24,76.13887023925781
2004-02-25,76.4583511352539
2004-02-26,76.50494384765625
2004-02-27,76.55821228027344
2004-03-01,77.31692504882812
2004-03-02,76.86437225341797
2004-03-03,77.004150390625
2004-03-04,77.20381164550781
2004-03-05,77.46339416503906
2004-03-08,76.51824188232422
2004-03-09,76.21208953857422
2004-03-10,74.93408966064453
2004-03-11,73.96231079101562
2004-03-12,74.93408966064453
2004-03-15,74.01557159423828
2004-03-16,74.40828704833984
2004-03-17,75.24024200439453
2004-03-18,75.26024627685547
2004-03-19,74.1814956665039
2004-03-22,73.23971557617188
2004-03-23,73.11283111572266
2004-03-24,73.17295837402344
2004-03-25,74.14146423339844
2004-03-26,74.16149139404297
2004-03-29,75.20345306396484
2004-03-30,75.45726776123047
2004-03-31,75.54411315917969
2004-04-01,75.99835205078125
2004-04-02,76.57275390625
2004-04-05,76.99356079101562
2004-04-06,76.74641418457031
2004-04-07,76.56607818603516
2004-04-08,76.39239501953125
2004-04-12,76.69297790527344
2004-04-13,75.61759185791016
2004-04-14,75.73785400390625
2004-04-15,75.45059204101562
2004-04-16,76.03173828125
2004-04-19,76.03173828125
2004-04-20,74.75594329833984
2004-04-21,75.25691223144531
2004-04-22,76.3122787475586
2004-04-23,76.3857192993164
2004-04-26,76.27887725830078
2004-04-27,76.34567260742188
2004-04-28,75.35711669921875
2004-04-29,74.69583129882812
2004-04-30,74.11473083496094
2004-05-03,74.90958404541016
2004-05-04,74.84950256347656
2004-05-05,75.33040618896484
2004-05-06,74.68250274658203
2004-05-07,73.44680786132812
2004-05-10,72.69200134277344
2004-05-11,73.30653381347656
2004-05-12,73.77407836914062
2004-05-13,73.46683502197266
2004-05-14,73.5002212524414
2004-05-17,72.87236022949219
2004-05-18,73.23971557617188
2004-05-19,72.98590850830078
2004-05-20,73.21971893310547
2004-05-21,73.34660339355469
2004-05-24,73.65385437011719
2004-05-25,74.70921325683594
2004-05-26,74.96971893310547
2004-05-27,75.39048767089844
2004-05-28,75.38380432128906
2004-06-01,75.28364562988281
2004-06-02,75.56415557861328
2004-06-03,74.86952209472656
2004-06-04,75.46398162841797
2004-06-07,76.61284637451172
2004-06-08,76.71968078613281
2004-06-09,76.0050048828125
2004-06-10,76.3790512084961
2004-06-14,75.62428283691406
2004-06-15,76.15862274169922
2004-06-16,76.14527893066406
2004-06-17,76.03173828125
2004-06-18,76.17517852783203
2004-06-21,75.88692474365234
2004-06-22,76.26904296875
2004-06-23,76.9260025024414
2004-06-24,76.6846694946289
2004-06-25,76.31595611572266
2004-06-28,76.05450439453125
2004-06-29,76.36958312988281
2004-06-30,76.77848815917969
2004-07-01,75.71263122558594
2004-07-02,75.67237854003906
2004-07-06,75.00869750976562
2004-07-07,75.22994232177734
2004-07-08,74.70708465576172
2004-07-09,74.90148162841797
2004-07-12,74.93497467041016
2004-07-13,74.98858642578125
2004-07-14,74.76067352294922
2004-07-15,74.27800750732422
2004-07-16,74.21768188476562
2004-07-19,73.90262603759766
2004-07-20,74.84113311767578
2004-07-21,73.46015167236328
2004-07-22,73.6612548828125
2004-07-23,73.04452514648438
2004-07-26,72.90375518798828
2004-07-27,73.58753204345703
2004-07-28,73.80878448486328
2004-07-29,74.1238021850586
2004-07-30,74.30484771728516
2004-08-02,74.45904541015625
2004-08-03,73.88249206542969
2004-08-04,73.87577819824219
2004-08-05,72.66912841796875
2004-08-06,71.6300048828125
2004-08-09,71.73057556152344
2004-08-10,72.65570831298828
2004-08-11,72.50821685791016
2004-08-12,71.71717071533203
2004-08-13,71.85796356201172
2004-08-16,72.60205841064453
2004-08-17,73.0110092163086
2004-08-18,73.76181030273438
2004-08-19,73.54730224609375
2004-08-20,74.06348419189453
2004-08-23,73.87577819824219
2004-08-24,73.97634887695312
2004-08-25,74.47913360595703
2004-08-26,74.47913360595703
2004-08-27,74.71376037597656
2004-08-30,74.09698486328125
2004-08-31,74.48584747314453
2004-09-01,74.62659454345703
2004-09-02,75.4712905883789
2004-09-03,75.16289520263672
2004-09-07,75.65898132324219
2004-09-08,75.4712905883789
2004-09-09,75.40425109863281
2004-09-10,75.79304504394531
2004-09-13,76.04112243652344
2004-09-14,76.19528198242188
2004-09-15,75.61878204345703
2004-09-16,75.84669494628906
2004-09-17,76.1691665649414
2004-09-20,75.7114028930664
2004-09-21,76.041259765625
2004-09-22,75.0920639038086
2004-09-23,74.68816375732422
2004-09-24,75.03150177001953
2004-09-27,74.55353546142578
2004-09-28,74.91033935546875
2004-09-29,75.28730010986328
2004-09-30,75.2334213256836
2004-10-01,76.50572967529297
2004-10-04,76.6336441040039
2004-10-05,76.67401885986328
2004-10-06,77.19910430908203
2004-10-07,76.37109375
2004-10-08,75.73831939697266
2004-10-11,76.04796600341797
2004-10-12,75.75177001953125
2004-10-13,75.08536529541016
2004-10-14,74.47950744628906
2004-10-15,74.89684295654297
2004-10-18,75.1795883178711
2004-10-19,74.54679107666016
2004-10-20,74.39869689941406
2004-10-21,74.88340759277344
2004-10-22,74.04193878173828
2004-10-25,73.95442962646484
2004-10-26,75.08536529541016
2004-10-27,75.98738861083984
2004-10-28,76.21624755859375
2004-10-29,76.20280456542969
2004-11-01,76.41151428222656
2004-11-02,76.43842315673828
2004-11-03,77.40105438232422
2004-11-04,78.45793914794922
2004-11-05,78.94934844970703
2004-11-08,78.83489227294922
2004-11-09,78.68006896972656
2004-11-10,78.74066925048828
2004-11-11,79.33979797363281
2004-11-12,79.96582794189453
2004-11-15,80.16230773925781
2004-11-16,79.58842468261719
2004-11-17,80.06103515625
2004-11-18,80.16905975341797
2004-11-19,79.27784729003906
2004-11-22,79.65593719482422
2004-11-23,79.77745056152344
2004-11-24,79.96649169921875
2004-11-26,79.90571594238281
2004-11-29,79.54110717773438
2004-11-30,79.59513092041016
2004-12-01,80.4998779296875
2004-12-02,80.56742095947266
2004-12-03,80.51336669921875
2004-12-06,80.4863510131836
2004-12-07,79.73695373535156
2004-12-08,80.20279693603516
2004-12-09,80.4863510131836
2004-12-10,80.56742095947266
2004-12-13,81.2695541381836
2004-12-14,81.55315399169922
2004-12-15,81.61390686035156
2004-12-16,81.56663513183594
2004-12-17,81.02261352539062
2004-12-20,81.04298400878906
2004-12-21,81.6670150756836
2004-12-22,81.86377716064453
2004-12-23,81.92481231689453
2004-12-27,81.75521850585938
2004-12-28,82.20291900634766
2004-12-29,82.32501220703125
2004-12-30,82.16902160644531
2004-12-31,81.9926528930664
2005-01-03,81.6059799194336
2005-01-04,80.60881805419922
2005-01-05,80.05255889892578
2005-01-06,80.45958709716797
2005-01-07,80.34422302246094
2005-01-10,80.7240982055664
2005-01-11,80.16790771484375
2005-01-12,80.43243408203125
2005-01-13,79.78801727294922
2005-01-14,80.20855712890625
2005-01-18,81.04298400878906
2005-01-19,80.19500732421875
2005-01-20,79.70662689208984
2005-01-21,79.21819305419922
2005-01-24,79.06212615966797
2005-01-25,79.28599548339844
2005-01-26,79.52345275878906
2005-01-27,79.65911865234375
2005-01-28,79.65911865234375
2005-01-31,80.15433502197266
2005-02-01,80.66310119628906
2005-02-02,80.90727233886719
2005-02-03,80.69698333740234
2005-02-04,81.55851745605469
2005-02-07,81.449951171875
2005-02-08,81.54493713378906
2005-02-09,80.93441772460938
2005-02-10,81.22608184814453
2005-02-11,81.92481231689453
2005-02-14,81.86377716064453
2005-02-15,82.16902160644531
2005-02-16,82.2232894897461
2005-02-17,81.55851745605469
2005-02-18,81.6670150756836
2005-02-22,80.45277404785156
2005-02-23,81.02938842773438
2005-02-24,81.56529998779297
2005-02-25,82.37252044677734
2005-02-28,81.829833984375
2005-03-01,82.23684692382812
2005-03-02,82.19615936279297
2005-03-03,82.2300796508789
2005-03-04,83.25438690185547
2005-03-07,83.29509735107422
2005-03-08,82.98303985595703
2005-03-09,82.06049346923828
2005-03-10,82.24360656738281
2005-03-11,81.6670150756836
2005-03-14,82.17583465576172
2005-03-15,81.49744415283203
2005-03-16,80.80551147460938
2005-03-17,80.96835327148438
2005-03-18,80.72794342041016
2005-03-21,80.42829132080078
2005-03-22,79.611083984375
2005-03-23,79.67921447753906
2005-03-24,79.77450561523438
2005-03-28,79.8902587890625
2005-03-29,79.35909271240234
2005-03-30,80.4827880859375
2005-03-31,80.33296966552734
2005-04-01,79.97200775146484
2005-04-04,80.10819244384766
2005-04-05,80.48959350585938
2005-04-06,80.7687759399414
2005-04-07,81.20465850830078
2005-04-08,80.36014556884766
2005-04-11,80.42147827148438
2005-04-12,80.8368911743164
2005-04-13,79.88345336914062
2005-04-14,78.84153747558594
2005-04-15,77.73825073242188
2005-04-18,77.97661590576172
2005-04-19,78.59635925292969
2005-04-20,77.4998779296875
2005-04-21,79.00493621826172
2005-04-22,78.70533752441406
2005-04-25,79.22289276123047
2005-04-26,78.4533462524414
2005-04-27,78.75981140136719
2005-04-28,77.77232360839844
2005-04-29,78.82789611816406
2005-05-02,79.27057647705078
2005-05-03,79.40676879882812
2005-05-04,80.01966857910156
2005-05-05,79.99243927001953
2005-05-06,79.74044799804688
2005-05-09,80.23761749267578
2005-05-10,79.40676879882812
2005-05-11,79.84262084960938
2005-05-12,78.9640884399414
2005-05-13,78.80745697021484
2005-05-16,79.54296112060547
2005-05-17,80.07415771484375
2005-05-18,80.898193359375
2005-05-19,81.23870849609375
2005-05-20,81.12293243408203
2005-05-23,81.5724105834961
2005-05-24,81.3817138671875
2005-05-25,81.3204345703125
2005-05-26,81.75624084472656
2005-05-27,81.89248657226562
2005-05-31,81.36808776855469
2005-06-01,82.06271362304688
2005-06-02,82.23979949951172
2005-06-03,81.8243637084961
2005-06-06,81.74945068359375
2005-06-07,81.8107681274414
2005-06-08,81.66095733642578
2005-06-09,82.04908752441406
2005-06-10,81.85841369628906
2005-06-13,82.11723327636719
2005-06-14,82.30789184570312
2005-06-15,82.46453857421875
2005-06-16,82.67566680908203
2005-06-17,82.98197937011719
2005-06-20,83.00934600830078
2005-06-21,83.05718231201172
2005-06-22,83.12554931640625
2005-06-23,81.95631408691406
2005-06-24,81.35462188720703
2005-06-27,81.47083282470703
2005-06-28,82.15460205078125
2005-06-29,81.935791015625
2005-06-30,81.4913558959961
2005-07-01,81.73067474365234
2005-07-05,82.38709259033203
2005-07-06,81.69649505615234
2005-07-07,82.01786041259766
2005-07-08,82.9546127319336
2005-07-11,83.37857055664062
2005-07-12,83.59735870361328
2005-07-13,83.71361541748047
2005-07-14,84.04183197021484
2005-07-15,83.99397277832031
2005-07-18,83.65890502929688
2005-07-19,84.11701965332031
2005-07-20,84.40424346923828
2005-07-21,83.9118881225586
2005-07-22,84.47261047363281
2005-07-25,84.2332763671875
2005-07-26,84.3358383178711
2005-07-27,84.64352416992188
2005-07-28,85.1768798828125
2005-07-29,84.60935974121094
2005-08-01,84.54781341552734
2005-08-02,85.0538101196289
2005-08-03,85.27944946289062
2005-08-04,84.59571075439453
2005-08-05,84.02130889892578
2005-08-08,83.8640365600586
2005-08-09,84.37002563476562
2005-08-10,84.32902526855469
2005-08-11,84.66405487060547
2005-08-12,84.14436340332031
2005-08-15,84.66405487060547
2005-08-16,83.56317901611328
2005-08-17,83.55634307861328
2005-08-18,83.54953002929688
2005-08-19,83.740966796875
2005-08-22,83.740966796875
2005-08-23,83.58369445800781
2005-08-24,82.83834838867188
2005-08-25,83.1392593383789
2005-08-26,82.57168579101562
2005-08-29,83.20762634277344
2005-08-30,82.7699966430664
2005-08-31,83.8161849975586
2005-09-01,83.75464630126953
2005-09-02,83.60420989990234
2005-09-06,84.58200073242188
2005-09-07,84.72559356689453
2005-09-08,84.4452133178711
2005-09-09,85.19740295410156
2005-09-12,85.02643585205078
2005-09-13,84.55461120605469
2005-09-14,84.24693298339844
2005-09-15,84.20589447021484
2005-09-16,84.80465698242188
2005-09-19,84.52316284179688
2005-09-20,83.80902862548828
2005-09-21,83.02617645263672
2005-09-22,83.32147216796875
2005-09-23,83.39012908935547
2005-09-26,83.48628997802734
2005-09-27,83.46571350097656
2005-09-28,83.548095703125
2005-09-29,84.22789764404297
2005-09-30,84.48883056640625
2005-10-03,84.18669891357422
2005-10-04,83.23910522460938
2005-10-05,82.14727783203125
2005-10-06,81.85198974609375
2005-10-07,82.13355255126953
2005-10-10,81.4399642944336
2005-10-11,81.3232421875
2005-10-12,80.68467712402344
2005-10-13,80.63656616210938
2005-10-14,81.48808288574219
2005-10-17,81.7901840209961
2005-10-18,80.90438842773438
2005-10-19,82.25027465820312
2005-10-20,80.8013687133789
2005-10-21,81.11723327636719
2005-10-24,82.3738784790039
2005-10-25,82.2090835571289
2005-10-26,81.96871948242188
2005-10-27,81.09667205810547
2005-10-28,82.26398468017578
2005-10-31,82.49059295654297
2005-11-01,82.73780059814453
2005-11-02,83.60301971435547
2005-11-03,83.96007537841797
2005-11-04,83.85025787353516
2005-11-07,83.93265533447266
2005-11-08,83.93265533447266
2005-11-09,84.04248046875
2005-11-10,84.69483947753906
2005-11-11,84.98320770263672
2005-11-14,84.9351577758789
2005-11-15,84.62615966796875
2005-11-16,84.79781341552734
2005-11-17,85.5875015258789
2005-11-18,85.92399597167969
2005-11-21,86.35661315917969
2005-11-22,86.72742462158203
2005-11-23,87.22868347167969
2005-11-25,87.29732513427734
2005-11-28,86.67932891845703
2005-11-29,86.58319091796875
2005-11-30,86.11624145507812
2005-12-01,86.99523162841797
2005-12-02,87.10508728027344
2005-12-05,86.91967010498047
2005-12-06,87.08448028564453
2005-12-07,86.57628631591797
2005-12-08,86.52136993408203
2005-12-09,86.74800872802734
2005-12-12,86.83041381835938
2005-12-13,87.42095184326172
2005-12-14,87.7642822265625
2005-12-15,87.51021575927734
2005-12-16,87.2285385131836
2005-12-19,86.77985382080078
2005-12-20,86.8626708984375
2005-12-21,87.00074768066406
2005-12-22,87.45639038085938
2005-12-23,87.50468444824219
2005-12-27,86.61415100097656
2005-12-28,86.80745697021484
2005-12-29,86.4208755493164
2005-12-30,85.95145416259766
2006-01-03,87.46326446533203
2006-01-04,87.8774642944336
2006-01-05,87.93268585205078
2006-01-06,88.66442108154297
2006-01-09,88.89225006103516
2006-01-10,88.98194885253906
2006-01-11,89.26499938964844
2006-01-12,88.91294860839844
2006-01-13,88.83010864257812
2006-01-17,88.58848571777344
2006-01-18,88.23641204833984
2006-01-19,88.57469177246094
2006-01-20,86.95930480957031
2006-01-23,87.26996612548828
2006-01-24,87.3597183227539
2006-01-25,87.43566131591797
2006-01-26,87.91886901855469
2006-01-27,88.73345184326172
2006-01-30,88.66442108154297
2006-01-31,88.01554870605469
2006-02-01,88.62989044189453
2006-02-02,87.60130310058594
2006-02-03,87.16641235351562
2006-02-06,87.39421844482422
2006-02-07,86.6210708618164
2006-02-08,87.40802764892578
2006-02-09,87.26305389404297
2006-02-10,87.42184448242188
2006-02-13,87.26305389404297
2006-02-14,88.1881103515625
2006-02-15,88.49871826171875
2006-02-16,89.16146850585938
2006-02-17,88.91983032226562
2006-02-21,88.69894409179688
2006-02-22,89.23739624023438
2006-02-23,89.106201171875
2006-02-24,89.33403015136719
2006-02-27,89.36854553222656
2006-02-28,88.51948547363281
2006-03-01,89.30640411376953
2006-03-02,89.29953002929688
2006-03-03,88.88530731201172
2006-03-06,88.47804260253906
2006-03-07,88.33995819091797
2006-03-08,88.5263671875
2006-03-09,87.93268585205078
2006-03-10,88.7679672241211
2006-03-13,88.93367004394531
2006-03-14,89.86557006835938
2006-03-15,90.26596069335938
2006-03-16,90.45231628417969
2006-03-17,90.52790069580078
2006-03-20,90.38235473632812
2006-03-21,89.81405639648438
2006-03-22,90.36156463623047
2006-03-23,90.17440795898438
2006-03-24,90.2437515258789
2006-03-27,90.1120376586914
2006-03-28,89.55757141113281
2006-03-29,90.11898040771484
2006-03-30,89.95957946777344
2006-03-31,89.98036193847656
2006-04-03,89.91107177734375
2006-04-04,90.48629760742188
2006-04-05,90.79820251464844
2006-04-06,90.7011489868164
2006-04-07,89.77938842773438
2006-04-10,89.91798400878906
2006-04-11,89.15560913085938
2006-04-12,89.32198333740234
2006-04-13,89.20415496826172
2006-04-17,89.16950225830078
2006-04-18,90.58332061767578
2006-04-19,90.75660705566406
2006-04-20,90.88134002685547
2006-04-21,90.89519500732422
2006-04-24,90.7288589477539
2006-04-25,90.35462951660156
2006-04-26,90.37540435791016
2006-04-27,90.81205749511719
2006-04-28,91.11699676513672
2006-05-01,90.37540435791016
2006-05-02,91.05461120605469
2006-05-03,90.71500396728516
2006-05-04,91.04078674316406
2006-05-05,91.84473419189453
2006-05-08,91.73383331298828
2006-05-09,91.91399383544922
2006-05-10,91.86553192138672
2006-05-11,90.75660705566406
2006-05-12,89.57148742675781
2006-05-15,89.75167083740234
2006-05-16,89.61997985839844
2006-05-17,87.91500091552734
2006-05-18,87.47148895263672
2006-05-19,88.0882797241211
2006-05-22,87.416015625
2006-05-23,86.75067138671875
2006-05-24,87.44379425048828
2006-05-25,88.52494049072266
2006-05-26,88.97541809082031
2006-05-30,87.39523315429688
2006-05-31,88.3724365234375
2006-06-01,89.21797943115234
2006-06-02,89.40510559082031
2006-06-05,88.1021728515625
2006-06-06,87.88731384277344
2006-06-07,87.22892761230469
2006-06-08,87.15267181396484
2006-06-09,86.87542724609375
2006-06-12,85.93289184570312
2006-06-13,84.93486022949219
2006-06-14,85.59325408935547
2006-06-15,87.40910339355469
2006-06-16,86.77216339111328
2006-06-19,86.08993530273438
2006-06-20,86.38229370117188
2006-06-21,87.02274322509766
2006-06-22,86.63987731933594
2006-06-23,86.62594604492188
2006-06-26,87.00882720947266
2006-06-27,86.25700378417969
2006-06-28,86.84174346923828
2006-06-29,88.5959701538086
2006-06-30,88.60297393798828
2006-07-03,88.96495819091797
2006-07-05,88.45675659179688
2006-07-06,88.7143325805664
2006-07-07,88.13656616210938
2006-07-10,88.3035888671875
2006-07-11,88.69347381591797
2006-07-12,87.74671173095703
2006-07-13,86.3196792602539
2006-07-14,85.98554229736328
2006-07-17,85.8602066040039
2006-07-18,86.29878234863281
2006-07-19,87.49607849121094
2006-07-20,86.89747619628906
2006-07-21,86.28488159179688
2006-07-24,87.85810852050781
2006-07-25,88.17134094238281
2006-07-26,88.28971862792969
2006-07-27,88.20616149902344
2006-07-28,89.09025573730469
2006-07-31,88.999755859375
2006-08-01,88.56118774414062
2006-08-02,89.15985107421875
2006-08-03,89.39653778076172
2006-08-04,89.24340057373047
2006-08-07,89.03456115722656
2006-08-08,88.69347381591797
2006-08-09,88.39411163330078
2006-08-10,88.66560363769531
2006-08-11,88.41502380371094
2006-08-14,88.484619140625
2006-08-15,89.54269409179688
2006-08-16,90.28759765625
2006-08-17,90.51730346679688
2006-08-18,90.97673797607422
2006-08-21,90.58692169189453
2006-08-22,90.57997131347656
2006-08-23,90.329345703125
2006-08-24,90.25276184082031
2006-08-25,90.36416625976562
2006-08-28,90.79576873779297
2006-08-29,90.900146484375
2006-08-30,90.95588684082031
2006-08-31,90.94194030761719
2006-09-01,91.4848861694336
2006-09-05,91.65897369384766
2006-09-06,90.85144805908203
2006-09-07,90.43378448486328
2006-09-08,90.69136047363281
2006-09-11,90.78184509277344
2006-09-12,91.67284393310547
2006-09-13,92.04181671142578
2006-09-14,92.04874420166016
2006-09-15,92.26483917236328
2006-09-18,92.39070892333984
2006-09-19,92.15995025634766
2006-09-20,92.64933776855469
2006-09-21,92.201904296875
2006-09-22,91.92225646972656
2006-09-25,92.62841033935547
2006-09-26,93.39751434326172
2006-09-27,93.50940704345703
2006-09-28,93.47445678710938
2006-09-29,93.39751434326172
2006-10-02,93.04792022705078
2006-10-03,93.24369049072266
2006-10-04,94.33440399169922
2006-10-05,94.51620483398438
2006-10-06,94.39738464355469
2006-10-09,94.45328521728516
2006-10-10,94.5791015625
2006-10-11,94.46729278564453
2006-10-12,95.28528594970703
2006-10-13,95.53004455566406
2006-10-16,95.6768569946289
2006-10-17,95.37622833251953
2006-10-18,95.50210571289062
2006-10-19,95.6559066772461
2006-10-20,95.6768569946289
2006-10-23,96.11735534667969
2006-10-24,96.4040298461914
2006-10-25,96.732666015625
2006-10-26,97.03327941894531
2006-10-27,96.42500305175781
2006-10-30,96.35506439208984
2006-10-31,96.34111785888672
2006-11-01,95.69085693359375
2006-11-02,95.63490295410156
2006-11-03,95.46708679199219
2006-11-06,96.54386138916016
2006-11-07,96.91443634033203
2006-11-08,97.12420654296875
2006-11-09,96.61376953125
2006-11-10,96.65572357177734
2006-11-13,96.89348602294922
2006-11-14,97.62060546875
2006-11-15,97.90030670166016
2006-11-16,98.15199279785156
2006-11-17,98.17994689941406
2006-11-20,98.23587799072266
2006-11-21,98.33378601074219
2006-11-22,98.52954864501953
2006-11-24,98.13105010986328
2006-11-27,96.78157806396484
2006-11-28,97.20112609863281
2006-11-29,98.21492767333984
2006-11-30,98.25685119628906
2006-12-01,98.04013061523438
2006-12-04,98.78828430175781
2006-12-05,99.21477508544922
2006-12-06,99.1308364868164
2006-12-07,98.6973648071289
2006-12-08,98.879150390625
2006-12-11,99.16584014892578
2006-12-12,99.08889770507812
2006-12-13,99.19379425048828
2006-12-14,100.06775665283203
2006-12-15,100.07691955566406
2006-12-18,99.802734375
2006-12-19,99.99254608154297
2006-12-20,99.93626403808594
2006-12-21,99.5706558227539
2006-12-22,98.95902252197266
2006-12-26,99.5425796508789
2006-12-27,100.1964340209961
2006-12-28,99.98553466796875
2006-12-29,99.5706558227539
2007-01-03,99.39492797851562
2007-01-04,99.60586547851562
2007-01-05,98.81135559082031
2007-01-08,99.26842498779297
2007-01-09,99.18400573730469
2007-01-10,99.51445007324219
2007-01-11,99.95036315917969
2007-01-12,100.70965576171875
2007-01-16,100.51280975341797
2007-01-17,100.55500793457031
2007-01-18,100.21749877929688
2007-01-19,100.41437530517578
2007-01-22,100.10501861572266
2007-01-23,100.40036010742188
2007-01-24,101.20886993408203
2007-01-25,100.02068328857422
2007-01-26,99.92929077148438
2007-01-29,99.87303924560547
2007-01-30,100.39327239990234
2007-01-31,101.0682601928711
2007-02-01,101.67289733886719
2007-02-02,101.81352996826172
2007-02-05,101.8416976928711
2007-02-06,101.86978149414062
2007-02-07,102.09478759765625
2007-02-08,101.9611587524414
2007-02-09,101.20185089111328
2007-02-12,100.85728454589844
2007-02-13,101.70806884765625
2007-02-14,102.37599182128906
2007-02-15,102.50957489013672
2007-02-16,102.46040344238281
2007-02-20,102.6783447265625
2007-02-21,102.6361312866211
2007-02-22,102.55879974365234
2007-02-23,102.15802764892578
2007-02-26,102.0666275024414
2007-02-27,98.08015441894531
2007-02-28,99.08556365966797
2007-03-01,98.79024505615234
2007-03-02,97.49662780761719
2007-03-05,96.56852722167969
2007-03-06,98.22078704833984
2007-03-07,98.122314453125
2007-03-08,98.9520034790039
2007-03-09,98.98008728027344
2007-03-12,99.12775421142578
2007-03-13,97.20130157470703
2007-03-14,97.92549133300781
2007-03-15,98.05904388427734
2007-03-16,97.78446197509766
2007-03-19,98.96329498291016
2007-03-20,99.50682830810547
2007-03-21,101.14443969726562
2007-03-22,101.0667724609375
2007-03-23,101.21500396728516
2007-03-26,101.08088684082031
2007-03-27,100.84089660644531
2007-03-28,100.10679626464844
2007-03-29,100.21266174316406
2007-03-30,100.23383331298828
2007-04-02,100.34680938720703
2007-04-03,101.42676544189453
2007-04-04,101.53974151611328
2007-04-05,101.81505584716797
2007-04-09,101.95616912841797
2007-04-10,102.07615661621094
2007-04-11,101.65971374511719
2007-04-12,102.11151123046875
2007-04-13,102.57740783691406
2007-04-16,103.55146026611328
2007-04-17,103.82672119140625
2007-04-18,103.9537353515625
2007-04-19,103.92554473876953
2007-04-20,104.90673065185547
2007-04-23,104.51142883300781
2007-04-24,104.55375671386719
2007-04-25,105.51376342773438
2007-04-26,105.63373565673828
2007-04-27,105.549072265625
2007-04-30,104.6738052368164
2007-05-01,104.94202423095703
2007-05-02,105.55616760253906
2007-05-03,106.12786865234375
2007-05-04,106.53021240234375
2007-05-07,106.5514144897461
2007-05-08,106.41021728515625
2007-05-09,106.69965362548828
2007-05-10,105.58435821533203
2007-05-11,106.48790740966797
2007-05-14,106.25494384765625
2007-05-15,106.28317260742188
2007-05-16,107.01020050048828
2007-05-17,106.79846954345703
2007-05-18,107.73019409179688
2007-05-21,107.67371368408203
2007-05-22,107.58906555175781
2007-05-23,107.60313415527344
2007-05-24,106.62903594970703
2007-05-25,107.07371520996094
2007-05-29,107.46197509765625
2007-05-30,108.33729553222656
2007-05-31,108.22431945800781
2007-06-01,108.76078033447266
2007-06-04,108.77490997314453
2007-06-05,108.34432983398438
2007-06-06,107.17961120605469
2007-06-07,105.24555206298828
2007-06-08,106.61495971679688
2007-06-11,106.79846954345703
2007-06-12,105.63373565673828
2007-06-13,107.21491241455078
2007-06-14,107.89959716796875
2007-06-15,108.51351928710938
2007-06-18,108.3858871459961
2007-06-19,108.65538024902344
2007-06-20,107.1453628540039
2007-06-21,107.7408447265625
2007-06-22,106.72711181640625
2007-06-25,106.21668243408203
2007-06-26,105.12494659423828
2007-06-27,106.6207275390625
2007-06-28,106.6065673828125
2007-06-29,106.64200592041016
2007-07-02,107.60614013671875
2007-07-03,107.99601745605469
2007-07-05,107.8825912475586
2007-07-06,108.44972229003906
2007-07-09,108.53484344482422
2007-07-10,106.9893798828125
2007-07-11,107.74790954589844
2007-07-12,109.4493179321289
2007-07-13,109.77542877197266
2007-07-16,109.7612075805664
2007-07-17,109.70452117919922
2007-07-18,109.50602722167969
2007-07-19,109.9313735961914
2007-07-20,108.81838989257812
2007-07-23,109.15154266357422
2007-07-24,107.25875091552734
2007-07-25,107.47854614257812
2007-07-26,104.93355560302734
2007-07-27,102.87060546875
2007-07-30,104.4798583984375
2007-07-31,103.30298614501953
2007-08-01,103.80636596679688
2007-08-02,104.63578796386719
2007-08-03,101.94192504882812
2007-08-06,103.65040588378906
2007-08-07,104.75630187988281
2007-08-08,106.21668243408203
2007-08-09,103.06907653808594
2007-08-10,102.58700561523438
2007-08-13,102.95565795898438
2007-08-14,101.3818588256836
2007-08-15,99.98530578613281
2007-08-16,100.73674774169922
2007-08-17,102.58700561523438
2007-08-20,102.53736877441406
2007-08-21,102.74301147460938
2007-08-22,103.96232604980469
2007-08-23,103.87015533447266
2007-08-24,105.15327453613281
2007-08-27,104.17497253417969
2007-08-28,101.88516235351562
2007-08-29,103.88434600830078
2007-08-30,103.60785675048828
2007-08-31,104.62872314453125
2007-09-04,105.68496704101562
2007-09-05,104.77047729492188
2007-09-06,105.01153564453125
2007-09-07,103.55113983154297
2007-09-10,103.35265350341797
2007-09-11,104.55776977539062
2007-09-12,104.82718658447266
2007-09-13,105.5644760131836
2007-09-14,105.55730438232422
2007-09-17,104.990234375
2007-09-18,108.08106231689453
2007-09-19,108.71912384033203
2007-09-20,107.95347595214844
2007-09-21,108.24482727050781
2007-09-24,108.04535675048828
2007-09-25,107.83171081542969
2007-09-26,108.40153503417969
2007-09-27,109.04264068603516
2007-09-28,108.67930603027344
2007-10-01,109.90442657470703
2007-10-02,109.75485229492188
2007-10-03,109.53401947021484
2007-10-04,109.70503997802734
2007-10-05,111.00846099853516
2007-10-08,110.417236328125
2007-10-09,111.45718383789062
2007-10-10,111.27201843261719
2007-10-11,110.73785400390625
2007-10-12,111.35035705566406
2007-10-15,110.4101791381836
2007-10-16,109.53401947021484
2007-10-17,109.86882019042969
2007-10-18,109.46991729736328
2007-10-19,106.60659790039062
2007-10-22,107.22628021240234
2007-10-23,108.09526824951172
2007-10-24,107.89581298828125
2007-10-25,108.1522216796875
2007-10-26,109.42008209228516
2007-10-29,109.78333282470703
2007-10-30,109.02116394042969
2007-10-31,110.15373229980469
2007-11-01,107.57533264160156
2007-11-02,107.69636535644531
2007-11-05,106.87726593017578
2007-11-06,108.31607818603516
2007-11-07,105.35298156738281
2007-11-08,104.81874084472656
2007-11-09,103.38001251220703
2007-11-12,102.35430145263672
2007-11-13,105.47406005859375
2007-11-14,105.18205261230469
2007-11-15,103.66488647460938
2007-11-16,103.84294128417969
2007-11-19,102.3969955444336
2007-11-20,103.02381134033203
2007-11-21,100.91551971435547
2007-11-23,102.66058349609375
2007-11-26,100.39554595947266
2007-11-27,101.54946899414062
2007-11-28,104.79740905761719
2007-11-29,104.83307647705078
2007-11-30,105.8871841430664
2007-12-03,105.18917846679688
2007-12-04,104.24893188476562
2007-12-05,105.99402618408203
2007-12-06,107.51119232177734
2007-12-07,107.48981475830078
2007-12-10,108.32316589355469
2007-12-11,105.35298156738281
2007-12-12,106.39288330078125
2007-12-13,106.17208862304688
2007-12-14,104.82591247558594
2007-12-17,103.33013153076172
2007-12-18,103.90706634521484
2007-12-19,103.90706634521484
2007-12-20,104.56234741210938
2007-12-21,106.06966400146484
2007-12-24,106.8573226928711
2007-12-26,107.08651733398438
2007-12-27,105.74031829833984
2007-12-28,105.47534942626953
2007-12-31,104.69477844238281
2008-01-02,103.77828979492188
2008-01-03,103.72811126708984
2008-01-04,101.1861572265625
2008-01-07,101.1002197265625
2008-01-08,99.46761322021484
2008-01-09,100.5130386352539
2008-01-10,101.1718521118164
2008-01-11,100.35549926757812
2008-01-14,101.1646499633789
2008-01-15,98.93773651123047
2008-01-16,98.08558654785156
2008-01-17,95.5436019897461
2008-01-18,94.56260681152344
2008-01-22,93.60308837890625
2008-01-23,95.85152435302734
2008-01-24,96.66067504882812
2008-01-25,95.26435089111328
2008-01-28,96.83966827392578
2008-01-29,97.31941223144531
2008-01-30,96.60336303710938
2008-01-31,98.3648452758789
2008-02-01,99.94734191894531
2008-02-04,98.68710327148438
2008-02-05,96.04483795166016
2008-02-06,95.27149200439453
2008-02-07,95.90162658691406
2008-02-08,95.28582763671875
2008-02-11,95.7727279663086
2008-02-12,96.66067504882812
2008-02-13,97.6488037109375
2008-02-14,96.78951263427734
2008-02-15,96.76803588867188
2008-02-19,97.0401840209961
2008-02-20,97.32659912109375
2008-02-21,96.51744079589844
2008-02-22,97.11173248291016
2008-02-25,98.33622741699219
2008-02-26,99.07376098632812
2008-02-27,98.97350311279297
2008-02-28,98.00682830810547
2008-02-29,95.8228530883789
2008-03-03,95.59369659423828
2008-03-04,95.22852325439453
2008-03-05,95.83001708984375
2008-03-06,93.8465347290039
2008-03-07,92.87987518310547
2008-03-10,91.65538787841797
2008-03-11,94.94929504394531
2008-03-12,94.0614013671875
2008-03-13,94.26901245117188
2008-03-14,92.8082504272461
2008-03-17,91.8702392578125
2008-03-18,95.68680572509766
2008-03-19,93.31665802001953
2008-03-20,95.04513549804688
2008-03-24,96.94489288330078
2008-03-25,97.03845977783203
2008-03-26,95.85111999511719
2008-03-27,95.54885864257812
2008-03-28,94.6349868774414
2008-03-31,94.96598815917969
2008-04-01,98.30492401123047
2008-04-02,98.36967468261719
2008-04-03,98.61434173583984
2008-04-04,98.5064468383789
2008-04-07,98.55681610107422
2008-04-08,98.45603942871094
2008-04-09,97.74365997314453
2008-04-10,97.88038635253906
2008-04-11,95.98060607910156
2008-04-14,95.65680694580078
2008-04-15,95.87989044189453
2008-04-16,98.47764587402344
2008-04-17,98.62156677246094
2008-04-18,99.65059661865234
2008-04-21,99.70100402832031
2008-04-22,99.26200866699219
2008-04-23,99.10372161865234
2008-04-24,99.5354232788086
2008-04-25,100.45657348632812
2008-04-28,100.47817993164062
2008-04-29,100.08236694335938
2008-04-30,99.4922866821289
2008-05-01,101.55033874511719
2008-05-02,101.83094787597656
2008-05-05,101.34165954589844
2008-05-06,102.21958923339844
2008-05-07,100.39903259277344
2008-05-08,100.13994598388672
2008-05-09,99.95282745361328
2008-05-12,101.07542419433594
2008-05-13,101.08975219726562
2008-05-14,101.29852294921875
2008-05-15,102.56497955322266
2008-05-16,102.65853881835938
2008-05-19,102.9391860961914
2008-05-20,102.10442352294922
2008-05-21,100.37740325927734
2008-05-22,100.39179229736328
2008-05-23,99.04615020751953
2008-05-27,99.78012084960938
2008-05-28,100.24069213867188
2008-05-29,100.74442291259766
2008-05-30,100.99626922607422
2008-06-02,99.95282745361328
2008-06-03,99.36994934082031
2008-06-04,99.319580078125
2008-06-05,101.30569458007812
2008-06-06,98.07466125488281
2008-06-09,98.31212615966797
2008-06-10,97.8227767944336
2008-06-11,96.38363647460938
2008-06-12,96.75062561035156
2008-06-13,97.97395324707031
2008-06-16,98.03146362304688
2008-06-17,97.55657196044922
2008-06-18,96.60669708251953
2008-06-19,96.72903442382812
2008-06-20,95.158935546875
2008-06-23,95.0649642944336
2008-06-24,94.87688446044922
2008-06-25,95.32530212402344
2008-06-26,92.73619842529297
2008-06-27,92.2299575805664
2008-06-30,92.55540466308594
2008-07-01,92.8447036743164
2008-07-02,91.25365447998047
2008-07-03,91.34767150878906
2008-07-07,90.41471862792969
2008-07-08,92.0202407836914
2008-07-09,90.24837493896484
2008-07-10,90.61726379394531
2008-07-11,89.56132507324219
2008-07-14,88.75138092041016
2008-07-15,87.500244140625
2008-07-16,89.64813232421875
2008-07-17,90.54493713378906
2008-07-18,91.1090087890625
2008-07-21,91.15966796875
2008-07-22,92.19384002685547
2008-07-23,92.69279479980469
2008-07-24,90.76908874511719
2008-07-25,90.7474136352539
2008-07-28,89.41671752929688
2008-07-29,91.3259506225586
2008-07-30,92.95315551757812
2008-07-31,91.7237319946289
2008-08-01,91.23916625976562
2008-08-04,90.39302825927734
2008-08-05,92.83023834228516
2008-08-06,93.24244689941406
2008-08-07,91.85392761230469
2008-08-08,93.56065368652344
2008-08-11,94.52977752685547
2008-08-12,93.54621124267578
2008-08-13,92.98210144042969
2008-08-14,93.6836166381836
2008-08-15,94.1392593383789
2008-08-18,92.85189819335938
2008-08-19,91.83942413330078
2008-08-20,92.26614379882812
2008-08-21,92.42526245117188
2008-08-22,93.76313781738281
2008-08-25,91.86112213134766
2008-08-26,92.12872314453125
2008-08-27,93.02552032470703
2008-08-28,94.1536865234375
2008-08-29,93.14122009277344
2008-09-02,92.5626449584961
2008-09-03,92.48308563232422
2008-09-04,89.69876861572266
2008-09-05,89.98081970214844
2008-09-08,91.83942413330078
2008-09-09,89.11296081542969
2008-09-10,89.47457885742188
2008-09-11,90.76908874511719
2008-09-12,91.18855285644531
2008-09-15,86.84932708740234
2008-09-16,88.30299377441406
2008-09-17,84.33258819580078
2008-09-18,86.83486938476562
2008-09-19,90.28341674804688
2008-09-22,88.23947143554688
2008-09-23,86.23187255859375
2008-09-24,86.5082778930664
2008-09-25,87.86124420166016
2008-09-26,87.90486907958984
2008-09-29,81.01651763916016
2008-09-30,84.36975860595703
2008-10-01,84.4206771850586
2008-10-02,81.35839080810547
2008-10-03,80.2599868774414
2008-10-06,76.17211151123047
2008-10-07,72.7606430053711
2008-10-08,70.9276123046875
2008-10-09,65.97410583496094
2008-10-10,64.37385559082031
2008-10-13,73.7208023071289
2008-10-14,72.62971496582031
2008-10-15,65.47947692871094
2008-10-16,68.20719146728516
2008-10-17,67.79987335205078
2008-10-20,71.87323760986328
2008-10-21,69.72745513916016
2008-10-22,65.93045806884766
2008-10-23,66.69424438476562
2008-10-24,63.311866760253906
2008-10-27,61.06425476074219
2008-10-28,68.19990539550781
2008-10-29,67.70531463623047
2008-10-30,70.0475082397461
2008-10-31,70.43301391601562
2008-11-03,70.63665771484375
2008-11-04,73.03706359863281
2008-11-05,69.96749114990234
2008-11-06,66.09051513671875
2008-11-07,68.27267456054688
2008-11-10,67.37796783447266
2008-11-11,65.29763793945312
2008-11-12,62.424468994140625
2008-11-13,66.31598663330078
2008-11-14,63.006385803222656
2008-11-17,62.16986846923828
2008-11-18,63.34096145629883
2008-11-19,59.28216552734375
2008-11-20,54.881446838378906
2008-11-21,57.84191131591797
2008-11-24,61.84983825683594
2008-11-25,62.30805587768555
2008-11-26,64.71572875976562
2008-11-28,65.53040313720703
2008-12-01,59.725852966308594
2008-12-02,62.02437973022461
2008-12-03,63.515567779541016
2008-12-04,62.04620361328125
2008-12-05,63.959228515625
2008-12-08,66.19232177734375
2008-12-09,65.10127258300781
2008-12-10,65.54497528076172
2008-12-11,63.96652603149414
2008-12-12,64.73029327392578
2008-12-15,63.82831573486328
2008-12-16,66.8324203491211
2008-12-17,66.18504333496094
2008-12-18,64.9485092163086
2008-12-19,64.66912078857422
2008-12-22,63.840476989746094
2008-12-23,63.18052673339844
2008-12-24,63.54718780517578
2008-12-26,63.9138298034668
2008-12-29,63.730499267578125
2008-12-30,65.24108123779297
2008-12-31,66.17234802246094
2009-01-02,68.16690826416016
2009-01-05,68.08627319335938
2009-01-06,68.5408935546875
2009-01-07,66.48770904541016
2009-01-08,66.75898742675781
2009-01-09,65.32907104492188
2009-01-12,63.75982666015625
2009-01-13,63.877159118652344
2009-01-14,61.867919921875
2009-01-15,61.889949798583984
2009-01-16,62.373878479003906
2009-01-20,59.08142852783203
2009-01-21,61.63328552246094
2009-01-22,60.67999267578125
2009-01-23,60.943965911865234
2009-01-26,61.361968994140625
2009-01-27,61.98527908325195
2009-01-28,64.08248138427734
2009-01-29,61.99993896484375
2009-01-30,60.7386474609375
2009-02-02,60.55535125732422
2009-02-03,61.40594482421875
2009-02-04,61.105316162109375
2009-02-05,62.01459884643555
2009-02-06,63.78181076049805
2009-02-09,63.869834899902344
2009-02-10,60.943965911865234
2009-02-11,61.30329895019531
2009-02-12,61.347320556640625
2009-02-13,60.687320709228516
2009-02-17,58.091487884521484
2009-02-18,57.952152252197266
2009-02-19,57.32883834838867
2009-02-20,56.771541595458984
2009-02-23,54.740318298339844
2009-02-24,56.81555938720703
2009-02-25,56.368263244628906
2009-02-26,55.451629638671875
2009-02-27,54.21234893798828
2009-03-02,51.77048873901367
2009-03-03,51.38184356689453
2009-03-04,52.59912872314453
2009-03-05,50.45058059692383
2009-03-06,50.53855895996094
2009-03-09,49.9445915222168
2009-03-10,52.9217414855957
2009-03-11,53.26640319824219
2009-03-12,55.36361312866211
2009-03-13,55.796241760253906
2009-03-16,55.62760925292969
2009-03-17,57.32883834838867
2009-03-18,58.61212921142578
2009-03-19,57.886173248291016
2009-03-20,56.653541564941406
2009-03-23,60.722896575927734
2009-03-24,59.52647399902344
2009-03-25,60.15420913696289
2009-03-26,61.38018798828125
2009-03-27,60.27238845825195
2009-03-30,58.18971633911133
2009-03-31,58.72882843017578
2009-04-01,59.866214752197266
2009-04-02,61.61653137207031
2009-04-03,62.2295036315918
2009-04-06,61.74207305908203
2009-04-07,60.30192947387695
2009-04-08,60.95185089111328
2009-04-09,63.37425994873047
2009-04-13,63.38902282714844
2009-04-14,62.295989990234375
2009-04-15,62.9607048034668
2009-04-16,63.88383865356445
2009-04-17,64.31220245361328
2009-04-20,61.61653137207031
2009-04-21,62.820335388183594
2009-04-22,62.436283111572266
2009-04-23,63.0493049621582
2009-04-24,64.00204467773438
2009-04-27,63.396392822265625
2009-04-28,63.19700622558594
2009-04-29,64.54115295410156
2009-04-30,64.56331634521484
2009-05-01,64.91043090820312
2009-05-04,67.11868286132812
2009-05-05,66.88970184326172
2009-05-06,68.04923248291016
2009-05-07,67.10389709472656
2009-05-08,68.66960144042969
2009-05-11,67.38451385498047
2009-05-12,67.18513488769531
2009-05-13,65.4938735961914
2009-05-14,66.05516815185547
2009-05-15,65.5160140991211
2009-05-18,67.3771743774414
2009-05-19,67.29591369628906
2009-05-20,66.84540557861328
2009-05-21,65.88529968261719
2009-05-22,65.74498748779297
2009-05-26,67.4288558959961
2009-05-27,66.22502899169922
2009-05-28,67.14820098876953
2009-05-29,68.33726501464844
2009-06-01,69.99160766601562
2009-06-02,70.0506591796875
2009-06-03,69.16442108154297
2009-06-04,69.8143081665039
2009-06-05,69.82910919189453
2009-06-08,69.54107666015625
2009-06-09,69.89556884765625
2009-06-10,69.71833038330078
2009-06-11,70.02853393554688
2009-06-12,70.22054290771484
2009-06-15,68.61053466796875
2009-06-16,67.679931640625
2009-06-17,67.61348724365234
2009-06-18,68.10831451416016
2009-06-19,68.35935974121094
2009-06-22,66.30945587158203
2009-06-23,66.36146545410156
2009-06-24,66.93333435058594
2009-06-25,68.3890609741211
2009-06-26,68.21080780029297
2009-06-29,68.84953308105469
2009-06-30,68.29251098632812
2009-07-01,68.57473754882812
2009-07-02,66.7031021118164
2009-07-06,66.69566345214844
2009-07-07,65.40336608886719
2009-07-08,65.35877227783203
2009-07-09,65.48504638671875
2009-07-10,65.32906341552734
2009-07-13,66.91846466064453
2009-07-14,67.2972640991211
2009-07-15,69.26545715332031
2009-07-16,69.1540298461914
2009-07-17,69.91161346435547
2009-07-20,70.6543197631836
2009-07-21,70.9811019897461
2009-07-22,70.9662857055664
2009-07-23,72.53340148925781
2009-07-24,72.8304672241211
2009-07-27,73.0458755493164
2009-07-28,72.70423889160156
2009-07-29,72.52597045898438
2009-07-30,73.2835464477539
2009-07-31,73.38751220703125
2009-08-03,74.59814453125
2009-08-04,74.79122924804688
2009-08-05,74.57586669921875
2009-08-06,74.18965911865234
2009-08-07,75.16259765625
2009-08-10,75.0066146850586
2009-08-11,74.07083892822266
2009-08-12,74.86551666259766
2009-08-13,75.43743133544922
2009-08-14,74.85808563232422
2009-08-17,73.0161361694336
2009-08-18,73.59544372558594
2009-08-19,74.24165344238281
2009-08-20,75.0066146850586
2009-08-21,76.47721099853516
2009-08-24,76.46977233886719
2009-08-25,76.6183090209961
2009-08-26,76.62576293945312
2009-08-27,76.79657745361328
2009-08-28,76.78170776367188
2009-08-31,76.09841918945312
2009-09-01,74.4198989868164
2009-09-02,74.13765716552734
2009-09-03,74.75410461425781
2009-09-04,75.80133819580078
2009-09-08,76.45494079589844
2009-09-09,77.04167175292969
2009-09-10,77.82894134521484
2009-09-11,77.81409454345703
2009-09-14,78.19285583496094
2009-09-15,78.51966857910156
2009-09-16,79.70802307128906
2009-09-17,79.58917999267578
2009-09-18,79.63994598388672
2009-09-21,79.43843078613281
2009-09-22,79.90107727050781
2009-09-23,79.23693084716797
2009-09-24,78.36382293701172
2009-09-25,77.9459228515625
2009-09-28,79.3414077758789
2009-09-29,79.1026611328125
2009-09-30,78.79667663574219
2009-10-01,76.84149169921875
2009-10-02,76.48329162597656
2009-10-05,77.62504577636719
2009-10-06,78.73699188232422
2009-10-07,78.95338439941406
2009-10-08,79.55784606933594
2009-10-09,80.04287719726562
2009-10-12,80.35633087158203
2009-10-13,80.19214630126953
2009-10-14,81.57268524169922
2009-10-15,81.87117767333984
2009-10-16,81.25926971435547
2009-10-19,81.93089294433594
2009-10-20,81.49806213378906
2009-10-21,80.76676177978516
2009-10-22,81.587646484375
2009-10-23,80.65482330322266
2009-10-26,79.78170776367188
2009-10-27,79.41605377197266
2009-10-28,77.91606903076172
2009-10-29,79.58768463134766
2009-10-30,77.2817611694336
2009-11-02,77.84892272949219
2009-11-03,78.09519958496094
2009-11-04,78.29666900634766
2009-11-05,79.73693084716797
2009-11-06,79.94588470458984
2009-11-09,81.7667465209961
2009-11-10,81.78164672851562
2009-11-11,82.19956970214844
2009-11-12,81.36377716064453
2009-11-13,81.80404663085938
2009-11-16,82.99056243896484
2009-11-17,83.08760833740234
2009-11-18,83.03536224365234
2009-11-19,81.95332336425781
2009-11-20,81.6622543334961
2009-11-23,82.69957733154297
2009-11-24,82.826416015625
2009-11-25,83.11746215820312
2009-11-27,81.7667465209961
2009-11-30,82.0428466796875
2009-12-01,83.0577621459961
2009-12-02,83.02044677734375
2009-12-03,82.37116241455078
2009-12-04,82.84135437011719
2009-12-07,82.7144775390625
2009-12-08,81.79656219482422
2009-12-09,82.1025619506836
2009-12-10,82.56522369384766
2009-12-11,82.91598510742188
2009-12-14,83.48311614990234
2009-12-15,83.09508514404297
2009-12-16,83.22191619873047
2009-12-17,82.221923828125
2009-12-18,82.68710327148438
2009-12-21,83.52742004394531
2009-12-22,83.8275375366211
2009-12-23,83.9925765991211
2009-12-24,84.3902359008789
2009-12-28,84.57025909423828
2009-12-29,84.45027160644531
2009-12-30,84.42021942138672
2009-12-31,83.60995483398438
2010-01-04,85.02794647216797
2010-01-05,85.25302124023438
2010-01-06,85.31302642822266
2010-01-07,85.67315673828125
2010-01-08,85.95831298828125
2010-01-11,86.0783462524414
2010-01-12,85.27552795410156
2010-01-13,85.9958267211914
2010-01-14,86.22840118408203
2010-01-15,85.26050567626953
2010-01-19,86.32589721679688
2010-01-20,85.44811248779297
2010-01-21,83.80502319335938
2010-01-22,81.93685150146484
2010-01-25,82.35699462890625
2010-01-26,82.01187133789062
2010-01-27,82.40204620361328
2010-01-28,81.45668029785156
2010-01-29,80.57138061523438
2010-02-01,81.82431030273438
2010-02-02,82.81465911865234
2010-02-03,82.40204620361328
2010-02-04,79.85859680175781
2010-02-05,80.02367401123047
2010-02-08,79.44596099853516
2010-02-09,80.44380187988281
2010-02-10,80.28622436523438
2010-02-11,81.12654113769531
2010-02-12,81.05905151367188
2010-02-16,82.33448791503906
2010-02-17,82.72464752197266
2010-02-18,83.2123031616211
2010-02-19,83.3848876953125
2010-02-22,83.3998794555664
2010-02-23,82.38700103759766
2010-02-24,83.14478302001953
2010-02-25,83.0322494506836
2010-02-26,83.08476257324219
2010-03-01,83.94757080078125
2010-03-02,84.18014526367188
2010-03-03,84.25518035888672
2010-03-04,84.5102767944336
2010-03-05,85.71819305419922
2010-03-08,85.73320770263672
2010-03-09,85.8757553100586
2010-03-10,86.25839233398438
2010-03-11,86.61852264404297
2010-03-12,86.62602996826172
2010-03-15,86.64854431152344
2010-03-16,87.33879089355469
2010-03-17,87.8564682006836
2010-03-18,87.81145477294922
2010-03-19,87.36697387695312
2010-03-22,87.83406829833984
2010-03-23,88.45178985595703
2010-03-24,88.02239990234375
2010-03-25,87.87928009033203
2010-03-26,87.82649230957031
2010-03-29,88.38398742675781
2010-03-30,88.44428253173828
2010-03-31,88.1429214477539
2010-04-01,88.74563598632812
2010-04-05,89.46880340576172
2010-04-06,89.6797866821289
2010-04-07,89.16751861572266
2010-04-08,89.47636413574219
2010-04-09,90.06399536132812
2010-04-12,90.2071304321289
2010-04-13,90.27495574951172
2010-04-14,91.29948425292969
2010-04-15,91.37484741210938
2010-04-16,89.9208755493164
2010-04-19,90.25984191894531
2010-04-20,91.0659408569336
2010-04-21,90.90023040771484
2010-04-22,91.1714096069336
2010-04-23,91.76657104492188
2010-04-26,91.4200439453125
2010-04-27,89.25791931152344
2010-04-28,89.9359130859375
2010-04-29,91.0509262084961
2010-04-30,89.50650024414062
2010-05-03,90.66669464111328
2010-05-04,88.53467559814453
2010-05-05,88.00733184814453
2010-05-06,85.08428955078125
2010-05-07,83.81864166259766
2010-05-10,87.5101089477539
2010-05-11,87.2614974975586
2010-05-12,88.48192596435547
2010-05-13,87.38203430175781
2010-05-14,85.80000305175781
2010-05-17,85.84516906738281
2010-05-18,84.67748260498047
2010-05-19,84.19532775878906
2010-05-20,81.01614379882812
2010-05-21,82.19894409179688
2010-05-24,81.14423370361328
2010-05-25,81.22711944580078
2010-05-26,80.73741912841797
2010-05-27,83.44195556640625
2010-05-28,82.39482116699219
2010-06-01,81.0086441040039
2010-06-02,83.11801147460938
2010-06-03,83.4043197631836
2010-06-04,80.47374725341797
2010-06-07,79.4718017578125
2010-06-08,80.32307434082031
2010-06-09,79.89369201660156
2010-06-10,82.22906494140625
2010-06-11,82.62836456298828
2010-06-14,82.50025939941406
2010-06-15,84.37611389160156
2010-06-16,84.34597778320312
2010-06-17,84.48162841796875
2010-06-18,84.57318115234375
2010-06-21,84.33097839355469
2010-06-22,82.93822479248047
2010-06-23,82.68083190917969
2010-06-24,81.310791015625
2010-06-25,81.65139770507812
2010-06-28,81.39404296875
2010-06-29,78.88099670410156
2010-06-30,78.13159942626953
2010-07-01,77.7834243774414
2010-07-02,77.35955810546875
2010-07-06,77.86669921875
2010-07-07,80.31919860839844
2010-07-08,81.11397552490234
2010-07-09,81.71953582763672
2010-07-12,81.77251434326172
2010-07-13,83.00634002685547
2010-07-14,82.99874877929688
2010-07-15,83.02145385742188
2010-07-16,80.73554229736328
2010-07-19,81.2123794555664
2010-07-20,82.11316680908203
2010-07-21,81.04585266113281
2010-07-22,82.85493469238281
2010-07-23,83.57402038574219
2010-07-26,84.44451141357422
2010-07-27,84.43695068359375
2010-07-28,83.89192962646484
2010-07-29,83.48319244384766
2010-07-30,83.46807098388672
2010-08-02,85.35286712646484
2010-08-03,84.94410705566406
2010-08-04,85.51180267333984
2010-08-05,85.42098236083984
2010-08-06,85.07276153564453
2010-08-09,85.52693176269531
2010-08-10,85.0652084350586
2010-08-11,82.73384094238281
2010-08-12,82.22669219970703
2010-08-13,81.98448181152344
2010-08-16,81.94662475585938
2010-08-17,82.95333862304688
2010-08-18,83.10472106933594
2010-08-19,81.65894317626953
2010-08-20,81.39404296875
2010-08-23,81.08367919921875
2010-08-24,79.8801498413086
2010-08-25,80.19052124023438
2010-08-26,79.65306091308594
2010-08-27,80.88690185546875
2010-08-30,79.71360778808594
2010-08-31,79.71360778808594
2010-09-01,82.0980224609375
2010-09-02,82.862548828125
2010-09-03,83.9374008178711
2010-09-07,82.99120330810547
2010-09-08,83.57402038574219
2010-09-09,83.96007537841797
2010-09-10,84.38394927978516
2010-09-13,85.32254791259766
2010-09-14,85.26959991455078
2010-09-15,85.59507751464844
2010-09-16,85.57237243652344
2010-09-17,85.60432434082031
2010-09-20,86.9132308959961
2010-09-21,86.73821258544922
2010-09-22,86.31208038330078
2010-09-23,85.61194610595703
2010-09-24,87.37743377685547
2010-09-27,86.95890045166016
2010-09-28,87.26329040527344
2010-09-29,87.1111068725586
2010-09-30,86.85237121582031
2010-10-01,87.21761322021484
2010-10-04,86.56314849853516
2010-10-05,88.30587005615234
2010-10-06,88.29824829101562
2010-10-07,88.19172668457031
2010-10-08,88.68634033203125
2010-10-11,88.77008056640625
2010-10-12,89.04402160644531
2010-10-13,89.73654174804688
2010-10-14,89.38646697998047
2010-10-15,89.56912231445312
2010-10-18,90.01049041748047
2010-10-19,88.83094024658203
2010-10-20,89.69847869873047
2010-10-21,89.8963394165039
2010-10-22,90.06373596191406
2010-10-25,90.33012390136719
2010-10-26,90.3453369140625
2010-10-27,90.08656311035156
2010-10-28,90.10179138183594
2010-10-29,90.1702880859375
2010-11-01,90.20072174072266
2010-11-02,90.91609191894531
2010-11-03,91.2813720703125
2010-11-04,93.03924560546875
2010-11-05,93.3893051147461
2010-11-08,93.21430206298828
2010-11-09,92.54462432861328
2010-11-10,92.91746520996094
2010-11-11,92.56742858886719
2010-11-12,91.47160339355469
2010-11-15,91.34221649169922
2010-11-16,89.91917419433594
2010-11-17,89.96481323242188
2010-11-18,91.2889404296875
2010-11-19,91.54009246826172
2010-11-22,91.46400451660156
2010-11-23,90.13985443115234
2010-11-24,91.47160339355469
2010-11-26,90.40621185302734
2010-11-29,90.68013763427734
2010-11-30,90.1702880859375
2010-12-01,92.0880126953125
2010-12-02,93.26752471923828
2010-12-03,93.5186767578125
2010-12-06,93.41976165771484
2010-12-07,93.47300720214844
2010-12-08,93.81544494628906
2010-12-09,94.18074035644531
2010-12-10,94.72866821289062
2010-12-13,94.78951263427734
2010-12-14,94.87323760986328
2010-12-15,94.439453125
2010-12-16,94.98741149902344
2010-12-17,95.08917236328125
2010-12-20,95.31866455078125
2010-12-21,95.92301177978516
2010-12-22,96.22130584716797
2010-12-23,96.08367919921875
2010-12-27,96.12187194824219
2010-12-28,96.25959014892578
2010-12-29,96.32840728759766
2010-12-30,96.17543029785156
2010-12-31,96.19835662841797
2011-01-03,97.19288635253906
2011-01-04,97.13935852050781
2011-01-05,97.64423370361328
2011-01-06,97.45296478271484
2011-01-07,97.26171875
2011-01-10,97.13935852050781
2011-01-11,97.48356628417969
2011-01-12,98.3633041381836
2011-01-13,98.2026596069336
2011-01-14,98.91413116455078
2011-01-18,99.08241271972656
2011-01-19,98.1108627319336
2011-01-20,97.98080444335938
2011-01-21,98.2026596069336
2011-01-24,98.76111602783203
2011-01-25,98.81465911865234
2011-01-26,99.19717407226562
2011-01-27,99.44198608398438
2011-01-28,97.70543670654297
2011-01-31,98.4397964477539
2011-02-01,100.01573944091797
2011-02-02,99.82445526123047
2011-02-03,100.04631805419922
2011-02-04,100.32933807373047
2011-02-07,100.95665740966797
2011-02-08,101.4156723022461
2011-02-09,101.1861572265625
2011-02-10,101.224365234375
2011-02-11,101.82874298095703
2011-02-14,102.07357025146484
2011-02-15,101.75227355957031
2011-02-16,102.3948745727539
2011-02-17,102.70087432861328
2011-02-18,102.9150619506836
2011-02-22,100.84957122802734
2011-02-23,100.22993469238281
2011-02-24,100.16107177734375
2011-02-25,101.2320785522461
2011-02-28,101.85938262939453
2011-03-01,100.16107177734375
2011-03-02,100.37527465820312
2011-03-03,102.10417175292969
2011-03-04,101.33917999267578
2011-03-07,100.5436019897461
2011-03-08,101.42326354980469
2011-03-09,101.2779541015625
2011-03-10,99.40371704101562
2011-03-11,100.09220123291016
2011-03-14,99.48786163330078
2011-03-15,98.34806060791016
2011-03-16,96.52733612060547
2011-03-17,97.80486297607422
2011-03-18,98.16063690185547
2011-03-21,99.68185424804688
2011-03-22,99.33612060546875
2011-03-23,99.62042999267578
2011-03-24,100.57311248779297
2011-03-25,100.88046264648438
2011-03-28,100.63460540771484
2011-03-29,101.31075286865234
2011-03-30,102.0099105834961
2011-03-31,101.87159729003906
2011-04-01,102.30188751220703
2011-04-04,102.38639068603516
2011-04-05,102.37100219726562
2011-04-06,102.69371032714844
2011-04-07,102.43254089355469
2011-04-08,102.07904815673828
2011-04-11,101.771728515625
2011-04-12,101.0110855102539
2011-04-13,101.00343322753906
2011-04-14,101.08024597167969
2011-04-15,101.44904327392578
2011-04-18,100.31192779541016
2011-04-19,100.88815307617188
2011-04-20,102.26342010498047
2011-04-21,102.78592681884766
2011-04-25,102.67835235595703
2011-04-26,103.5619125366211
2011-04-27,104.2380142211914
2011-04-28,104.57606506347656
2011-04-29,104.8219223022461
2011-05-02,104.66060638427734
2011-05-03,104.28412628173828
2011-05-04,103.59264373779297
2011-05-05,102.6552963256836
2011-05-06,103.10858154296875
2011-05-09,103.50810241699219
2011-05-10,104.39169311523438
2011-05-11,103.29301452636719
2011-05-12,103.78472137451172
2011-05-13,102.98565673828125
2011-05-16,102.33261108398438
2011-05-17,102.31721496582031
2011-05-18,103.23152923583984
2011-05-19,103.47736358642578
2011-05-20,102.6552963256836
2011-05-23,101.4643783569336
2011-05-24,101.37987518310547
2011-05-25,101.71792602539062
2011-05-26,102.18658447265625
2011-05-27,102.57844543457031
2011-05-31,103.64643096923828
2011-06-01,101.31842803955078
2011-06-02,101.21086120605469
2011-06-03,100.20433044433594
2011-06-06,99.1440658569336
2011-06-07,99.08259582519531
2011-06-08,98.66767883300781
2011-06-09,99.4206771850586
2011-06-10,98.03768920898438
2011-06-13,98.11448669433594
2011-06-14,99.35919189453125
2011-06-15,97.5920639038086
2011-06-16,97.80718994140625
2011-06-17,98.09905242919922
2011-06-20,98.60090637207031
2011-06-21,99.95217895507812
2011-06-22,99.34988403320312
2011-06-23,99.064208984375
2011-06-24,97.91373443603516
2011-06-27,98.78627014160156
2011-06-28,100.07569122314453
2011-06-29,100.93277740478516
2011-06-30,101.8979263305664
2011-07-01,103.40357971191406
2011-07-05,103.31867218017578
2011-07-06,103.44219207763672
2011-07-07,104.51544952392578
2011-07-08,103.77420806884766
2011-07-11,101.8979263305664
2011-07-12,101.45780181884766
2011-07-13,101.79754638671875
2011-07-14,101.09490203857422
2011-07-15,101.68173217773438
2011-07-18,100.84783935546875
2011-07-19,102.48472595214844
2011-07-20,102.4229507446289
2011-07-21,103.84367370605469
2011-07-22,103.91320037841797
2011-07-25,103.33406066894531
2011-07-26,102.94801330566406
2011-07-27,100.84013366699219
2011-07-28,100.54672241210938
2011-07-29,99.85954284667969
2011-08-01,99.43484497070312
2011-08-02,96.89453125
2011-08-03,97.41957092285156
2011-08-04,92.85629272460938
2011-08-05,92.71730041503906
2011-08-08,86.67924499511719
2011-08-09,90.70977783203125
2011-08-10,86.70240783691406
2011-08-11,90.59395599365234
2011-08-12,91.20396423339844
2011-08-15,93.1342544555664
2011-08-16,92.3389663696289
2011-08-17,92.40071105957031
2011-08-18,88.41655731201172
2011-08-19,86.97266387939453
2011-08-22,87.0421371459961
2011-08-23,89.90673828125
2011-08-24,91.17304229736328
2011-08-25,89.783203125
2011-08-26,91.08809661865234
2011-08-29,93.70563507080078
2011-08-30,93.95271301269531
2011-08-31,94.36965942382812
2011-09-01,93.38134765625
2011-09-02,90.99543762207031
2011-09-06,90.33141326904297
2011-09-07,92.87946319580078
2011-09-08,91.91431427001953
2011-09-09,89.50524139404297
2011-09-12,90.0843505859375
2011-09-13,90.9105224609375
2011-09-14,92.1690902709961
2011-09-15,93.75968933105469
2011-09-16,94.31460571289062
2011-09-19,93.37550354003906
2011-09-20,93.26683807373047
2011-09-21,90.51936340332031
2011-09-22,87.5933837890625
2011-09-23,88.12114715576172
2011-09-26,90.21669006347656
2011-09-27,91.22563171386719
2011-09-28,89.36294555664062
2011-09-29,90.06922912597656
2011-09-30,87.81846618652344
2011-10-03,85.31936645507812
2011-10-04,87.1897964477539
2011-10-05,88.80411529541016
2011-10-06,90.41072082519531
2011-10-07,89.80531311035156
2011-10-10,92.80891418457031
2011-10-11,92.90206146240234
2011-10-12,93.71698760986328
2011-10-13,93.53071594238281
2011-10-14,95.12955474853516
2011-10-17,93.31340789794922
2011-10-18,95.13732147216797
2011-10-19,94.01190948486328
2011-10-20,94.42329406738281
2011-10-21,96.21614074707031
2011-10-24,97.39582824707031
2011-10-25,95.50212860107422
2011-10-26,96.47225952148438
2011-10-27,99.8328628540039
2011-10-28,99.8095703125
2011-10-31,97.4035873413086
2011-11-01,94.6871566772461
2011-11-02,96.23164367675781
2011-11-03,97.98567199707031
2011-11-04,97.38809967041016
2011-11-07,97.99341583251953
2011-11-08,99.25077056884766
2011-11-09,95.58746337890625
2011-11-10,96.48774719238281
2011-11-11,98.30390167236328
2011-11-14,97.37252044677734
2011-11-15,97.8537368774414
2011-11-16,96.30150604248047
2011-11-17,94.77251434326172
2011-11-18,94.67164611816406
2011-11-21,92.87102508544922
2011-11-22,92.50624084472656
2011-11-23,90.46503448486328
2011-11-25,90.29428100585938
2011-11-28,92.90980529785156
2011-11-29,93.17369842529297
2011-11-30,97.0077896118164
2011-12-01,96.99224090576172
2011-12-02,96.90685272216797
2011-12-05,97.96240234375
2011-12-06,97.99341583251953
2011-12-07,98.35822296142578
2011-12-08,96.20059204101562
2011-12-09,97.8304443359375
2011-12-12,96.40241241455078
2011-12-13,95.50212860107422
2011-12-14,94.48535919189453
2011-12-15,94.8268814086914
2011-12-16,94.96743774414062
2011-12-19,93.95210266113281
2011-12-20,96.79511260986328
2011-12-21,96.98252868652344
2011-12-22,97.84168243408203
2011-12-23,98.7164535522461
2011-12-27,98.79457092285156
2011-12-28,97.4980239868164
2011-12-29,98.50559997558594
2011-12-30,98.02134704589844
2012-01-03,99.58341217041016
2012-01-04,99.73963928222656
2012-01-05,100.00519561767578
2012-01-06,99.74744415283203
2012-01-09,99.98957824707031
2012-01-10,100.85652160644531
2012-01-11,100.91120147705078
2012-01-12,101.15332794189453
2012-01-13,100.6300048828125
2012-01-17,101.02055358886719
2012-01-18,102.13748168945312
2012-01-19,102.67637634277344
2012-01-20,103.05907440185547
2012-01-23,102.79351806640625
2012-01-24,102.67637634277344
2012-01-25,103.53551483154297
2012-01-26,103.0044174194336
2012-01-27,102.9575424194336
2012-01-30,102.6061019897461
2012-01-31,102.56700897216797
2012-02-01,103.46525573730469
2012-02-02,103.62923431396484
2012-02-03,105.08200073242188
2012-02-06,105.0116958618164
2012-02-07,105.2772445678711
2012-02-08,105.58968353271484
2012-02-09,105.72240447998047
2012-02-10,104.94141387939453
2012-02-13,105.72240447998047
2012-02-14,105.58968353271484
2012-02-15,105.09761810302734
2012-02-16,106.26136016845703
2012-02-17,106.54254913330078
2012-02-21,106.58940887451172
2012-02-22,106.24575805664062
2012-02-23,106.71439361572266
2012-02-24,106.94868469238281
2012-02-27,107.12834167480469
2012-02-28,107.44075012207031
2012-02-29,107.01900482177734
2012-03-01,107.5735092163086
2012-03-02,107.2454833984375
2012-03-05,106.80809020996094
2012-03-06,105.24603271484375
2012-03-07,105.98023986816406
2012-03-08,107.03457641601562
2012-03-09,107.44857788085938
2012-03-12,107.4563980102539
2012-03-13,109.39339447021484
2012-03-14,109.2762222290039
2012-03-15,109.90884399414062
2012-03-16,110.06108856201172
2012-03-19,110.49249267578125
2012-03-20,110.17091369628906
2012-03-21,109.99048614501953
2012-03-22,109.19813537597656
2012-03-23,109.55110931396484
2012-03-26,111.08869171142578
2012-03-27,110.74354553222656
2012-03-28,110.19442749023438
2012-03-29,110.00611114501953
2012-03-30,110.4611587524414
2012-04-02,111.26912689208984
2012-04-03,110.8141098022461
2012-04-04,109.71588897705078
2012-04-05,109.6609878540039
2012-04-09,108.42935943603516
2012-04-10,106.60935974121094
2012-04-11,107.4723129272461
2012-04-12,108.87651824951172
2012-04-13,107.58214569091797
2012-04-16,107.51151275634766
2012-04-17,109.10399627685547
2012-04-18,108.73529052734375
2012-04-19,108.03707885742188
2012-04-20,108.21758270263672
2012-04-23,107.30755615234375
2012-04-24,107.71549987792969
2012-04-25,109.1902847290039
2012-04-26,109.9511947631836
2012-04-27,110.13162994384766
2012-04-30,109.72371673583984
2012-05-01,110.40624237060547
2012-05-02,110.07669830322266
2012-05-03,109.23737335205078
2012-05-04,107.4723129272461
2012-05-07,107.55074310302734
2012-05-08,107.11927795410156
2012-05-09,106.48388671875
2012-05-10,106.70357513427734
2012-05-11,106.38188934326172
2012-05-14,105.2051773071289
2012-05-15,104.60111999511719
2012-05-16,104.20108032226562
2012-05-17,102.65565490722656
2012-05-18,101.77703857421875
2012-05-21,103.52644348144531
2012-05-22,103.70684051513672
2012-05-23,103.76174926757812
2012-05-24,103.96574401855469
2012-05-25,103.62842559814453
2012-05-29,104.88352966308594
2012-05-30,103.36167907714844
2012-05-31,103.13417053222656
2012-06-01,100.53760528564453
2012-06-04,100.49053955078125
2012-06-05,101.25141906738281
2012-06-06,103.52644348144531
2012-06-07,103.58918762207031
2012-06-08,104.41282653808594
2012-06-11,103.08710479736328
2012-06-12,104.27166748046875
2012-06-13,103.60487365722656
2012-06-14,104.70311737060547
2012-06-15,105.77394104003906
2012-06-18,105.97896575927734
2012-06-19,107.00410461425781
2012-06-20,106.83057403564453
2012-06-21,104.43344116210938
2012-06-22,105.23778533935547
2012-06-25,103.55029296875
2012-06-26,104.07076263427734
2012-06-27,105.00907897949219
2012-06-28,104.70943450927734
2012-06-29,107.31949615478516
2012-07-02,107.64278411865234
2012-07-03,108.35249328613281
2012-07-05,107.86355590820312
2012-07-06,106.83845520019531
2012-07-09,106.70442199707031
2012-07-10,105.77394104003906
2012-07-11,105.78974151611328
2012-07-12,105.27715301513672
2012-07-13,107.04346466064453
2012-07-16,106.79114532470703
2012-07-17,107.5245132446289
2012-07-18,108.32089233398438
2012-07-19,108.60478210449219
2012-07-20,107.61125183105469
2012-07-23,106.5230484008789
2012-07-24,105.60839080810547
2012-07-25,105.63202667236328
2012-07-26,107.37471008300781
2012-07-27,109.3538818359375
2012-07-30,109.3538818359375
2012-07-31,108.58902740478516
2012-08-01,108.49439239501953
2012-08-02,107.74530029296875
2012-08-03,109.88223266601562
2012-08-06,110.0951156616211
2012-08-07,110.64704895019531
2012-08-08,110.78113555908203
2012-08-09,110.87579345703125
2012-08-10,111.0571060180664
2012-08-13,111.0019760131836
2012-08-14,111.0176773071289
2012-08-15,111.14383697509766
2012-08-16,111.9639663696289
2012-08-17,112.11375427246094
2012-08-20,112.12165832519531
2012-08-21,111.78260040283203
2012-08-22,111.82992553710938
2012-08-23,110.91520690917969
2012-08-24,111.58543395996094
2012-08-27,111.60909271240234
2012-08-28,111.49870300292969
2012-08-29,111.58543395996094
2012-08-30,110.78113555908203
2012-08-31,111.30948638916016
2012-09-04,111.20697784423828
2012-09-05,111.11231994628906
2012-09-06,113.36753845214844
2012-09-07,113.80915069580078
2012-09-10,113.16248321533203
2012-09-11,113.47793579101562
2012-09-12,113.85647583007812
2012-09-13,115.59122467041016
2012-09-14,116.10372161865234
2012-09-17,115.7094955444336
2012-09-18,115.61487579345703
2012-09-19,115.67792510986328
2012-09-20,115.68584442138672
2012-09-21,115.63748931884766
2012-09-24,115.46304321289062
2012-09-25,114.23431396484375
2012-09-26,113.59220886230469
2012-09-27,114.66236877441406
2012-09-28,114.13123321533203
2012-10-01,114.43250274658203
2012-10-02,114.55139923095703
2012-10-03,115.01914978027344
2012-10-04,115.84358978271484
2012-10-05,115.85150909423828
2012-10-08,115.45511627197266
2012-10-09,114.31360626220703
2012-10-10,113.58429718017578
2012-10-11,113.6476821899414
2012-10-12,113.27507781982422
2012-10-15,114.2184829711914
2012-10-16,115.37589263916016
2012-10-17,115.89908599853516
2012-10-18,115.59785461425781
2012-10-19,113.67147827148438
2012-10-22,113.68730926513672
2012-10-23,112.10974884033203
2012-10-24,111.7927017211914
2012-10-25,112.11769104003906
2012-10-26,112.05423736572266
2012-10-31,112.05423736572266
2012-11-01,113.22754669189453
2012-11-02,112.22075653076172
2012-11-05,112.45065307617188
2012-11-06,113.33059692382812
2012-11-07,110.7621078491211
2012-11-08,109.4302978515625
2012-11-09,109.5254135131836
2012-11-12,109.61263275146484
2012-11-13,109.2320785522461
2012-11-14,107.75761413574219
2012-11-15,107.5752944946289
2012-11-16,108.10640716552734
2012-11-19,110.2944107055664
2012-11-20,110.3419418334961
2012-11-21,110.54804992675781
2012-11-23,112.05423736572266
2012-11-26,111.81644439697266
2012-11-27,111.24565124511719
2012-11-28,112.1414566040039
2012-11-29,112.66468048095703
2012-11-30,112.68846130371094
2012-12-03,112.13353729248047
2012-12-04,111.97499084472656
2012-12-05,112.17317962646484
2012-12-06,112.5537338256836
2012-12-07,112.89457702636719
2012-12-10,112.9421615600586
2012-12-11,113.71110534667969
2012-12-12,113.76657104492188
2012-12-13,113.0689926147461
2012-12-14,112.64881896972656
2012-12-17,113.97269439697266
2012-12-18,115.24111938476562
2012-12-19,114.38494873046875
2012-12-20,115.04293060302734
2012-12-21,113.99864196777344
2012-12-24,113.64739990234375
2012-12-26,113.1683120727539
2012-12-27,113.01669311523438
2012-12-28,111.795166015625
2012-12-31,113.69527435302734
2013-01-02,116.60930633544922
2013-01-03,116.34585571289062
2013-01-04,116.85679626464844
2013-01-07,116.53743743896484
2013-01-08,116.20219421386719
2013-01-09,116.49755096435547
2013-01-10,117.42362976074219
2013-01-11,117.41567993164062
2013-01-14,117.33578491210938
2013-01-15,117.41567993164062
2013-01-16,117.39968872070312
2013-01-17,118.15814208984375
2013-01-18,118.42164611816406
2013-01-22,119.06024932861328
2013-01-23,119.25189971923828
2013-01-24,119.2838363647461
2013-01-25,119.9544677734375
2013-01-28,119.81077575683594
2013-01-29,120.28184509277344
2013-01-30,119.81077575683594
2013-01-31,119.51533508300781
2013-02-01,120.744873046875
2013-02-04,119.38761138916016
2013-02-05,120.59317016601562
2013-02-06,120.68099975585938
2013-02-07,120.52128601074219
2013-02-08,121.19195556640625
2013-02-11,121.16796875
2013-02-12,121.3675765991211
2013-02-13,121.4713363647461
2013-02-14,121.5831527709961
2013-02-15,121.43939971923828
2013-02-19,122.3495101928711
2013-02-20,120.82465362548828
2013-02-21,120.09017944335938
2013-02-22,121.2637939453125
2013-02-25,118.95649719238281
2013-02-26,119.77081298828125
2013-02-27,121.27974700927734
2013-02-28,121.04023742675781
2013-03-01,121.43939971923828
2013-03-04,122.08612060546875
2013-03-05,123.17984771728516
2013-03-06,123.34750366210938
2013-03-07,123.57105255126953
2013-03-08,124.09799194335938
2013-03-11,124.56903839111328
2013-03-12,124.28960418701172
2013-03-13,124.46524047851562
2013-03-14,125.12784576416016
2013-03-15,124.962646484375
2013-03-18,124.27301788330078
2013-03-19,123.98434448242188
2013-03-20,124.8504409790039
2013-03-21,123.78387451171875
2013-03-22,124.77826690673828
2013-03-25,124.25696563720703
2013-03-26,125.25137329101562
2013-03-27,125.25137329101562
2013-03-28,125.6363296508789
2013-04-01,125.13912963867188
2013-04-02,125.75656127929688
2013-04-03,124.48155212402344
2013-04-04,124.98680114746094
2013-04-05,124.42542266845703
2013-04-08,125.26744079589844
2013-04-09,125.7004165649414
2013-04-10,127.24015808105469
2013-04-11,127.6571273803711
2013-04-12,127.34443664550781
2013-04-15,124.39325714111328
2013-04-16,126.2297134399414
2013-04-17,124.38526916503906
2013-04-18,123.60746002197266
2013-04-19,124.68199157714844
2013-04-22,125.23532104492188
2013-04-23,126.52644348144531
2013-04-24,126.60658264160156
2013-04-25,127.11982727050781
2013-04-26,126.89533996582031
2013-04-29,127.74534606933594
2013-04-30,128.050048828125
2013-05-01,126.92735290527344
2013-05-02,128.1061553955078
2013-05-03,129.4052734375
2013-05-06,129.73403930664062
2013-05-07,130.39161682128906
2013-05-08,130.98509216308594
2013-05-09,130.61618041992188
2013-05-10,131.04116821289062
2013-05-13,131.14549255371094
2013-05-14,132.50074768066406
2013-05-15,133.21441650390625
2013-05-16,132.58889770507812
2013-05-17,133.8719482421875
2013-05-20,133.86399841308594
2013-05-21,134.05642700195312
2013-05-22,133.0620574951172
2013-05-23,132.6770782470703
2013-05-24,132.56483459472656
2013-05-28,133.35877990722656
2013-05-29,132.49267578125
2013-05-30,132.9818572998047
2013-05-31,131.0733184814453
2013-06-03,131.79498291015625
2013-06-04,131.16148376464844
2013-06-05,129.3251190185547
2013-06-06,130.4959259033203
2013-06-07,132.1558837890625
2013-06-10,132.1558837890625
2013-06-11,130.79263305664062
2013-06-12,129.71002197265625
2013-06-13,131.68276977539062
2013-06-14,130.8567657470703
2013-06-17,131.86721801757812
2013-06-18,132.90965270996094
2013-06-19,131.0733184814453
2013-06-20,127.82554626464844
2013-06-21,128.23583984375
2013-06-24,126.61550903320312
2013-06-25,127.83272552490234
2013-06-26,129.098388671875
2013-06-27,129.85629272460938
2013-06-28,129.3241424560547
2013-07-01,130.08197021484375
2013-07-02,129.96109008789062
2013-07-03,130.0174560546875
2013-07-05,131.42025756835938
2013-07-08,132.16990661621094
2013-07-09,133.12115478515625
2013-07-10,133.16954040527344
2013-07-11,134.98341369628906
2013-07-12,135.0398712158203
2013-07-15,135.55577087402344
2013-07-16,135.0479278564453
2013-07-17,135.39453125
2013-07-18,136.1361846923828
2013-07-19,136.3780517578125
2013-07-22,136.6441192626953
2013-07-23,136.3538818359375
2013-07-24,135.85403442382812
2013-07-25,136.18460083007812
2013-07-26,136.32968139648438
2013-07-29,135.91049194335938
2013-07-30,135.91049194335938
2013-07-31,136.00721740722656
2013-08-01,137.5792236328125
2013-08-02,137.8130645751953
2013-08-05,137.6114959716797
2013-08-06,136.8295135498047
2013-08-07,136.38609313964844
2013-08-08,136.8859405517578
2013-08-09,136.4909210205078
2013-08-12,136.32968139648438
2013-08-13,136.73280334472656
2013-08-14,136.03143310546875
2013-08-15,134.12889099121094
2013-08-16,133.6854705810547
2013-08-19,132.83102416992188
2013-08-20,133.48394775390625
2013-08-21,132.66165161132812
2013-08-22,133.8708953857422
2013-08-23,134.32237243652344
2013-08-26,133.8225555419922
2013-08-27,131.6700439453125
2013-08-28,132.13772583007812
2013-08-29,132.34727478027344
2013-08-30,131.92807006835938
2013-09-03,132.52467346191406
2013-09-04,133.6210479736328
2013-09-05,133.790283203125
2013-09-06,133.8548126220703
2013-09-09,135.13661193847656
2013-09-10,136.1361846923828
2013-09-11,136.5634765625
2013-09-12,136.20071411132812
2013-09-13,136.50709533691406
2013-09-16,137.29714965820312
2013-09-17,137.90977478027344
2013-09-18,139.5059356689453
2013-09-19,139.27223205566406
2013-09-20,138.29844665527344
2013-09-23,137.65846252441406
2013-09-24,137.33447265625
2013-09-25,136.9374542236328
2013-09-26,137.4640655517578
2013-09-27,136.83216857910156
2013-09-30,136.10316467285156
2013-10-01,137.1805419921875
2013-10-02,137.05087280273438
2013-10-03,135.78712463378906
2013-10-04,136.81602478027344
2013-10-07,135.63323974609375
2013-10-08,134.0535888671875
2013-10-09,134.15078735351562
2013-10-10,137.0427703857422
2013-10-11,137.92578125
2013-10-14,138.47665405273438
2013-10-15,137.47216796875
2013-10-16,139.39208984375
2013-10-17,140.32374572753906
2013-10-18,141.27145385742188
2013-10-21,141.27955627441406
2013-10-22,142.09783935546875
2013-10-23,141.41737365722656
2013-10-24,141.8871612548828
2013-10-25,142.53518676757812
2013-10-28,142.7620391845703
2013-10-29,143.52352905273438
2013-10-30,142.8106689453125
2013-10-31,142.4055938720703
2013-11-01,142.74583435058594
2013-11-04,143.248046875
2013-11-05,142.79441833496094
2013-11-06,143.52352905273438
2013-11-07,141.70896911621094
2013-11-08,143.6207275390625
2013-11-11,143.6450653076172
2013-11-12,143.35345458984375
2013-11-13,144.5037384033203
2013-11-14,145.22471618652344
2013-11-15,145.85658264160156
2013-11-18,145.3462371826172
2013-11-19,145.03036499023438
2013-11-20,144.57669067382812
2013-11-21,145.74319458007812
2013-11-22,146.4722137451172
2013-11-25,146.32647705078125
2013-11-26,146.3668975830078
2013-11-27,146.72340393066406
2013-11-29,146.62615966796875
2013-12-02,146.2454376220703
2013-12-03,145.61355590820312
2013-12-04,145.59730529785156
2013-12-05,144.95738220214844
2013-12-06,146.5775146484375
2013-12-09,146.95022583007812
2013-12-10,146.4236297607422
2013-12-11,144.77923583984375
2013-12-12,144.30123901367188
2013-12-13,144.2850341796875
2013-12-16,145.1842041015625
2013-12-17,144.7224884033203
2013-12-18,147.1932373046875
2013-12-19,147.02316284179688
2013-12-20,147.8782958984375
2013-12-23,148.6684112548828
2013-12-24,148.994140625
2013-12-26,149.7516632080078
2013-12-27,149.7435760498047
2013-12-30,149.71910095214844
2013-12-31,150.42767333984375
2014-01-02,148.98602294921875
2014-01-03,148.96160888671875
2014-01-06,148.52992248535156
2014-01-07,149.44216918945312
2014-01-08,149.47471618652344
2014-01-09,149.57252502441406
2014-01-10,149.979736328125
2014-01-13,147.9842529296875
2014-01-14,149.59690856933594
2014-01-15,150.4032440185547
2014-01-16,150.207763671875
2014-01-17,149.57252502441406
2014-01-21,150.01229858398438
2014-01-22,150.11004638671875
2014-01-23,148.88021850585938
2014-01-24,145.7036590576172
2014-01-27,144.9869384765625
2014-01-28,145.8502655029297
2014-01-29,144.44940185546875
2014-01-30,145.9805908203125
2014-01-31,145.12535095214844
2014-02-03,141.8592987060547
2014-02-04,142.85293579101562
2014-02-05,142.6737518310547
2014-02-06,144.55523681640625
2014-02-07,146.34707641601562
2014-02-10,146.6158905029297
2014-02-11,148.220458984375
2014-02-12,148.293701171875
2014-02-13,149.05935668945312
2014-02-14,149.88197326660156
2014-02-18,150.06117248535156
2014-02-19,149.0675048828125
2014-02-20,149.94720458984375
2014-02-21,149.77606201171875
2014-02-24,150.60687255859375
2014-02-25,150.5498809814453
2014-02-26,150.55801391601562
2014-02-27,151.34805297851562
2014-02-28,151.73089599609375
2014-03-03,150.66387939453125
2014-03-04,152.78152465820312
2014-03-05,152.92002868652344
2014-03-06,153.27029418945312
2014-03-07,153.3354034423828
2014-03-10,153.25399780273438
2014-03-11,152.4965057373047
2014-03-12,152.53721618652344
2014-03-13,150.82681274414062
2014-03-14,150.4032440185547
2014-03-17,151.7635040283203
2014-03-18,152.84669494628906
2014-03-19,152.03224182128906
2014-03-20,152.92002868652344
2014-03-21,152.32684326171875
2014-03-24,151.69691467285156
2014-03-25,152.41688537597656
2014-03-26,151.32069396972656
2014-03-27,151.00160217285156
2014-03-28,151.74606323242188
2014-03-31,152.9895782470703
2014-04-01,154.00392150878906
2014-04-02,154.51937866210938
2014-04-03,154.31483459472656
2014-04-04,152.49050903320312
2014-04-07,150.80526733398438
2014-04-08,151.42701721191406
2014-04-09,153.05499267578125
2014-04-10,149.83993530273438
2014-04-11,148.49012756347656
2014-04-14,149.6599884033203
2014-04-15,150.69068908691406
2014-04-16,152.26966857910156
2014-04-17,152.4822998046875
2014-04-21,153.01406860351562
2014-04-22,153.70947265625
2014-04-23,153.3494873046875
2014-04-24,153.660400390625
2014-04-25,152.40057373046875
2014-04-28,152.88320922851562
2014-04-29,153.59495544433594
2014-04-30,154.05303955078125
2014-05-01,154.0694122314453
2014-05-02,153.8485870361328
2014-05-05,154.14305114746094
2014-05-06,152.80137634277344
2014-05-07,153.7012939453125
2014-05-08,153.53765869140625
2014-05-09,153.76678466796875
2014-05-12,155.26382446289062
2014-05-13,155.40289306640625
2014-05-14,154.6666259765625
2014-05-15,153.3086395263672
2014-05-16,153.84036254882812
2014-05-19,154.40481567382812
2014-05-20,153.43125915527344
2014-05-21,154.72390747070312
2014-05-22,155.1002197265625
2014-05-23,155.7219696044922
2014-05-27,156.67910766601562
2014-05-28,156.56460571289062
2014-05-29,157.37442016601562
2014-05-30,157.62808227539062
2014-06-02,157.80807495117188
2014-06-03,157.7262420654297
2014-06-04,158.0452880859375
2014-06-05,159.0760955810547
2014-06-06,159.83688354492188
2014-06-09,160.00050354003906
2014-06-10,160.01686096191406
2014-06-11,159.46058654785156
2014-06-12,158.33160400390625
2014-06-13,158.8142547607422
2014-06-16,158.9451446533203
2014-06-17,159.38697814941406
2014-06-18,160.55682373046875
2014-06-19,160.73675537109375
2014-06-20,161.06312561035156
2014-06-23,161.0137481689453
2014-06-24,160.04385375976562
2014-06-25,160.76718139648438
2014-06-26,160.652099609375
2014-06-27,160.96446228027344
2014-06-30,160.8822784423828
2014-07-01,161.9591064453125
2014-07-02,162.12350463867188
2014-07-03,162.92083740234375
2014-07-07,162.35366821289062
2014-07-08,161.3097381591797
2014-07-09,162.03306579589844
2014-07-10,161.39190673828125
2014-07-11,161.6138916015625
2014-07-14,162.42764282226562
2014-07-15,162.12350463867188
2014-07-16,162.72352600097656
2014-07-17,160.87411499023438
2014-07-18,162.51806640625
2014-07-21,162.21389770507812
2014-07-22,162.92083740234375
2014-07-23,163.282470703125
2014-07-24,163.290771484375
2014-07-25,162.52627563476562
2014-07-28,162.5919952392578
2014-07-29,161.893310546875
2014-07-30,161.91799926757812
2014-07-31,158.7204132080078
2014-08-01,158.23545837402344
2014-08-04,159.37802124023438
2014-08-05,157.8326416015625
2014-08-06,157.88197326660156
2014-08-07,157.027099609375
2014-08-08,158.84373474121094
2014-08-11,159.30404663085938
2014-08-12,159.08213806152344
2014-08-13,160.1588897705078
2014-08-14,160.9151611328125
2014-08-15,160.8822784423828
2014-08-18,162.23037719726562
2014-08-19,163.07701110839844
2014-08-20,163.5127410888672
2014-08-21,163.98944091796875
2014-08-22,163.7346649169922
2014-08-25,164.56484985351562
2014-08-26,164.67169189453125
2014-08-27,164.60594177246094
2014-08-28,164.5155029296875
2014-08-29,164.98410034179688
2014-09-02,164.90182495117188
2014-09-03,164.81146240234375
2014-09-04,164.57308959960938
2014-09-05,165.31285095214844
2014-09-08,164.8854217529297
2014-09-09,163.84149169921875
2014-09-10,164.45802307128906
2014-09-11,164.6470489501953
2014-09-12,163.68528747558594
2014-09-15,163.56199645996094
2014-09-16,164.79498291015625
2014-09-17,165.01693725585938
2014-09-18,165.89646911621094
2014-09-19,165.7470245361328
2014-09-22,164.46693420410156
2014-09-23,163.52548217773438
2014-09-24,164.80555725097656
2014-09-25,162.1463165283203
2014-09-26,163.43466186523438
2014-09-29,163.13735961914062
2014-09-30,162.70794677734375
2014-10-01,160.50289916992188
2014-10-02,160.5277099609375
2014-10-03,162.29501342773438
2014-10-06,162.10508728027344
2014-10-07,159.6027374267578
2014-10-08,162.3940887451172
2014-10-09,159.1732940673828
2014-10-10,157.35643005371094
2014-10-13,154.7715301513672
2014-10-14,155.0110321044922
2014-10-15,153.9622039794922
2014-10-16,153.83009338378906
2014-10-17,155.64691162109375
2014-10-20,157.15821838378906
2014-10-21,160.2716522216797
2014-10-22,159.1320037841797
2014-10-23,160.98187255859375
2014-10-24,162.2206573486328
2014-10-27,161.99766540527344
2014-10-28,163.85586547851562
2014-10-29,163.6081085205078
2014-10-30,164.6569061279297
2014-10-31,166.53981018066406
2014-11-03,166.63064575195312
2014-11-04,166.05259704589844
2014-11-05,167.1013641357422
2014-11-06,167.77029418945312
2014-11-07,167.92726135253906
2014-11-10,168.455810546875
2014-11-11,168.62094116210938
2014-11-12,168.43923950195312
2014-11-13,168.6292266845703
2014-11-14,168.67050170898438
2014-11-17,168.7778778076172
2014-11-18,169.7523651123047
2014-11-19,169.4798126220703
2014-11-20,169.7771453857422
2014-11-21,170.68556213378906
2014-11-24,171.16456604003906
2014-11-25,171.04071044921875
2014-11-26,171.4783935546875
2014-11-28,171.114990234375
2014-12-01,169.92584228515625
2014-12-02,171.02420043945312
2014-12-03,171.68479919433594
2014-12-04,171.49493408203125
2014-12-05,171.77572631835938
2014-12-08,170.6277313232422
2014-12-09,170.51214599609375
2014-12-10,167.77857971191406
2014-12-11,168.6292266845703
2014-12-12,165.90394592285156
2014-12-15,164.76426696777344
2014-12-16,163.44290161132812
2014-12-17,166.6471710205078
2014-12-18,170.76815795898438
2014-12-19,171.49476623535156
2014-12-22,172.28358459472656
2014-12-23,172.51614379882812
2014-12-24,172.53273010253906
2014-12-26,173.0891876220703
2014-12-29,173.32162475585938
2014-12-30,172.3916015625
2014-12-31,170.6809539794922
2015-01-02,170.589599609375
2015-01-05,167.5088348388672
2015-01-06,165.93109130859375
2015-01-07,167.9987335205078
2015-01-08,170.97988891601562
2015-01-09,169.60972595214844
2015-01-12,168.28109741210938
2015-01-13,167.80776977539062
2015-01-14,166.79464721679688
2015-01-15,165.26673889160156
2015-01-16,167.43408203125
2015-01-20,167.7911376953125
2015-01-21,168.63818359375
2015-01-22,171.14599609375
2015-01-23,170.2075958251953
2015-01-26,170.60618591308594
2015-01-27,168.35585021972656
2015-01-28,166.19676208496094
2015-01-29,167.73297119140625
2015-01-30,165.62380981445312
2015-02-02,167.67486572265625
2015-02-03,170.0996856689453
2015-02-04,169.4519500732422
2015-02-05,171.16256713867188
2015-02-06,170.68927001953125
2015-02-09,169.92532348632812
2015-02-10,171.73558044433594
2015-02-11,171.83522033691406
2015-02-12,173.48770141601562
2015-02-13,174.2018585205078
2015-02-17,174.4759063720703
2015-02-18,174.49252319335938
2015-02-19,174.36795043945312
2015-02-20,175.4142608642578
2015-02-23,175.38938903808594
2015-02-24,175.88754272460938
2015-02-25,175.73818969726562
2015-02-26,175.530517578125
2015-02-27,174.9326171875
2015-03-02,176.03707885742188
2015-03-03,175.31459045410156
2015-03-04,174.5755157470703
2015-03-05,174.76654052734375
2015-03-06,172.3085479736328
2015-03-09,173.0227508544922
2015-03-10,170.21597290039062
2015-03-11,169.8173370361328
2015-03-12,171.9763946533203
2015-03-13,170.9217529296875
2015-03-16,173.20541381835938
2015-03-17,172.69056701660156
2015-03-18,174.76654052734375
2015-03-19,173.96939086914062
2015-03-20,175.50498962402344
2015-03-23,175.16293334960938
2015-03-24,174.1787109375
2015-03-25,171.62631225585938
2015-03-26,171.2176513671875
2015-03-27,171.6096649169922
2015-03-30,173.7032928466797
2015-03-31,172.18515014648438
2015-04-01,171.5762176513672
2015-04-02,172.19349670410156
2015-04-06,173.35296630859375
2015-04-07,172.89419555664062
2015-04-08,173.4780731201172
2015-04-09,174.2454376220703
2015-04-10,175.1962890625
2015-04-13,174.4039306640625
2015-04-14,174.737548828125
2015-04-15,175.52159118652344
2015-04-16,175.47161865234375
2015-04-17,173.45298767089844
2015-04-20,175.03787231445312
2015-04-21,174.82928466796875
2015-04-22,175.6884765625
2015-04-23,176.1305389404297
2015-04-24,176.53929138183594
2015-04-27,175.80520629882812
2015-04-28,176.36407470703125
2015-04-29,175.63839721679688
2015-04-30,173.8784637451172
2015-05-01,175.76358032226562
2015-05-04,176.26402282714844
2015-05-05,174.2454376220703
2015-05-06,173.52816772460938
2015-05-07,174.22048950195312
2015-05-08,176.51425170898438
2015-05-11,175.6717987060547
2015-05-12,175.14625549316406
2015-05-13,175.1796875
2015-05-14,177.00634765625
2015-05-15,177.19818115234375
2015-05-18,177.7487335205078
2015-05-19,177.69029235839844
2015-05-20,177.565185546875
2015-05-21,178.0823516845703
2015-05-22,177.656982421875
2015-05-26,175.74681091308594
2015-05-27,177.4150848388672
2015-05-28,177.21487426757812
2015-05-29,176.11383056640625
2015-06-01,176.4725799560547
2015-06-02,176.29727172851562
2015-06-03,176.7644500732422
2015-06-04,175.27142333984375
2015-06-05,174.9711456298828
2015-06-08,173.8950653076172
2015-06-09,173.8700714111328
2015-06-10,175.95538330078125
2015-06-11,176.5225830078125
2015-06-12,175.1713104248047
2015-06-15,174.4205780029297
2015-06-16,175.3715057373047
2015-06-17,175.65509033203125
2015-06-18,177.48179626464844
2015-06-19,176.6939239501953
2015-06-22,177.59915161132812
2015-06-23,177.72486877441406
2015-06-24,176.4341278076172
2015-06-25,175.89768981933594
2015-06-26,175.86410522460938
2015-06-29,172.17620849609375
2015-06-30,172.53662109375
2015-07-01,173.91958618164062
2015-07-02,173.7603302001953
2015-07-06,173.26583862304688
2015-07-07,174.35546875
2015-07-08,171.43023681640625
2015-07-09,171.74034118652344
2015-07-10,173.90277099609375
2015-07-13,175.822265625
2015-07-14,176.58497619628906
2015-07-15,176.5262908935547
2015-07-16,177.94277954101562
2015-07-17,178.09368896484375
2015-07-20,178.1858367919922
2015-07-21,177.48182678222656
2015-07-22,177.1632843017578
2015-07-23,176.1658935546875
2015-07-24,174.33871459960938
2015-07-27,173.32449340820312
2015-07-28,175.4534454345703
2015-07-29,176.66033935546875
2015-07-30,176.702392578125
2015-07-31,176.4341278076172
2015-08-03,175.83897399902344
2015-08-04,175.4952850341797
2015-08-05,176.07371520996094
2015-08-06,174.6320343017578
2015-08-07,174.29672241210938
2015-08-10,176.49276733398438
2015-08-11,174.9002227783203
2015-08-12,175.1097869873047
2015-08-13,174.89187622070312
2015-08-14,175.5288543701172
2015-08-17,176.50953674316406
2015-08-18,175.9982147216797
2015-08-19,174.60687255859375
2015-08-20,170.9608612060547
2015-08-21,165.8145294189453
2015-08-24,158.83261108398438
2015-08-25,156.96347045898438
2015-08-26,162.9899139404297
2015-08-27,167.021484375
2015-08-28,167.02987670898438
2015-08-31,165.6803741455078
2015-09-01,160.73521423339844
2015-09-02,163.7861328125
2015-09-03,163.90350341796875
2015-09-04,161.42250061035156
2015-09-08,165.47923278808594
2015-09-09,163.2664794921875
2015-09-10,164.15492248535156
2015-09-11,164.90093994140625
2015-09-14,164.28903198242188
2015-09-15,166.34251403808594
2015-09-16,167.7842559814453
2015-09-17,167.40701293945312
2015-09-18,164.67137145996094
2015-09-21,165.52230834960938
2015-09-22,163.37384033203125
2015-09-23,163.11273193359375
2015-09-24,162.5229034423828
2015-09-25,162.48077392578125
2015-09-28,158.40293884277344
2015-09-29,158.49566650390625
2015-09-30,161.45291137695312
2015-10-01,161.8741912841797
2015-10-02,164.292236328125
2015-10-05,167.21575927734375
2015-10-06,166.64285278320312
2015-10-07,168.00772094726562
2015-10-08,169.5243377685547
2015-10-09,169.62535095214844
2015-10-12,169.7854461669922
2015-10-13,168.71543884277344
2015-10-14,167.9066162109375
2015-10-15,170.48477172851562
2015-10-16,171.2598876953125
2015-10-19,171.3441619873047
2015-10-20,171.12503051757812
2015-10-21,170.06350708007812
2015-10-22,172.93650817871094
2015-10-23,174.8321533203125
2015-10-26,174.40252685546875
2015-10-27,174.0654754638672
2015-10-28,176.04542541503906
2015-10-29,175.94430541992188
2015-10-30,175.18601989746094
2015-11-02,177.2586669921875
2015-11-03,177.7725830078125
2015-11-04,177.23336791992188
2015-11-05,177.05645751953125
2015-11-06,176.96371459960938
2015-11-09,175.31240844726562
2015-11-10,175.71682739257812
2015-11-11,175.0260009765625
2015-11-12,172.5826416015625
2015-11-13,170.6448211669922
2015-11-16,173.23988342285156
2015-11-17,173.11343383789062
2015-11-18,175.86007690429688
2015-11-19,175.7084197998047
2015-11-20,176.3487548828125
2015-11-23,176.1465606689453
2015-11-24,176.38246154785156
2015-11-25,176.35716247558594
2015-11-27,176.55938720703125
2015-11-30,175.8263702392578
2015-12-01,177.50303649902344
2015-12-02,175.69158935546875
2015-12-03,173.2313995361328
2015-12-04,176.6099395751953
2015-12-07,175.53993225097656
2015-12-08,174.3603515625
2015-12-09,173.00390625
2015-12-10,173.450439453125
2015-12-11,170.08876037597656
2015-12-14,170.9481964111328
2015-12-15,172.7427520751953
2015-12-16,175.2703094482422
2015-12-17,172.5994873046875
2015-12-18,169.52467346191406
2015-12-21,170.92308044433594
2015-12-22,172.4740753173828
2015-12-23,174.60986328125
2015-12-24,174.32168579101562
2015-12-28,173.92337036132812
2015-12-29,175.77944946289062
2015-12-30,174.5336151123047
2015-12-31,172.7876434326172
2016-01-04,170.3721923828125
2016-01-05,170.6603546142578
2016-01-06,168.50759887695312
2016-01-07,164.46481323242188
2016-01-08,162.6595916748047
2016-01-11,162.82058715820312
2016-01-12,164.1343231201172
2016-01-13,160.04071044921875
2016-01-14,162.66799926757812
2016-01-15,159.17616271972656
2016-01-19,159.38807678222656
2016-01-20,157.3455352783203
2016-01-21,158.2269287109375
2016-01-22,161.47305297851562
2016-01-25,159.03207397460938
2016-01-26,161.20181274414062
2016-01-27,159.4473876953125
2016-01-28,160.2779998779297
2016-01-29,164.1851043701172
2016-02-01,164.12579345703125
2016-02-02,161.1679229736328
2016-02-03,162.13409423828125
2016-02-04,162.38836669921875
2016-02-05,159.29483032226562
2016-02-08,157.1505584716797
2016-02-09,157.1590576171875
2016-02-10,157.02342224121094
2016-02-11,154.9808807373047
2016-02-12,158.1761016845703
2016-02-16,160.8458251953125
2016-02-17,163.47323608398438
2016-02-18,162.80364990234375
2016-02-19,162.72731018066406
2016-02-22,165.08352661132812
2016-02-23,162.99859619140625
2016-02-24,163.7444610595703
2016-02-25,165.7276611328125
2016-02-26,165.34628295898438
2016-02-29,164.04953002929688
2016-03-01,167.90582275390625
2016-03-02,168.66012573242188
2016-03-03,169.32122802734375
2016-03-04,169.8721466064453
2016-03-07,170.0076904296875
2016-03-08,168.15164184570312
2016-03-09,168.982177734375
2016-03-10,169.11778259277344
2016-03-11,171.8468780517578
2016-03-14,171.6265106201172
2016-03-15,171.34690856933594
2016-03-16,172.3384246826172
2016-03-17,173.43179321289062
2016-03-18,174.11329650878906
2016-03-21,174.3603515625
2016-03-22,174.26663208007812
2016-03-23,173.11660766601562
2016-03-24,173.03988647460938
2016-03-28,173.14215087890625
2016-03-29,174.74371337890625
2016-03-30,175.51043701171875
2016-03-31,175.08447265625
2016-04-01,176.27720642089844
2016-04-04,175.70639038085938
2016-04-05,173.9514923095703
2016-04-06,175.85121154785156
2016-04-07,173.7469940185547
2016-04-08,174.2155303955078
2016-04-11,173.806640625
2016-04-12,175.42523193359375
2016-04-13,177.19723510742188
2016-04-14,177.2057647705078
2016-04-15,177.00978088378906
2016-04-18,178.2536163330078
2016-04-19,178.8158416748047
2016-04-20,178.98623657226562
2016-04-21,178.0236053466797
2016-04-22,178.0236053466797
2016-04-25,177.7168426513672
2016-04-26,177.9810028076172
2016-04-27,178.34735107421875
2016-04-28,176.72869873046875
2016-04-29,175.7744903564453
2016-05-02,177.17166137695312
2016-05-03,175.6296844482422
2016-05-04,174.65000915527344
2016-05-05,174.61599731445312
2016-05-06,175.2548828125
2016-05-09,175.39968872070312
2016-05-10,177.58059692382812
2016-05-11,175.9193572998047
2016-05-12,175.970458984375
2016-05-13,174.43704223632812
2016-05-16,176.15789794921875
2016-05-17,174.51368713378906
2016-05-18,174.56480407714844
2016-05-19,173.95994567871094
2016-05-20,175.05892944335938
2016-05-23,174.8203887939453
2016-05-24,177.08645629882812
2016-05-25,178.2876434326172
2016-05-26,178.3387908935547
2016-05-27,179.1055145263672
2016-05-31,178.76467895507812
2016-06-01,179.13104248046875
2016-06-02,179.67630004882812
2016-06-03,179.13955688476562
2016-06-06,180.05113220214844
2016-06-07,180.33224487304688
2016-06-08,180.9200439453125
2016-06-09,180.67300415039062
2016-06-10,178.96072387695312
2016-06-13,177.58059692382812
2016-06-14,177.2312774658203
2016-06-15,176.98423767089844
2016-06-16,177.51246643066406
2016-06-17,176.8513641357422
2016-06-20,177.9902801513672
2016-06-21,178.4954833984375
2016-06-22,178.20437622070312
2016-06-23,180.5250244140625
2016-06-24,174.04254150390625
2016-06-27,170.92552185058594
2016-06-28,174.00830078125
2016-06-29,176.97119140625
2016-06-30,179.38609313964844
2016-07-01,179.76290893554688
2016-07-05,178.4698028564453
2016-07-06,179.54022216796875
2016-07-07,179.42892456054688
2016-07-08,182.1007080078125
2016-07-11,182.7429656982422
2016-07-12,184.07032775878906
2016-07-13,184.0446014404297
2016-07-14,185.0721893310547
2016-07-15,184.82386779785156
2016-07-18,185.3205108642578
2016-07-19,185.1321563720703
2016-07-20,185.90281677246094
2016-07-21,185.20066833496094
2016-07-22,186.0312957763672
2016-07-25,185.52606201171875
2016-07-26,185.61170959472656
2016-07-27,185.4147186279297
2016-07-28,185.62884521484375
2016-07-29,185.92857360839844
2016-08-01,185.77435302734375
2016-08-02,184.58412170410156
2016-08-03,185.12355041503906
2016-08-04,185.3205108642578
2016-08-05,186.8362579345703
2016-08-08,186.72494506835938
2016-08-09,186.8362579345703
2016-08-10,186.3738250732422
2016-08-11,187.2387237548828
2016-08-12,187.07603454589844
2016-08-15,187.61550903320312
2016-08-16,186.6478729248047
2016-08-17,186.99896240234375
2016-08-18,187.4185791015625
2016-08-19,187.14456176757812
2016-08-22,187.13597106933594
2016-08-23,187.5127716064453
2016-08-24,186.5537109375
2016-08-25,186.4252166748047
2016-08-26,186.07415771484375
2016-08-29,186.9904022216797
2016-08-30,186.68212890625
2016-08-31,186.15118408203125
2016-09-01,186.1597900390625
2016-09-02,186.99896240234375
2016-09-06,187.56414794921875
2016-09-07,187.54701232910156
2016-09-08,187.1188507080078
2016-09-09,182.6402130126953
2016-09-12,185.26052856445312
2016-09-13,182.5973358154297
2016-09-14,182.5288543701172
2016-09-15,184.35287475585938
2016-09-16,183.64024353027344
2016-09-19,183.67465209960938
2016-09-20,183.6833038330078
2016-09-21,185.74887084960938
2016-09-22,186.91937255859375
2016-09-23,185.8951873779297
2016-09-26,184.3890380859375
2016-09-27,185.53366088867188
2016-09-28,186.45462036132812
2016-09-29,184.76773071289062
2016-09-30,186.1620330810547
2016-10-03,185.71444702148438
2016-10-04,184.76773071289062
2016-10-05,185.58535766601562
2016-10-06,185.71444702148438
2016-10-07,185.0775604248047
2016-10-10,186.04150390625
2016-10-11,183.69187927246094
2016-10-12,183.932861328125
2016-10-13,183.33047485351562
2016-10-14,183.42501831054688
2016-10-17,182.78814697265625
2016-10-18,183.932861328125
2016-10-19,184.42344665527344
2016-10-20,184.07920837402344
2016-10-21,184.16526794433594
2016-10-24,184.94842529296875
2016-10-25,184.32875061035156
2016-10-26,183.95863342285156
2016-10-27,183.4680938720703
2016-10-28,182.92587280273438
2016-10-31,182.9344940185547
2016-11-01,181.60902404785156
2016-11-02,180.5159912109375
2016-11-03,179.6897430419922
2016-11-04,179.49185180664062
2016-11-07,183.45086669921875
2016-11-08,184.2771759033203
2016-11-09,186.23081970214844
2016-11-10,186.69554138183594
2016-11-11,186.26527404785156
2016-11-14,186.41159057617188
2016-11-15,187.86610412597656
2016-11-16,187.51318359375
2016-11-17,188.47715759277344
2016-11-18,188.0554656982422
2016-11-21,189.47552490234375
2016-11-22,189.84567260742188
2016-11-23,189.9488983154297
2016-11-25,190.65467834472656
2016-11-28,189.7595977783203
2016-11-29,190.12966918945312
2016-11-30,189.67352294921875
2016-12-01,188.9763946533203
2016-12-02,189.071044921875
2016-12-05,190.20713806152344
2016-12-06,190.80963134765625
2016-12-07,193.3054962158203
2016-12-08,193.77886962890625
2016-12-09,194.9493865966797
2016-12-12,194.7256317138672
2016-12-13,196.0251922607422
2016-12-14,194.40716552734375
2016-12-15,195.20758056640625
2016-12-16,194.82582092285156
2016-12-19,195.2500457763672
2016-12-20,196.00320434570312
2016-12-21,195.45779418945312
2016-12-22,195.12017822265625
2016-12-23,195.40582275390625
2016-12-27,195.89065551757812
2016-12-28,194.2717742919922
2016-12-29,194.2284393310547
2016-12-30,193.51852416992188
2017-01-03,194.99899291992188
2017-01-04,196.15902709960938
2017-01-05,196.00320434570312
2017-01-06,196.7044677734375
2017-01-09,196.05517578125
2017-01-10,196.05517578125
2017-01-11,196.60919189453125
2017-01-12,196.11569213867188
2017-01-13,196.56591796875
2017-01-17,195.87335205078125
2017-01-18,196.30624389648438
2017-01-19,195.57901000976562
2017-01-20,196.29754638671875
2017-01-23,195.7867889404297
2017-01-24,197.04208374023438
2017-01-25,198.74758911132812
2017-01-26,198.5398406982422
2017-01-27,198.22813415527344
2017-01-30,196.9988250732422
2017-01-31,196.98147583007812
2017-02-01,197.0594024658203
2017-02-02,197.18930053710938
2017-02-03,198.54849243164062
2017-02-06,198.19349670410156
2017-02-07,198.20216369628906
2017-02-08,198.46188354492188
2017-02-09,199.63929748535156
2017-02-10,200.42718505859375
2017-02-13,201.5179443359375
2017-02-14,202.32318115234375
2017-02-15,203.37925720214844
2017-02-16,203.20614624023438
2017-02-17,203.5264434814453
2017-02-21,204.73851013183594
2017-02-22,204.5567169189453
2017-02-23,204.69522094726562
2017-02-24,204.9549560546875
2017-02-27,205.2752685546875
2017-02-28,204.72119140625
2017-03-01,207.5867919921875
2017-03-02,206.27951049804688
2017-03-03,206.40936279296875
2017-03-06,205.79469299316406
2017-03-07,205.18003845214844
2017-03-08,204.79910278320312
2017-03-09,205.058837890625
2017-03-10,205.77737426757812
2017-03-13,205.8812255859375
2017-03-14,205.09349060058594
2017-03-15,206.8682403564453
2017-03-16,206.46131896972656
2017-03-17,206.09878540039062
2017-03-20,205.8726806640625
2017-03-21,203.2293701171875
2017-03-22,203.7075958251953
2017-03-23,203.4901885986328
2017-03-24,203.34242248535156
2017-03-27,203.13368225097656
2017-03-28,204.61187744140625
2017-03-29,204.80313110351562
2017-03-30,205.455322265625
2017-03-31,204.97708129882812
2017-04-03,204.6205596923828
2017-04-04,204.7510223388672
2017-04-05,204.14236450195312
2017-04-06,204.7162628173828
2017-04-07,204.5075225830078
2017-04-10,204.62928771972656
2017-04-11,204.3858184814453
2017-04-12,203.4901885986328
2017-04-13,202.16856384277344
2017-04-17,203.95973205566406
2017-04-18,203.35108947753906
2017-04-19,202.97723388671875
2017-04-20,204.62928771972656
2017-04-21,203.97715759277344
2017-04-24,206.22047424316406
2017-04-25,207.42039489746094
2017-04-26,207.28997802734375
2017-04-27,207.4638671875
2017-04-28,207.01174926757812
2017-05-01,207.53341674804688
2017-05-02,207.6116943359375
2017-05-03,207.3594970703125
2017-05-04,207.60296630859375
2017-05-05,208.4202880859375
2017-05-08,208.38552856445312
2017-05-09,208.19424438476562
2017-05-10,208.568115234375
2017-05-11,208.14205932617188
2017-05-12,207.79429626464844
2017-05-15,208.9420623779297
2017-05-16,208.75071716308594
2017-05-17,205.04664611816406
2017-05-18,205.8726806640625
2017-05-19,207.21168518066406
2017-05-22,208.26382446289062
2017-05-23,208.7246551513672
2017-05-24,209.2115478515625
2017-05-25,210.21151733398438
2017-05-26,210.16802978515625
2017-05-30,209.9854278564453
2017-05-31,209.9332733154297
2017-06-01,211.60272216796875
2017-06-02,212.3070068359375
2017-06-05,212.1504669189453
2017-06-06,211.47230529785156
2017-06-07,211.863525390625
2017-06-08,211.96791076660156
2017-06-09,211.64622497558594
2017-06-12,211.60272216796875
2017-06-13,212.63739013671875
2017-06-14,212.36788940429688
2017-06-15,211.959228515625
2017-06-16,212.00547790527344
2017-06-19,213.77049255371094
2017-06-20,212.32879638671875
2017-06-21,212.27638244628906
2017-06-22,212.18032836914062
2017-06-23,212.43365478515625
2017-06-26,212.5734405517578
2017-06-27,210.8608856201172
2017-06-28,212.74818420410156
2017-06-29,210.87835693359375
2017-06-30,211.27154541015625
2017-07-03,211.62982177734375
2017-07-05,212.11912536621094
2017-07-06,210.17938232421875
2017-07-07,211.5424346923828
2017-07-10,211.7696075439453
2017-07-11,211.61231994628906
2017-07-12,213.20249938964844
2017-07-13,213.56080627441406
2017-07-14,214.55686950683594
2017-07-17,214.53062438964844
2017-07-18,214.6442108154297
2017-07-19,215.80630493164062
2017-07-20,215.90240478515625
2017-07-21,215.71022033691406
2017-07-24,215.65773010253906
2017-07-25,216.1820526123047
2017-07-26,216.19076538085938
2017-07-27,215.98976135253906
2017-07-28,215.73641967773438
2017-07-31,215.6140899658203
2017-08-01,216.09463500976562
2017-08-02,216.19955444335938
2017-08-03,215.78005981445312
2017-08-04,216.17330932617188
2017-08-07,216.57521057128906
2017-08-08,216.04222106933594
2017-08-09,216.0334930419922
2017-08-10,212.9840850830078
2017-08-11,213.29864501953125
2017-08-14,215.41310119628906
2017-08-15,215.3869171142578
2017-08-16,215.76260375976562
2017-08-17,212.39866638183594
2017-08-18,212.066650390625
2017-08-21,212.2327117919922
2017-08-22,214.45199584960938
2017-08-23,213.68307495117188
2017-08-24,213.18504333496094
2017-08-25,213.68307495117188
2017-08-28,213.69183349609375
2017-08-29,213.9365234375
2017-08-30,214.9499969482422
2017-08-31,216.24319458007812
2017-09-01,216.54896545410156
2017-09-05,214.99368286132812
2017-09-06,215.72764587402344
2017-09-07,215.70144653320312
2017-09-08,215.4480438232422
2017-09-11,217.74598693847656
2017-09-12,218.4800262451172
2017-09-13,218.58480834960938
2017-09-14,218.51490783691406
2017-09-15,218.80908203125
2017-09-18,219.27447509765625
2017-09-19,219.49403381347656
2017-09-20,219.57302856445312
2017-09-21,218.9846954345703
2017-09-22,219.02859497070312
2017-09-25,218.58074951171875
2017-09-26,218.71250915527344
2017-09-27,219.5642547607422
2017-09-28,219.82766723632812
2017-09-29,220.60037231445312
2017-10-02,221.55751037597656
2017-10-03,222.03164672851562
2017-10-04,222.2950897216797
2017-10-05,223.6121826171875
2017-10-06,223.35752868652344
2017-10-09,222.98875427246094
2017-10-10,223.5770263671875
2017-10-11,223.92831420898438
2017-10-12,223.59463500976562
2017-10-13,223.86683654785156
2017-10-16,224.16539001464844
2017-10-17,224.32345581054688
2017-10-18,224.54295349121094
2017-10-19,224.60438537597656
2017-10-20,225.763427734375
2017-10-23,224.8853759765625
2017-10-24,225.2805633544922
2017-10-25,224.16539001464844
2017-10-26,224.45510864257812
2017-10-27,226.29034423828125
2017-10-30,225.44740295410156
2017-10-31,225.79861450195312
2017-11-01,226.0971221923828
2017-11-02,226.1849365234375
2017-11-03,226.94009399414062
2017-11-06,227.2913818359375
2017-11-07,227.13333129882812
2017-11-08,227.51963806152344
2017-11-09,226.69427490234375
2017-11-10,226.62399291992188
2017-11-13,226.83473205566406
2017-11-14,226.30787658691406
2017-11-15,225.1752166748047
2017-11-16,227.08938598632812
2017-11-17,226.4219970703125
2017-11-20,226.80831909179688
2017-11-21,228.29232788085938
2017-11-22,228.09043884277344
2017-11-24,228.61727905273438
2017-11-27,228.50314331054688
2017-11-28,230.82122802734375
2017-11-29,230.6807098388672
2017-11-30,232.70030212402344
2017-12-01,232.21734619140625
2017-12-04,231.9364013671875
2017-12-05,231.1022186279297
2017-12-06,231.14613342285156
2017-12-07,231.87493896484375
2017-12-08,233.1393585205078
2017-12-11,233.84185791015625
2017-12-12,234.25453186035156
2017-12-13,234.22821044921875
2017-12-14,233.2710723876953
2017-12-15,235.2135772705078
2017-12-18,236.70518493652344
2017-12-19,235.7960968017578
2017-12-20,235.6725616455078
2017-12-21,236.1580047607422
2017-12-22,236.0962371826172
2017-12-26,235.813720703125
2017-12-27,235.92848205566406
2017-12-28,236.41395568847656
2017-12-29,235.52249145507812
2018-01-02,237.20819091796875
2018-01-03,238.70860290527344
2018-01-04,239.7147674560547
2018-01-05,241.31219482421875
2018-01-08,241.75344848632812
2018-01-09,242.30068969726562
2018-01-10,241.92991638183594
2018-01-11,243.69512939453125
2018-01-12,245.28375244140625
2018-01-16,244.44528198242188
2018-01-17,246.77532958984375
2018-01-18,246.3604736328125
2018-01-19,247.48138427734375
2018-01-22,249.4936065673828
2018-01-23,250.0229949951172
2018-01-24,249.92608642578125
2018-01-25,250.03196716308594
2018-01-26,252.9267578125
2018-01-29,251.2499542236328
2018-01-30,248.67283630371094
2018-01-31,248.79629516601562
2018-02-01,248.5139617919922
2018-02-02,243.1038055419922
2018-02-05,232.9365692138672
2018-02-06,237.52593994140625
2018-02-07,236.23744201660156
2018-02-08,227.3764190673828
2018-02-09,230.79196166992188
2018-02-12,234.18109130859375
2018-02-13,234.76351928710938
2018-02-14,237.93186950683594
2018-02-15,240.9679718017578
2018-02-16,241.03857421875
2018-02-20,239.52944946289062
2018-02-21,238.3379364013672
2018-02-22,238.6467742919922
2018-02-23,242.45066833496094
2018-02-26,245.26609802246094
2018-02-27,242.20361328125
2018-02-28,239.75006103515625
2018-03-01,236.26385498046875
2018-03-02,237.48178100585938
2018-03-05,240.2266387939453
2018-03-06,240.8355712890625
2018-03-07,240.7473602294922
2018-03-08,241.912353515625
2018-03-09,246.1221466064453
2018-03-12,245.81326293945312
2018-03-13,244.2246551513672
2018-03-14,242.9713592529297
2018-03-15,242.70660400390625
2018-03-16,242.96983337402344
2018-03-19,239.68238830566406
2018-03-20,240.08993530273438
2018-03-21,239.6291961669922
2018-03-22,233.63916015625
2018-03-23,228.65919494628906
2018-03-26,234.9150848388672
2018-03-27,230.91876220703125
2018-03-28,230.2364501953125
2018-03-29,233.1782989501953
2018-04-02,228.14529418945312
2018-04-03,231.0694122314453
2018-04-04,233.5416259765625
2018-04-05,235.38473510742188
2018-04-06,230.13900756835938
2018-04-09,231.273193359375
2018-04-10,234.95053100585938
2018-04-11,233.71890258789062
2018-04-12,235.64173889160156
2018-04-13,234.95053100585938
2018-04-16,236.8822479248047
2018-04-17,239.41651916503906
2018-04-18,239.59375
2018-04-19,238.26455688476562
2018-04-20,236.24427795410156
2018-04-23,236.20880126953125
2018-04-24,233.02772521972656
2018-04-25,233.60372924804688
2018-04-26,235.9784393310547
2018-04-27,236.20001220703125
2018-04-30,234.3834686279297
2018-05-01,234.79995727539062
2018-05-02,233.22267150878906
2018-05-03,232.708740234375
2018-05-04,235.72149658203125
2018-05-07,236.51895141601562
2018-05-08,236.51895141601562
2018-05-09,238.80511474609375
2018-05-10,241.0380859375
2018-05-11,241.77354431152344
2018-05-14,241.88880920410156
2018-05-15,240.2229461669922
2018-05-16,241.23304748535156
2018-05-17,241.02926635742188
2018-05-18,240.42665100097656
2018-05-21,242.23431396484375
2018-05-22,241.56089782714844
2018-05-23,242.22547912597656
2018-05-24,241.72926330566406
2018-05-25,241.1533203125
2018-05-29,238.3796844482422
2018-05-30,241.56089782714844
2018-05-31,240.08114624023438
2018-06-01,242.43814086914062
2018-06-04,243.59007263183594
2018-06-05,243.7673797607422
2018-06-06,245.8052978515625
2018-06-07,245.77880859375
2018-06-08,246.5053253173828
2018-06-11,246.83319091796875
2018-06-12,247.1522216796875
2018-06-13,246.3635711669922
2018-06-14,246.98390197753906
2018-06-15,246.66879272460938
2018-06-18,246.16134643554688
2018-06-19,245.21786499023438
2018-06-20,245.6361541748047
2018-06-21,244.09654235839844
2018-06-22,244.54147338867188
2018-06-25,241.2125701904297
2018-06-26,241.7466278076172
2018-06-27,239.74391174316406
2018-06-28,241.1147003173828
2018-06-29,241.46173095703125
2018-07-02,241.9780731201172
2018-07-03,241.12351989746094
2018-07-05,243.09066772460938
2018-07-06,245.1466827392578
2018-07-09,247.35418701171875
2018-07-10,248.24424743652344
2018-07-11,246.4284210205078
2018-07-12,248.6625213623047
2018-07-13,248.85841369628906
2018-07-16,248.63589477539062
2018-07-17,249.64163208007812
2018-07-18,250.1668243408203
2018-07-19,249.2233428955078
2018-07-20,248.93853759765625
2018-07-23,249.4013214111328
2018-07-24,250.65635681152344
2018-07-25,252.7925567626953
2018-07-26,252.1962432861328
2018-07-27,250.48728942871094
2018-07-30,249.1787567138672
2018-07-31,250.40716552734375
2018-08-01,249.98876953125
2018-08-02,251.35064697265625
2018-08-03,252.42758178710938
2018-08-06,253.35330200195312
2018-08-07,254.1900177001953
2018-08-08,254.08306884765625
2018-08-09,253.73609924316406
2018-08-10,252.03599548339844
2018-08-13,251.092529296875
2018-08-14,252.69456481933594
2018-08-15,250.80752563476562
2018-08-16,252.8370819091797
2018-08-17,253.7271728515625
2018-08-20,254.27003479003906
2018-08-21,254.866455078125
2018-08-22,254.71514892578125
2018-08-23,254.37698364257812
2018-08-24,255.9078369140625
2018-08-27,257.92828369140625
2018-08-28,258.052978515625
2018-08-29,259.44146728515625
2018-08-30,258.3911437988281
2018-08-31,258.40008544921875
2018-09-04,257.9549255371094
2018-09-05,257.2607421875
2018-09-06,256.4864196777344
2018-09-07,255.98794555664062
2018-09-10,256.4329528808594
2018-09-11,257.278564453125
2018-09-12,257.34088134765625
2018-09-13,258.8628845214844
2018-09-14,258.90740966796875
2018-09-17,257.53662109375
2018-09-18,258.9340515136719
2018-09-19,259.2099914550781
2018-09-20,261.3105773925781
2018-09-21,261.07183837890625
2018-09-24,260.20465087890625
2018-09-25,259.9632263183594
2018-09-26,259.18536376953125
2018-09-27,259.9095764160156
2018-09-28,259.9363708496094
2018-10-01,260.83941650390625
2018-10-02,260.6875
2018-10-03,260.8305358886719
2018-10-04,258.79193115234375
2018-10-05,257.343505859375
2018-10-08,257.343505859375
2018-10-09,256.9679260253906
2018-10-10,248.83148193359375
2018-10-11,243.35064697265625
2018-10-12,246.73033142089844
2018-10-15,245.34445190429688
2018-10-16,250.70912170410156
2018-10-17,250.75376892089844
2018-10-18,247.13267517089844
2018-10-19,246.9986114501953
2018-10-22,245.88995361328125
2018-10-23,244.6381378173828
2018-10-24,237.22601318359375
2018-10-25,241.4818572998047
2018-10-26,237.2349090576172
2018-10-29,235.92054748535156
2018-10-30,239.4165496826172
2018-10-31,241.9736328125
2018-11-01,244.54879760742188
2018-11-02,243.10025024414062
2018-11-05,244.44137573242188
2018-11-06,245.98818969726562
2018-11-07,251.2545623779297
2018-11-08,250.79855346679688
2018-11-09,248.3487091064453
2018-11-12,243.70822143554688
2018-11-13,243.2522735595703
2018-11-14,241.5891571044922
2018-11-15,244.11062622070312
2018-11-16,244.7454071044922
2018-11-19,240.60569763183594
2018-11-20,236.1530303955078
2018-11-21,236.95767211914062
2018-11-23,235.37506103515625
2018-11-26,239.17510986328125
2018-11-27,239.97975158691406
2018-11-28,245.50537109375
2018-11-29,244.9689483642578
2018-11-30,246.46206665039062
2018-12-03,249.7256622314453
2018-12-04,241.6339111328125
2018-12-06,241.26722717285156
2018-12-07,235.66122436523438
2018-12-10,236.10824584960938
2018-12-11,236.16192626953125
2018-12-12,237.35107421875
2018-12-13,237.27059936523438
2018-12-14,232.8894805908203
2018-12-17,228.32058715820312
2018-12-18,228.07020568847656
2018-12-19,224.65469360351562
2018-12-20,220.997802734375
2018-12-21,216.4696807861328
2018-12-24,210.7498779296875
2018-12-26,221.3979949951172
2018-12-27,223.09774780273438
2018-12-28,222.80992126464844
2018-12-31,224.76150512695312
2019-01-02,224.99530029296875
2019-01-03,219.62632751464844
2019-01-04,226.9828338623047
2019-01-07,228.77255249023438
2019-01-08,230.9219207763672
2019-01-09,232.00112915039062
2019-01-10,232.8195343017578
2019-01-11,232.90945434570312
2019-01-14,231.48849487304688
2019-01-15,234.1416015625
2019-01-16,234.70816040039062
2019-01-17,236.4888153076172
2019-01-18,239.63648986816406
2019-01-22,236.39886474609375
2019-01-23,236.89353942871094
2019-01-24,237.01939392089844
2019-01-25,239.0249481201172
2019-01-28,237.20828247070312
2019-01-29,236.89353942871094
2019-01-30,240.64376831054688
2019-01-31,242.7572021484375
2019-02-01,242.87408447265625
2019-02-04,244.582763671875
2019-02-05,245.60800170898438
2019-02-06,245.2842559814453
2019-02-07,242.9459991455078
2019-02-08,243.24282836914062
2019-02-11,243.37771606445312
2019-02-12,246.5074005126953
2019-02-13,247.3079071044922
2019-02-14,246.7592010498047
2019-02-15,249.44833374023438
2019-02-19,249.87989807128906
2019-02-20,250.38356018066406
2019-02-21,249.49325561523438
2019-02-22,251.04006958007812
2019-02-25,251.38177490234375
2019-02-26,251.20191955566406
2019-02-27,251.09396362304688
2019-02-28,250.6263427734375
2019-03-01,252.19119262695312
2019-03-04,251.27389526367188
2019-03-05,250.9320526123047
2019-03-06,249.41224670410156
2019-03-07,247.3258514404297
2019-03-08,246.8311004638672
2019-03-11,250.41050720214844
2019-03-12,251.35476684570312
2019-03-13,253.01853942871094
2019-03-14,252.85671997070312
2019-03-15,254.10595703125
2019-03-18,255.0272674560547
2019-03-19,255.0904998779297
2019-03-20,254.32269287109375
2019-03-21,257.1952819824219
2019-03-22,252.24517822265625
2019-03-25,252.0554656982422
2019-03-26,253.934326171875
2019-03-27,252.6064453125
2019-03-28,253.56396484375
2019-03-29,255.16282653808594
2019-04-01,258.1888122558594
2019-04-02,258.3153381347656
2019-04-03,258.7217712402344
2019-04-04,259.40826416015625
2019-04-05,260.6639099121094
2019-04-08,260.86260986328125
2019-04-09,259.5257568359375
2019-04-10,260.4108581542969
2019-04-11,260.3386535644531
2019-04-12,262.1001892089844
2019-04-15,261.9284973144531
2019-04-16,262.1001892089844
2019-04-17,261.45880126953125
2019-04-18,261.97357177734375
2019-04-22,262.1994934082031
2019-04-23,264.55706787109375
2019-04-24,263.969970703125
2019-04-25,263.80731201171875
2019-04-26,265.03582763671875
2019-04-29,265.4513244628906
2019-04-30,265.5867614746094
2019-05-01,263.59051513671875
2019-05-02,263.0214538574219
2019-05-03,265.5957336425781
2019-05-06,264.5028381347656
2019-05-07,260.0858154296875
2019-05-08,259.7245178222656
2019-05-09,258.9385681152344
2019-05-10,260.2393493652344
2019-05-13,253.6994171142578
2019-05-14,255.9938507080078
2019-05-15,257.4932861328125
2019-05-16,259.8779296875
2019-05-17,258.1978759765625
2019-05-20,256.4906921386719
2019-05-21,258.80303955078125
2019-05-22,258.00823974609375
2019-05-23,254.8556365966797
2019-05-24,255.43382263183594
2019-05-28,253.0581512451172
2019-05-29,251.35986328125
2019-05-30,252.04647827148438
2019-05-31,248.65003967285156
2019-06-03,248.01776123046875
2019-06-04,253.40145874023438
2019-06-05,255.5963897705078
2019-06-06,257.25836181640625
2019-06-07,259.8328552246094
2019-06-10,261.0252990722656
2019-06-11,260.9619140625
2019-06-12,260.5013122558594
2019-06-13,261.57611083984375
2019-06-14,261.2872009277344
2019-06-17,261.38653564453125
2019-06-18,264.1234436035156
2019-06-19,264.71966552734375
2019-06-20,267.24884033203125
2019-06-21,266.8605041503906
2019-06-24,266.5336608886719
2019-06-25,263.91949462890625
2019-06-26,263.6562194824219
2019-06-27,264.5911560058594
2019-06-28,265.9527282714844
2019-07-01,268.3671569824219
2019-07-02,269.06610107421875
2019-07-03,271.2173156738281
2019-07-05,270.9087829589844
2019-07-08,269.4201354980469
2019-07-09,269.755859375
2019-07-10,271.0448913574219
2019-07-11,271.6802673339844
2019-07-12,272.8966064453125
2019-07-15,272.98724365234375
2019-07-16,272.1067810058594
2019-07-17,270.2550964355469
2019-07-18,271.24456787109375
2019-07-19,269.7377624511719
2019-07-22,270.4004211425781
2019-07-23,272.333740234375
2019-07-24,273.6136169433594
2019-07-25,272.3064270019531
2019-07-26,274.1310119628906
2019-07-29,273.6318054199219
2019-07-30,272.9600524902344
2019-07-31,269.9737854003906
2019-08-01,267.6228942871094
2019-08-02,265.6078186035156
2019-08-05,257.6201477050781
2019-08-06,261.23272705078125
2019-08-07,261.3870849609375
2019-08-08,266.51556396484375
2019-08-09,264.7000732421875
2019-08-12,261.477783203125
2019-08-13,265.5441589355469
2019-08-14,257.6927185058594
2019-08-15,258.37347412109375
2019-08-16,262.1858215332031
2019-08-19,265.34454345703125
2019-08-20,263.3113708496094
2019-08-21,265.4534912109375
2019-08-22,265.37176513671875
2019-08-23,258.5550231933594
2019-08-26,261.4143371582031
2019-08-27,260.3886413574219
2019-08-28,262.22210693359375
2019-08-29,265.57147216796875
2019-08-30,265.4534912109375
2019-09-03,263.90130615234375
2019-09-04,266.896728515625
2019-09-05,270.3277587890625
2019-09-06,270.5365295410156
2019-09-09,270.6726989746094
2019-09-10,270.60906982421875
2019-09-11,272.5334777832031
2019-09-12,273.4774475097656
2019-09-13,273.2959289550781
2019-09-16,272.4517517089844
2019-09-17,273.1415710449219
2019-09-18,273.3049621582031
2019-09-19,273.28680419921875
2019-09-20,271.99560546875
2019-09-23,271.9317932128906
2019-09-24,269.7979431152344
2019-09-25,271.39373779296875
2019-09-26,270.82843017578125
2019-09-27,269.369384765625
2019-09-30,270.61865234375
2019-10-01,267.399658203125
2019-10-02,262.6761474609375
2019-10-03,264.8282470703125
2019-10-04,268.4119567871094
2019-10-07,267.2538757324219
2019-10-08,263.10479736328125
2019-10-09,265.6033630371094
2019-10-10,267.399658203125
2019-10-11,270.1719055175781
2019-10-14,269.87091064453125
2019-10-15,272.54278564453125
2019-10-16,272.1050720214844
2019-10-17,272.907470703125
2019-10-18,271.7129211425781
2019-10-21,273.5548400878906
2019-10-22,272.66131591796875
2019-10-23,273.45458984375
2019-10-24,273.9014587402344
2019-10-25,275.0230407714844
2019-10-28,276.57330322265625
2019-10-29,276.4912109375
2019-10-30,277.3392028808594
2019-10-31,276.60064697265625
2019-11-01,279.16302490234375
2019-11-04,280.28460693359375
2019-11-05,279.97454833984375
2019-11-06,280.0384216308594
2019-11-07,281.0232238769531
2019-11-08,281.7162780761719
2019-11-11,281.1782531738281
2019-11-12,281.77093505859375
2019-11-13,281.8620910644531
2019-11-14,282.2724609375
2019-11-15,284.3151550292969
2019-11-18,284.5248718261719
2019-11-19,284.4427490234375
2019-11-20,283.3849792480469
2019-11-21,282.928955078125
2019-11-22,283.5582275390625
2019-11-25,285.755859375
2019-11-26,286.4033508300781
2019-11-27,287.679931640625
2019-11-29,286.613037109375
2019-12-02,284.1783752441406
2019-12-03,282.2724609375
2019-12-04,284.0141906738281
2019-12-05,284.5248718261719
2019-12-06,287.1237487792969
2019-12-09,286.2209777832031
2019-12-10,285.9017639160156
2019-12-11,286.7134094238281
2019-12-12,289.1845397949219
2019-12-13,289.3577880859375
2019-12-16,291.34564208984375
2019-12-17,291.4095153808594
2019-12-18,291.4277648925781
2019-12-19,292.6223449707031
2019-12-20,293.9052734375
2019-12-23,294.3543395996094
2019-12-24,294.36346435546875
2019-12-26,295.93035888671875
2019-12-27,295.8570556640625
2019-12-30,294.2259216308594
2019-12-31,294.9407043457031
2020-01-02,297.698974609375
2020-01-03,295.4447326660156
2020-01-06,296.5718994140625
2020-01-07,295.7379455566406
2020-01-08,297.3140869140625
2020-01-09,299.3300476074219
2020-01-10,298.46875
2020-01-13,300.52142333984375
2020-01-14,300.0632629394531
2020-01-15,300.7413330078125
2020-01-16,303.2430114746094
2020-01-17,304.1868896484375
2020-01-21,303.5911865234375
2020-01-22,303.6278381347656
2020-01-23,303.9760437011719
2020-01-24,301.27276611328125
2020-01-27,296.443603515625
2020-01-28,299.54998779296875
2020-01-29,299.30255126953125
2020-01-30,300.27398681640625
2020-01-31,294.8216247558594
2020-02-03,297.0116882324219
2020-02-04,301.53857421875
2020-02-05,305.02069091796875
2020-02-06,306.04705810546875
2020-02-07,304.41595458984375
2020-02-10,306.68853759765625
2020-02-11,307.219970703125
2020-02-12,309.1993103027344
2020-02-13,308.869384765625
2020-02-14,309.3642578125
2020-02-18,308.5670166015625
2020-02-19,310.0423889160156
2020-02-20,308.7686462402344
2020-02-21,305.58880615234375
2020-02-24,295.45391845703125
2020-02-25,286.5010070800781
2020-02-26,285.44720458984375
2020-02-27,272.6273498535156
2020-02-28,271.4818115234375
2020-03-02,283.2388000488281
2020-03-03,275.12896728515625
2020-03-04,286.6934509277344
2020-03-05,277.16326904296875
2020-03-06,272.58148193359375
2020-03-09,251.29440307617188
2020-03-10,264.2975158691406
2020-03-11,251.41342163085938
2020-03-12,227.35894775390625
2020-03-13,246.7949981689453
2020-03-16,219.78981018066406
2020-03-17,231.65667724609375
2020-03-18,219.92723083496094
2020-03-19,220.39454650878906
2020-03-20,210.8968505859375
2020-03-23,205.50457763671875
2020-03-24,224.1239471435547
2020-03-25,227.47918701171875
2020-03-26,240.7616424560547
2020-03-27,233.5903778076172
2020-03-30,241.17640686035156
2020-03-31,237.58154296875
2020-04-01,226.88922119140625
2020-04-02,232.12477111816406
2020-04-03,228.7696075439453
2020-04-06,244.13523864746094
2020-04-07,244.3841094970703
2020-04-08,252.58778381347656
2020-04-09,256.4313659667969
2020-04-13,254.0901336669922
2020-04-14,261.5839538574219
2020-04-15,256.02587890625
2020-04-16,257.2610168457031
2020-04-17,264.2109680175781
2020-04-20,259.55609130859375
2020-04-21,251.67514038085938
2020-04-22,257.2610168457031
2020-04-23,257.2425231933594
2020-04-24,260.828125
2020-04-27,264.5888671875
2020-04-28,263.3721923828125
2020-04-29,270.2668151855469
2020-04-30,267.75054931640625
2020-05-01,260.6622619628906
2020-05-04,261.38116455078125
2020-05-05,263.79620361328125
2020-05-06,262.0080261230469
2020-05-07,265.1695861816406
2020-05-08,269.55712890625
2020-05-11,269.6123962402344
2020-05-12,264.2386779785156
2020-05-13,259.5653076171875
2020-05-14,262.671630859375
2020-05-15,263.879150390625
2020-05-18,271.91680908203125
2020-05-19,269.1239318847656
2020-05-20,273.69573974609375
2020-05-21,271.80615234375
2020-05-22,272.3223876953125
2020-05-26,275.6775207519531
2020-05-27,279.7794189453125
2020-05-28,279.2631530761719
2020-05-29,280.507568359375
2020-06-01,281.64129638671875
2020-06-02,283.9733581542969
2020-06-03,287.7525329589844
2020-06-04,286.9966125488281
2020-06-05,294.35223388671875
2020-06-08,297.9101867675781
2020-06-09,295.6887512207031
2020-06-10,294.0388488769531
2020-06-11,277.0877990722656
2020-06-12,280.4061584472656
2020-06-15,283.02392578125
2020-06-16,288.4714660644531
2020-06-17,287.2732238769531
2020-06-18,287.3838195800781
2020-06-19,285.7414245605469
2020-06-22,287.574462890625
2020-06-23,288.89849853515625
2020-06-24,281.5290222167969
2020-06-25,284.5471496582031
2020-06-26,277.7886962890625
2020-06-29,281.87158203125
2020-06-30,285.482177734375
2020-07-01,287.4819641113281
2020-07-02,289.0650939941406
2020-07-06,293.5274658203125
2020-07-07,290.5000915527344
2020-07-08,292.72198486328125
2020-07-09,291.0555419921875
2020-07-10,294.02740478515625
2020-07-13,291.48138427734375
2020-07-14,295.25872802734375
2020-07-15,297.97125244140625
2020-07-16,296.99005126953125
2020-07-17,297.8509826660156
2020-07-20,300.25811767578125
2020-07-21,300.8968505859375
2020-07-22,302.609619140625
2020-07-23,298.9989929199219
2020-07-24,297.0733947753906
2020-07-27,299.2397155761719
2020-07-28,297.3417663574219
2020-07-29,300.9986877441406
2020-07-30,299.9248352050781
2020-07-31,302.29486083984375
2020-08-03,304.396484375
2020-08-04,305.57220458984375
2020-08-05,307.47015380859375
2020-08-06,309.525390625
2020-08-07,309.7477111816406
2020-08-10,310.6734619140625
2020-08-11,308.1089172363281
2020-08-12,312.4046936035156
2020-08-13,311.8399353027344
2020-08-14,311.84918212890625
2020-08-17,312.83978271484375
2020-08-18,313.51568603515625
2020-08-19,312.2102355957031
2020-08-20,313.1824035644531
2020-08-21,314.2933654785156
2020-08-24,317.4781799316406
2020-08-25,318.589111328125
2020-08-26,321.7831726074219
2020-08-27,322.48675537109375
2020-08-28,324.5697937011719
2020-08-31,323.3939514160156
2020-09-01,326.4399719238281
2020-09-02,331.1615905761719
2020-09-03,319.764892578125
2020-09-04,317.1540222167969
2020-09-08,308.488525390625
2020-09-09,314.580322265625
2020-09-10,309.1181335449219
2020-09-11,309.2754821777344
2020-09-14,313.3489990234375
2020-09-15,314.9321594238281
2020-09-16,313.6822509765625
2020-09-17,310.9234313964844
2020-09-18,307.3438720703125
2020-09-21,303.9232482910156
2020-09-22,307.0185546875
2020-09-23,299.8984680175781
2020-09-24,300.6978759765625
2020-09-25,305.55926513671875
2020-09-28,310.63433837890625
2020-09-29,308.9426574707031
2020-09-30,311.2850036621094
2020-10-01,313.283447265625
2020-10-02,310.3089904785156
2020-10-05,315.8116760253906
2020-10-06,311.3221740722656
2020-10-07,316.7412109375
2020-10-08,319.54840087890625
2020-10-09,322.40203857421875
2020-10-12,327.588623046875
2020-10-13,325.4507751464844
2020-10-14,323.4058532714844
2020-10-15,323.0061950683594
2020-10-16,322.81097412109375
2020-10-19,317.9031982421875
2020-10-20,319.17657470703125
2020-10-21,318.5723876953125
2020-10-22,320.31988525390625
2020-10-23,321.4074401855469
2020-10-26,315.4678649902344
2020-10-27,314.3802795410156
2020-10-28,303.6351013183594
2020-10-29,306.72113037109375
2020-10-30,303.5235900878906
2020-11-02,306.9255676269531
2020-11-03,312.34466552734375
2020-11-04,319.3253173828125
2020-11-05,325.552978515625
2020-11-06,325.47869873046875
2020-11-09,329.5685119628906
2020-11-10,329.08514404296875
2020-11-11,331.52984619140625
2020-11-12,328.31365966796875
2020-11-13,332.8590087890625
2020-11-16,337.0138854980469
2020-11-17,335.20135498046875
2020-11-18,331.16729736328125
2020-11-19,332.5615234375
2020-11-20,330.2843322753906
2020-11-23,332.2641296386719
2020-11-24,337.6181640625
2020-11-25,337.0975646972656
2020-11-27,338.0364074707031
2020-11-30,336.5399169921875
2020-12-01,340.2207946777344
2020-12-02,340.93646240234375
2020-12-03,340.843505859375
2020-12-04,343.78082275390625
2020-12-07,343.0743408203125
2020-12-08,344.0782470703125
2020-12-09,340.99224853515625
2020-12-10,340.88079833984375
2020-12-11,340.4810791015625
2020-12-14,338.9566345214844
2020-12-15,343.5390930175781
2020-12-16,344.0782470703125
2020-12-17,346.0023193359375
2020-12-18,344.6208190917969
2020-12-21,343.38861083984375
2020-12-22,342.8098449707031
2020-12-23,343.1179504394531
2020-12-24,344.4527893066406
2020-12-28,347.4118957519531
2020-12-29,346.7491149902344
2020-12-30,347.2438049316406
2020-12-31,349.0080871582031
2021-01-04,344.2566833496094
2021-01-05,346.6277770996094
2021-01-06,348.7000427246094
2021-01-07,353.880859375
2021-01-08,355.89715576171875
2021-01-11,353.498046875
2021-01-12,353.57281494140625
2021-01-13,354.5249938964844
2021-01-14,353.283447265625
2021-01-15,350.70703125
2021-01-19,353.46075439453125
2021-01-20,358.3522644042969
2021-01-21,358.678955078125
2021-01-22,357.409423828125
2021-01-25,358.8190002441406
2021-01-26,358.2588806152344
2021-01-27,349.50286865234375
2021-01-28,352.5086975097656
2021-01-29,345.45159912109375
2021-02-01,351.2017517089844
2021-02-02,356.1678771972656
2021-02-03,356.4478759765625
2021-02-04,360.4992370605469
2021-02-05,361.9180908203125
2021-02-08,364.5318603515625
2021-02-09,364.2891540527344
2021-02-10,364.13043212890625
2021-02-11,364.71856689453125
2021-02-12,366.5202331542969
2021-02-16,366.2027893066406
2021-02-17,366.28680419921875
2021-02-18,364.7279052734375
2021-02-19,364.083740234375
2021-02-22,361.2833557128906
2021-02-23,361.7220764160156
2021-02-24,365.7080078125
2021-02-25,356.8959655761719
2021-02-26,355.0570983886719
2021-03-01,363.6636962890625
2021-03-02,360.82598876953125
2021-03-03,356.04656982421875
2021-03-04,351.6405029296875
2021-03-05,358.1095275878906
2021-03-08,356.32659912109375
2021-03-09,361.4140625
2021-03-10,363.6636962890625
2021-03-11,367.3509521484375
2021-03-12,367.8456115722656
2021-03-15,370.0393371582031
2021-03-16,369.5726013183594
2021-03-17,370.8327941894531
2021-03-18,365.43731689453125
2021-03-19,364.7611083984375
2021-03-22,367.6737365722656
2021-03-23,364.7798156738281
2021-03-24,362.9255676269531
2021-03-25,364.9671936035156
2021-03-26,370.84857177734375
2021-03-29,370.66131591796875
2021-03-30,369.6778869628906
2021-03-31,371.17645263671875
2021-04-01,375.1848449707031
2021-04-05,380.5697326660156
2021-04-06,380.3450012207031
2021-04-07,380.78521728515625
2021-04-08,382.5926818847656
2021-04-09,385.374267578125
2021-04-12,385.51470947265625
2021-04-13,386.6573181152344
2021-04-14,385.3367919921875
2021-04-15,389.47625732421875
2021-04-16,390.77801513671875
2021-04-19,388.8581237792969
2021-04-20,386.0111083984375
2021-04-21,389.6635437011719
2021-04-22,386.1047668457031
2021-04-23,390.2910461425781
2021-04-26,391.10589599609375
2021-04-27,391.0215759277344
2021-04-28,390.90911865234375
2021-04-29,393.40032958984375
2021-04-30,390.81549072265625
2021-05-03,391.6584777832031
2021-05-04,389.24212646484375
2021-05-05,389.3638916015625
2021-05-06,392.4731750488281
2021-05-07,395.32952880859375
2021-05-10,391.4148864746094
2021-05-11,387.921630859375
2021-05-12,379.68017578125
2021-05-13,384.24102783203125
2021-05-14,390.1411437988281
2021-05-17,389.1484680175781
2021-05-18,385.79571533203125
2021-05-19,384.7841796875
2021-05-20,388.9237060546875
2021-05-21,388.60528564453125
2021-05-24,392.5668640136719
2021-05-25,391.6958923339844
2021-05-26,392.4731750488281
2021-05-27,392.67919921875
2021-05-28,393.3816223144531
2021-06-01,393.0351257324219
2021-06-02,393.6531982421875
2021-06-03,392.19219970703125
2021-06-04,395.77911376953125
2021-06-07,395.3951721191406
2021-06-08,395.47943115234375
2021-06-09,394.88946533203125
2021-06-10,396.72503662109375
2021-06-11,397.3806457519531
2021-06-14,398.2703552246094
2021-06-15,397.5397644042969
2021-06-16,395.32025146484375
2021-06-17,395.1890563964844
2021-06-18,389.8578186035156
2021-06-21,395.4390563964844
2021-06-22,397.5531005859375
2021-06-23,397.073974609375
2021-06-24,399.4229736328125
2021-06-25,400.8416748046875
2021-06-28,401.6498107910156
2021-06-29,401.86590576171875
2021-06-30,402.2041320800781
2021-07-01,404.4310607910156
2021-07-02,407.5223083496094
2021-07-06,406.7799987792969
2021-07-07,408.21759033203125
2021-07-08,404.89141845703125
2021-07-09,409.21356201171875
2021-07-12,410.6793518066406
2021-07-13,409.2793273925781
2021-07-14,409.8901062011719
2021-07-15,408.49005126953125
2021-07-16,405.2860107421875
2021-07-19,399.30078125
2021-07-20,405.0229797363281
2021-07-21,408.3020935058594
2021-07-22,409.1572265625
2021-07-23,413.3665771484375
2021-07-26,414.3813171386719
2021-07-27,412.49273681640625
2021-07-28,412.3236083984375
2021-07-29,414.0337219238281
2021-07-30,412.02294921875
2021-08-02,411.1585693359375
2021-08-03,414.5035095214844
2021-08-04,412.4645690917969
2021-08-05,415.07666015625
2021-08-06,415.76251220703125
2021-08-09,415.4242858886719
2021-08-10,415.9410705566406
2021-08-11,416.974609375
2021-08-12,418.2242736816406
2021-08-13,418.9853515625
2021-08-16,419.971923828125
2021-08-17,417.2189025878906
2021-08-18,412.6524353027344
2021-08-19,413.29144287109375
2021-08-20,416.58001708984375
2021-08-23,420.2445373535156
2021-08-24,420.91156005859375
2021-08-25,421.7947998046875
2021-08-26,419.30487060546875
2021-08-27,423.0538330078125
2021-08-30,424.91424560546875
2021-08-31,424.28466796875
2021-09-01,424.5102233886719
2021-09-02,425.8162841796875
2021-09-03,425.712890625
2021-09-07,424.1907043457031
2021-09-08,423.67401123046875
2021-09-09,421.8605041503906
2021-09-10,418.53436279296875
2021-09-13,419.60546875
2021-09-14,417.3411560058594
2021-09-15,420.8269348144531
2021-09-16,420.15985107421875
2021-09-17,416.0670471191406
2021-09-20,409.1295166015625
2021-09-21,408.7430114746094
2021-09-22,412.730224609375
2021-09-23,417.7449645996094
2021-09-24,418.43304443359375
2021-09-27,417.2358703613281
2021-09-28,408.827880859375
2021-09-29,409.51593017578125
2021-09-30,404.5107116699219
2021-10-01,409.31805419921875
2021-10-04,404.0394592285156
2021-10-05,408.2434387207031
2021-10-06,409.940185546875
2021-10-07,413.484375
2021-10-08,412.730224609375
2021-10-11,409.74212646484375
2021-10-12,408.7336120605469
2021-10-13,410.20404052734375
2021-10-14,417.10394287109375
2021-10-15,420.28057861328125
2021-10-18,421.5248107910156
2021-10-19,424.7767639160156
2021-10-20,426.4451904296875
2021-10-21,427.5575256347656
2021-10-22,427.1144714355469
2021-10-25,429.40496826171875
2021-10-26,429.79144287109375
2021-10-27,427.8873291015625
2021-10-28,432.0159912109375
2021-10-29,432.89263916015625
2021-11-01,433.6372985839844
2021-11-02,435.39056396484375
2021-11-03,438.0486755371094
2021-11-04,440.11297607421875
2021-11-05,441.6400146484375
2021-11-08,442.0171203613281
2021-11-09,440.5560302734375
2021-11-10,437.0118103027344
2021-11-11,437.1531677246094
2021-11-12,440.4523010253906
2021-11-15,440.6031799316406
2021-11-16,442.3469543457031
2021-11-17,441.27239990234375
2021-11-18,442.77117919921875
2021-11-19,441.9794616699219
2021-11-22,440.735107421875
2021-11-23,441.31951904296875
2021-11-24,442.497802734375
2021-11-26,432.6286926269531
2021-11-29,437.9356384277344
2021-11-30,429.4143981933594
2021-12-01,424.644775390625
2021-12-02,431.1487731933594
2021-12-03,427.397216796875
2021-12-06,432.4590759277344
2021-12-07,441.4043884277344
2021-12-08,442.5732116699219
2021-12-09,439.5850830078125
2021-12-10,443.72314453125
2021-12-13,439.7925720214844
2021-12-14,436.7667236328125
2021-12-15,443.5911560058594
2021-12-16,439.6793518066406
2021-12-17,434.9999694824219
2021-12-20,430.3744201660156
2021-12-21,438.0174865722656
2021-12-22,442.3970031738281
2021-12-23,445.1496276855469
2021-12-27,451.44952392578125
2021-12-28,451.08056640625
2021-12-29,451.6575622558594
2021-12-30,450.4089050292969
2021-12-31,449.27386474609375
2022-01-03,451.8751525878906
2022-01-04,451.72381591796875
2022-01-05,443.04974365234375
2022-01-06,442.6335144042969
2022-01-07,440.883544921875
2022-01-10,440.3349914550781
2022-01-11,444.3456115722656
2022-01-12,445.5469665527344
2022-01-13,439.407958984375
2022-01-14,439.5876770019531
2022-01-18,431.8027648925781
2022-01-19,427.319091796875
2022-01-20,422.5895080566406
2022-01-21,414.2937927246094
2022-01-24,416.0531311035156
2022-01-25,410.9736022949219
2022-01-26,409.94256591796875
2022-01-27,407.9183044433594
2022-01-28,418.04913330078125
2022-01-31,425.57861328125
2022-02-01,428.4542236328125
2022-02-02,432.6162109375
2022-02-03,422.4476013183594
2022-02-04,424.4340515136719
2022-02-07,423.07196044921875
2022-02-08,426.5528869628906
2022-02-09,432.7959899902344
2022-02-10,425.0204772949219
2022-02-11,416.6396789550781
2022-02-14,415.2774963378906
2022-02-15,421.974609375
2022-02-16,422.4476013183594
2022-02-17,413.42352294921875
2022-02-18,410.74658203125
2022-02-22,406.3385925292969
2022-02-23,399.1307678222656
2022-02-24,405.1372375488281
2022-02-25,414.0762634277344
2022-02-28,413.01678466796875
2022-03-01,406.7264709472656
2022-03-02,414.20867919921875
2022-03-03,412.14654541015625
2022-03-04,408.7980041503906
2022-03-07,396.74700927734375
2022-03-08,393.73895263671875
2022-03-09,404.29541015625
2022-03-10,402.46978759765625
2022-03-11,397.35235595703125
2022-03-14,394.4484558105469
2022-03-15,403.12249755859375
2022-03-16,412.06134033203125
2022-03-17,417.21673583984375
2022-03-18,421.7863464355469
2022-03-21,421.6629943847656
2022-03-22,426.5970764160156
2022-03-23,421.1031494140625
2022-03-24,427.4510498046875
2022-03-25,429.5384826660156
2022-03-28,432.5938720703125
2022-03-29,437.94537353515625
2022-03-30,435.2412414550781
2022-03-31,428.542236328125
2022-04-01,429.7568054199219
2022-04-04,433.4383850097656
2022-04-05,427.9634704589844
2022-04-06,423.68402099609375
2022-04-07,425.8190612792969
2022-04-08,424.680419921875
2022-04-11,417.4216003417969
2022-04-12,415.875
2022-04-13,420.63824462890625
2022-04-14,415.4005126953125
2022-04-18,415.57135009765625
2022-04-19,422.27978515625
2022-04-20,421.96661376953125
2022-04-21,415.6567077636719
2022-04-22,404.2514953613281
2022-04-25,406.59515380859375
2022-04-26,394.8197937011719
2022-04-27,395.9299621582031
2022-04-28,405.93096923828125
2022-04-29,390.9294738769531
2022-05-02,393.2826232910156
2022-05-03,395.08551025390625
2022-05-04,407.11700439453125
2022-05-05,392.64691162109375
2022-05-06,390.3032531738281
2022-05-09,377.80682373046875
2022-05-10,378.6796875
2022-05-11,372.6639709472656
2022-05-12,372.27496337890625
2022-05-13,381.1752624511719
2022-05-16,379.6286315917969
2022-05-17,387.437744140625
2022-05-18,371.8194885253906
2022-05-19,369.5422668457031
2022-05-20,369.7035217285156
2022-05-23,376.6207275390625
2022-05-24,373.74566650390625
2022-05-25,377.0476989746094
2022-05-26,384.5815734863281
2022-05-27,394.02276611328125
2022-05-31,391.81201171875
2022-06-01,388.6427307128906
2022-06-02,396.0438232421875
2022-06-03,389.5441589355469
2022-06-06,390.730224609375
2022-06-07,394.478271484375
2022-06-08,390.189453125
2022-06-09,380.9095764160156
2022-06-10,369.8648376464844
2022-06-13,355.82171630859375
2022-06-14,354.74957275390625
2022-06-15,359.8070068359375
2022-06-16,347.89874267578125
2022-06-17,348.6487121582031
2022-06-21,357.42559814453125
2022-06-22,356.77752685546875
2022-06-23,360.2748107910156
2022-06-24,371.7293701171875
2022-06-27,370.30950927734375
2022-06-28,362.74298095703125
2022-06-29,362.4476318359375
2022-06-30,359.5029296875
2022-07-01,363.3052673339844
2022-07-05,363.99139404296875
2022-07-06,365.2207336425781
2022-07-07,370.69061279296875
2022-07-08,370.3857116699219
2022-07-11,366.154541015625
2022-07-12,362.9145202636719
2022-07-13,361.0086975097656
2022-07-14,360.1319274902344
2022-07-15,367.0123291015625
2022-07-18,363.98193359375
2022-07-19,373.81634521484375
2022-07-20,376.19873046875
2022-07-21,380.0296325683594
2022-07-22,376.503662109375
2022-07-25,376.96112060546875
2022-07-26,372.5013122558594
2022-07-27,382.1737976074219
2022-07-28,386.9671630859375
2022-07-29,392.6086120605469
2022-08-01,391.4460754394531
2022-08-02,388.8635559082031
2022-08-03,394.9529724121094
2022-08-04,394.6861572265625
2022-08-05,394.01904296875
2022-08-08,393.56158447265625
2022-08-09,391.99884033203125
2022-08-10,400.2322692871094
2022-08-11,400.2322692871094
2022-08-12,407.00787353515625
2022-08-15,408.68505859375
2022-08-16,409.48553466796875
2022-08-17,406.5790100097656
2022-08-18,407.76068115234375
2022-08-19,402.28118896484375
2022-08-22,393.9046936035156
2022-08-23,392.9517822265625
2022-08-24,394.2096252441406
2022-08-25,399.7749328613281
2022-08-26,386.2428894042969
2022-08-29,383.68902587890625
2022-08-30,379.4769592285156
2022-08-31,376.5894470214844
2022-09-01,377.7711486816406
2022-09-02,373.7878112792969
2022-09-06,372.37738037109375
2022-09-07,379.0672302246094
2022-09-08,381.54486083984375
2022-09-09,387.47222900390625
2022-09-12,391.6366271972656
2022-09-13,374.607421875
2022-09-14,376.0367736816406
2022-09-15,371.7674865722656
2022-09-16,368.9313049316406
2022-09-19,371.7923278808594
2022-09-20,367.5248107910156
2022-09-21,361.11370849609375
2022-09-22,358.0804748535156
2022-09-23,352.0807800292969
2022-09-26,348.59783935546875
2022-09-27,347.7078857421875
2022-09-28,354.549560546875
2022-09-29,347.1434326171875
2022-09-30,341.775390625
2022-10-03,350.79864501953125
2022-10-04,361.6686706542969
2022-10-05,360.8266296386719
2022-10-06,357.10443115234375
2022-10-07,347.1434326171875
2022-10-10,344.4928283691406
2022-10-11,342.3111267089844
2022-10-12,341.1820373535156
2022-10-13,350.1861572265625
2022-10-14,342.2059020996094
2022-10-17,350.9996032714844
2022-10-18,355.1236572265625
2022-10-19,352.60711669921875
2022-10-20,349.650390625
2022-10-21,358.14739990234375
2022-10-24,362.5299072265625
2022-10-25,368.3189697265625
2022-10-26,365.5440368652344
2022-10-27,363.592041015625
2022-10-28,372.2420959472656
2022-10-31,369.55328369140625
2022-11-01,367.9361572265625
2022-11-02,358.702392578125
2022-11-03,355.00885009765625
2022-11-04,360.1185607910156
2022-11-07,363.5632629394531
2022-11-08,365.52490234375
2022-11-09,357.9942932128906
2022-11-10,377.66754150390625
2022-11-11,381.3228454589844
2022-11-14,378.0790100097656
2022-11-15,381.3036804199219
2022-11-16,378.3948059082031
2022-11-17,377.2369689941406
2022-11-18,378.94976806640625
2022-11-21,377.5718688964844
2022-11-22,382.6528625488281
2022-11-23,385.06427001953125
2022-11-25,384.97802734375
2022-11-28,378.8349609375
2022-11-29,378.1842956542969
2022-11-30,390.0973205566406
2022-12-01,389.8102722167969
2022-12-02,389.36053466796875
2022-12-05,382.3562316894531
2022-12-06,376.84466552734375
2022-12-07,376.20361328125
2022-12-08,379.1507263183594
2022-12-09,376.318359375
2022-12-12,381.7438659667969
2022-12-13,384.633544921875
2022-12-14,382.1744079589844
2022-12-15,372.8258056640625
2022-12-16,368.4241638183594
2022-12-19,365.300048828125
2022-12-20,365.7998962402344
2022-12-21,371.2695617675781
2022-12-22,365.97296142578125
2022-12-23,368.0780944824219
2022-12-27,366.6265869140625
2022-12-28,362.0702209472656
2022-12-29,368.5875549316406
2022-12-30,367.61669921875
2023-01-03,366.0690612792969
2023-01-04,368.89520263671875
2023-01-05,364.6849060058594
2023-01-06,373.0478515625
2023-01-09,372.8363342285156
2023-01-10,375.4510192871094
2023-01-11,380.1996765136719
2023-01-12,381.5838928222656
2023-01-13,383.0643005371094
2023-01-17,382.36248779296875
2023-01-18,376.3257141113281
2023-01-19,373.5861511230469
2023-01-20,380.54571533203125
2023-01-23,385.11175537109375
2023-01-24,384.69842529296875
2023-01-25,384.8426208496094
2023-01-26,389.0721435546875
2023-01-27,389.96612548828125
2023-01-30,385.07330322265625
2023-01-31,390.73516845703125
2023-02-01,394.88775634765625
2023-02-02,400.63616943359375
2023-02-03,396.3777770996094
2023-02-06,393.9553527832031
2023-02-07,399.1076965332031
2023-02-08,394.7436218261719
2023-02-09,391.3215026855469
2023-02-10,392.2347412109375
2023-02-13,396.83917236328125
2023-02-14,396.6565856933594
2023-02-15,397.9446716308594
2023-02-16,392.4654235839844
2023-02-17,391.4849853515625
2023-02-21,383.6313781738281
2023-02-22,383.1026916503906
2023-02-23,385.14056396484375
2023-02-24,381.0263366699219
2023-02-27,382.3240661621094
2023-02-28,380.9110412597656
2023-03-01,379.44989013671875
2023-03-02,382.4009704589844
2023-03-03,388.5337829589844
2023-03-06,388.802978515625
2023-03-07,382.8431091308594
2023-03-08,383.4679870605469
2023-03-09,376.39306640625
2023-03-10,370.9619140625
2023-03-13,370.4331359863281
2023-03-14,376.5565185546875
2023-03-15,374.20135498046875
2023-03-16,380.7668151855469
2023-03-17,376.3146057128906
2023-03-20,379.9331359863281
2023-03-21,384.92181396484375
2023-03-22,378.36029052734375
2023-03-23,379.38311767578125
2023-03-24,381.8726501464844
2023-03-27,382.586669921875
2023-03-28,381.7279357910156
2023-03-29,387.2762145996094
2023-03-30,389.54388427734375
2023-03-31,395.03436279296875
2023-04-03,396.5396728515625
2023-04-04,394.3396301269531
2023-04-05,393.30712890625
2023-04-06,394.8413391113281
2023-04-10,395.2466125488281
2023-04-11,395.3528137207031
2023-04-12,393.7413635253906
2023-04-13,398.9712829589844
2023-04-14,397.9966735839844
2023-04-17,399.4247741699219
2023-04-18,399.6852722167969
2023-04-19,399.6177673339844
2023-04-20,397.4370422363281
2023-04-21,397.745849609375
2023-04-24,398.1607360839844
2023-04-25,391.84039306640625
2023-04-26,390.18072509765625
2023-04-27,397.9484558105469
2023-04-28,401.3449401855469
2023-05-01,400.939697265625
2023-05-02,396.4334716796875
2023-05-03,393.71240234375
2023-05-04,390.92376708984375
2023-05-05,398.1607360839844
2023-05-08,398.26690673828125
2023-05-09,396.5202941894531
2023-05-10,398.3730163574219
2023-05-11,397.67828369140625
2023-05-12,397.1571960449219
2023-05-15,398.52740478515625
2023-05-16,395.8641357421875
2023-05-17,400.6695556640625
2023-05-18,404.5293273925781
2023-05-19,403.940673828125
2023-05-22,404.104736328125
2023-05-23,399.56951904296875
2023-05-24,396.67474365234375
2023-05-25,400.10992431640625
2023-05-26,405.2916259765625
2023-05-30,405.4459533691406
2023-05-31,403.19769287109375
2023-06-01,407.0284729003906
2023-06-02,412.9145812988281
2023-06-05,412.123291015625
2023-06-06,413.0207214355469
2023-06-07,411.5925598144531
2023-06-08,414.0821533203125
2023-06-09,414.82513427734375
2023-06-12,418.5883483886719
2023-06-13,421.34808349609375
2023-06-14,421.849853515625
2023-06-15,427.0798034667969
2023-06-16,425.62506103515625
2023-06-20,423.4168395996094
2023-06-21,421.2474060058594
2023-06-22,422.7679138183594
2023-06-23,419.57183837890625
2023-06-26,417.8575744628906
2023-06-27,422.43865966796875
2023-06-28,422.6517639160156
2023-06-29,424.3175048828125
2023-06-30,429.3248291015625
2023-07-03,429.8188171386719
2023-07-05,429.17950439453125
2023-07-06,425.8188171386719
2023-07-07,424.74371337890625
2023-07-10,425.8188171386719
2023-07-11,428.5306091308594
2023-07-12,431.978515625
2023-07-13,435.4071350097656
2023-07-14,435.13592529296875
2023-07-17,436.64678955078125
2023-07-18,439.891357421875
2023-07-19,440.8695983886719
2023-07-20,437.94464111328125
2023-07-21,437.94464111328125
2023-07-24,439.9010314941406
2023-07-25,441.10198974609375
2023-07-26,441.1698303222656
2023-07-27,438.244873046875
2023-07-28,442.535400390625
2023-07-31,443.3780212402344
2023-08-01,442.1092834472656
2023-08-02,435.95916748046875
2023-08-03,434.7098083496094
2023-08-04,432.74371337890625
2023-08-07,436.52093505859375
2023-08-08,434.62261962890625
2023-08-09,431.71710205078125
2023-08-10,431.8719787597656
2023-08-11,431.6202087402344
2023-08-14,434.0027770996094
2023-08-15,428.94708251953125
2023-08-16,425.7994384765625
2023-08-17,422.5549011230469
2023-08-18,422.75823974609375
2023-08-21,425.50885009765625
2023-08-22,424.3563537597656
2023-08-23,429.08270263671875
2023-08-24,423.13604736328125
2023-08-25,426.1190185546875
2023-08-28,428.82122802734375
2023-08-29,435.0197448730469
2023-08-30,436.8114929199219
2023-08-31,436.1722717285156
2023-09-01,436.98583984375
2023-09-05,435.09716796875
2023-09-06,432.1722412109375
2023-09-07,430.8453674316406
2023-09-08,431.4942626953125
2023-09-11,434.3320617675781
2023-09-12,431.9494934082031
2023-09-13,432.4531555175781
2023-09-14,436.18194580078125
2023-09-15,430.9266662597656
2023-09-18,431.1793518066406
2023-09-19,430.2851867675781
2023-09-20,426.3294372558594
2023-09-21,419.28289794921875
2023-09-22,418.3401184082031
2023-09-25,420.0993347167969
2023-09-26,413.92755126953125
2023-09-27,414.0927734375
2023-09-28,416.4934387207031
2023-09-29,415.48260498046875
2023-10-02,415.3174133300781
2023-10-03,409.7579345703125
2023-10-04,412.7417907714844
2023-10-05,412.5862731933594
2023-10-06,417.4848327636719
2023-10-09,420.15765380859375
2023-10-10,422.34454345703125
2023-10-11,424.07452392578125
2023-10-12,421.4892272949219
2023-10-13,419.3897399902344
2023-10-16,423.80242919921875
2023-10-17,423.782958984375
2023-10-18,418.135986328125
2023-10-19,414.46209716796875
2023-10-20,409.369140625
2023-10-23,408.6596374511719
2023-10-24,411.7406921386719
2023-10-25,405.8313293457031
2023-10-26,400.97161865234375
2023-10-27,399.1541442871094
2023-10-30,403.9263000488281
2023-10-31,406.4631042480469
2023-11-01,410.7979431152344
2023-11-02,418.6706237792969
2023-11-03,422.49029541015625
2023-11-06,423.4621887207031
2023-11-07,424.6674499511719
2023-11-08,424.97845458984375
2023-11-09,421.6641540527344
2023-11-10,428.244140625
2023-11-13,427.8359375
2023-11-14,436.13629150390625
2023-11-15,437.0595703125
2023-11-16,437.5941162109375
2023-11-17,438.138427734375
2023-11-20,441.51104736328125
2023-11-21,440.5487976074219
2023-11-22,442.2497253417969
2023-11-24,442.5218505859375
2023-11-27,441.7248840332031
2023-11-28,442.1622619628906
2023-11-29,441.8511962890625
2023-11-30,443.5909423828125
2023-12-01,446.2151794433594
2023-12-04,443.87286376953125
2023-12-05,443.7854309082031
2023-12-06,441.9970703125
2023-12-07,445.36962890625
2023-12-08,447.28436279296875
2023-12-11,449.0240783691406
2023-12-12,451.0748596191406
2023-12-13,457.2952575683594
2023-12-14,458.76287841796875
2023-12-15,458.0075378417969
2023-12-18,460.5838928222656
2023-12-19,463.3846130371094
2023-12-20,456.96337890625
2023-12-21,461.2962646484375
2023-12-22,462.22332763671875
2023-12-26,464.1750793457031
2023-12-27,465.0143127441406
2023-12-28,465.18994140625
2023-12-29,463.8432922363281
2024-01-02,461.2474365234375
2024-01-03,457.4805603027344
2024-01-04,456.0069885253906
2024-01-05,456.6315612792969
2024-01-08,463.150390625
2024-01-09,462.44781494140625
2024-01-10,465.0631408691406
2024-01-11,464.8581848144531
2024-01-12,465.18017578125
2024-01-16,463.472412109375
2024-01-17,460.8961486816406
2024-01-18,464.9947814941406
2024-01-19,470.79150390625
2024-01-22,471.7869567871094
2024-01-23,473.1628723144531
2024-01-24,473.68011474609375
2024-01-25,476.2563781738281
2024-01-26,475.6513671875
2024-01-29,479.418212890625
2024-01-30,479.0474548339844
2024-01-31,471.2306823730469
2024-02-01,477.398193359375
2024-02-02,482.4239501953125
2024-02-05,480.6673889160156
2024-02-06,482.0628662109375
2024-02-07,486.0834655761719
2024-02-08,486.2981872558594
2024-02-09,489.1086730957031
2024-02-12,488.8940124511719
2024-02-13,482.16046142578125
2024-02-14,486.5421447753906
2024-02-15,489.8991394042969
2024-02-16,487.45947265625
2024-02-20,484.77581787109375
2024-02-21,485.2149658203125
2024-02-22,495.2567138671875
2024-02-23,495.5982971191406
2024-02-26,493.7831115722656
2024-02-27,494.700439453125
2024-02-28,494.046630859375
2024-02-29,495.8227233886719
2024-03-01,500.4776306152344
2024-03-04,499.94091796875
2024-03-05,494.94439697265625
2024-03-06,497.45245361328125
2024-03-07,502.3902893066406
2024-03-08,499.3749084472656
2024-03-11,498.9455261230469
2024-03-12,504.3128356933594
2024-03-13,503.5223693847656
2024-03-14,502.52703857421875
2024-03-15,499.07635498046875
2024-03-18,502.04241943359375
2024-03-19,504.8323059082031
2024-03-20,509.5016784667969
2024-03-21,511.1854248046875
2024-03-22,510.2163391113281
2024-03-25,508.8067321777344
2024-03-26,507.8669128417969
2024-03-27,512.1349487304688
2024-03-28,512.037109375
2024-04-01,511.1462097167969
2024-04-02,507.8963317871094
2024-04-03,508.4541931152344
2024-04-04,502.2480163574219
2024-04-05,507.4948425292969
2024-04-08,507.77874755859375
2024-04-09,508.3661804199219
2024-04-10,503.2758483886719
2024-04-11,507.0740051269531
2024-04-12,500.0748291015625
2024-04-15,493.8098449707031
2024-04-16,492.9092102050781
2024-04-17,489.9920959472656
2024-04-18,488.9837951660156
2024-04-19,484.7158203125
2024-04-22,489.1795654296875
2024-04-23,494.9844970703125
2024-04-24,494.74957275390625
2024-04-25,492.8700866699219
2024-04-26,497.5394287109375
2024-04-29,499.3014831542969
2024-04-30,491.3919372558594
2024-05-01,489.7962951660156
2024-05-02,494.3775634765625
2024-05-03,500.50555419921875
2024-05-06,505.6741027832031
2024-05-07,506.232177734375
2024-05-08,506.28106689453125
2024-05-09,509.19818115234375
2024-05-10,509.85418701171875
2024-05-13,509.9225769042969
2024-05-14,512.2622680664062
2024-05-15,518.6055908203125
2024-05-16,517.5384521484375
2024-05-17,518.282470703125
2024-05-20,518.879638671875
2024-05-21,520.1522216796875
2024-05-22,518.6544799804688
2024-05-23,514.8661499023438
2024-05-24,518.2727661132812
2024-05-28,518.6348266601562
2024-05-29,515.003173828125
2024-05-30,511.5868225097656
2024-05-31,516.2463989257812
2024-06-03,516.6673583984375
2024-06-04,517.2449340820312
2024-06-05,523.3923950195312
2024-06-06,523.382568359375
2024-06-07,522.746337890625
2024-06-10,524.3615112304688
2024-06-11,525.6243286132812
2024-06-12,529.9412231445312
2024-06-13,531.00830078125
2024-06-14,531.3314208984375
2024-06-17,535.5602416992188
2024-06-18,536.9208984375
2024-06-20,535.4623413085938
2024-06-21,534.7445068359375
2024-06-24,533.0061645507812
2024-06-25,535.0587158203125
2024-06-26,535.7264404296875
2024-06-27,536.571044921875
2024-06-28,534.4596557617188
2024-07-01,535.5596313476562
2024-07-02,539.1637573242188
2024-07-03,541.56982421875
2024-07-05,544.6928100585938
2024-07-08,545.3212890625
2024-07-09,545.8517456054688
2024-07-10,551.2529296875
2024-07-11,546.499755859375
2024-07-12,549.94677734375
2024-07-15,551.459228515625
2024-07-16,554.7293701171875
2024-07-17,546.9515380859375
2024-07-18,542.7482299804688
2024-07-19,539.1441040039062
2024-07-22,544.7025756835938
2024-07-23,543.8482055664062
2024-07-24,531.523193359375
2024-07-25,528.7538452148438
2024-07-26,534.6757202148438
2024-07-29,534.9899291992188
2024-07-30,532.2794799804688
2024-07-31,540.9314575195312
2024-08-01,533.271240234375
2024-08-02,523.3427124023438
2024-08-05,508.10107421875
2024-08-06,512.7854614257812
2024-08-07,509.35797119140625
2024-08-08,521.133056640625
2024-08-09,523.4309692382812
2024-08-12,523.7060546875
2024-08-13,532.3187255859375
2024-08-14,533.998046875
2024-08-15,543.1509399414062
2024-08-16,544.3687133789062
2024-08-19,549.5736694335938
2024-08-20,548.6799926757812
2024-08-21,550.5655517578125
2024-08-22,546.244384765625
2024-08-23,552.0484619140625
2024-08-26,550.7324829101562
2024-08-27,551.4887084960938
2024-08-28,548.2870483398438
2024-08-29,548.3362426757812
2024-08-30,553.5706787109375
2024-09-03,542.1786499023438
2024-09-04,541.0689697265625
2024-09-05,539.7529907226562
2024-09-06,530.6688842773438
2024-09-09,536.6102905273438
2024-09-10,538.9476928710938
2024-09-11,544.4766845703125
2024-09-12,549.06298828125
2024-09-13,551.9305419921875
2024-09-16,552.7457885742188
2024-09-17,552.9716186523438
2024-09-18,551.33154296875
2024-09-19,560.73974609375
2024-09-20,559.7703857421875
2024-09-23,561.169189453125
2024-09-24,562.7748413085938
2024-09-25,561.53369140625
2024-09-26,563.7599487304688
2024-09-27,562.9423217773438
2024-09-30,565.1981811523438
2024-10-01,560.1348876953125
2024-10-02,560.3712768554688
2024-10-03,559.3468017578125
2024-10-04,564.4298095703125
2024-10-07,559.3270874023438
2024-10-08,564.616943359375
2024-10-09,568.5277709960938
2024-10-10,567.5327758789062
2024-10-11,570.9313354492188
2024-10-14,575.6005859375
2024-10-15,571.12841796875
2024-10-16,573.6107788085938
2024-10-17,573.6599731445312
2024-10-18,575.8665161132812
2024-10-21,574.9208984375
2024-10-22,574.6155395507812
2024-10-23,569.364990234375
2024-10-24,570.596435546875
2024-10-25,570.3993530273438
2024-10-28,572.1627197265625
2024-10-29,573.0887451171875
2024-10-30,571.35498046875
2024-10-31,560.1546020507812
2024-11-01,562.5187377929688
2024-11-04,561.3070678710938
2024-11-05,568.0942993164062
2024-11-06,582.2203369140625
2024-11-07,586.7221069335938
2024-11-08,589.2636108398438
2024-11-11,589.8251342773438
2024-11-12,587.9928588867188
2024-11-13,588.278564453125
2024-11-14,584.495849609375
2024-11-15,577.0092163085938
2024-11-18,579.3734741210938
2024-11-19,581.4913330078125
2024-11-20,581.6883544921875
2024-11-21,584.8109741210938
2024-11-22,586.6235961914062
2024-11-25,588.613525390625
2024-11-26,591.6869506835938
2024-11-27,589.89404296875
2024-11-29,593.5585327148438
2024-12-02,594.6224365234375
2024-12-03,594.8982543945312
2024-12-04,598.5922241210938
2024-12-05,597.6072998046875
2024-12-06,598.7400512695312
2024-12-09,595.65673828125
2024-12-10,593.8048095703125
2024-12-11,598.395263671875
2024-12-12,595.31201171875
2024-12-13,595.1937866210938
2024-12-16,597.7352905273438
2024-12-17,595.2725830078125
2024-12-18,577.5313720703125
2024-12-19,577.3539428710938
2024-12-20,584.2886352539062
2024-12-23,587.7874755859375
2024-12-24,594.3207397460938
2024-12-26,594.3604125976562
2024-12-27,588.1038208007812
2024-12-30,581.392578125
2024-12-31,579.2774047851562
2025-01-02,577.8541259765625
2025-01-03,585.0792846679688
2025-01-06,588.44970703125
2025-01-07,581.7977905273438
2025-01-08,582.6478271484375
2025-01-10,573.7523193359375
2025-01-13,574.6419067382812
2025-01-14,575.4326171875
2025-01-15,585.8997192382812
2025-01-16,584.7728881835938
2025-01-17,590.6439819335938
2025-01-21,596.0504760742188
2025-01-22,599.401123046875
2025-01-23,602.6727294921875
2025-01-24,600.913330078125
2025-01-27,592.4132080078125
2025-01-28,597.50341796875
2025-01-29,594.824951171875
2025-01-30,598.0173950195312
2025-01-31,594.834716796875
2025-02-03,590.831787109375
2025-02-04,594.7952270507812
2025-02-05,597.2068481445312
2025-02-06,599.2825317382812
2025-02-07,593.7969360351562
2025-02-10,597.8295288085938
2025-02-11,598.2843017578125
2025-02-12,596.3568725585938
2025-02-13,602.6529541015625
2025-02-14,602.623291015625
2025-02-18,604.3924560546875
2025-02-19,605.8157958984375
2025-02-20,603.2954711914062
2025-02-21,592.9765625
2025-02-24,590.2782592773438
2025-02-25,587.3427124023438
2025-02-26,587.6392822265625
2025-02-27,578.2593994140625
2025-02-28,587.2833862304688
2025-03-03,576.9942626953125
2025-03-04,570.16455078125
2025-03-05,576.29248046875
2025-03-06,566.0626220703125
2025-03-07,569.2353515625
2025-03-10,554.073486328125
2025-03-11,549.467529296875
2025-03-12,552.38330078125
2025-03-13,545.0197143554688
2025-03-14,556.2775268554688
2025-03-17,560.5671997070312
2025-03-18,554.5083618164062
2025-03-19,560.5474243164062
2025-03-20,558.9264526367188
2025-03-21,559.11083984375
2025-03-24,569.1236572265625
2025-03-25,570.4917602539062
2025-03-26,563.6810302734375
2025-03-27,562.18408203125
2025-03-28,550.8626708984375
2025-03-31,554.5604858398438
2025-04-01,556.1267700195312
2025-04-02,559.646240234375
2025-04-03,532.0663452148438
2025-04-04,500.9176330566406
2025-04-07,500.025390625
2025-04-08,492.1936340332031
2025-04-09,543.8834838867188
2025-04-10,520.051025390625
2025-04-11,529.3301391601562
2025-04-14,534.4654541015625
2025-04-15,532.9684448242188
2025-04-16,521.1216430664062
2025-04-17,521.8651733398438
2025-04-21,509.443359375
2025-04-22,522.697998046875
2025-04-23,530.79736328125
2025-04-24,541.9701538085938
2025-04-25,545.8860473632812
2025-04-28,546.0941772460938
2025-04-29,549.5342407226562
2025-04-30,549.7523803710938
2025-05-01,553.6483764648438
2025-05-02,561.8668212890625
2025-05-05,558.6448364257812
2025-05-06,553.9755249023438
2025-05-07,556.3052978515625
2025-05-08,560.1815185546875
2025-05-09,559.4677124023438
2025-05-12,577.9567260742188
2025-05-13,581.7735595703125
2025-05-14,582.51708984375
2025-05-15,585.3622436523438
2025-05-16,589.0698852539062
2025-05-19,589.7142944335938
2025-05-20,587.7315673828125
2025-05-21,577.827880859375
2025-05-22,578.0558471679688
2025-05-23,574.1102294921875
2025-05-27,586.0463256835938
2025-05-28,582.6558227539062
2025-05-29,584.9557495117188
2025-05-30,584.301513671875
2025-06-02,587.5928344726562
2025-06-03,590.9436645507812
2025-06-04,590.7849731445312
2025-06-05,587.9298095703125
2025-06-06,593.96728515625
2025-06-09,594.5026245117188
2025-06-10,597.8732299804688
2025-06-11,596.1681518554688
2025-06-12,598.5374755859375
2025-06-13,591.8457641601562
2025-06-16,597.4766845703125
2025-06-17,592.3712158203125
2025-06-18,592.281982421875
2025-06-20,590.8909301757812
2025-06-23,596.7274780273438
2025-06-24,603.3196411132812
2025-06-25,603.65771484375
2025-06-26,608.380615234375
2025-06-27,611.4032592773438
2025-06-30,614.3265380859375
2025-07-01,614.127685546875
2025-07-02,616.9116821289062
2025-07-03,621.7738037109375
2025-07-07,617.140380859375
2025-07-08,616.8023681640625
2025-07-09,620.5010986328125
2025-07-10,622.2510986328125
2025-07-11,620.0635986328125
2025-07-14,621.2467651367188
2025-07-15,618.592041015625
2025-07-16,620.66015625
2025-07-17,624.4583740234375
2025-07-18,624.0010375976562
2025-07-21,625.1842651367188
2025-07-22,625.2737426757812
2025-07-23,630.59326171875
2025-07-24,630.802001953125
2025-07-25,633.4667358398438
2025-07-28,633.3076782226562
2025-07-29,631.63720703125
2025-07-30,630.841796875
2025-07-31,628.4754028320312
2025-08-01,618.1743774414062
2025-08-04,627.5704956054688
2025-08-05,624.3887329101562
2025-08-06,629.17138671875
2025-08-07,628.6443481445312
2025-08-08,633.5462646484375
2025-08-11,632.29345703125
2025-08-12,639.02490234375
2025-08-13,641.2123413085938
2025-08-14,641.27197265625
2025-08-15,639.7706298828125
2025-08-18,639.63134765625
2025-08-19,636.1612548828125
2025-08-20,634.470947265625
2025-08-21,631.925537109375
2025-08-22,641.6299438476562
2025-08-25,638.8060302734375
2025-08-26,641.4807739257812
2025-08-27,642.9423828125
2025-08-28,645.2192993164062
2025-08-29,641.3713989257812
2025-09-02,636.61865234375
2025-09-03,640.06884765625
2025-09-04,645.4181518554688
2025-09-05,643.5488891601562
2025-09-08,645.1298217773438
2025-09-09,646.6212768554688
2025-09-10,648.4906005859375
2025-09-11,653.8796997070312
2025-09-12,653.660888671875
2025-09-15,657.1409301757812
2025-09-16,656.2361450195312
2025-09-17,655.4208374023438
2025-09-18,658.4832763671875
2025-09-19,661.74462890625
2025-09-22,664.8753662109375
2025-09-23,661.256103515625
2025-09-24,659.1522216796875
2025-09-25,656.1112670898438
2025-09-26,659.8701782226562
2025-09-29,661.7246704101562
2025-09-30,664.21728515625
2025-10-01,666.4806518554688
2025-10-02,667.248291015625
2025-10-03,667.2384033203125
2025-10-06,669.6312866210938
2025-10-07,667.1486206054688
2025-10-08,671.1268920898438
2025-10-09,669.1826171875
2025-10-10,651.0960693359375
2025-10-13,661.0865478515625
2025-10-14,660.2789306640625
2025-10-15,663.2102661132812
2025-10-16,658.6936645507812
2025-10-17,662.4326171875
2025-10-20,669.3222045898438
2025-10-21,669.3121948242188
2025-10-22,665.83251953125
2025-10-23,669.7808837890625
2025-10-24,675.2546997070312
2025-10-27,683.2211303710938
2025-10-28,685.0357666015625
2025-10-29,685.3648071289062
2025-10-30,677.8270874023438
2025-10-31,680.050537109375
2025-11-03,681.3267822265625
2025-11-04,673.2506103515625
2025-11-05,675.583740234375
2025-11-06,668.3351440429688
2025-11-07,668.9931640625
2025-11-10,679.432373046875
2025-11-11,680.9877319335938
2025-11-12,681.3666381835938
2025-11-13,670.0599975585938
2025-11-14,669.9503784179688
2025-11-17,663.7088012695312
2025-11-18,658.1353149414062
2025-11-19,660.6777954101562
2025-11-20,650.6075439453125
2025-11-21,657.08837890625
2025-11-24,666.759765625
2025-11-25,673.03125
2025-11-26,677.6775512695312
2025-11-28,681.3765869140625
2025-12-01,678.2658081054688
2025-12-02,679.5220947265625
2025-12-03,681.8751220703125
2025-12-04,682.3736572265625
2025-12-05,683.6697998046875
2025-12-08,681.6159057617188
2025-12-09,681.027587890625
2025-12-10,685.5443115234375
2025-12-11,687.1395263671875
2025-12-12,679.7514038085938
2025-12-15,678.7244262695312
2025-12-16,676.8699340820312
2025-12-17,669.4219360351562
2025-12-18,674.4769287109375
2025-12-19,680.5900268554688
2025-12-22,684.8300170898438
2025-12-23,687.9600219726562
2025-12-24,690.3800048828125
2025-12-26,690.3099975585938
2025-12-29,687.8499755859375
2025-12-30,687.010009765625
2025-12-31,681.9199829101562
2026-01-02,683.1699829101562
2026-01-05,687.719970703125
2026-01-06,691.8099975585938
2026-01-07,689.5800170898438
2026-01-08,689.510009765625
2026-01-09,694.0700073242188
