Price,Close
Ticker,VT
Date,
2008-06-26,34.07650375366211
2008-06-27,34.021507263183594
2008-06-30,34.04899978637695
2008-07-01,33.7465934753418
2008-07-02,33.25173568725586
2008-07-03,33.3410758972168
2008-07-07,33.27235794067383
2008-07-08,33.334205627441406
2008-07-09,32.94932556152344
2008-07-10,32.89432907104492
2008-07-11,32.750003814697266
2008-07-14,32.64002990722656
2008-07-15,32.138301849365234
2008-07-16,32.7981071472168
2008-07-17,33.217384338378906
2008-07-18,33.183006286621094
2008-07-21,33.286094665527344
2008-07-22,33.4716682434082
2008-07-23,33.732826232910156
2008-07-24,32.99056625366211
2008-07-25,33.13489532470703
2008-07-28,32.60567855834961
2008-07-29,32.92184829711914
2008-07-30,33.4716682434082
2008-07-31,33.13489532470703
2008-08-01,32.94245529174805
2008-08-04,32.461326599121094
2008-08-05,33.25861358642578
2008-08-06,33.47854232788086
2008-08-07,32.715633392333984
2008-08-08,33.14863967895508
2008-08-11,33.34796142578125
2008-08-12,32.887451171875
2008-08-13,32.523197174072266
2008-08-14,32.66753005981445
2008-08-15,32.64002990722656
2008-08-18,32.097068786621094
2008-08-19,31.8221378326416
2008-08-20,32.11082458496094
2008-08-21,32.35824966430664
2008-08-22,32.53007507324219
2008-08-25,31.932096481323242
2008-08-26,32.097068786621094
2008-08-27,32.138301849365234
2008-08-28,32.81874084472656
2008-08-29,32.523197174072266
2008-09-02,31.615949630737305
2008-09-03,31.725927352905273
2008-09-04,30.5575008392334
2008-09-05,30.35818862915039
2008-09-08,31.217313766479492
2008-09-09,30.440654754638672
2008-09-10,30.688091278076172
2008-09-11,30.667476654052734
2008-09-12,31.011117935180664
2008-09-15,29.739622116088867
2008-09-16,30.234487533569336
2008-09-17,28.598691940307617
2008-09-18,30.10388946533203
2008-09-19,31.897748947143555
2008-09-22,30.743070602416992
2008-09-23,30.942405700683594
2008-09-24,29.9664306640625
2008-09-25,30.818681716918945
2008-09-26,31.114227294921875
2008-09-29,29.141666412353516
2008-09-30,29.560909271240234
2008-10-01,29.1279296875
2008-10-02,27.56085968017578
2008-10-03,27.3203125
2008-10-06,26.01443099975586
2008-10-07,24.81853485107422
2008-10-08,24.43363380432129
2008-10-09,23.26521873474121
2008-10-10,22.529800415039062
2008-10-13,25.560810089111328
2008-10-14,26.103776931762695
2008-10-15,22.935319900512695
2008-10-16,23.478286743164062
2008-10-17,23.25147247314453
2008-10-20,24.88037872314453
2008-10-21,23.3408260345459
2008-10-22,21.62943458557129
2008-10-23,21.581323623657227
2008-10-24,21.423246383666992
2008-10-27,20.22734260559082
2008-10-28,21.44386100769043
2008-10-29,23.024658203125
2008-10-30,23.223983764648438
2008-10-31,23.223983764648438
2008-11-03,23.23772621154785
2008-11-04,24.488615036010742
2008-11-05,23.203357696533203
2008-11-06,21.835630416870117
2008-11-07,22.900951385498047
2008-11-10,22.68787956237793
2008-11-11,21.787519454956055
2008-11-12,20.790924072265625
2008-11-13,22.34423065185547
2008-11-14,21.010860443115234
2008-11-17,20.832162857055664
2008-11-18,20.983375549316406
2008-11-19,19.595012664794922
2008-11-20,18.296010971069336
2008-11-21,19.73247528076172
2008-11-24,20.756555557250977
2008-11-25,20.96962547302246
2008-11-26,21.478227615356445
2008-11-28,21.64318084716797
2008-12-01,19.86307144165039
2008-12-02,20.81155014038086
2008-12-03,21.230798721313477
2008-12-04,20.440401077270508
2008-12-05,21.09333610534668
2008-12-08,21.966215133666992
2008-12-09,21.650054931640625
2008-12-10,22.089927673339844
2008-12-11,21.76002311706543
2008-12-12,21.959341049194336
2008-12-15,21.787519454956055
2008-12-16,22.976551055908203
2008-12-17,22.86658477783203
2008-12-18,22.158658981323242
2008-12-19,22.076181411743164
2008-12-22,21.835630416870117
2008-12-23,21.636306762695312
2008-12-24,21.776735305786133
2008-12-26,21.963510513305664
2008-12-29,21.94968032836914
2008-12-30,22.523847579956055
2008-12-31,22.81438446044922
2009-01-02,23.4300537109375
2009-01-05,23.499229431152344
2009-01-06,23.41621971130371
2009-01-07,22.897396087646484
2009-01-08,22.821300506591797
2009-01-09,22.26789093017578
2009-01-12,21.70064353942871
2009-01-13,21.51386260986328
2009-01-14,20.759845733642578
2009-01-15,21.00196647644043
2009-01-16,21.257911682128906
2009-01-20,19.694528579711914
2009-01-21,20.752927780151367
2009-01-22,20.351709365844727
2009-01-23,20.379377365112305
2009-01-26,20.517728805541992
2009-01-27,20.912031173706055
2009-01-28,21.55537223815918
2009-01-29,20.635330200195312
2009-01-30,20.337873458862305
2009-02-02,20.303279876708984
2009-02-03,20.704504013061523
2009-02-04,20.559226989746094
2009-02-05,21.458526611328125
2009-02-06,21.583038330078125
2009-02-09,21.520780563354492
2009-02-10,20.517728805541992
2009-02-11,20.662996292114258
2009-02-12,20.61457633972168
2009-02-13,20.538480758666992
2009-02-17,19.438573837280273
2009-02-18,19.320972442626953
2009-02-19,19.26563262939453
2009-02-20,18.67763900756836
2009-02-23,18.380172729492188
2009-02-24,19.0996150970459
2009-02-25,18.822900772094727
2009-02-26,18.69146728515625
2009-02-27,18.400924682617188
2009-03-02,17.460128784179688
2009-03-03,17.314863204956055
2009-03-04,18.048131942749023
2009-03-05,17.307941436767578
2009-03-06,17.245683670043945
2009-03-09,16.94822120666504
2009-03-10,18.151897430419922
2009-03-11,18.165729522705078
2009-03-12,18.83673858642578
2009-03-13,19.369400024414062
2009-03-16,18.947423934936523
2009-03-17,19.507755279541016
2009-03-18,19.964319229125977
2009-03-19,19.86054801940918
2009-03-20,19.500831604003906
2009-03-23,21.008880615234375
2009-03-24,20.40704917907715
2009-03-25,20.690670013427734
2009-03-26,21.043466567993164
2009-03-27,20.462390899658203
2009-03-30,19.618432998657227
2009-03-31,20.026575088500977
2009-04-01,20.448551177978516
2009-04-02,21.313261032104492
2009-04-03,21.41010093688965
2009-04-06,21.188737869262695
2009-04-07,20.704504013061523
2009-04-08,21.029630661010742
2009-04-09,21.762901306152344
2009-04-13,21.894338607788086
2009-04-14,21.59687614440918
2009-04-15,21.8597469329834
2009-04-16,22.115703582763672
2009-04-17,22.074193954467773
2009-04-20,21.06422233581543
2009-04-21,21.53462028503418
2009-04-22,21.41010093688965
2009-04-23,21.8597469329834
2009-04-24,22.10186767578125
2009-04-27,21.85283660888672
2009-04-28,21.67296600341797
2009-04-29,22.24022102355957
2009-04-30,22.440824508666992
2009-05-01,22.703699111938477
2009-05-04,23.57532501220703
2009-05-05,23.436965942382812
2009-05-06,23.810522079467773
2009-05-07,23.54073715209961
2009-05-08,24.377769470214844
2009-05-11,23.672178268432617
2009-05-12,23.80360984802246
2009-05-13,23.111841201782227
2009-05-14,23.284780502319336
2009-05-15,23.160268783569336
2009-05-18,24.059553146362305
2009-05-19,24.156404495239258
2009-05-20,24.142568588256836
2009-05-21,23.921218872070312
2009-05-22,24.004220962524414
2009-05-26,24.502277374267578
2009-05-27,24.087228775024414
2009-05-28,24.474624633789062
2009-05-29,24.82048988342285
2009-06-01,25.553756713867188
2009-06-02,25.51226234436035
2009-06-03,24.979616165161133
2009-06-04,25.221725463867188
2009-06-05,25.097206115722656
2009-06-08,24.979616165161133
2009-06-09,25.200960159301758
2009-06-10,25.1248779296875
2009-06-11,25.505346298217773
2009-06-12,25.436166763305664
2009-06-15,24.661394119262695
2009-06-16,24.32935333251953
2009-06-17,24.225582122802734
2009-06-18,24.280925750732422
2009-06-19,24.350099563598633
2009-06-22,23.602991104125977
2009-06-23,23.85894775390625
2009-06-24,24.080318450927734
2009-06-25,24.59221649169922
2009-06-26,24.606054306030273
2009-06-29,24.806671142578125
2009-06-30,24.3916072845459
2009-07-01,24.827417373657227
2009-07-02,24.094139099121094
2009-07-06,24.059553146362305
2009-07-07,23.57532501220703
2009-07-08,23.51307487487793
2009-07-09,23.720598220825195
2009-07-10,23.609914779663086
2009-07-13,24.06648063659668
2009-07-14,24.225582122802734
2009-07-15,25.055706024169922
2009-07-16,25.173303604125977
2009-07-17,25.228641510009766
2009-07-20,25.705965042114258
2009-07-21,25.705965042114258
2009-07-22,25.782054901123047
2009-07-23,26.356225967407227
2009-07-24,26.425390243530273
2009-07-27,26.522245407104492
2009-07-28,26.411563873291016
2009-07-29,26.127939224243164
2009-07-30,26.660602569580078
2009-07-31,26.861207962036133
2009-08-03,27.442285537719727
2009-08-04,27.352359771728516
2009-08-05,27.324682235717773
2009-08-06,27.144826889038086
2009-08-07,27.338516235351562
2009-08-10,27.165576934814453
2009-08-11,26.875036239624023
2009-08-12,27.172504425048828
2009-08-13,27.511459350585938
2009-08-14,27.22783660888672
2009-08-17,26.418476104736328
2009-08-18,26.778188705444336
2009-08-19,26.888877868652344
2009-08-20,27.200170516967773
2009-08-21,27.753578186035156
2009-08-24,27.78817367553711
2009-08-25,27.864267349243164
2009-08-26,27.774341583251953
2009-08-27,27.85734748840332
2009-08-28,27.85042381286621
2009-08-31,27.580638885498047
2009-09-01,26.978801727294922
2009-09-02,27.027223587036133
2009-09-03,27.324682235717773
2009-09-04,27.670562744140625
2009-09-08,28.175552368164062
2009-09-09,28.43151092529297
2009-09-10,28.728971481323242
2009-09-11,28.694372177124023
2009-09-14,28.78430938720703
2009-09-15,28.908824920654297
2009-09-16,29.406902313232422
2009-09-17,29.358463287353516
2009-09-18,29.372312545776367
2009-09-21,29.13020133972168
2009-09-22,29.545249938964844
2009-09-23,29.171688079833984
2009-09-24,28.74281883239746
2009-09-25,28.67361831665039
2009-09-28,29.102516174316406
2009-09-29,29.061004638671875
2009-09-30,29.026432037353516
2009-10-01,28.272401809692383
2009-10-02,28.134044647216797
2009-10-05,28.521432876586914
2009-10-06,28.874242782592773
2009-10-07,29.012584686279297
2009-10-08,29.413818359375
2009-10-09,29.455322265625
2009-10-12,29.60750961303711
2009-10-13,29.545249938964844
2009-10-14,30.237022399902344
2009-10-15,30.2716007232666
2009-10-16,29.925716400146484
2009-10-19,30.347700119018555
2009-10-20,30.03640365600586
2009-10-21,29.918804168701172
2009-10-22,30.223180770874023
2009-10-23,29.808115005493164
2009-10-26,29.406902313232422
2009-10-27,29.157865524291992
2009-10-28,28.34158706665039
2009-10-29,29.330808639526367
2009-10-30,28.29315948486328
2009-11-02,28.479930877685547
2009-11-03,28.542184829711914
2009-11-04,28.728971481323242
2009-11-05,29.199373245239258
2009-11-06,29.199373245239258
2009-11-09,30.07098960876465
2009-11-10,30.015663146972656
2009-11-11,30.195512771606445
2009-11-12,29.759693145751953
2009-11-13,30.064071655273438
2009-11-16,30.534475326538086
2009-11-17,30.465293884277344
2009-11-18,30.721242904663086
2009-11-19,29.96722412109375
2009-11-20,29.766620635986328
2009-11-23,30.26468276977539
2009-11-24,30.098655700683594
2009-11-25,30.458385467529297
2009-11-27,29.66975975036621
2009-11-30,29.801198959350586
2009-12-01,30.430723190307617
2009-12-02,30.486040115356445
2009-12-03,30.27853012084961
2009-12-04,30.333850860595703
2009-12-07,30.174760818481445
2009-12-08,29.773529052734375
2009-12-09,29.82887077331543
2009-12-10,29.96722412109375
2009-12-11,30.015663146972656
2009-12-14,30.2508487701416
2009-12-15,30.022565841674805
2009-12-16,30.202425003051758
2009-12-17,29.60750961303711
2009-12-18,29.745866775512695
2009-12-21,29.904977798461914
2009-12-22,30.077896118164062
2009-12-23,30.243928909301758
2009-12-24,30.42795753479004
2009-12-28,30.498197555541992
2009-12-29,30.484153747558594
2009-12-30,30.420930862426758
2009-12-31,30.266407012939453
2010-01-04,30.97583770751953
2010-01-05,31.06715965270996
2010-01-06,31.221689224243164
2010-01-07,31.102272033691406
2010-01-08,31.305967330932617
2010-01-11,31.40428924560547
2010-01-12,31.053096771240234
2010-01-13,31.291900634765625
2010-01-14,31.376201629638672
2010-01-15,31.032014846801758
2010-01-19,31.397274017333984
2010-01-20,30.77213478088379
2010-01-21,30.090805053710938
2010-01-22,29.472698211669922
2010-01-25,29.697460174560547
2010-01-26,29.549957275390625
2010-01-27,29.444591522216797
2010-01-28,29.009111404418945
2010-01-29,28.721128463745117
2010-02-01,29.304113388061523
2010-02-02,29.753658294677734
2010-02-03,29.500778198242188
2010-02-04,28.45421600341797
2010-02-05,28.208375930786133
2010-02-08,28.02574348449707
2010-02-09,28.62982177734375
2010-02-10,28.475292205810547
2010-02-11,28.847557067871094
2010-02-12,28.671958923339844
2010-02-16,29.261959075927734
2010-02-17,29.374359130859375
2010-02-18,29.542926788330078
2010-02-19,29.472698211669922
2010-02-22,29.500778198242188
2010-02-23,28.96697235107422
2010-02-24,29.21280860900879
2010-02-25,29.149593353271484
2010-02-26,29.31817054748535
2010-03-01,29.578065872192383
2010-03-02,29.830917358398438
2010-03-03,29.92925453186035
2010-03-04,29.98544692993164
2010-03-05,30.519283294677734
2010-03-08,30.554393768310547
2010-03-09,30.554393768310547
2010-03-10,30.69487762451172
2010-03-11,30.75105857849121
2010-03-12,30.80726432800293
2010-03-15,30.680822372436523
2010-03-16,31.024999618530273
2010-03-17,31.158447265625
2010-03-18,31.039047241210938
2010-03-19,30.80726432800293
2010-03-22,30.891542434692383
2010-03-23,31.165468215942383
2010-03-24,30.91261100769043
2010-03-25,30.814281463623047
2010-03-26,30.933683395385742
2010-03-29,31.221689224243164
2010-03-30,31.298940658569336
2010-03-31,31.270830154418945
2010-04-01,31.65715980529785
2010-04-05,31.895973205566406
2010-04-06,31.90298843383789
2010-04-07,31.65715980529785
2010-04-08,31.7063045501709
2010-04-09,32.01539993286133
2010-04-12,32.07859802246094
2010-04-13,32.05051040649414
2010-04-14,32.43680953979492
2010-04-15,32.401710510253906
2010-04-16,31.76953887939453
2010-04-19,31.734424591064453
2010-04-20,31.973257064819336
2010-04-21,31.860851287841797
2010-04-22,31.76251792907715
2010-04-23,32.02239990234375
2010-04-26,31.96622657775879
2010-04-27,30.97583770751953
2010-04-28,31.024999618530273
2010-04-29,31.544776916503906
2010-04-30,31.130367279052734
2010-05-03,31.418344497680664
2010-05-04,30.364755630493164
2010-05-05,29.971393585205078
2010-05-06,28.819475173950195
2010-05-07,28.608739852905273
2010-05-10,30.238306045532227
2010-05-11,29.87306022644043
2010-05-12,30.238306045532227
2010-05-13,29.901161193847656
2010-05-14,29.198774337768555
2010-05-17,29.254941940307617
2010-05-18,28.763277053833008
2010-05-19,28.573637008666992
2010-05-20,27.491928100585938
2010-05-21,28.095991134643555
2010-05-24,27.66752052307129
2010-05-25,27.477876663208008
2010-05-26,27.309303283691406
2010-05-27,28.587678909301758
2010-05-28,28.053844451904297
2010-06-01,27.709672927856445
2010-06-02,28.489343643188477
2010-06-03,28.517423629760742
2010-06-04,27.442760467529297
2010-06-07,27.105606079101562
2010-06-08,27.491928100585938
2010-06-09,27.42169189453125
2010-06-10,28.292673110961914
2010-06-11,28.412080764770508
2010-06-14,28.39803123474121
2010-06-15,29.254941940307617
2010-06-16,29.177692413330078
2010-06-17,29.191740036010742
2010-06-18,29.226852416992188
2010-06-21,29.290075302124023
2010-06-22,28.819475173950195
2010-06-23,28.86160659790039
2010-06-24,28.34885597229004
2010-06-25,28.538503646850586
2010-06-28,28.39803123474121
2010-06-29,27.470857620239258
2010-06-30,27.26715660095215
2010-07-01,27.344417572021484
2010-07-02,27.309303283691406
2010-07-06,27.660503387451172
2010-07-07,28.482316970825195
2010-07-08,28.721128463745117
2010-07-09,28.91779327392578
2010-07-12,28.791364669799805
2010-07-13,29.261959075927734
2010-07-14,29.268997192382812
2010-07-15,29.31114387512207
2010-07-16,28.45421600341797
2010-07-19,28.64386558532715
2010-07-20,28.98101234436035
2010-07-21,28.566598892211914
2010-07-22,29.353288650512695
2010-07-23,29.613191604614258
2010-07-26,29.83794403076172
2010-07-27,29.85902214050293
2010-07-28,29.72555160522461
2010-07-29,29.71854019165039
2010-07-30,29.77473258972168
2010-08-02,30.589494705200195
2010-08-03,30.434986114501953
2010-08-04,30.575458526611328
2010-08-05,30.554393768310547
2010-08-06,30.477136611938477
2010-08-09,30.60355567932129
2010-08-10,30.392839431762695
2010-08-11,29.31114387512207
2010-08-12,29.21280860900879
2010-08-13,29.12150001525879
2010-08-16,29.240909576416016
2010-08-17,29.655315399169922
2010-08-18,29.697460174560547
2010-08-19,29.240909576416016
2010-08-20,29.05828285217285
2010-08-23,28.938865661621094
2010-08-24,28.489343643188477
2010-08-25,28.538503646850586
2010-08-26,28.412080764770508
2010-08-27,28.98101234436035
2010-08-30,28.552547454833984
2010-08-31,28.587678909301758
2010-09-01,29.5078125
2010-09-02,29.697460174560547
2010-09-03,30.034626007080078
2010-09-07,29.6904296875
2010-09-08,29.922231674194336
2010-09-09,30.11890411376953
2010-09-10,30.245338439941406
2010-09-13,30.7159481048584
2010-09-14,30.80726432800293
2010-09-15,30.835350036621094
2010-09-16,30.758085250854492
2010-09-17,30.673799514770508
2010-09-20,31.1444091796875
2010-09-21,31.123321533203125
2010-09-22,31.088218688964844
2010-09-23,30.76512336730957
2010-09-24,31.495607376098633
2010-09-27,31.376201629638672
2010-09-28,31.572879791259766
2010-09-29,31.544776916503906
2010-09-30,31.460487365722656
2010-10-01,31.72037124633789
2010-10-04,31.432397842407227
2010-10-05,32.1699104309082
2010-10-06,32.24015426635742
2010-10-07,32.162879943847656
2010-10-08,32.35253143310547
2010-10-11,32.324440002441406
2010-10-12,32.36659240722656
2010-10-13,32.71778869628906
2010-10-14,32.73182678222656
2010-10-15,32.70372772216797
2010-10-18,32.781002044677734
2010-10-19,32.08561706542969
2010-10-20,32.61944580078125
2010-10-21,32.57729721069336
2010-10-22,32.647544860839844
2010-10-25,32.79505157470703
2010-10-26,32.661590576171875
2010-10-27,32.40872573852539
2010-10-28,32.61944580078125
2010-10-29,32.6545524597168
2010-11-01,32.633480072021484
2010-11-02,33.02683639526367
2010-11-03,33.202449798583984
2010-11-04,33.90484619140625
2010-11-05,33.89781951904297
2010-11-08,33.785438537597656
2010-11-09,33.4833984375
2010-11-10,33.56066131591797
2010-11-11,33.41316604614258
2010-11-12,32.970645904541016
2010-11-15,32.94254684448242
2010-11-16,32.275264739990234
2010-11-17,32.36659240722656
2010-11-18,33.02683639526367
2010-11-19,33.02683639526367
2010-11-22,32.90742111206055
2010-11-23,32.12776184082031
2010-11-24,32.62647247314453
2010-11-26,32.261226654052734
2010-11-29,32.08561706542969
2010-11-30,31.790611267089844
2010-12-01,32.60539627075195
2010-12-02,33.202449798583984
2010-12-03,33.36398696899414
2010-12-06,33.27265930175781
2010-12-07,33.23756408691406
2010-12-08,33.29375076293945
2010-12-09,33.38505554199219
2010-12-10,33.525543212890625
2010-12-13,33.74329376220703
2010-12-14,33.785438537597656
2010-12-15,33.46233367919922
2010-12-16,33.6519660949707
2010-12-17,33.55364227294922
2010-12-20,33.59578323364258
2010-12-21,33.88376235961914
2010-12-22,33.975425720214844
2010-12-23,33.910987854003906
2010-12-27,33.932472229003906
2010-12-28,33.910987854003906
2010-12-29,34.14726257324219
2010-12-30,34.11862564086914
2010-12-31,34.22602844238281
2011-01-03,34.53390884399414
2011-01-04,34.47663497924805
2011-01-05,34.49094772338867
2011-01-06,34.24750518798828
2011-01-07,34.132938385009766
2011-01-10,33.98972702026367
2011-01-11,34.29046630859375
2011-01-12,34.813167572021484
2011-01-13,34.79168701171875
2011-01-14,34.99932861328125
2011-01-18,35.106719970703125
2011-01-19,34.7988395690918
2011-01-20,34.612674713134766
2011-01-21,34.698604583740234
2011-01-24,34.927734375
2011-01-25,34.82749557495117
2011-01-26,35.04228591918945
2011-01-27,35.14970397949219
2011-01-28,34.3835563659668
2011-01-31,34.705753326416016
2011-02-01,35.37883377075195
2011-02-02,35.30007553100586
2011-02-03,35.34303283691406
2011-02-04,35.38600158691406
2011-02-07,35.47906494140625
2011-02-08,35.65807342529297
2011-02-09,35.428951263427734
2011-02-10,35.23563003540039
2011-02-11,35.44326400756836
2011-02-14,35.52919387817383
2011-02-15,35.45042419433594
2011-02-16,35.715354919433594
2011-02-17,35.91584396362305
2011-02-18,36.03041458129883
2011-02-22,35.11389923095703
2011-02-23,35.01366424560547
2011-02-24,35.063777923583984
2011-02-25,35.43610763549805
2011-02-28,35.72251510620117
2011-03-01,35.24279022216797
2011-03-02,35.43610763549805
2011-03-03,35.9731330871582
2011-03-04,35.7010383605957
2011-03-07,35.45042419433594
2011-03-08,35.64374923706055
2011-03-09,35.586483001708984
2011-03-10,34.777366638183594
2011-03-11,34.906246185302734
2011-03-14,34.60552978515625
2011-03-15,33.975425720214844
2011-03-16,33.18778991699219
2011-03-17,33.92530059814453
2011-03-18,34.197391510009766
2011-03-21,34.87760543823242
2011-03-22,34.80601119995117
2011-03-23,34.856117248535156
2011-03-24,35.30722427368164
2011-03-25,35.24279022216797
2011-03-28,35.14253616333008
2011-03-29,35.39314651489258
2011-03-30,35.743995666503906
2011-03-31,35.7010383605957
2011-04-01,35.9946174621582
2011-04-04,36.051883697509766
2011-04-05,36.051883697509766
2011-04-06,36.23089599609375
2011-04-07,36.10917663574219
2011-04-08,36.14497756958008
2011-04-11,36.037574768066406
2011-04-12,35.67241668701172
2011-04-13,35.72967529296875
2011-04-14,35.851409912109375
2011-04-15,35.865726470947266
2011-04-18,35.24279022216797
2011-04-19,35.557830810546875
2011-04-20,36.23805618286133
2011-04-21,36.488670349121094
2011-04-25,36.452877044677734
2011-04-26,36.70347595214844
2011-04-27,37.01136016845703
2011-04-28,37.09728240966797
2011-04-29,37.25482940673828
2011-05-02,37.147403717041016
2011-05-03,36.868160247802734
2011-05-04,36.51013946533203
2011-05-05,35.9946174621582
2011-05-06,36.159297943115234
2011-05-09,36.352622985839844
2011-05-10,36.746437072753906
2011-05-11,36.10200881958008
2011-05-12,36.13066101074219
2011-05-13,35.70820999145508
2011-05-16,35.586483001708984
2011-05-17,35.69388961791992
2011-05-18,36.00175857543945
2011-05-19,36.080535888671875
2011-05-20,35.7010383605957
2011-05-23,35.08525085449219
2011-05-24,35.199825286865234
2011-05-25,35.40030288696289
2011-05-26,35.65807342529297
2011-05-27,35.89435577392578
2011-05-31,36.40990447998047
2011-06-01,35.64374923706055
2011-06-02,35.68671417236328
2011-06-03,35.5721549987793
2011-06-06,35.08525085449219
2011-06-07,35.24279022216797
2011-06-08,35.02797317504883
2011-06-09,35.314395904541016
2011-06-10,34.60552978515625
2011-06-13,34.67711639404297
2011-06-14,35.20698165893555
2011-06-15,34.32626724243164
2011-06-16,34.204559326171875
2011-06-17,34.41935348510742
2011-06-20,34.44797897338867
2011-06-21,35.070926666259766
2011-06-22,34.83464813232422
2011-06-23,34.64848327636719
2011-06-24,34.297637939453125
2011-06-27,34.576881408691406
2011-06-28,35.0494499206543
2011-06-29,35.50056076049805
2011-06-30,35.92301559448242
2011-07-01,36.331138610839844
2011-07-05,36.25237274169922
2011-07-06,36.15214538574219
2011-07-07,36.495826721191406
2011-07-08,36.137821197509766
2011-07-11,35.292911529541016
2011-07-12,35.02797317504883
2011-07-13,35.37883377075195
2011-07-14,35.11389923095703
2011-07-15,35.32872009277344
2011-07-18,34.88477325439453
2011-07-19,35.464752197265625
2011-07-20,35.68671417236328
2011-07-21,36.2667121887207
2011-07-22,36.273860931396484
2011-07-25,35.9946174621582
2011-07-26,36.051883697509766
2011-07-27,35.27142333984375
2011-07-28,35.21413040161133
2011-07-29,35.14970397949219
2011-08-01,34.88477325439453
2011-08-02,34.01122283935547
2011-08-03,34.14726257324219
2011-08-04,32.12806701660156
2011-08-05,32.264122009277344
2011-08-08,29.886905670166016
2011-08-09,31.56956672668457
2011-08-10,30.030109405517578
2011-08-11,31.483644485473633
2011-08-12,31.770050048828125
2011-08-15,32.478912353515625
2011-08-16,32.142398834228516
2011-08-17,32.28559112548828
2011-08-18,30.846384048461914
2011-08-19,30.38097381591797
2011-08-22,30.402446746826172
2011-08-23,31.45499610900879
2011-08-24,31.598224639892578
2011-08-25,30.925151824951172
2011-08-26,31.41204833984375
2011-08-29,32.264122009277344
2011-08-30,32.29991912841797
2011-08-31,32.60065460205078
2011-09-01,32.37151336669922
2011-09-02,31.583894729614258
2011-09-06,31.011070251464844
2011-09-07,31.870311737060547
2011-09-08,31.369081497192383
2011-09-09,30.45973014831543
2011-09-12,30.42393684387207
2011-09-13,30.710323333740234
2011-09-14,31.05402374267578
2011-09-15,31.57672691345215
2011-09-16,31.648338317871094
2011-09-19,31.03972625732422
2011-09-20,31.032556533813477
2011-09-21,30.080236434936523
2011-09-22,28.827194213867188
2011-09-23,29.09212303161621
2011-09-26,29.70789909362793
2011-09-27,30.280723571777344
2011-09-28,29.621984481811523
2011-09-29,30.03728485107422
2011-09-30,29.10643768310547
2011-10-03,28.376089096069336
2011-10-04,28.93458366394043
2011-10-05,29.471609115600586
2011-10-06,30.187650680541992
2011-10-07,29.92986488342285
2011-10-10,31.03972625732422
2011-10-11,30.91799545288086
2011-10-12,31.526607513427734
2011-10-13,31.354761123657227
2011-10-14,31.884605407714844
2011-10-17,31.111316680908203
2011-10-18,31.719934463500977
2011-10-19,31.24737548828125
2011-10-20,31.20439338684082
2011-10-21,31.94906997680664
2011-10-24,32.43596649169922
2011-10-25,31.855966567993164
2011-10-26,32.30707550048828
2011-10-27,33.731971740722656
2011-10-28,33.62455749511719
2011-10-31,32.38583755493164
2011-11-01,31.45499610900879
2011-11-02,32.01351547241211
2011-11-03,32.66508483886719
2011-11-04,32.393009185791016
2011-11-07,32.54336166381836
2011-11-08,32.944332122802734
2011-11-09,31.42635726928711
2011-11-10,31.755733489990234
2011-11-11,32.457435607910156
2011-11-14,31.97054672241211
2011-11-15,31.98486328125
2011-11-16,31.497974395751953
2011-11-17,30.98243522644043
2011-11-18,31.011070251464844
2011-11-21,30.30220603942871
2011-11-22,30.259246826171875
2011-11-23,29.464468002319336
2011-11-25,29.37137222290039
2011-11-28,30.474048614501953
2011-11-29,30.581439971923828
2011-11-30,31.98486328125
2011-12-01,31.84166145324707
2011-12-02,31.827348709106445
2011-12-05,32.206844329833984
2011-12-06,32.12806701660156
2011-12-07,32.23548889160156
2011-12-08,31.361928939819336
2011-12-09,31.94906997680664
2011-12-12,31.20439338684082
2011-12-13,30.875024795532227
2011-12-14,30.49553108215332
2011-12-15,30.6101131439209
2011-12-16,30.66022491455078
2011-12-19,30.287872314453125
2011-12-20,31.261682510375977
2011-12-21,31.186899185180664
2011-12-22,31.546125411987305
2011-12-23,31.736745834350586
2011-12-27,31.692766189575195
2011-12-28,31.216236114501953
2011-12-29,31.582788467407227
2011-12-30,31.656108856201172
2012-01-03,32.249942779541016
2012-01-04,32.249942779541016
2012-01-05,32.081298828125
2012-01-06,31.839370727539062
2012-01-09,31.949352264404297
2012-01-10,32.44053649902344
2012-01-11,32.39653396606445
2012-01-12,32.49919891357422
2012-01-13,32.213260650634766
2012-01-17,32.48451614379883
2012-01-18,32.91706848144531
2012-01-19,33.2103271484375
2012-01-20,33.283626556396484
2012-01-23,33.320281982421875
2012-01-24,33.195640563964844
2012-01-25,33.59886169433594
2012-01-26,33.4742431640625
2012-01-27,33.51821517944336
2012-01-30,33.31294250488281
2012-01-31,33.386260986328125
2012-02-01,33.84812545776367
2012-02-02,33.98008346557617
2012-02-03,34.45661544799805
2012-02-06,34.36864471435547
2012-02-07,34.48594665527344
2012-02-08,34.6179084777832
2012-02-09,34.661888122558594
2012-02-10,34.20002746582031
2012-02-13,34.5005989074707
2012-02-14,34.361289978027344
2012-02-15,34.295326232910156
2012-02-16,34.7645149230957
2012-02-17,34.85982894897461
2012-02-21,34.87450408935547
2012-02-22,34.77184295654297
2012-02-23,34.8964729309082
2012-02-24,35.09442138671875
2012-02-27,35.0064582824707
2012-02-28,35.20439529418945
2012-02-29,34.97713088989258
2012-03-01,35.31436538696289
2012-03-02,35.05778121948242
2012-03-05,34.83784103393555
2012-03-06,33.98008346557617
2012-03-07,34.35396957397461
2012-03-08,34.925811767578125
2012-03-09,34.8964729309082
2012-03-12,34.83784103393555
2012-03-13,35.45365905761719
2012-03-14,35.321678161621094
2012-03-15,35.53430938720703
2012-03-16,35.6515998840332
2012-03-19,35.754234313964844
2012-03-20,35.47564697265625
2012-03-21,35.40967559814453
2012-03-22,34.991783142089844
2012-03-23,35.26304626464844
2012-03-26,35.78356170654297
2012-03-27,35.57095718383789
2012-03-28,35.307037353515625
2012-03-29,35.248390197753906
2012-03-30,35.387691497802734
2012-04-02,35.754234313964844
2012-04-03,35.4170036315918
2012-04-04,34.87450408935547
2012-04-05,34.801177978515625
2012-04-09,34.5005989074707
2012-04-10,33.81146240234375
2012-04-11,34.20002746582031
2012-04-12,34.793846130371094
2012-04-13,34.222023010253906
2012-04-16,34.339324951171875
2012-04-17,34.86716842651367
2012-04-18,34.654563903808594
2012-04-19,34.5005989074707
2012-04-20,34.610565185546875
2012-04-23,34.163360595703125
2012-04-24,34.288002014160156
2012-04-25,34.7498664855957
2012-04-26,35.04310607910156
2012-04-27,35.11643981933594
2012-04-30,34.96979522705078
2012-05-01,35.145748138427734
2012-05-02,35.0137939453125
2012-05-03,34.72054672241211
2012-05-04,34.10470962524414
2012-05-07,34.25133514404297
2012-05-08,33.90678024291992
2012-05-09,33.58422088623047
2012-05-10,33.672183990478516
2012-05-11,33.56221389770508
2012-05-14,33.01237106323242
2012-05-15,32.73377990722656
2012-05-16,32.47718811035156
2012-05-17,32.02998733520508
2012-05-18,31.75874137878418
2012-05-21,32.352569580078125
2012-05-22,32.293914794921875
2012-05-23,32.18394088745117
2012-05-24,32.08864212036133
2012-05-25,32.02267074584961
2012-05-29,32.46254348754883
2012-05-30,31.82472038269043
2012-05-31,31.84671401977539
2012-06-01,31.120922088623047
2012-06-04,31.201570510864258
2012-06-05,31.36284828186035
2012-06-06,32.220603942871094
2012-06-07,32.220603942871094
2012-06-08,32.26457977294922
2012-06-11,31.84671401977539
2012-06-12,32.3159065246582
2012-06-13,32.05197525024414
2012-06-14,32.27925109863281
2012-06-15,32.68247604370117
2012-06-18,32.711795806884766
2012-06-19,33.18098449707031
2012-06-20,33.23231506347656
2012-06-21,32.36722183227539
2012-06-22,32.675132751464844
2012-06-25,32.02998733520508
2012-06-26,32.213260650634766
2012-06-27,32.52851486206055
2012-06-28,32.433204650878906
2012-06-29,33.4815788269043
2012-07-02,33.606204986572266
2012-07-03,33.965423583984375
2012-07-05,33.64284133911133
2012-07-06,33.27628707885742
2012-07-09,33.188323974609375
2012-07-10,32.92438888549805
2012-07-11,32.99037170410156
2012-07-12,32.66046142578125
2012-07-13,33.18098449707031
2012-07-16,33.17366027832031
2012-07-17,33.37893295288086
2012-07-18,33.55488204956055
2012-07-19,33.76015853881836
2012-07-20,33.27628707885742
2012-07-23,32.80710220336914
2012-07-24,32.44053649902344
2012-07-25,32.55049514770508
2012-07-26,33.254295349121094
2012-07-27,33.928775787353516
2012-07-30,33.84812545776367
2012-07-31,33.7234992980957
2012-08-01,33.620853424072266
2012-08-02,33.283626556396484
2012-08-03,34.119384765625
2012-08-06,34.288002014160156
2012-08-07,34.52992630004883
2012-08-08,34.5005989074707
2012-08-09,34.57392501831055
2012-08-10,34.6399040222168
2012-08-13,34.55924987792969
2012-08-14,34.57392501831055
2012-08-15,34.59592056274414
2012-08-16,34.94046401977539
2012-08-17,34.96979522705078
2012-08-20,34.925811767578125
2012-08-21,34.93315124511719
2012-08-22,34.90380859375
2012-08-23,34.669227600097656
2012-08-24,34.72786331176758
2012-08-27,34.713199615478516
2012-08-28,34.72054672241211
2012-08-29,34.661888122558594
2012-08-30,34.317317962646484
2012-08-31,34.55924987792969
2012-09-04,34.52259826660156
2012-09-05,34.47128677368164
2012-09-06,35.26304626464844
2012-09-07,35.600276947021484
2012-09-10,35.34368896484375
2012-09-11,35.56361770629883
2012-09-12,35.71025085449219
2012-09-13,36.333404541015625
2012-09-14,36.61199188232422
2012-09-17,36.428707122802734
2012-09-18,36.311405181884766
2012-09-19,36.38471984863281
2012-09-20,36.201438903808594
2012-09-21,36.201438903808594
2012-09-24,36.11537170410156
2012-09-25,35.81861877441406
2012-09-26,35.54412078857422
2012-09-27,35.9892463684082
2012-09-28,35.63314437866211
2012-10-01,35.81121826171875
2012-10-02,35.9521598815918
2012-10-03,35.90764617919922
2012-10-04,36.22667694091797
2012-10-05,36.241493225097656
2012-10-08,36.07828903198242
2012-10-09,35.670249938964844
2012-10-10,35.484764099121094
2012-10-11,35.65541076660156
2012-10-12,35.50703430175781
2012-10-15,35.82604217529297
2012-10-16,36.28600311279297
2012-10-17,36.50115966796875
2012-10-18,36.42698669433594
2012-10-19,35.86314010620117
2012-10-22,36.011505126953125
2012-10-23,35.380897521972656
2012-10-24,35.343807220458984
2012-10-25,35.56637954711914
2012-10-26,35.455108642578125
2012-10-31,35.41800308227539
2012-11-01,35.944759368896484
2012-11-02,35.56637954711914
2012-11-05,35.61831283569336
2012-11-06,35.915069580078125
2012-11-07,35.24736404418945
2012-11-08,34.891265869140625
2012-11-09,34.90610122680664
2012-11-12,34.93577194213867
2012-11-13,34.72062301635742
2012-11-14,34.312583923339844
2012-11-15,34.260643005371094
2012-11-16,34.37192916870117
2012-11-19,35.0989875793457
2012-11-20,35.05447769165039
2012-11-21,35.17317581176758
2012-11-23,35.73701095581055
2012-11-26,35.64799499511719
2012-11-27,35.43284606933594
2012-11-28,35.73701095581055
2012-11-29,35.92990493774414
2012-11-30,35.95958709716797
2012-12-03,35.87055587768555
2012-12-04,35.915069580078125
2012-12-05,36.0189323425293
2012-12-06,36.159881591796875
2012-12-07,36.234092712402344
2012-12-10,36.24892044067383
2012-12-11,36.53084182739258
2012-12-12,36.59762191772461
2012-12-13,36.36762619018555
2012-12-14,36.38987350463867
2012-12-17,36.69406509399414
2012-12-18,37.057586669921875
2012-12-19,36.98339080810547
2012-12-20,37.2197151184082
2012-12-21,36.90461730957031
2012-12-24,36.84459686279297
2012-12-26,36.784584045410156
2012-12-27,36.82209396362305
2012-12-28,36.597015380859375
2012-12-31,37.07718276977539
2013-01-02,37.88744354248047
2013-01-03,37.67738342285156
2013-01-04,37.857425689697266
2013-01-07,37.66237258911133
2013-01-08,37.51982116699219
2013-01-09,37.68486785888672
2013-01-10,38.08251190185547
2013-01-11,38.060001373291016
2013-01-14,38.08251190185547
2013-01-15,38.04499053955078
2013-01-16,37.9699592590332
2013-01-17,38.217559814453125
2013-01-18,38.255062103271484
2013-01-22,38.40510559082031
2013-01-23,38.37509536743164
2013-01-24,38.45011901855469
2013-01-25,38.66020202636719
2013-01-28,38.510154724121094
2013-01-29,38.72020721435547
2013-01-30,38.667701721191406
2013-01-31,38.56265640258789
2013-02-01,38.92277526855469
2013-02-04,38.37509536743164
2013-02-05,38.6376838684082
2013-02-06,38.675193786621094
2013-02-07,38.47264099121094
2013-02-08,38.70522689819336
2013-02-11,38.65269470214844
2013-02-12,38.77273178100586
2013-02-13,38.847755432128906
2013-02-14,38.78774642944336
2013-02-15,38.690216064453125
2013-02-19,39.02782440185547
2013-02-20,38.58515548706055
2013-02-21,38.18754577636719
2013-02-22,38.57767105102539
2013-02-25,37.857425689697266
2013-02-26,38.097503662109375
2013-02-27,38.51765441894531
2013-02-28,38.442630767822266
2013-03-01,38.54015350341797
2013-03-04,38.63017654418945
2013-03-05,38.990299224853516
2013-03-06,39.050331115722656
2013-03-07,39.19286346435547
2013-03-08,39.35042953491211
2013-03-11,39.46295928955078
2013-03-12,39.26039123535156
2013-03-13,39.23787307739258
2013-03-14,39.51548767089844
2013-03-15,39.40293884277344
2013-03-18,39.147850036621094
2013-03-19,38.877769470214844
2013-03-20,39.215389251708984
2013-03-21,38.90778350830078
2013-03-22,39.17422103881836
2013-03-25,38.94089889526367
2013-03-26,39.234405517578125
2013-03-27,39.18926239013672
2013-03-28,39.34730911254883
2013-04-01,39.008636474609375
2013-04-02,39.24193572998047
2013-04-03,38.81295394897461
2013-04-04,39.031211853027344
2013-04-05,38.90325164794922
2013-04-08,39.09141159057617
2013-04-09,39.21182632446289
2013-04-10,39.74620056152344
2013-04-11,39.94189453125
2013-04-12,39.76877975463867
2013-04-15,38.7828483581543
2013-04-16,39.41503143310547
2013-04-17,38.7150993347168
2013-04-18,38.534461975097656
2013-04-19,38.963470458984375
2013-04-22,39.09141159057617
2013-04-23,39.52793884277344
2013-04-24,39.69352340698242
2013-04-25,39.919307708740234
2013-04-26,39.81393814086914
2013-04-29,40.205284118652344
2013-04-30,40.400997161865234
2013-05-01,40.009613037109375
2013-05-02,40.31819534301758
2013-05-03,40.75472640991211
2013-05-06,40.79987716674805
2013-05-07,40.97298049926758
2013-05-08,41.258995056152344
2013-05-09,41.0557746887207
2013-05-10,41.07081604003906
2013-05-13,41.04071807861328
2013-05-14,41.30414962768555
2013-05-15,41.462188720703125
2013-05-16,41.24393081665039
2013-05-17,41.58260726928711
2013-05-20,41.627769470214844
2013-05-21,41.687984466552734
2013-05-22,41.26650619506836
2013-05-23,41.078346252441406
2013-05-24,40.829986572265625
2013-05-28,40.98804473876953
2013-05-29,40.67945861816406
2013-05-30,40.87514877319336
2013-05-31,40.17519760131836
2013-06-03,40.42357635498047
2013-06-04,40.273048400878906
2013-06-05,39.59568786621094
2013-06-06,39.92684555053711
2013-06-07,40.28810501098633
2013-06-10,40.31067657470703
2013-06-11,39.776309967041016
2013-06-12,39.55804443359375
2013-06-13,40.14509963989258
2013-06-14,39.798885345458984
2013-06-17,40.21282958984375
2013-06-18,40.51388168334961
2013-06-19,39.798885345458984
2013-06-20,38.587158203125
2013-06-21,38.66242218017578
2013-06-24,38.054378509521484
2013-06-25,38.562965393066406
2013-06-26,38.859031677246094
2013-06-27,39.2613525390625
2013-06-28,39.10194396972656
2013-07-01,39.42837142944336
2013-07-02,39.20822525024414
2013-07-03,39.268943786621094
2013-07-05,39.549827575683594
2013-07-08,39.70164489746094
2013-07-09,39.96733856201172
2013-07-10,40.02048110961914
2013-07-11,40.90105056762695
2013-07-12,40.80234909057617
2013-07-15,41.014923095703125
2013-07-16,40.89345932006836
2013-07-17,41.060462951660156
2013-07-18,41.27301025390625
2013-07-19,41.27301025390625
2013-07-22,41.462791442871094
2013-07-23,41.48556137084961
2013-07-24,41.348934173583984
2013-07-25,41.432430267333984
2013-07-26,41.326148986816406
2013-07-29,41.10600280761719
2013-07-30,41.07564163208008
2013-07-31,41.12119674682617
2013-08-01,41.667747497558594
2013-08-02,41.789207458496094
2013-08-05,41.698116302490234
2013-08-06,41.500736236572266
2013-08-07,41.26542282104492
2013-08-08,41.637386322021484
2013-08-09,41.60703659057617
2013-08-12,41.58426284790039
2013-08-13,41.7816276550293
2013-08-14,41.690521240234375
2013-08-15,41.20469284057617
2013-08-16,41.15156173706055
2013-08-19,40.81754684448242
2013-08-20,40.94660186767578
2013-08-21,40.521484375
2013-08-22,40.885868072509766
2013-08-23,41.15156173706055
2013-08-26,40.9617805480957
2013-08-27,40.2406120300293
2013-08-28,40.301353454589844
2013-08-29,40.324127197265625
2013-08-30,40.111572265625
2013-09-03,40.47593307495117
2013-09-04,40.89345932006836
2013-09-05,40.976951599121094
2013-09-06,41.08323669433594
2013-09-09,41.644981384277344
2013-09-10,42.047298431396484
2013-09-11,42.168758392333984
2013-09-12,41.94862365722656
2013-09-13,42.08526611328125
2013-09-16,42.381309509277344
2013-09-17,42.480003356933594
2013-09-18,43.315025329589844
2013-09-19,43.17838668823242
2013-09-20,42.7912483215332
2013-09-23,42.726436614990234
2013-09-24,42.65017318725586
2013-09-25,42.61205291748047
2013-09-26,42.74930953979492
2013-09-27,42.61205291748047
2013-09-30,42.352840423583984
2013-10-01,42.68832015991211
2013-10-02,42.6273193359375
2013-10-03,42.37570571899414
2013-10-04,42.55107879638672
2013-10-07,42.207977294921875
2013-10-08,41.758155822753906
2013-10-09,41.84202575683594
2013-10-10,42.70356369018555
2013-10-11,43.000919342041016
2013-10-14,43.107635498046875
2013-10-15,42.8102912902832
2013-10-16,43.28301239013672
2013-10-17,43.7099609375
2013-10-18,43.96918487548828
2013-10-21,44.01493835449219
2013-10-22,44.327510833740234
2013-10-23,43.938690185546875
2013-10-24,44.17504119873047
2013-10-25,44.22079849243164
2013-10-28,44.21316909790039
2013-10-29,44.319908142089844
2013-10-30,44.15216827392578
2013-10-31,43.92344665527344
2013-11-01,43.90057373046875
2013-11-04,44.15216827392578
2013-11-05,43.824337005615234
2013-11-06,44.03018569946289
2013-11-07,43.412628173828125
2013-11-08,43.7938346862793
2013-11-11,43.824337005615234
2013-11-12,43.702335357666016
2013-11-13,43.94631576538086
2013-11-14,44.15216827392578
2013-11-15,44.47239303588867
2013-11-18,44.44952392578125
2013-11-19,44.304656982421875
2013-11-20,44.09117126464844
2013-11-21,44.38853073120117
2013-11-22,44.5562629699707
2013-11-25,44.38853073120117
2013-11-26,44.403778076171875
2013-11-27,44.571510314941406
2013-11-29,44.60200500488281
2013-12-02,44.29704284667969
2013-12-03,44.060699462890625
2013-12-04,43.90057373046875
2013-12-05,43.74045944213867
2013-12-06,44.266544342041016
2013-12-09,44.304656982421875
2013-12-10,44.23602294921875
2013-12-11,43.72521209716797
2013-12-12,43.519351959228516
2013-12-13,43.504112243652344
2013-12-16,43.83195877075195
2013-12-17,43.656593322753906
2013-12-18,44.2589111328125
2013-12-19,44.266544342041016
2013-12-20,44.515167236328125
2013-12-23,44.86817169189453
2013-12-24,44.97560119628906
2013-12-26,45.13673400878906
2013-12-27,45.27485275268555
2013-12-30,45.397647857666016
2013-12-31,45.58180618286133
2014-01-02,44.90653610229492
2014-01-03,44.95256805419922
2014-01-06,44.829795837402344
2014-01-07,45.03697204589844
2014-01-08,45.044647216796875
2014-01-09,45.03697204589844
2014-01-10,45.34392547607422
2014-01-13,44.837459564208984
2014-01-14,45.244163513183594
2014-01-15,45.38228988647461
2014-01-16,45.397647857666016
2014-01-17,45.228824615478516
2014-01-21,45.35160446166992
2014-01-22,45.466705322265625
2014-01-23,45.05233383178711
2014-01-24,43.88591766357422
2014-01-27,43.65571594238281
2014-01-28,44.01638412475586
2014-01-29,43.57129669189453
2014-01-30,44.008705139160156
2014-01-31,43.55594253540039
2014-02-03,42.68881607055664
2014-02-04,43.04182815551758
2014-02-05,43.01111602783203
2014-02-06,43.67872619628906
2014-02-07,44.16984939575195
2014-02-10,44.13915252685547
2014-02-11,44.72236251831055
2014-02-12,44.806758880615234
2014-02-13,44.96791458129883
2014-02-14,45.1904411315918
2014-02-18,45.38996505737305
2014-02-19,45.09837341308594
2014-02-20,45.35160446166992
2014-02-21,45.359283447265625
2014-02-24,45.64319610595703
2014-02-25,45.52809524536133
2014-02-26,45.535770416259766
2014-02-27,45.70458984375
2014-02-28,45.82736587524414
2014-03-03,45.20580291748047
2014-03-04,45.97317123413086
2014-03-05,45.99620056152344
2014-03-06,46.20337677001953
2014-03-07,46.05757522583008
2014-03-10,45.85038757324219
2014-03-11,45.61249923706055
2014-03-12,45.56645584106445
2014-03-13,44.95256805419922
2014-03-14,44.90653610229492
2014-03-17,45.29021453857422
2014-03-18,45.635536193847656
2014-03-19,45.1904411315918
2014-03-20,45.27485275268555
2014-03-21,45.198123931884766
2014-03-24,45.159751892089844
2014-03-25,45.44068145751953
2014-03-26,45.255462646484375
2014-03-27,45.371219635009766
2014-03-28,45.656768798828125
2014-03-31,46.05033874511719
2014-04-01,46.38992691040039
2014-04-02,46.45939636230469
2014-04-03,46.35906219482422
2014-04-04,45.957763671875
2014-04-07,45.64132308959961
2014-04-08,45.811119079589844
2014-04-09,46.351341247558594
2014-04-10,45.49470138549805
2014-04-11,45.139705657958984
2014-04-14,45.38665771484375
2014-04-15,45.378936767578125
2014-04-16,45.857418060302734
2014-04-17,46.042640686035156
2014-04-21,46.112098693847656
2014-04-22,46.28187942504883
2014-04-23,46.189273834228516
2014-04-24,46.212425231933594
2014-04-25,45.849700927734375
2014-04-28,45.98860168457031
2014-04-29,46.22013854980469
2014-04-30,46.38992691040039
2014-05-01,46.4825325012207
2014-05-02,46.49796676635742
2014-05-05,46.505672454833984
2014-05-06,46.297306060791016
2014-05-07,46.490264892578125
2014-05-08,46.42079162597656
2014-05-09,46.43622970581055
2014-05-12,46.84526062011719
2014-05-13,46.82209777832031
2014-05-14,46.706356048583984
2014-05-15,46.37449264526367
2014-05-16,46.58286666870117
2014-05-19,46.62916946411133
2014-05-20,46.320472717285156
2014-05-21,46.636878967285156
2014-05-22,46.82209777832031
2014-05-23,47.022769927978516
2014-05-27,47.23885726928711
2014-05-28,47.15395736694336
2014-05-29,47.439510345458984
2014-05-30,47.33917999267578
2014-06-02,47.52440643310547
2014-06-03,47.4549446105957
2014-06-04,47.50124740600586
2014-06-05,47.85625457763672
2014-06-06,48.11864471435547
2014-06-09,48.172672271728516
2014-06-10,48.13409423828125
2014-06-11,47.96429443359375
2014-06-12,47.779075622558594
2014-06-13,47.9102783203125
2014-06-16,47.87940979003906
2014-06-17,47.972015380859375
2014-06-18,48.24984359741211
2014-06-19,48.334739685058594
2014-06-20,48.41190719604492
2014-06-23,48.334739685058594
2014-06-24,48.09605407714844
2014-06-25,48.18157196044922
2014-06-26,48.173797607421875
2014-06-27,48.33708190917969
2014-06-30,48.38370895385742
2014-07-01,48.79579162597656
2014-07-02,48.83466720581055
2014-07-03,49.052364349365234
2014-07-07,48.74136734008789
2014-07-08,48.352622985839844
2014-07-09,48.554771423339844
2014-07-10,48.236000061035156
2014-07-11,48.25153732299805
2014-07-14,48.53921127319336
2014-07-15,48.39149856567383
2014-07-16,48.601417541503906
2014-07-17,48.00275421142578
2014-07-18,48.508121490478516
2014-07-21,48.39926528930664
2014-07-22,48.640296936035156
2014-07-23,48.76469802856445
2014-07-24,48.80356979370117
2014-07-25,48.601417541503906
2014-07-28,48.601417541503906
2014-07-29,48.38370895385742
2014-07-30,48.407039642333984
2014-07-31,47.536258697509766
2014-08-01,47.372982025146484
2014-08-04,47.67618942260742
2014-08-05,47.19415283203125
2014-08-06,47.139713287353516
2014-08-07,46.85203170776367
2014-08-08,47.20193099975586
2014-08-11,47.427398681640625
2014-08-12,47.372982025146484
2014-08-13,47.65287399291992
2014-08-14,47.878353118896484
2014-08-15,47.85502243041992
2014-08-18,48.26710510253906
2014-08-19,48.39149856567383
2014-08-20,48.430381774902344
2014-08-21,48.53145217895508
2014-08-22,48.48479461669922
2014-08-25,48.71025848388672
2014-08-26,48.756927490234375
2014-08-27,48.84244918823242
2014-08-28,48.679176330566406
2014-08-29,48.79579162597656
2014-09-02,48.873538970947266
2014-09-03,48.9746208190918
2014-09-04,48.81911849975586
2014-09-05,48.927974700927734
2014-09-08,48.63251876831055
2014-09-09,48.37595748901367
2014-09-10,48.53921127319336
2014-09-11,48.43813705444336
2014-09-12,48.19712829589844
2014-09-15,48.09605407714844
2014-09-16,48.41481399536133
2014-09-17,48.236000061035156
2014-09-18,48.47701644897461
2014-09-19,48.28265380859375
2014-09-22,47.92500686645508
2014-09-23,47.59846115112305
2014-09-24,47.98044967651367
2014-09-25,47.19926452636719
2014-09-26,47.47267150878906
2014-09-29,47.23833465576172
2014-09-30,47.16801834106445
2014-10-01,46.464935302734375
2014-10-02,46.3243293762207
2014-10-03,46.66023635864258
2014-10-06,46.707115173339844
2014-10-07,46.05093002319336
2014-10-08,46.76961135864258
2014-10-09,45.69938278198242
2014-10-10,45.043190002441406
2014-10-13,44.730712890625
2014-10-14,44.79320526123047
2014-10-15,44.49635314941406
2014-10-16,44.441673278808594
2014-10-17,44.99631881713867
2014-10-20,45.38690185546875
2014-10-21,46.04309844970703
2014-10-22,45.63688659667969
2014-10-23,46.12122344970703
2014-10-24,46.36339569091797
2014-10-27,46.30091094970703
2014-10-28,46.90241241455078
2014-10-29,46.73836135864258
2014-10-30,46.99615478515625
2014-10-31,47.61328887939453
2014-11-03,47.441436767578125
2014-11-04,47.269569396972656
2014-11-05,47.37895202636719
2014-11-06,47.41018295288086
2014-11-07,47.441436767578125
2014-11-10,47.58205032348633
2014-11-11,47.70703125
2014-11-12,47.5898551940918
2014-11-13,47.57423782348633
2014-11-14,47.69922637939453
2014-11-17,47.61328887939453
2014-11-18,47.9257698059082
2014-11-19,47.87889862060547
2014-11-20,47.816402435302734
2014-11-21,48.22261428833008
2014-11-24,48.31636047363281
2014-11-25,48.36322784423828
2014-11-26,48.48822784423828
2014-11-28,48.214805603027344
2014-12-01,47.85545349121094
2014-12-02,48.027305603027344
2014-12-03,48.214805603027344
2014-12-04,48.089805603027344
2014-12-05,48.16012954711914
2014-12-08,47.75389862060547
2014-12-09,47.6054801940918
2014-12-10,46.91804122924805
2014-12-11,46.925846099853516
2014-12-12,46.144657135009766
2014-12-15,45.644710540771484
2014-12-16,45.56657028198242
2014-12-17,46.44150924682617
2014-12-18,47.25394821166992
2014-12-19,47.41018295288086
2014-12-22,47.68375015258789
2014-12-23,47.66016387939453
2014-12-24,47.79380798339844
2014-12-26,48.00603103637695
2014-12-29,47.88026809692383
2014-12-30,47.62870788574219
2014-12-31,47.259246826171875
2015-01-02,47.13348388671875
2015-01-05,46.22163009643555
2015-01-06,45.75783157348633
2015-01-07,46.34740447998047
2015-01-08,47.0470085144043
2015-01-09,46.732582092285156
2015-01-12,46.488887786865234
2015-01-13,46.52033615112305
2015-01-14,46.308101654052734
2015-01-15,46.15873718261719
2015-01-16,46.72472381591797
2015-01-20,46.81120681762695
2015-01-21,47.15706253051758
2015-01-22,47.699462890625
2015-01-23,47.34572219848633
2015-01-26,47.66800308227539
2015-01-27,47.36928939819336
2015-01-28,46.77189254760742
2015-01-29,47.1649284362793
2015-01-30,46.488887786865234
2015-02-02,47.10991287231445
2015-02-03,47.79380798339844
2015-02-04,47.581546783447266
2015-02-05,48.147525787353516
2015-02-06,47.699462890625
2015-02-09,47.57369613647461
2015-02-10,47.97459030151367
2015-02-11,47.86454772949219
2015-02-12,48.46983337402344
2015-02-13,48.77638626098633
2015-02-17,48.831417083740234
2015-02-18,48.9886474609375
2015-02-19,48.92576217651367
2015-02-20,49.31880187988281
2015-02-23,49.19302749633789
2015-02-24,49.3659553527832
2015-02-25,49.358097076416016
2015-02-26,49.27948760986328
2015-02-27,49.25590133666992
2015-03-02,49.42884063720703
2015-03-03,49.169429779052734
2015-03-04,48.886444091796875
2015-03-05,48.95719909667969
2015-03-06,48.35190963745117
2015-03-09,48.44623565673828
2015-03-10,47.565818786621094
2015-03-11,47.58940124511719
2015-03-12,48.17112350463867
2015-03-13,47.86454772949219
2015-03-16,48.44623565673828
2015-03-17,48.36762619018555
2015-03-18,49.17729568481445
2015-03-19,48.79999542236328
2015-03-20,49.476009368896484
2015-03-23,49.53102493286133
2015-03-24,49.373817443847656
2015-03-25,48.72915267944336
2015-03-26,48.515846252441406
2015-03-27,48.66596221923828
2015-03-30,49.005672454833984
2015-03-31,48.65804672241211
2015-04-01,48.68965148925781
2015-04-02,49.0135612487793
2015-04-06,49.4401969909668
2015-04-07,49.34537124633789
2015-04-08,49.62979507446289
2015-04-09,49.75619125366211
2015-04-10,49.99319839477539
2015-04-13,49.740394592285156
2015-04-14,49.95369338989258
2015-04-15,50.23810577392578
2015-04-16,50.2855110168457
2015-04-17,49.677188873291016
2015-04-20,49.93790054321289
2015-04-21,50.064300537109375
2015-04-22,50.269718170166016
2015-04-23,50.48302459716797
2015-04-24,50.61731719970703
2015-04-27,50.609432220458984
2015-04-28,50.73583221435547
2015-04-29,50.41982650756836
2015-04-30,49.89839553833008
2015-05-01,50.396114349365234
2015-05-04,50.43561935424805
2015-05-05,49.843101501464844
2015-05-06,49.73249435424805
2015-05-07,49.78778839111328
2015-05-08,50.53042221069336
2015-05-11,50.23020935058594
2015-05-12,50.18281936645508
2015-05-13,50.30922317504883
2015-05-14,50.80693054199219
2015-05-15,50.9017219543457
2015-05-18,50.87803649902344
2015-05-19,50.8148307800293
2015-05-20,50.79903030395508
2015-05-21,50.98862838745117
2015-05-22,50.7911262512207
2015-05-26,50.15911865234375
2015-05-27,50.593624114990234
2015-05-28,50.41982650756836
2015-05-29,50.064300537109375
2015-06-01,50.064300537109375
2015-06-02,50.14331817626953
2015-06-03,50.332908630371094
2015-06-04,49.843101501464844
2015-06-05,49.53498458862305
2015-06-08,49.32167434692383
2015-06-09,49.20317840576172
2015-06-10,50.001102447509766
2015-06-11,50.08800506591797
2015-06-12,49.764095306396484
2015-06-15,49.48759078979492
2015-06-16,49.621883392333984
2015-06-17,49.621883392333984
2015-06-18,50.13541793823242
2015-06-19,49.89839553833008
2015-06-22,50.45932388305664
2015-06-23,50.538333892822266
2015-06-24,50.198604583740234
2015-06-25,50.05641174316406
2015-06-26,50.09858322143555
2015-06-29,48.8254280090332
2015-06-30,48.95274353027344
2015-07-01,49.215328216552734
2015-07-02,49.223297119140625
2015-07-06,48.69810485839844
2015-07-07,48.7060661315918
2015-07-08,47.679588317871094
2015-07-09,48.05357360839844
2015-07-10,49.0402717590332
2015-07-13,49.38242721557617
2015-07-14,49.67683792114258
2015-07-15,49.53361892700195
2015-07-16,49.93148422241211
2015-07-17,49.851905822753906
2015-07-20,49.83599853515625
2015-07-21,49.6927604675293
2015-07-22,49.454036712646484
2015-07-23,49.23920440673828
2015-07-24,48.650367736816406
2015-07-27,48.252506256103516
2015-07-28,48.7856330871582
2015-07-29,49.095970153808594
2015-07-30,49.15167236328125
2015-07-31,49.19941329956055
2015-08-03,48.992530822753906
2015-08-04,49.00048828125
2015-08-05,49.11983108520508
2015-08-06,48.809513092041016
2015-08-07,48.76176452636719
2015-08-10,49.37446594238281
2015-08-11,48.74585723876953
2015-08-12,48.62649917602539
2015-08-13,48.562835693359375
2015-08-14,48.7060661315918
2015-08-17,48.777671813964844
2015-08-18,48.531009674072266
2015-08-19,48.1013298034668
2015-08-20,47.05097198486328
2015-08-21,45.75394821166992
2015-08-24,43.947662353515625
2015-08-25,43.947662353515625
2015-08-26,45.23672866821289
2015-08-27,46.231380462646484
2015-08-28,46.231380462646484
2015-08-31,45.936973571777344
2015-09-01,44.49671173095703
2015-09-02,45.24467086791992
2015-09-03,45.30834197998047
2015-09-04,44.433048248291016
2015-09-08,45.626625061035156
2015-09-09,45.196937561035156
2015-09-10,45.483394622802734
2015-09-11,45.57889175415039
2015-09-14,45.3560791015625
2015-09-15,45.825557708740234
2015-09-16,46.40642547607422
2015-09-17,46.40642547607422
2015-09-18,45.507266998291016
2015-09-21,45.56296157836914
2015-09-22,44.775203704833984
2015-09-23,44.57627868652344
2015-09-24,44.44100570678711
2015-09-25,44.47219467163086
2015-09-28,43.44055938720703
2015-09-29,43.4725456237793
2015-09-30,44.23228073120117
2015-10-01,44.42420959472656
2015-10-02,45.15994644165039
2015-10-05,46.06363296508789
2015-10-06,45.9996452331543
2015-10-07,46.5754508972168
2015-10-08,46.97529220581055
2015-10-09,47.047279357910156
2015-10-12,46.96730422973633
2015-10-13,46.4954719543457
2015-10-14,46.471473693847656
2015-10-15,47.20722579956055
2015-10-16,47.27119445800781
2015-10-19,47.15923309326172
2015-10-20,47.1032600402832
2015-10-21,46.81535339355469
2015-10-22,47.44712829589844
2015-10-23,47.88697052001953
2015-10-26,47.7430305480957
2015-10-27,47.44712829589844
2015-10-28,47.84699249267578
2015-10-29,47.623077392578125
2015-10-30,47.45513153076172
2015-11-02,48.05491256713867
2015-11-03,48.21485137939453
2015-11-04,47.99094009399414
2015-11-05,47.92698287963867
2015-11-06,47.76701736450195
2015-11-09,47.31117248535156
2015-11-10,47.28719711303711
2015-11-11,47.25520324707031
2015-11-12,46.695404052734375
2015-11-13,46.17558670043945
2015-11-16,46.78337097167969
2015-11-17,46.76738739013672
2015-11-18,47.37515640258789
2015-11-19,47.53511047363281
2015-11-20,47.623077392578125
2015-11-23,47.4311408996582
2015-11-24,47.54309844970703
2015-11-25,47.5590934753418
2015-11-27,47.527095794677734
2015-11-30,47.415157318115234
2015-12-01,47.918968200683594
2015-12-02,47.40713882446289
2015-12-03,46.87134552001953
2015-12-04,47.5590934753418
2015-12-07,47.14323425292969
2015-12-08,46.66341018676758
2015-12-09,46.423492431640625
2015-12-10,46.36751937866211
2015-12-11,45.43184280395508
2015-12-14,45.575809478759766
2015-12-15,46.04763412475586
2015-12-16,46.77537536621094
2015-12-17,46.11960983276367
2015-12-18,45.50382614135742
2015-12-21,45.856388092041016
2015-12-22,46.25884246826172
2015-12-23,46.90277862548828
2015-12-24,46.806190490722656
2015-12-28,46.701560974121094
2015-12-29,47.12815475463867
2015-12-30,46.78202819824219
2015-12-31,46.379581451416016
2016-01-04,45.59880828857422
2016-01-05,45.60685348510742
2016-01-06,44.930721282958984
2016-01-07,43.88432693481445
2016-01-08,43.369171142578125
2016-01-11,43.39331817626953
2016-01-12,43.634803771972656
2016-01-13,42.66084671020508
2016-01-14,43.353065490722656
2016-01-15,42.13764572143555
2016-01-19,42.26642990112305
2016-01-20,41.59029769897461
2016-01-21,41.83176803588867
2016-01-22,42.878170013427734
2016-01-25,42.21009063720703
2016-01-26,42.91841125488281
2016-01-27,42.53206253051758
2016-01-28,42.676944732666016
2016-01-29,43.658939361572266
2016-02-01,43.71529006958008
2016-02-02,42.676944732666016
2016-02-03,43.06330871582031
2016-02-04,43.15184783935547
2016-02-05,42.41130828857422
2016-02-08,41.727134704589844
2016-02-09,41.4293212890625
2016-02-10,41.45345687866211
2016-02-11,40.89805221557617
2016-02-12,41.62248611450195
2016-02-16,42.38716125488281
2016-02-17,43.21623611450195
2016-02-18,43.03110122680664
2016-02-19,42.97475814819336
2016-02-22,43.626747131347656
2016-02-23,43.0150032043457
2016-02-24,43.04719924926758
2016-02-25,43.514068603515625
2016-02-26,43.45771789550781
2016-02-29,43.175994873046875
2016-03-01,44.270687103271484
2016-03-02,44.560462951660156
2016-03-03,44.930721282958984
2016-03-04,45.23657989501953
2016-03-07,45.23657989501953
2016-03-08,44.64899826049805
2016-03-09,44.89046859741211
2016-03-10,44.84218215942383
2016-03-11,45.80808639526367
2016-03-14,45.703453063964844
2016-03-15,45.35758972167969
2016-03-16,45.8343620300293
2016-03-17,46.25455856323242
2016-03-18,46.33536148071289
2016-03-21,46.33536148071289
2016-03-22,46.25455856323242
2016-03-23,45.793941497802734
2016-03-24,45.69697570800781
2016-03-28,45.85859680175781
2016-03-29,46.35960006713867
2016-03-30,46.64243698120117
2016-03-31,46.61819076538086
2016-04-01,46.537384033203125
2016-04-04,46.35152053833008
2016-04-05,45.73737716674805
2016-04-06,46.27070617675781
2016-04-07,45.583839416503906
2016-04-08,46.01213073730469
2016-04-11,46.060611724853516
2016-04-12,46.61009216308594
2016-04-13,47.24850082397461
2016-04-14,47.20809555053711
2016-04-15,47.143455505371094
2016-04-18,47.45859909057617
2016-04-19,47.9515266418457
2016-04-20,47.96768569946289
2016-04-21,47.69295120239258
2016-04-22,47.668701171875
2016-04-25,47.51515579223633
2016-04-26,47.68486022949219
2016-04-27,47.741432189941406
2016-04-28,47.3777961730957
2016-04-29,47.08687973022461
2016-05-02,47.41819381713867
2016-05-03,46.804054260253906
2016-05-04,46.40000534057617
2016-05-05,46.39193344116211
2016-05-06,46.545475006103516
2016-05-09,46.36769104003906
2016-05-10,47.038394927978516
2016-05-11,46.70708084106445
2016-05-12,46.62627410888672
2016-05-13,46.17373275756836
2016-05-16,46.690921783447266
2016-05-17,46.30303955078125
2016-05-18,46.2787971496582
2016-05-19,46.028289794921875
2016-05-20,46.41617965698242
2016-05-23,46.27070617675781
2016-05-24,46.94143295288086
2016-05-25,47.29697799682617
2016-05-26,47.35354995727539
2016-05-27,47.4262809753418
2016-05-31,47.393959045410156
2016-06-01,47.48283386230469
2016-06-02,47.59597396850586
2016-06-03,47.733341217041016
2016-06-06,48.00809097290039
2016-06-07,48.307090759277344
2016-06-08,48.43638610839844
2016-06-09,48.1212272644043
2016-06-10,47.224246978759766
2016-06-13,46.76362991333008
2016-06-14,46.4263916015625
2016-06-15,46.63005065917969
2016-06-16,46.654483795166016
2016-06-17,46.744102478027344
2016-06-20,47.387664794921875
2016-06-21,47.59130859375
2016-06-22,47.50986099243164
2016-06-23,48.46299362182617
2016-06-24,45.88872528076172
2016-06-27,44.90300750732422
2016-06-28,45.88057327270508
2016-06-29,46.71151351928711
2016-06-30,47.30619812011719
2016-07-01,47.526153564453125
2016-07-05,46.88257598876953
2016-07-06,47.00477600097656
2016-07-07,46.86627960205078
2016-07-08,47.61576843261719
2016-07-11,48.04751968383789
2016-07-12,48.487430572509766
2016-07-13,48.46299362182617
2016-07-14,48.82958221435547
2016-07-15,48.72367858886719
2016-07-18,48.83771514892578
2016-07-19,48.5770378112793
2016-07-20,48.845863342285156
2016-07-21,48.682945251464844
2016-07-22,48.87031173706055
2016-07-25,48.72367858886719
2016-07-26,48.919193267822266
2016-07-27,48.935482025146484
2016-07-28,48.98435592651367
2016-07-29,49.26949691772461
2016-08-01,49.082122802734375
2016-08-02,48.772544860839844
2016-08-03,48.878448486328125
2016-08-04,48.95991897583008
2016-08-05,49.34280776977539
2016-08-08,49.4079704284668
2016-08-09,49.60348892211914
2016-08-10,49.579044342041016
2016-08-11,49.945640563964844
2016-08-12,49.83973693847656
2016-08-15,50.07597351074219
2016-08-16,49.88047409057617
2016-08-17,49.86416244506836
2016-08-18,50.067832946777344
2016-08-19,49.888607025146484
2016-08-22,49.81528854370117
2016-08-23,49.9700813293457
2016-08-24,49.70124053955078
2016-08-25,49.6849479675293
2016-08-26,49.44871520996094
2016-08-29,49.73382568359375
2016-08-30,49.63608169555664
2016-08-31,49.440555572509766
2016-09-01,49.611629486083984
2016-09-02,50.05968475341797
2016-09-06,50.369239807128906
2016-09-07,50.44256591796875
2016-09-08,50.23076248168945
2016-09-09,49.0088005065918
2016-09-12,49.587196350097656
2016-09-13,48.654541015625
2016-09-14,48.63817596435547
2016-09-15,49.20316696166992
2016-09-16,48.801937103271484
2016-09-19,48.973899841308594
2016-09-20,49.09670639038086
2016-09-21,49.83366012573242
2016-09-22,50.16938018798828
2016-09-23,49.80091094970703
2016-09-26,49.35055160522461
2016-09-27,49.66170883178711
2016-09-28,49.989227294921875
2016-09-29,49.481571197509766
2016-09-30,49.82546615600586
2016-10-03,49.743587493896484
2016-10-04,49.54706954956055
2016-10-05,49.85823059082031
2016-10-06,49.710845947265625
2016-10-07,49.52251434326172
2016-10-10,49.73541259765625
2016-10-11,48.98208999633789
2016-10-12,49.047584533691406
2016-10-13,48.81013107299805
2016-10-14,48.842891693115234
2016-10-17,48.695499420166016
2016-10-18,49.12128829956055
2016-10-19,49.33418655395508
2016-10-20,49.30961608886719
2016-10-21,49.20316696166992
2016-10-24,49.3669319152832
2016-10-25,49.23591995239258
2016-10-26,49.023014068603516
2016-10-27,48.93295669555664
2016-10-28,48.78557205200195
2016-10-31,48.842891693115234
2016-11-01,48.54811477661133
2016-11-02,48.212398529052734
2016-11-03,48.08137130737305
2016-11-04,47.827537536621094
2016-11-07,48.78557205200195
2016-11-08,48.998451232910156
2016-11-09,49.09670639038086
2016-11-10,48.95751190185547
2016-11-11,48.68730545043945
2016-11-14,48.670928955078125
2016-11-15,49.12947082519531
2016-11-16,48.8674430847168
2016-11-17,49.13766860961914
2016-11-18,48.892005920410156
2016-11-21,49.34236145019531
2016-11-22,49.45699691772461
2016-11-23,49.41606140136719
2016-11-25,49.59620666503906
2016-11-28,49.399681091308594
2016-11-29,49.49795150756836
2016-11-30,49.424251556396484
2016-12-01,49.20316696166992
2016-12-02,49.30961608886719
2016-12-05,49.66989517211914
2016-12-06,49.91554260253906
2016-12-07,50.603363037109375
2016-12-08,50.74254608154297
2016-12-09,50.88994216918945
2016-12-12,50.7343635559082
2016-12-13,51.1437873840332
2016-12-14,50.48054122924805
2016-12-15,50.57060241699219
2016-12-16,50.52147674560547
2016-12-19,50.562408447265625
2016-12-20,50.757911682128906
2016-12-21,50.6754264831543
2016-12-22,50.477439880371094
2016-12-23,50.559940338134766
2016-12-27,50.658939361572266
2016-12-28,50.36194610595703
2016-12-29,50.41969680786133
2016-12-30,50.32069396972656
2017-01-03,50.7331657409668
2017-01-04,51.195133209228516
2017-01-05,51.36012649536133
2017-01-06,51.36837387084961
2017-01-09,51.228126525878906
2017-01-10,51.27762985229492
2017-01-11,51.558109283447266
2017-01-12,51.45912170410156
2017-01-13,51.632354736328125
2017-01-17,51.47561264038086
2017-01-18,51.41786575317383
2017-01-19,51.29411697387695
2017-01-20,51.46735763549805
2017-01-23,51.46735763549805
2017-01-24,51.822086334228516
2017-01-25,52.28404998779297
2017-01-26,52.176795959472656
2017-01-27,52.110809326171875
2017-01-30,51.73958969116211
2017-01-31,51.830322265625
2017-02-01,51.90456771850586
2017-02-02,52.00357437133789
2017-02-03,52.267539978027344
2017-02-06,52.086055755615234
2017-02-07,52.053062438964844
2017-02-08,52.11906051635742
2017-02-09,52.38304138183594
2017-02-10,52.647010803222656
2017-02-13,52.910987854003906
2017-02-14,53.01822280883789
2017-02-15,53.32345199584961
2017-02-16,53.33995819091797
2017-02-17,53.31520080566406
2017-02-21,53.59568786621094
2017-02-22,53.587425231933594
2017-02-23,53.587425231933594
2017-02-24,53.47193145751953
2017-02-27,53.430686950683594
2017-02-28,53.22445297241211
2017-03-01,53.87617111206055
2017-03-02,53.480201721191406
2017-03-03,53.678165435791016
2017-03-06,53.529693603515625
2017-03-07,53.356441497802734
2017-03-08,53.19972229003906
2017-03-09,53.22445297241211
2017-03-10,53.521446228027344
2017-03-13,53.7276725769043
2017-03-14,53.43894958496094
2017-03-15,54.09062576293945
2017-03-16,54.17313003540039
2017-03-17,54.18962097167969
2017-03-20,54.11538314819336
2017-03-21,53.57918930053711
2017-03-22,53.66166687011719
2017-03-23,53.6286735534668
2017-03-24,53.7276725769043
2017-03-27,53.785404205322266
2017-03-28,54.09062576293945
2017-03-29,54.16765594482422
2017-03-30,54.14280700683594
2017-03-31,54.01030349731445
2017-04-03,53.960628509521484
2017-04-04,53.99373245239258
2017-04-05,53.78672790527344
2017-04-06,53.86952590942383
2017-04-07,53.80327606201172
2017-04-10,53.828125
2017-04-11,53.877803802490234
2017-04-12,53.75360107421875
2017-04-13,53.414058685302734
2017-04-17,53.86952590942383
2017-04-18,53.57968521118164
2017-04-19,53.472015380859375
2017-04-20,53.919212341308594
2017-04-21,53.836395263671875
2017-04-24,54.681087493896484
2017-04-25,55.012332916259766
2017-04-26,54.97922134399414
2017-04-27,55.004066467285156
2017-04-28,54.88811492919922
2017-05-01,55.004066467285156
2017-05-02,55.2193717956543
2017-05-03,55.028900146484375
2017-05-04,55.15312194824219
2017-05-05,55.550621032714844
2017-05-08,55.35186767578125
2017-05-09,55.39326477050781
2017-05-10,55.49267578125
2017-05-11,55.40983581542969
2017-05-12,55.376712799072266
2017-05-15,55.749366760253906
2017-05-16,55.85701370239258
2017-05-17,54.99577331542969
2017-05-18,55.028900146484375
2017-05-19,55.583740234375
2017-05-22,55.80734634399414
2017-05-23,55.79905319213867
2017-05-24,55.906707763671875
2017-05-25,56.09718704223633
2017-05-26,56.039222717285156
2017-05-30,55.981239318847656
2017-05-31,55.956390380859375
2017-06-01,56.37046432495117
2017-06-02,56.709983825683594
2017-06-05,56.58578109741211
2017-06-06,56.4615592956543
2017-06-07,56.4615592956543
2017-06-08,56.445003509521484
2017-06-09,56.345603942871094
2017-06-12,56.26280975341797
2017-06-13,56.62717819213867
2017-06-14,56.48639678955078
2017-06-15,56.13858413696289
2017-06-16,56.38703155517578
2017-06-19,56.74311828613281
2017-06-20,56.24624252319336
2017-06-21,56.24624252319336
2017-06-22,56.271087646484375
2017-06-23,56.37046432495117
2017-06-26,56.54438018798828
2017-06-27,56.24624252319336
2017-06-28,56.718204498291016
2017-06-29,56.176204681396484
2017-06-30,56.309627532958984
2017-07-03,56.401336669921875
2017-07-05,56.401336669921875
2017-07-06,55.926048278808594
2017-07-07,56.176204681396484
2017-07-10,56.30128479003906
2017-07-11,56.351322174072266
2017-07-12,56.84328842163086
2017-07-13,57.01005554199219
2017-07-14,57.3519172668457
2017-07-17,57.31024169921875
2017-07-18,57.360267639160156
2017-07-19,57.6688117980957
2017-07-20,57.76885223388672
2017-07-21,57.6688117980957
2017-07-24,57.6688117980957
2017-07-25,57.78553771972656
2017-07-26,57.96063995361328
2017-07-27,57.81888198852539
2017-07-28,57.793861389160156
2017-07-31,57.802207946777344
2017-08-01,58.052364349365234
2017-08-02,58.00233459472656
2017-08-03,57.927276611328125
2017-08-04,58.035682678222656
2017-08-07,58.177433013916016
2017-08-08,57.993980407714844
2017-08-09,57.86056900024414
2017-08-10,56.97670364379883
2017-08-11,57.0017204284668
2017-08-14,57.52703857421875
2017-08-15,57.468658447265625
2017-08-16,57.75217056274414
2017-08-17,56.93501281738281
2017-08-18,57.0017204284668
2017-08-21,57.05173110961914
2017-08-22,57.51036834716797
2017-08-23,57.44364547729492
2017-08-24,57.3519172668457
2017-08-25,57.57707595825195
2017-08-28,57.5687141418457
2017-08-29,57.518680572509766
2017-08-30,57.685482025146484
2017-08-31,58.04402160644531
2017-09-01,58.219112396240234
2017-09-05,57.827205657958984
2017-09-06,58.04402160644531
2017-09-07,58.26914596557617
2017-09-08,58.20244216918945
2017-09-11,58.761138916015625
2017-09-12,58.91954803466797
2017-09-13,58.76947021484375
2017-09-14,58.7861328125
2017-09-15,58.894535064697266
2017-09-18,59.09466552734375
2017-09-19,59.18640899658203
2017-09-20,59.18640899658203
2017-09-21,59.027957916259766
2017-09-22,59.06963348388672
2017-09-25,58.81114196777344
2017-09-26,58.75278854370117
2017-09-27,58.865089416503906
2017-09-28,58.94050979614258
2017-09-29,59.26734924316406
2017-10-02,59.40144729614258
2017-10-03,59.66123962402344
2017-10-04,59.6863899230957
2017-10-05,59.86236572265625
2017-10-06,59.78694534301758
2017-10-09,59.703147888183594
2017-10-10,60.029991149902344
2017-10-11,60.19760513305664
2017-10-12,60.16407775878906
2017-10-13,60.33167266845703
2017-10-16,60.356834411621094
2017-10-17,60.33167266845703
2017-10-18,60.373592376708984
2017-10-19,60.29815673828125
2017-10-20,60.44062423706055
2017-10-23,60.20599365234375
2017-10-24,60.3065299987793
2017-10-25,60.06350326538086
2017-10-26,60.08026885986328
2017-10-27,60.39872360229492
2017-10-30,60.32329559326172
2017-10-31,60.51604461669922
2017-11-01,60.6501579284668
2017-11-02,60.71720504760742
2017-11-03,60.767486572265625
2017-11-06,60.92671585083008
2017-11-07,60.80099868774414
2017-11-08,60.93508529663086
2017-11-09,60.5998649597168
2017-11-10,60.549591064453125
2017-11-13,60.45737838745117
2017-11-14,60.36518859863281
2017-11-15,60.01322555541992
2017-11-16,60.591487884521484
2017-11-17,60.50768280029297
2017-11-20,60.5998649597168
2017-11-21,61.077545166015625
2017-11-22,61.16136169433594
2017-11-24,61.38764572143555
2017-11-27,61.14459228515625
2017-11-28,61.61392593383789
2017-11-29,61.42116928100586
2017-11-30,61.66419982910156
2017-12-01,61.53010177612305
2017-12-04,61.42116928100586
2017-12-05,61.22841262817383
2017-12-06,61.03565979003906
2017-12-07,61.22841262817383
2017-12-08,61.588775634765625
2017-12-11,61.739620208740234
2017-12-12,61.756370544433594
2017-12-13,61.890480041503906
2017-12-14,61.62229537963867
2017-12-15,61.90723419189453
2017-12-18,62.4854736328125
2017-12-19,62.26783752441406
2017-12-20,62.225650787353516
2017-12-21,62.40283203125
2017-12-22,62.512481689453125
2017-12-26,62.52093505859375
2017-12-27,62.56311798095703
2017-12-28,62.74870681762695
2017-12-29,62.6474723815918
2018-01-02,63.195838928222656
2018-01-03,63.62607192993164
2018-01-04,64.00569915771484
2018-01-05,64.37689208984375
2018-01-08,64.44436645507812
2018-01-09,64.55404663085938
2018-01-10,64.34314727783203
2018-01-11,64.81556701660156
2018-01-12,65.3301773071289
2018-01-16,65.1783447265625
2018-01-17,65.69294738769531
2018-01-18,65.55797576904297
2018-01-19,65.90382385253906
2018-01-22,66.38471221923828
2018-01-23,66.5703125
2018-01-24,66.68000030517578
2018-01-25,66.57876586914062
2018-01-26,67.26210021972656
2018-01-29,66.70531463623047
2018-01-30,66.02195739746094
2018-01-31,66.08103942871094
2018-02-01,66.03041076660156
2018-02-02,64.5877914428711
2018-02-05,62.107574462890625
2018-02-06,63.40672302246094
2018-02-07,62.59684753417969
2018-02-08,60.61432647705078
2018-02-09,61.25548553466797
2018-02-12,62.16659164428711
2018-02-13,62.208797454833984
2018-02-14,63.195838928222656
2018-02-15,63.89603042602539
2018-02-16,63.946632385253906
2018-02-20,63.46580123901367
2018-02-21,63.22956085205078
2018-02-22,63.3392448425293
2018-02-23,64.19129180908203
2018-02-26,64.7902603149414
2018-02-27,63.88758850097656
2018-02-28,63.14521408081055
2018-03-01,62.3943977355957
2018-03-02,62.68964767456055
2018-03-05,63.195838928222656
2018-03-06,63.56700897216797
2018-03-07,63.4911003112793
2018-03-08,63.73574447631836
2018-03-09,64.53717041015625
2018-03-12,64.60469055175781
2018-03-13,64.15756225585938
2018-03-14,64.09007263183594
2018-03-15,63.98882293701172
2018-03-16,63.997249603271484
2018-03-19,63.32236099243164
2018-03-20,63.47419738769531
2018-03-21,63.52483367919922
2018-03-22,62.04008483886719
2018-03-23,60.993961334228516
2018-03-26,62.43071746826172
2018-03-27,61.60102081298828
2018-03-28,61.57561111450195
2018-03-29,62.337581634521484
2018-04-02,61.10149002075195
2018-04-03,61.744930267333984
2018-04-04,62.23598098754883
2018-04-05,62.566158294677734
2018-04-06,61.55867004394531
2018-04-09,61.93120193481445
2018-04-10,62.8455696105957
2018-04-11,62.557701110839844
2018-04-12,62.93022537231445
2018-04-13,62.7608757019043
2018-04-16,63.0826301574707
2018-04-17,63.590576171875
2018-04-18,63.83611297607422
2018-04-19,63.4212760925293
2018-04-20,63.00641632080078
2018-04-23,62.93022537231445
2018-04-24,62.413761138916016
2018-04-25,62.388362884521484
2018-04-26,62.91328430175781
2018-04-27,63.023372650146484
2018-04-30,62.60002136230469
2018-05-01,62.566158294677734
2018-05-02,62.329132080078125
2018-05-03,62.3037109375
2018-05-04,62.83707809448242
2018-05-07,62.93022537231445
2018-05-08,62.938690185546875
2018-05-09,63.31966781616211
2018-05-10,63.903846740722656
2018-05-11,64.03929138183594
2018-05-14,64.13243103027344
2018-05-15,63.55672836303711
2018-05-16,63.878440856933594
2018-05-17,63.86149978637695
2018-05-18,63.64986038208008
2018-05-21,64.013916015625
2018-05-22,63.95461654663086
2018-05-23,63.768394470214844
2018-05-24,63.6583251953125
2018-05-25,63.44668197631836
2018-05-29,62.46455764770508
2018-05-30,63.277339935302734
2018-05-31,62.95562744140625
2018-06-01,63.56520080566406
2018-06-04,63.88689041137695
2018-06-05,63.86996841430664
2018-06-06,64.42875671386719
2018-06-07,64.2086181640625
2018-06-08,64.35255432128906
2018-06-11,64.513427734375
2018-06-12,64.44569396972656
2018-06-13,64.25098419189453
2018-06-14,64.3187026977539
2018-06-15,64.04777526855469
2018-06-18,63.74297332763672
2018-06-19,63.31119918823242
2018-06-20,63.53132629394531
2018-06-21,63.00641632080078
2018-06-22,63.382564544677734
2018-06-25,62.47843933105469
2018-06-26,62.546688079833984
2018-06-27,61.958160400390625
2018-06-28,62.27370834350586
2018-06-29,62.5807991027832
2018-07-02,62.35901641845703
2018-07-03,62.29077911376953
2018-07-05,62.78548812866211
2018-07-06,63.186378479003906
2018-07-09,63.81757354736328
2018-07-10,63.9284553527832
2018-07-11,63.220516204833984
2018-07-12,63.7151985168457
2018-07-13,63.79199981689453
2018-07-16,63.7066764831543
2018-07-17,63.954044342041016
2018-07-18,63.99668502807617
2018-07-19,63.757843017578125
2018-07-20,63.87724685668945
2018-07-23,63.87724685668945
2018-07-24,64.15874481201172
2018-07-25,64.82402801513672
2018-07-26,64.55111694335938
2018-07-27,64.35489654541016
2018-07-30,64.13317108154297
2018-07-31,64.3805160522461
2018-08-01,64.15021514892578
2018-08-02,64.15874481201172
2018-08-03,64.3805160522461
2018-08-06,64.3805160522461
2018-08-07,64.62786865234375
2018-08-08,64.5852279663086
2018-08-09,64.44021606445312
2018-08-10,63.7151985168457
2018-08-13,63.3740348815918
2018-08-14,63.672576904296875
2018-08-15,62.964603424072266
2018-08-16,63.44226837158203
2018-08-17,63.723724365234375
2018-08-20,63.97108840942383
2018-08-21,64.22698211669922
2018-08-22,64.39756774902344
2018-08-23,64.09903717041016
2018-08-24,64.55963897705078
2018-08-27,65.24198913574219
2018-08-28,65.19081115722656
2018-08-29,65.49788665771484
2018-08-30,64.95197296142578
2018-08-31,64.93490600585938
2018-09-04,64.52552032470703
2018-09-05,64.09903717041016
2018-09-06,63.96257781982422
2018-09-07,63.672576904296875
2018-09-10,63.826107025146484
2018-09-11,63.954044342041016
2018-09-12,64.0734634399414
2018-09-13,64.47431182861328
2018-09-14,64.51695251464844
2018-09-17,64.28668975830078
2018-09-18,64.73875427246094
2018-09-19,64.90079498291016
2018-09-20,65.50640106201172
2018-09-21,65.48932647705078
2018-09-24,65.1993408203125
2018-09-25,65.2846450805664
2018-09-26,65.17493438720703
2018-09-27,65.22637176513672
2018-09-28,64.98639678955078
2018-10-01,65.19208526611328
2018-10-02,64.883544921875
2018-10-03,64.883544921875
2018-10-04,64.17223358154297
2018-10-05,63.78657913208008
2018-10-08,63.64949417114258
2018-10-09,63.495216369628906
2018-10-10,61.69551086425781
2018-10-11,60.615684509277344
2018-10-12,61.301292419433594
2018-10-15,61.0441780090332
2018-10-16,62.252586364746094
2018-10-17,62.00403594970703
2018-10-18,61.0441780090332
2018-10-19,61.10419845581055
2018-10-22,60.93278884887695
2018-10-23,60.512847900390625
2018-10-24,58.6617317199707
2018-10-25,59.63871765136719
2018-10-26,58.91025161743164
2018-10-29,58.507476806640625
2018-10-30,59.364479064941406
2018-10-31,59.90437698364258
2018-11-01,60.847084045410156
2018-11-02,60.718528747558594
2018-11-05,60.88137435913086
2018-11-06,61.189876556396484
2018-11-07,62.24398422241211
2018-11-08,61.746925354003906
2018-11-09,61.25844955444336
2018-11-12,60.17863464355469
2018-11-13,60.27289581298828
2018-11-14,60.06721115112305
2018-11-15,60.59855651855469
2018-11-16,60.718528747558594
2018-11-19,59.887229919433594
2018-11-20,58.790287017822266
2018-11-21,59.338768005371094
2018-11-23,58.9616813659668
2018-11-26,59.81868362426758
2018-11-27,59.82725524902344
2018-11-28,60.97563171386719
2018-11-29,60.821372985839844
2018-11-30,60.941368103027344
2018-12-03,61.77265548706055
2018-12-04,59.95580291748047
2018-12-06,59.647281646728516
2018-12-07,58.55033493041992
2018-12-10,58.421756744384766
2018-12-11,58.44748306274414
2018-12-12,59.081668853759766
2018-12-13,58.970245361328125
2018-12-14,58.04469299316406
2018-12-17,57.08485794067383
2018-12-18,57.1619758605957
2018-12-19,56.424957275390625
2018-12-20,55.82506561279297
2018-12-21,54.85664749145508
2018-12-24,53.82809829711914
2018-12-26,55.83163833618164
2018-12-27,56.142539978027344
2018-12-28,56.2030029296875
2018-12-31,56.531166076660156
2019-01-02,56.462074279785156
2019-01-03,55.58119583129883
2019-01-04,57.386112213134766
2019-01-07,57.740203857421875
2019-01-08,58.206539154052734
2019-01-09,58.750614166259766
2019-01-10,59.01832962036133
2019-01-11,58.79377746582031
2019-01-14,58.47426223754883
2019-01-15,59.001060485839844
2019-01-16,59.199684143066406
2019-01-17,59.536502838134766
2019-01-18,60.18418884277344
2019-01-22,59.3292236328125
2019-01-23,59.46738815307617
2019-01-24,59.648746490478516
2019-01-25,60.253265380859375
2019-01-28,59.86465072631836
2019-01-29,59.89920425415039
2019-01-30,60.745513916015625
2019-01-31,61.04779052734375
2019-02-01,61.0564079284668
2019-02-04,61.375953674316406
2019-02-05,61.79910659790039
2019-02-06,61.54001235961914
2019-02-07,60.94416046142578
2019-02-08,60.83187484741211
2019-02-11,60.83187484741211
2019-02-12,61.57457733154297
2019-02-13,61.6004753112793
2019-02-14,61.59183883666992
2019-02-15,62.265445709228516
2019-02-19,62.420902252197266
2019-02-20,62.65407943725586
2019-02-21,62.420902252197266
2019-02-22,62.818145751953125
2019-02-25,62.98223876953125
2019-02-26,63.05131912231445
2019-02-27,62.97359848022461
2019-02-28,62.76633834838867
2019-03-01,63.08586883544922
2019-03-04,62.8958740234375
2019-03-05,62.98223876953125
2019-03-06,62.602264404296875
2019-03-07,61.937294006347656
2019-03-08,61.77321243286133
2019-03-11,62.602264404296875
2019-03-12,62.75770568847656
2019-03-13,63.120399475097656
2019-03-14,63.04267883300781
2019-03-15,63.534950256347656
2019-03-18,63.819923400878906
2019-03-19,63.82857131958008
2019-03-20,63.724910736083984
2019-03-21,64.10492706298828
2019-03-22,62.80088424682617
2019-03-25,62.78443145751953
2019-03-26,63.157196044921875
2019-03-27,62.92313003540039
2019-03-28,63.09651565551758
2019-03-29,63.434627532958984
2019-04-01,64.24954986572266
2019-04-02,64.24089050292969
2019-04-03,64.50965118408203
2019-04-04,64.5963363647461
2019-04-05,64.85641479492188
2019-04-08,64.9344711303711
2019-04-09,64.58766174316406
2019-04-10,64.85641479492188
2019-04-11,64.74372863769531
2019-04-12,65.20320892333984
2019-04-15,65.09915161132812
2019-04-16,65.24653625488281
2019-04-17,65.16854858398438
2019-04-18,65.22056579589844
2019-04-22,65.15985107421875
2019-04-23,65.57598114013672
2019-04-24,65.22056579589844
2019-04-25,65.17720794677734
2019-04-26,65.48928833007812
2019-04-29,65.57598114013672
2019-04-30,65.63668060302734
2019-05-01,65.21187591552734
2019-05-02,65.11650085449219
2019-05-03,65.7406997680664
2019-05-06,65.28121185302734
2019-05-07,64.19754791259766
2019-05-08,64.18887329101562
2019-05-09,63.816097259521484
2019-05-10,64.1281967163086
2019-05-13,62.51567459106445
2019-05-14,63.165870666503906
2019-05-15,63.46061325073242
2019-05-16,63.92879867553711
2019-05-17,63.41728210449219
2019-05-20,63.06182861328125
2019-05-21,63.616676330566406
2019-05-22,63.33058547973633
2019-05-23,62.61968994140625
2019-05-24,62.905784606933594
2019-05-28,62.41162109375
2019-05-29,62.09954071044922
2019-05-30,62.316253662109375
2019-05-31,61.71806335449219
2019-06-03,61.81342697143555
2019-06-04,62.87107849121094
2019-06-05,63.08784484863281
2019-06-06,63.38261032104492
2019-06-07,64.02413940429688
2019-06-10,64.29291534423828
2019-06-11,64.47496032714844
2019-06-12,64.16284942626953
2019-06-13,64.34490966796875
2019-06-14,64.04147338867188
2019-06-17,64.12971496582031
2019-06-18,64.91581726074219
2019-06-19,65.2215347290039
2019-06-20,65.85916900634766
2019-06-21,65.6233139038086
2019-06-24,65.59712219238281
2019-06-25,65.02937316894531
2019-06-26,65.06429290771484
2019-06-27,65.35255432128906
2019-06-28,65.6495361328125
2019-07-01,66.21727752685547
2019-07-02,66.31336212158203
2019-07-03,66.7413558959961
2019-07-05,66.47932434082031
2019-07-08,66.16487884521484
2019-07-09,66.0600814819336
2019-07-10,66.38325500488281
2019-07-11,66.41817474365234
2019-07-12,66.64529418945312
2019-07-15,66.66275024414062
2019-07-16,66.4356460571289
2019-07-17,66.12120819091797
2019-07-18,66.3919906616211
2019-07-19,66.12994384765625
2019-07-22,66.19981384277344
2019-07-23,66.6278076171875
2019-07-24,66.84618377685547
2019-07-25,66.36578369140625
2019-07-26,66.69770812988281
2019-07-29,66.63655853271484
2019-07-30,66.25222778320312
2019-07-31,65.6495361328125
2019-08-01,65.12542724609375
2019-08-02,64.52275848388672
2019-08-05,62.72342300415039
2019-08-06,63.42219924926758
2019-08-07,63.60563278198242
2019-08-08,64.59265899658203
2019-08-09,64.09476470947266
2019-08-12,63.42219924926758
2019-08-13,64.2258071899414
2019-08-14,62.34785842895508
2019-08-15,62.57494354248047
2019-08-16,63.43967819213867
2019-08-19,63.981224060058594
2019-08-20,63.63182830810547
2019-08-21,64.1646728515625
2019-08-22,64.03362274169922
2019-08-23,62.714717864990234
2019-08-26,63.32612228393555
2019-08-27,63.12522506713867
2019-08-28,63.44841766357422
2019-08-29,64.15589141845703
2019-08-30,64.26946258544922
2019-09-03,63.92881393432617
2019-09-04,64.71492004394531
2019-09-05,65.44865417480469
2019-09-06,65.56218719482422
2019-09-09,65.6146011352539
2019-09-10,65.64078521728516
2019-09-11,66.10375213623047
2019-09-12,66.40071868896484
2019-09-13,66.53173828125
2019-09-16,66.28717041015625
2019-09-17,66.41817474365234
2019-09-18,66.36578369140625
2019-09-19,66.4094467163086
2019-09-20,66.19107818603516
2019-09-23,66.17361450195312
2019-09-24,65.73875427246094
2019-09-25,65.87932586669922
2019-09-26,65.90567779541016
2019-09-27,65.49276733398438
2019-09-30,65.72996520996094
2019-10-01,65.02715301513672
2019-10-02,63.95537567138672
2019-10-03,64.44735717773438
2019-10-04,65.13260650634766
2019-10-07,64.9217300415039
2019-10-08,64.06959533691406
2019-10-09,64.60548400878906
2019-10-10,65.05352020263672
2019-10-11,65.92325592041016
2019-10-14,65.75634002685547
2019-10-15,66.44155883789062
2019-10-16,66.40641021728516
2019-10-17,66.59091186523438
2019-10-18,66.38885498046875
2019-10-21,66.8544692993164
2019-10-22,66.66998291015625
2019-10-23,66.86325073242188
2019-10-24,67.0038070678711
2019-10-25,67.25857543945312
2019-10-28,67.6187515258789
2019-10-29,67.55728149414062
2019-10-30,67.76810455322266
2019-10-31,67.5660629272461
2019-11-01,68.23372650146484
2019-11-04,68.55876922607422
2019-11-05,68.56754302978516
2019-11-06,68.55876922607422
2019-11-07,68.77840423583984
2019-11-08,68.83109283447266
2019-11-11,68.65540313720703
2019-11-12,68.70812225341797
2019-11-13,68.58512115478516
2019-11-14,68.60269165039062
2019-11-15,69.08588409423828
2019-11-18,69.11222076416016
2019-11-19,69.12977600097656
2019-11-20,68.78717803955078
2019-11-21,68.70812225341797
2019-11-22,68.85746765136719
2019-11-25,69.38455963134766
2019-11-26,69.44605255126953
2019-11-27,69.72718048095703
2019-11-29,69.29671478271484
2019-12-02,68.80474853515625
2019-12-03,68.44454956054688
2019-12-04,68.96289825439453
2019-12-05,69.02437591552734
2019-12-06,69.63932800292969
2019-12-09,69.40213012695312
2019-12-10,69.34063720703125
2019-12-11,69.63932800292969
2019-12-12,70.28065490722656
2019-12-13,70.40362548828125
2019-12-16,71.00102996826172
2019-12-17,70.97466278076172
2019-12-18,71.00102996826172
2019-12-19,71.18550872802734
2019-12-20,71.39633178710938
2019-12-23,71.49459838867188
2019-12-24,71.46805572509766
2019-12-26,71.79556274414062
2019-12-27,71.88406372070312
2019-12-30,71.45919799804688
2019-12-31,71.68933868408203
2020-01-02,72.41517639160156
2020-01-03,71.7601547241211
2020-01-06,72.02568817138672
2020-01-07,71.80439758300781
2020-01-08,72.09650421142578
2020-01-09,72.4505844116211
2020-01-10,72.30011749267578
2020-01-13,72.81350708007812
2020-01-14,72.78694152832031
2020-01-15,72.79579162597656
2020-01-16,73.31803131103516
2020-01-17,73.53934478759766
2020-01-21,73.0701904296875
2020-01-22,73.16757202148438
2020-01-23,73.08789825439453
2020-01-24,72.51254272460938
2020-01-27,71.16709899902344
2020-01-28,71.86637115478516
2020-01-29,71.79556274414062
2020-01-30,71.79556274414062
2020-01-31,70.57402801513672
2020-02-03,70.96350860595703
2020-02-04,72.13192749023438
2020-02-05,72.78694152832031
2020-02-06,73.01707458496094
2020-02-07,72.42402648925781
2020-02-10,72.80464935302734
2020-02-11,73.16757202148438
2020-02-12,73.61898040771484
2020-02-13,73.35344696044922
2020-02-14,73.40654754638672
2020-02-18,73.08789825439453
2020-02-19,73.47736358642578
2020-02-20,73.0701904296875
2020-02-21,72.47711181640625
2020-02-24,69.98983001708984
2020-02-25,68.32572937011719
2020-02-26,68.21065521240234
2020-02-27,65.68791961669922
2020-02-28,65.47549438476562
2020-03-02,67.27236938476562
2020-03-03,65.97118377685547
2020-03-04,68.17523193359375
2020-03-05,66.2278823852539
2020-03-06,65.05947875976562
2020-03-09,59.9255256652832
2020-03-10,62.64295959472656
2020-03-11,59.54490280151367
2020-03-12,53.454986572265625
2020-03-13,57.71260452270508
2020-03-16,50.99422073364258
2020-03-17,53.92412185668945
2020-03-18,50.489688873291016
2020-03-19,50.98536682128906
2020-03-20,49.595672607421875
2020-03-23,48.41463088989258
2020-03-24,52.8401985168457
2020-03-25,54.048789978027344
2020-03-26,56.785888671875
2020-03-27,54.89302062988281
2020-03-30,56.350440979003906
2020-03-31,55.80834197998047
2020-04-01,53.34674072265625
2020-04-02,54.43980407714844
2020-04-03,53.48892593383789
2020-04-06,56.76811599731445
2020-04-07,56.98139190673828
2020-04-08,58.34994888305664
2020-04-09,59.434120178222656
2020-04-13,58.900909423828125
2020-04-14,60.31388854980469
2020-04-15,58.740962982177734
2020-04-16,58.97201156616211
2020-04-17,60.52716827392578
2020-04-20,59.62073516845703
2020-04-21,57.9322624206543
2020-04-22,59.20306396484375
2020-04-23,59.15863037109375
2020-04-24,59.807350158691406
2020-04-27,60.82044982910156
2020-04-28,60.82044982910156
2020-04-29,62.55335235595703
2020-04-30,61.59357833862305
2020-05-01,59.99397277832031
2020-05-04,60.17171859741211
2020-05-05,60.59825897216797
2020-05-06,60.2428092956543
2020-05-07,61.06037139892578
2020-05-08,62.13566970825195
2020-05-11,62.12678527832031
2020-05-12,61.06037139892578
2020-05-13,60.2072639465332
2020-05-14,60.48274230957031
2020-05-15,60.59825897216797
2020-05-18,62.73106002807617
2020-05-19,62.10011672973633
2020-05-20,63.17540740966797
2020-05-21,62.63331604003906
2020-05-22,62.571102142333984
2020-05-26,63.761940002441406
2020-05-27,64.62394714355469
2020-05-28,64.65950012207031
2020-05-29,64.80166625976562
2020-06-01,65.63700103759766
2020-06-02,66.36573028564453
2020-06-03,67.54767608642578
2020-06-04,67.21884155273438
2020-06-05,68.8362045288086
2020-06-08,69.6982192993164
2020-06-09,68.96952819824219
2020-06-10,68.76512908935547
2020-06-11,64.8460922241211
2020-06-12,65.82364654541016
2020-06-15,66.2235336303711
2020-06-16,67.35214233398438
2020-06-17,67.25440979003906
2020-06-18,67.19219207763672
2020-06-19,66.88117218017578
2020-06-22,67.47047424316406
2020-06-23,67.74730682373047
2020-06-24,66.12216186523438
2020-06-25,66.86328125
2020-06-26,65.57746124267578
2020-06-29,66.36325073242188
2020-06-30,66.79186248779297
2020-07-01,67.23834228515625
2020-07-02,67.84552001953125
2020-07-06,69.09563446044922
2020-07-07,68.28305053710938
2020-07-08,68.96168518066406
2020-07-09,68.524169921875
2020-07-10,69.07778930664062
2020-07-13,68.524169921875
2020-07-14,69.32779693603516
2020-07-15,70.06002044677734
2020-07-16,69.6671142578125
2020-07-17,69.9171371459961
2020-07-20,70.47970581054688
2020-07-21,70.7475814819336
2020-07-22,71.0333251953125
2020-07-23,70.28324890136719
2020-07-24,69.90821838378906
2020-07-27,70.65829467773438
2020-07-28,70.17608642578125
2020-07-29,71.06903076171875
2020-07-30,70.60472106933594
2020-07-31,70.32789611816406
2020-08-03,71.14940643310547
2020-08-04,71.50657653808594
2020-08-05,71.98876953125
2020-08-06,72.3012924194336
2020-08-07,72.05126190185547
2020-08-10,72.24772644042969
2020-08-11,72.02449035644531
2020-08-12,73.10494232177734
2020-08-13,72.90848541259766
2020-08-14,72.77455139160156
2020-08-17,73.22102355957031
2020-08-18,73.28353118896484
2020-08-19,72.91741943359375
2020-08-20,72.93531036376953
2020-08-21,73.00670623779297
2020-08-24,73.7657241821289
2020-08-25,74.02467346191406
2020-08-26,74.60509490966797
2020-08-27,74.4354248046875
2020-08-28,74.98011779785156
2020-08-31,74.55150604248047
2020-09-01,75.11405944824219
2020-09-02,75.96234130859375
2020-09-03,73.68535614013672
2020-09-04,73.40853118896484
2020-09-08,71.71195220947266
2020-09-09,73.02458190917969
2020-09-10,71.99769592285156
2020-09-11,72.28343200683594
2020-09-14,73.19422912597656
2020-09-15,73.62283325195312
2020-09-16,73.4978256225586
2020-09-17,73.10494232177734
2020-09-18,72.46202850341797
2020-09-21,71.40579986572266
2020-09-22,71.73782348632812
2020-09-23,70.3558349609375
2020-09-24,70.39173126220703
2020-09-25,71.16349792480469
2020-09-28,72.28524780273438
2020-09-29,72.02500915527344
2020-09-30,72.36600494384766
2020-10-01,72.94931030273438
2020-10-02,72.482666015625
2020-10-05,73.67620849609375
2020-10-06,72.9223861694336
2020-10-07,73.95440673828125
2020-10-08,74.56461334228516
2020-10-09,75.1299819946289
2020-10-12,75.95560455322266
2020-10-13,75.4620132446289
2020-10-14,75.1299819946289
2020-10-15,74.7710189819336
2020-10-16,74.80693054199219
2020-10-19,74.09799194335938
2020-10-20,74.44795989990234
2020-10-21,74.25951385498047
2020-10-22,74.54666900634766
2020-10-23,74.88768768310547
2020-10-26,73.5595474243164
2020-10-27,73.24544525146484
2020-10-28,70.97503662109375
2020-10-29,71.59423828125
2020-10-30,70.88529205322266
2020-11-02,71.76475524902344
2020-11-03,73.11981964111328
2020-11-04,74.49283599853516
2020-11-05,76.07223510742188
2020-11-06,76.1619873046875
2020-11-09,77.3824462890625
2020-11-10,77.43629455566406
2020-11-11,77.92986297607422
2020-11-12,77.10424041748047
2020-11-13,78.1900863647461
2020-11-16,79.18621063232422
2020-11-17,79.02467346191406
2020-11-18,78.34265899658203
2020-11-19,78.82725524902344
2020-11-20,78.70162200927734
2020-11-23,79.08750915527344
2020-11-24,80.2900161743164
2020-11-25,80.16439056396484
2020-11-27,80.5592269897461
2020-11-30,79.65284729003906
2020-12-01,80.83741760253906
2020-12-02,80.8912582397461
2020-12-03,81.16047668457031
2020-12-04,81.94121551513672
2020-12-07,81.68098449707031
2020-12-08,81.94121551513672
2020-12-09,81.43866729736328
2020-12-10,81.6719970703125
2020-12-11,81.45661926269531
2020-12-14,81.27715301513672
2020-12-15,82.32709503173828
2020-12-16,82.5245132446289
2020-12-17,83.0539779663086
2020-12-18,82.79373931884766
2020-12-21,82.19969177246094
2020-12-22,82.11844635009766
2020-12-23,82.49762725830078
2020-12-24,82.68721771240234
2020-12-28,83.06639862060547
2020-12-29,83.2289047241211
2020-12-30,83.51779174804688
2020-12-31,83.58099365234375
2021-01-04,83.1025161743164
2021-01-05,84.01432800292969
2021-01-06,84.61018371582031
2021-01-07,85.46783447265625
2021-01-08,86.2442398071289
2021-01-11,85.46783447265625
2021-01-12,85.79283142089844
2021-01-13,85.86505126953125
2021-01-14,86.00950622558594
2021-01-15,85.11572265625
2021-01-19,85.85604858398438
2021-01-20,86.89425659179688
2021-01-21,86.92132568359375
2021-01-22,86.51506042480469
2021-01-25,86.70466613769531
2021-01-26,86.45188903808594
2021-01-27,84.37544250488281
2021-01-28,85.06156921386719
2021-01-29,83.39138793945312
2021-02-01,84.81781768798828
2021-02-02,85.9914321899414
2021-02-03,86.12686920166016
2021-02-04,86.72270965576172
2021-02-05,87.25537109375
2021-02-08,87.8602523803711
2021-02-09,88.13109588623047
2021-02-10,88.12203216552734
2021-02-11,88.57345581054688
2021-02-12,88.99776458740234
2021-02-16,89.11512756347656
2021-02-17,88.82624053955078
2021-02-18,88.34776306152344
2021-02-19,88.57345581054688
2021-02-22,87.62550354003906
2021-02-23,87.78801727294922
2021-02-24,88.34776306152344
2021-02-25,86.33451080322266
2021-02-26,85.62130737304688
2021-03-01,87.65259552001953
2021-03-02,87.08384704589844
2021-03-03,86.16299438476562
2021-03-04,84.90811157226562
2021-03-05,86.07270050048828
2021-03-08,85.45882415771484
2021-03-09,86.78591918945312
2021-03-10,87.19217681884766
2021-03-11,88.31166076660156
2021-03-12,88.32068634033203
2021-03-15,88.6908187866211
2021-03-16,88.61858367919922
2021-03-17,88.99776458740234
2021-03-18,87.69773864746094
2021-03-19,87.78801727294922
2021-03-22,88.1799545288086
2021-03-23,87.084716796875
2021-03-24,86.38775634765625
2021-03-25,86.88558197021484
2021-03-26,88.2433090209961
2021-03-29,87.90841674804688
2021-03-30,87.89029693603516
2021-03-31,88.06228637695312
2021-04-01,89.22087097167969
2021-04-05,90.24369812011719
2021-04-06,90.05360412597656
2021-04-07,89.91783142089844
2021-04-08,90.48808288574219
2021-04-09,90.822998046875
2021-04-12,90.63290405273438
2021-04-13,90.97686004638672
2021-04-14,90.940673828125
2021-04-15,91.81867218017578
2021-04-16,92.17168426513672
2021-04-19,91.75530242919922
2021-04-20,90.72343444824219
2021-04-21,91.64669036865234
2021-04-22,91.06739044189453
2021-04-23,92.12642669677734
2021-04-26,92.3979721069336
2021-04-27,92.29840850830078
2021-04-28,92.47037506103516
2021-04-29,92.67855834960938
2021-04-30,91.70098114013672
2021-05-03,92.12642669677734
2021-05-04,91.23033142089844
2021-05-05,91.63762664794922
2021-05-06,92.24410247802734
2021-05-07,93.11302947998047
2021-05-10,92.17168426513672
2021-05-11,91.36610412597656
2021-05-12,89.3928451538086
2021-05-13,90.22557067871094
2021-05-14,91.68289947509766
2021-05-17,91.50186157226562
2021-05-18,91.33893585205078
2021-05-19,90.85920715332031
2021-05-20,91.90013885498047
2021-05-21,91.77342224121094
2021-05-24,92.50656127929688
2021-05-25,92.52468872070312
2021-05-26,92.75096130371094
2021-05-27,92.88673400878906
2021-05-28,93.14923858642578
2021-06-01,93.50225830078125
2021-06-02,93.63803100585938
2021-06-03,93.12207794189453
2021-06-04,94.00914764404297
2021-06-07,94.0724868774414
2021-06-08,94.04532623291016
2021-06-09,93.8009262084961
2021-06-10,94.2625732421875
2021-06-11,94.43456268310547
2021-06-14,94.59749603271484
2021-06-15,94.40740203857422
2021-06-16,93.79190063476562
2021-06-17,93.5475082397461
2021-06-18,92.16262817382812
2021-06-21,93.43161010742188
2021-06-22,93.66812133789062
2021-06-23,93.53168487548828
2021-06-24,94.21391296386719
2021-06-25,94.5868911743164
2021-06-28,94.48680877685547
2021-06-29,94.50499725341797
2021-06-30,94.25031280517578
2021-07-01,94.59598541259766
2021-07-02,94.99622344970703
2021-07-06,94.51409149169922
2021-07-07,94.7506103515625
2021-07-08,93.66812133789062
2021-07-09,95.05081176757812
2021-07-12,95.27821350097656
2021-07-13,94.83248138427734
2021-07-14,94.9052734375
2021-07-15,94.49591827392578
2021-07-16,93.7681884765625
2021-07-19,92.34910583496094
2021-07-20,93.45889282226562
2021-07-21,94.4140396118164
2021-07-22,94.51409149169922
2021-07-23,95.13268280029297
2021-07-26,95.02352905273438
2021-07-27,94.40494537353516
2021-07-28,94.9052734375
2021-07-29,95.36918640136719
2021-07-30,94.83248138427734
2021-08-02,94.9052734375
2021-08-03,95.60569763183594
2021-08-04,95.29642486572266
2021-08-05,95.7694320678711
2021-08-06,95.68758392333984
2021-08-09,95.64208221435547
2021-08-10,95.7148666381836
2021-08-11,96.09691619873047
2021-08-12,96.09691619873047
2021-08-13,96.31523895263672
2021-08-16,96.09691619873047
2021-08-17,95.19634246826172
2021-08-18,94.5595932006836
2021-08-19,94.06837463378906
2021-08-20,94.6414566040039
2021-08-23,95.63298797607422
2021-08-24,96.15149688720703
2021-08-25,96.32433319091797
2021-08-26,95.68758392333984
2021-08-27,96.70641326904297
2021-08-30,96.93380737304688
2021-08-31,96.97928619384766
2021-09-01,97.45233917236328
2021-09-02,97.75251007080078
2021-09-03,97.92533874511719
2021-09-07,97.66156005859375
2021-09-08,97.1703109741211
2021-09-09,96.91563415527344
2021-09-10,96.42439270019531
2021-09-13,96.77005767822266
2021-09-14,96.19699096679688
2021-09-15,96.77916717529297
2021-09-16,96.56083679199219
2021-09-17,95.60569763183594
2021-09-20,93.88150024414062
2021-09-21,94.17375946044922
2021-09-22,95.0778579711914
2021-09-23,96.14633178710938
2021-09-24,95.79931640625
2021-09-27,95.73540496826172
2021-09-28,93.74452209472656
2021-09-29,93.63491821289062
2021-09-30,92.99565887451172
2021-10-01,93.74452209472656
2021-10-04,92.64862823486328
2021-10-05,93.37007904052734
2021-10-06,93.37007904052734
2021-10-07,94.29246520996094
2021-10-08,94.20114135742188
2021-10-11,93.7079849243164
2021-10-12,93.63491821289062
2021-10-13,94.30158996582031
2021-10-14,95.6075439453125
2021-10-15,96.28334045410156
2021-10-18,96.37464904785156
2021-10-19,97.06873321533203
2021-10-20,97.42485809326172
2021-10-21,97.37923431396484
2021-10-22,97.43402099609375
2021-10-25,97.7536392211914
2021-10-26,97.7079849243164
2021-10-27,97.13263702392578
2021-10-28,98.0093765258789
2021-10-29,97.78105163574219
2021-11-01,98.38379669189453
2021-11-02,98.40205383300781
2021-11-03,99.0595932006836
2021-11-04,99.22396850585938
2021-11-05,99.54360961914062
2021-11-08,99.75366973876953
2021-11-09,99.47969055175781
2021-11-10,98.52079772949219
2021-11-11,98.83129119873047
2021-11-12,99.48881530761719
2021-11-15,99.43401336669922
2021-11-16,99.60752868652344
2021-11-17,99.24224090576172
2021-11-18,99.27877044677734
2021-11-19,98.83129119873047
2021-11-22,98.26506805419922
2021-11-23,98.24681091308594
2021-11-24,98.30159759521484
2021-11-26,95.82672882080078
2021-11-29,96.676025390625
2021-11-30,95.22396850585938
2021-12-01,94.21939086914062
2021-12-02,95.67146301269531
2021-12-03,94.78560638427734
2021-12-06,95.82672882080078
2021-12-07,97.8084487915039
2021-12-08,98.17374420166016
2021-12-09,97.29704284667969
2021-12-10,97.7901840209961
2021-12-13,96.80387115478516
2021-12-14,96.20112609863281
2021-12-15,97.41576385498047
2021-12-16,96.8678207397461
2021-12-17,95.9819564819336
2021-12-20,95.10324096679688
2021-12-21,96.71343994140625
2021-12-22,97.60596466064453
2021-12-23,98.23162841796875
2021-12-27,99.27136993408203
2021-12-28,99.16095733642578
2021-12-29,99.19775390625
2021-12-30,99.1149673461914
2021-12-31,98.84812927246094
2022-01-03,99.41859436035156
2022-01-04,99.45538330078125
2022-01-05,97.76239013671875
2022-01-06,97.67036437988281
2022-01-07,97.5323486328125
2022-01-10,97.2103271484375
2022-01-11,98.3328628540039
2022-01-12,98.87571716308594
2022-01-13,97.65198516845703
2022-01-14,97.64277648925781
2022-01-18,95.9681625366211
2022-01-19,95.42530059814453
2022-01-20,94.6431884765625
2022-01-21,93.0329818725586
2022-01-24,92.91338348388672
2022-01-25,91.99324798583984
2022-01-26,91.57920837402344
2022-01-27,90.88911437988281
2022-01-28,92.38890838623047
2022-01-31,94.32115936279297
2022-02-01,95.06643676757812
2022-02-02,95.62770080566406
2022-02-03,93.77826690673828
2022-02-04,94.19232940673828
2022-02-07,94.0819320678711
2022-02-08,94.79959106445312
2022-02-09,96.34540557861328
2022-02-10,94.95602416992188
2022-02-11,93.30902862548828
2022-02-14,92.83975982666016
2022-02-15,94.46837615966797
2022-02-16,94.75360870361328
2022-02-17,92.92256164550781
2022-02-18,92.269287109375
2022-02-22,91.17434692382812
2022-02-23,89.90458679199219
2022-02-24,90.28182983398438
2022-02-25,92.27849578857422
2022-02-28,91.70801544189453
2022-03-01,90.18062591552734
2022-03-02,91.52399444580078
2022-03-03,90.56707763671875
2022-03-04,89.24211120605469
2022-03-07,86.39893341064453
2022-03-08,86.30694580078125
2022-03-09,88.91085052490234
2022-03-10,88.22077941894531
2022-03-11,87.0982437133789
2022-03-14,86.55537414550781
2022-03-15,87.92633056640625
2022-03-16,90.71428680419922
2022-03-17,91.66201782226562
2022-03-18,92.6373519897461
2022-03-21,92.4039535522461
2022-03-22,93.45555877685547
2022-03-23,92.31171417236328
2022-03-24,93.35408020019531
2022-03-25,93.5662612915039
2022-03-28,93.87068176269531
2022-03-29,95.39275360107422
2022-03-30,94.86693572998047
2022-03-31,93.43712615966797
2022-04-01,94.0367202758789
2022-04-04,94.80236053466797
2022-04-05,93.43712615966797
2022-04-06,92.39473724365234
2022-04-07,92.60688018798828
2022-04-08,92.385498046875
2022-04-11,91.09402465820312
2022-04-12,90.71581268310547
2022-04-13,91.83201599121094
2022-04-14,90.95567321777344
2022-04-18,90.6973876953125
2022-04-19,91.73054504394531
2022-04-20,91.8043441772461
2022-04-21,90.4021987915039
2022-04-22,88.35430145263672
2022-04-25,88.45577239990234
2022-04-26,86.03889465332031
2022-04-27,86.36176300048828
2022-04-28,88.15133666992188
2022-04-29,85.87284851074219
2022-05-02,86.14959716796875
2022-05-03,86.6108169555664
2022-05-04,88.68639373779297
2022-05-05,85.66069793701172
2022-05-06,84.81200408935547
2022-05-09,81.99846649169922
2022-05-10,82.28443908691406
2022-05-11,81.23281860351562
2022-05-12,81.11289978027344
2022-05-13,83.35449981689453
2022-05-16,83.08699035644531
2022-05-17,84.80279541015625
2022-05-18,81.98002624511719
2022-05-19,82.19219970703125
2022-05-20,82.42281341552734
2022-05-23,83.7142562866211
2022-05-24,83.00396728515625
2022-05-25,83.59435272216797
2022-05-26,85.0057144165039
2022-05-27,86.72152709960938
2022-05-31,86.29719543457031
2022-06-01,85.65145874023438
2022-06-02,87.38570404052734
2022-06-03,85.98355102539062
2022-06-06,86.3156509399414
2022-06-07,86.9521484375
2022-06-08,86.09425354003906
2022-06-09,84.1478271484375
2022-06-10,81.9431381225586
2022-06-13,78.8897476196289
2022-06-14,78.64067840576172
2022-06-15,79.88601684570312
2022-06-16,77.37689971923828
2022-06-17,77.45990753173828
2022-06-21,79.08395385742188
2022-06-22,78.63799285888672
2022-06-23,79.11184692382812
2022-06-24,81.49029541015625
2022-06-27,81.28588104248047
2022-06-28,80.13382720947266
2022-06-29,79.89226531982422
2022-06-30,79.2883529663086
2022-07-01,79.7807846069336
2022-07-05,79.36267852783203
2022-07-06,79.40913391113281
2022-07-07,80.67269134521484
2022-07-08,80.64482879638672
2022-07-11,79.4463119506836
2022-07-12,78.99105834960938
2022-07-13,78.71231842041016
2022-07-14,78.10841369628906
2022-07-15,79.4184341430664
2022-07-18,79.27906799316406
2022-07-19,81.30447387695312
2022-07-20,81.57391357421875
2022-07-21,82.4379653930664
2022-07-22,81.73186492919922
2022-07-25,82.03846740722656
2022-07-26,81.04434204101562
2022-07-27,83.00470733642578
2022-07-28,83.81301879882812
2022-07-29,84.82572174072266
2022-08-01,84.62132263183594
2022-08-02,83.96166229248047
2022-08-03,84.9557876586914
2022-08-04,85.09515380859375
2022-08-05,84.9000473022461
2022-08-08,85.0208511352539
2022-08-09,84.56558227539062
2022-08-10,86.43304443359375
2022-08-11,86.48877716064453
2022-08-12,87.65943145751953
2022-08-15,87.67802429199219
2022-08-16,87.78022766113281
2022-08-17,87.08340454101562
2022-08-18,87.09268951416016
2022-08-19,85.87560272216797
2022-08-22,84.28685760498047
2022-08-23,84.24970245361328
2022-08-24,84.5284194946289
2022-08-25,85.75480651855469
2022-08-26,83.20909881591797
2022-08-29,82.75384521484375
2022-08-30,81.91766357421875
2022-08-31,81.38810729980469
2022-09-01,81.09081268310547
2022-09-02,80.40327453613281
2022-09-06,80.0130615234375
2022-09-07,81.1744155883789
2022-09-08,81.5553207397461
2022-09-09,83.10690307617188
2022-09-12,84.09173583984375
2022-09-13,80.79347229003906
2022-09-14,81.12793731689453
2022-09-15,80.30106353759766
2022-09-16,79.63212585449219
2022-09-19,80.12033081054688
2022-09-20,79.07482147216797
2022-09-21,77.82398986816406
2022-09-22,77.21723175048828
2022-09-23,75.45295715332031
2022-09-26,74.54747772216797
2022-09-27,74.29541015625
2022-09-28,75.8449935913086
2022-09-29,74.41679382324219
2022-09-30,73.6326675415039
2022-10-03,75.45295715332031
2022-10-04,78.01067352294922
2022-10-05,77.63726806640625
2022-10-06,76.76914978027344
2022-10-07,74.9115219116211
2022-10-10,74.27674865722656
2022-10-11,73.62332916259766
2022-10-12,73.43663024902344
2022-10-13,75.01422119140625
2022-10-14,73.44597625732422
2022-10-17,75.3782730102539
2022-10-18,76.10636901855469
2022-10-19,75.30358123779297
2022-10-20,74.94886016845703
2022-10-21,76.50776672363281
2022-10-24,76.65713500976562
2022-10-25,78.06668090820312
2022-10-26,78.0853500366211
2022-10-27,77.6466064453125
2022-10-28,78.88813781738281
2022-10-31,78.32805633544922
2022-11-01,78.48674011230469
2022-11-02,76.83448791503906
2022-11-03,76.24640655517578
2022-11-04,78.02933502197266
2022-11-07,78.54276275634766
2022-11-08,79.10283660888672
2022-11-09,77.58126068115234
2022-11-10,81.78190612792969
2022-11-11,82.97675323486328
2022-11-14,82.17398834228516
2022-11-15,83.0047836303711
2022-11-16,82.30465698242188
2022-11-17,82.108642578125
2022-11-18,82.30465698242188
2022-11-21,81.81925201416016
2022-11-22,82.87409210205078
2022-11-23,83.50884246826172
2022-11-25,83.60218811035156
2022-11-28,82.39800262451172
2022-11-29,82.56603240966797
2022-11-30,84.81573486328125
2022-12-01,85.0117416381836
2022-12-02,84.96507263183594
2022-12-05,83.49951171875
2022-12-06,82.61270904541016
2022-12-07,82.4726791381836
2022-12-08,83.09812927246094
2022-12-09,82.66871643066406
2022-12-12,83.43416595458984
2022-12-13,84.2089614868164
2022-12-14,83.86357116699219
2022-12-15,81.791259765625
2022-12-16,81.02581024169922
2022-12-19,80.53490447998047
2022-12-20,80.72298431396484
2022-12-21,81.77621459960938
2022-12-22,80.78882598876953
2022-12-23,81.16498565673828
2022-12-27,81.15557098388672
2022-12-28,80.13996124267578
2022-12-29,81.52232360839844
2022-12-30,81.05213165283203
2023-01-03,81.09913635253906
2023-01-04,82.09596252441406
2023-01-05,81.24961853027344
2023-01-06,83.111572265625
2023-01-09,83.30906677246094
2023-01-10,83.76044464111328
2023-01-11,84.60680389404297
2023-01-12,85.20865631103516
2023-01-13,85.65064239501953
2023-01-17,85.6318130493164
2023-01-18,84.71024322509766
2023-01-19,84.33409881591797
2023-01-20,85.64122772216797
2023-01-23,86.44996643066406
2023-01-24,86.36532592773438
2023-01-25,86.52519226074219
2023-01-26,87.25868225097656
2023-01-27,87.31511688232422
2023-01-30,86.25249481201172
2023-01-31,87.24929809570312
2023-02-01,88.19910430908203
2023-02-02,88.91378021240234
2023-02-03,87.92637634277344
2023-02-06,87.1364517211914
2023-02-07,88.06743621826172
2023-02-08,87.34332275390625
2023-02-09,86.91075134277344
2023-02-10,86.75090026855469
2023-02-13,87.7100830078125
2023-02-14,87.76651000976562
2023-02-15,87.81352996826172
2023-02-16,86.9765853881836
2023-02-17,86.77908325195312
2023-02-21,85.31211853027344
2023-02-22,85.02996826171875
2023-02-23,85.48136138916016
2023-02-24,84.37168884277344
2023-02-27,84.84190368652344
2023-02-28,84.47515106201172
2023-03-01,84.64442443847656
2023-03-02,85.08641052246094
2023-03-03,86.30890655517578
2023-03-06,86.17725372314453
2023-03-07,84.86070251464844
2023-03-08,85.08641052246094
2023-03-09,83.68521118164062
2023-03-10,82.5285415649414
2023-03-13,82.2652359008789
2023-03-14,83.35609436035156
2023-03-15,82.07715606689453
2023-03-16,83.44071960449219
2023-03-17,82.45330047607422
2023-03-20,83.34487915039062
2023-03-21,84.43927764892578
2023-03-22,83.46752166748047
2023-03-23,83.66564178466797
2023-03-24,83.87321472167969
2023-03-27,84.1939926147461
2023-03-28,84.27889251708984
2023-03-29,85.31669616699219
2023-03-30,85.97711944580078
2023-03-31,86.88282775878906
2023-04-03,87.28852081298828
2023-04-04,86.92057800292969
2023-04-05,86.49602508544922
2023-04-06,86.77906799316406
2023-04-10,86.88282775878906
2023-04-11,87.09038543701172
2023-04-12,86.96774291992188
2023-04-13,88.10931396484375
2023-04-14,87.83572387695312
2023-04-17,88.04328918457031
2023-04-18,88.1942367553711
2023-04-19,87.9866943359375
2023-04-20,87.66590881347656
2023-04-21,87.69419860839844
2023-04-24,87.78855895996094
2023-04-25,86.35449981689453
2023-04-26,86.16582489013672
2023-04-27,87.59986114501953
2023-04-28,88.1187744140625
2023-05-01,88.01497650146484
2023-05-02,87.02433776855469
2023-05-03,86.72244262695312
2023-05-04,86.42053985595703
2023-05-05,87.89234924316406
2023-05-08,87.93951416015625
2023-05-09,87.58100128173828
2023-05-10,87.76024627685547
2023-05-11,87.55269622802734
2023-05-12,87.30738830566406
2023-05-15,87.90176391601562
2023-05-16,87.14701080322266
2023-05-17,87.96781158447266
2023-05-18,88.43952941894531
2023-05-19,88.448974609375
2023-05-22,88.59048461914062
2023-05-23,87.47721099853516
2023-05-24,86.69414520263672
2023-05-25,86.95831298828125
2023-05-26,88.01497650146484
2023-05-30,87.70364379882812
2023-05-31,87.05265808105469
2023-06-01,88.13761901855469
2023-06-02,89.51506805419922
2023-06-05,89.21317291259766
2023-06-06,89.74150848388672
2023-06-07,89.35469055175781
2023-06-08,89.90190887451172
2023-06-09,90.00566864013672
2023-06-12,90.60948181152344
2023-06-13,91.31707763671875
2023-06-14,91.45861053466797
2023-06-15,92.51525115966797
2023-06-16,92.25109100341797
2023-06-20,91.33930969238281
2023-06-21,91.05439758300781
2023-06-22,91.01640319824219
2023-06-23,90.01913452148438
2023-06-26,89.962158203125
2023-06-27,90.88343811035156
2023-06-28,90.93092346191406
2023-06-29,91.10189056396484
2023-06-30,92.10863494873047
2023-07-03,92.40306091308594
2023-07-05,91.88068389892578
2023-07-06,90.7504653930664
2023-07-07,90.98790740966797
2023-07-10,91.2728271484375
2023-07-11,92.06114196777344
2023-07-12,93.13436889648438
2023-07-13,94.20763397216797
2023-07-14,93.86572265625
2023-07-17,94.13165283203125
2023-07-18,94.70149993896484
2023-07-19,94.78697967529297
2023-07-20,94.14114379882812
2023-07-21,94.17913055419922
2023-07-24,94.52104949951172
2023-07-25,94.80598449707031
2023-07-26,94.9769287109375
2023-07-27,94.35009765625
2023-07-28,95.32835388183594
2023-07-31,95.53730773925781
2023-08-01,94.95793914794922
2023-08-02,93.37181854248047
2023-08-03,93.17237854003906
2023-08-04,93.00141906738281
2023-08-07,93.68525695800781
2023-08-08,93.10589599609375
2023-08-09,92.72599029541016
2023-08-10,92.86845397949219
2023-08-11,92.53602600097656
2023-08-14,92.61202239990234
2023-08-15,91.51978302001953
2023-08-16,90.8264389038086
2023-08-17,90.22809600830078
2023-08-18,90.17110443115234
2023-08-21,90.61750793457031
2023-08-22,90.42753601074219
2023-08-23,91.46279907226562
2023-08-24,90.32307434082031
2023-08-25,90.84544372558594
2023-08-28,91.59575653076172
2023-08-29,92.8304443359375
2023-08-30,93.05841064453125
2023-08-31,92.82096862792969
2023-09-01,93.14389038085938
2023-09-05,92.5550308227539
2023-09-06,92.02315521240234
2023-09-07,91.64324188232422
2023-09-08,91.68124389648438
2023-09-11,92.42206573486328
2023-09-12,92.03266143798828
2023-09-13,91.92817687988281
2023-09-14,92.85894775390625
2023-09-15,92.08964538574219
2023-09-18,91.98090362548828
2023-09-19,91.80923461914062
2023-09-20,91.17974853515625
2023-09-21,89.68232727050781
2023-09-22,89.66326904296875
2023-09-25,89.75863647460938
2023-09-26,88.49967193603516
2023-09-27,88.50921630859375
2023-09-28,89.11962127685547
2023-09-29,88.87164306640625
2023-10-02,88.39476013183594
2023-10-03,87.1930160522461
2023-10-04,87.55545043945312
2023-10-05,87.7652816772461
2023-10-06,88.73811340332031
2023-10-09,89.00515747070312
2023-10-10,89.79679107666016
2023-10-11,90.20691680908203
2023-10-12,89.40574645996094
2023-10-13,88.81442260742188
2023-10-16,89.7204818725586
2023-10-17,89.7204818725586
2023-10-18,88.35662078857422
2023-10-19,87.59358978271484
2023-10-20,86.59214782714844
2023-10-23,86.43000030517578
2023-10-24,87.08809661865234
2023-10-25,85.95314025878906
2023-10-26,85.22826385498047
2023-10-27,84.8563003540039
2023-10-30,85.85774230957031
2023-10-31,86.27741241455078
2023-11-01,87.12625122070312
2023-11-02,88.90025329589844
2023-11-03,89.987548828125
2023-11-06,89.9780044555664
2023-11-07,89.9207763671875
2023-11-08,89.8635482788086
2023-11-09,89.29129791259766
2023-11-10,90.34043884277344
2023-11-13,90.33090209960938
2023-11-14,92.41963958740234
2023-11-15,92.60086822509766
2023-11-16,92.42918395996094
2023-11-17,92.9442138671875
2023-11-20,93.55461120605469
2023-11-21,93.30663299560547
2023-11-22,93.53553771972656
2023-11-24,93.78353118896484
2023-11-27,93.60230255126953
2023-11-28,93.7549057006836
2023-11-29,93.77398681640625
2023-11-30,94.05056762695312
2023-12-01,94.86127471923828
2023-12-04,94.27947998046875
2023-12-05,94.06964874267578
2023-12-06,93.8979721069336
2023-12-07,94.52745819091797
2023-12-08,94.79450225830078
2023-12-11,95.14739990234375
2023-12-12,95.38585662841797
2023-12-13,96.79740905761719
2023-12-14,97.55088806152344
2023-12-15,97.10261535644531
2023-12-18,97.48811340332031
2023-12-19,98.21870422363281
2023-12-20,96.87285614013672
2023-12-21,98.1225814819336
2023-12-22,98.26678466796875
2023-12-26,98.7570571899414
2023-12-27,99.04546356201172
2023-12-28,99.11273956298828
2023-12-29,98.90125274658203
2024-01-02,98.06489562988281
2024-01-03,97.21893310546875
2024-01-04,97.10358428955078
2024-01-05,97.21893310546875
2024-01-08,98.39176177978516
2024-01-09,97.91109466552734
2024-01-10,98.39176177978516
2024-01-11,98.35330200195312
2024-01-12,98.50711059570312
2024-01-16,97.55540466308594
2024-01-17,96.78633880615234
2024-01-18,97.61308288574219
2024-01-19,98.49750518798828
2024-01-22,98.72821807861328
2024-01-23,98.88204956054688
2024-01-24,99.14159393310547
2024-01-25,99.57418060302734
2024-01-26,99.6414794921875
2024-01-29,100.35286712646484
2024-01-30,100.12215423583984
2024-01-31,98.90125274658203
2024-02-01,100.05484771728516
2024-02-02,100.42976379394531
2024-02-05,99.9490966796875
2024-02-06,100.50667572021484
2024-02-07,101.01617431640625
2024-02-08,101.05463409423828
2024-02-09,101.61219787597656
2024-02-12,101.74678039550781
2024-02-13,100.14136505126953
2024-02-14,101.25650787353516
2024-02-15,102.12171173095703
2024-02-16,101.88137817382812
2024-02-20,101.60258483886719
2024-02-21,101.63143157958984
2024-02-22,103.28490447998047
2024-02-23,103.36181640625
2024-02-26,103.09263610839844
2024-02-27,103.3137435913086
2024-02-28,102.91959381103516
2024-02-29,103.34258270263672
2024-03-01,104.26546478271484
2024-03-04,104.10203552246094
2024-03-05,103.30413818359375
2024-03-06,104.13086700439453
2024-03-07,105.19794464111328
2024-03-08,104.69805908203125
2024-03-11,104.45773315429688
2024-03-12,105.46711730957031
2024-03-13,105.29407501220703
2024-03-14,104.8230209350586
2024-03-15,104.36076354980469
2024-03-18,104.74678039550781
2024-03-19,105.1135025024414
2024-03-20,106.15576934814453
2024-03-21,106.47423553466797
2024-03-22,106.14611053466797
2024-03-25,105.93379211425781
2024-03-26,105.80834197998047
2024-03-27,106.59968566894531
2024-03-28,106.63829803466797
2024-04-01,106.35842895507812
2024-04-02,105.74079132080078
2024-04-03,106.0110092163086
2024-04-04,104.92049407958984
2024-04-05,105.77940368652344
2024-04-08,106.0110092163086
2024-04-09,106.17505645751953
2024-04-10,104.9591064453125
2024-04-11,105.55741882324219
2024-04-12,103.84928894042969
2024-04-15,102.87458038330078
2024-04-16,102.2859115600586
2024-04-17,101.8998794555664
2024-04-18,101.7454833984375
2024-04-19,101.27261352539062
2024-04-22,102.21833801269531
2024-04-23,103.38607025146484
2024-04-24,103.35710906982422
2024-04-25,103.02899169921875
2024-04-26,103.9554443359375
2024-04-29,104.40901947021484
2024-04-30,102.81668090820312
2024-05-01,102.62366485595703
2024-05-02,103.87824249267578
2024-05-03,104.98805236816406
2024-05-06,105.92415618896484
2024-05-07,105.95309448242188
2024-05-08,105.88555145263672
2024-05-09,106.54178619384766
2024-05-10,106.71549987792969
2024-05-13,106.6961898803711
2024-05-14,107.35242462158203
2024-05-15,108.59735107421875
2024-05-16,108.24991607666016
2024-05-17,108.5490951538086
2024-05-20,108.61664581298828
2024-05-21,108.60699462890625
2024-05-22,108.05691528320312
2024-05-23,107.28486633300781
2024-05-24,108.07621765136719
2024-05-28,107.98934936523438
2024-05-29,106.81199645996094
2024-05-30,106.74444580078125
2024-05-31,107.5454330444336
2024-06-03,107.65159606933594
2024-06-04,107.43929290771484
2024-06-05,108.5490951538086
2024-06-06,108.62629699707031
2024-06-07,108.09552001953125
2024-06-10,108.34642791748047
2024-06-11,108.16307067871094
2024-06-12,109.21498107910156
2024-06-13,108.82894897460938
2024-06-14,108.48153686523438
2024-06-17,109.18601989746094
2024-06-18,109.54309844970703
2024-06-20,109.35009002685547
2024-06-21,109.05714416503906
2024-06-24,109.17354583740234
2024-06-25,109.38693237304688
2024-06-26,109.22203826904297
2024-06-27,109.42572784423828
2024-06-28,109.25114440917969
2024-07-01,109.39664459228516
2024-07-02,109.91075134277344
2024-07-03,110.75465393066406
2024-07-05,111.26874542236328
2024-07-08,111.23963928222656
2024-07-09,111.22025299072266
2024-07-10,112.39395141601562
2024-07-11,112.17083740234375
2024-07-12,112.92744445800781
2024-07-15,112.8983383178711
2024-07-16,113.73255157470703
2024-07-17,112.3260498046875
2024-07-18,111.37544250488281
2024-07-19,110.63824462890625
2024-07-22,111.74403381347656
2024-07-23,111.39482879638672
2024-07-24,109.25114440917969
2024-07-25,108.88253784179688
2024-07-26,110.13384246826172
2024-07-29,109.98834228515625
2024-07-30,109.70703125
2024-07-31,111.41424560546875
2024-08-01,109.39664459228516
2024-08-02,107.38873291015625
2024-08-05,104.48844146728516
2024-08-06,105.2741470336914
2024-08-07,105.0025405883789
2024-08-08,107.24324035644531
2024-08-09,107.6894302368164
2024-08-12,107.70884704589844
2024-08-13,109.38693237304688
2024-08-14,109.65853881835938
2024-08-15,111.27845001220703
2024-08-16,111.7149429321289
2024-08-19,112.85954284667969
2024-08-20,112.54914093017578
2024-08-21,113.19904327392578
2024-08-22,112.2484359741211
2024-08-23,113.8780517578125
2024-08-26,113.354248046875
2024-08-27,113.68404388427734
2024-08-28,113.02444458007812
2024-08-29,113.1893539428711
2024-08-30,114.01385498046875
2024-09-03,111.77314758300781
2024-09-04,111.5306396484375
2024-09-05,111.3366470336914
2024-09-06,109.44514465332031
2024-09-09,110.57034301757812
2024-09-10,110.6867446899414
2024-09-11,111.58883666992188
2024-09-12,112.54914093017578
2024-09-13,113.14083862304688
2024-09-16,113.57733917236328
2024-09-17,113.50944519042969
2024-09-18,113.1893539428711
2024-09-19,115.1972427368164
2024-09-20,114.76602935791016
2024-09-23,115.13592529296875
2024-09-24,115.91466522216797
2024-09-25,115.34033966064453
2024-09-26,116.77127838134766
2024-09-27,116.43058013916016
2024-09-30,116.51818084716797
2024-10-01,115.77838134765625
2024-10-02,115.95360565185547
2024-10-03,115.31114196777344
2024-10-04,116.33322143554688
2024-10-07,115.63236999511719
2024-10-08,115.8270492553711
2024-10-09,116.28455352783203
2024-10-10,116.09960174560547
2024-10-11,116.8978042602539
2024-10-14,117.48187255859375
2024-10-15,116.27482604980469
2024-10-16,116.84913635253906
2024-10-17,116.79072570800781
2024-10-18,117.36505126953125
2024-10-21,116.76152801513672
2024-10-22,116.479248046875
2024-10-23,115.46688842773438
2024-10-24,115.76864624023438
2024-10-25,115.57395935058594
2024-10-28,116.17748260498047
2024-10-29,116.08013916015625
2024-10-30,115.65184020996094
2024-10-31,113.97755432128906
2024-11-01,114.43505859375
2024-11-04,114.37665557861328
2024-11-05,115.7589111328125
2024-11-06,117.27745056152344
2024-11-07,118.51367950439453
2024-11-08,118.18273162841797
2024-11-11,118.31900024414062
2024-11-12,117.37478637695312
2024-11-13,117.13143157958984
2024-11-14,116.52791595458984
2024-11-15,115.36953735351562
2024-11-18,116.05093383789062
2024-11-19,116.35269927978516
2024-11-20,116.32349395751953
2024-11-21,116.87834167480469
2024-11-22,117.38451385498047
2024-11-25,117.8809585571289
2024-11-26,117.9588394165039
2024-11-27,117.81282806396484
2024-11-29,118.69864654541016
2024-12-02,118.95172119140625
2024-12-03,119.14640808105469
2024-12-04,119.63311004638672
2024-12-05,119.652587890625
2024-12-06,119.798583984375
2024-12-09,119.55523681640625
2024-12-10,118.79597473144531
2024-12-11,119.70126342773438
2024-12-12,118.89331817626953
2024-12-13,118.75703430175781
2024-12-16,118.91279602050781
2024-12-17,118.41634368896484
2024-12-18,114.92176818847656
2024-12-19,114.90230560302734
2024-12-20,115.8310317993164
2024-12-23,116.46849060058594
2024-12-24,117.39035034179688
2024-12-26,117.52764129638672
2024-12-27,116.60578918457031
2024-12-30,115.47797393798828
2024-12-31,115.21318054199219
2025-01-02,114.97782135009766
2025-01-03,116.16446685791016
2025-01-06,116.88037872314453
2025-01-07,115.73295593261719
2025-01-08,115.77218627929688
2025-01-10,113.91866302490234
2025-01-13,113.9578857421875
2025-01-14,114.35016632080078
2025-01-15,116.09580993652344
2025-01-16,116.20369720458984
2025-01-17,117.17459869384766
2025-01-21,118.59661102294922
2025-01-22,118.90062713623047
2025-01-23,119.53809356689453
2025-01-24,119.54790496826172
2025-01-27,118.18472290039062
2025-01-28,118.94966888427734
2025-01-29,118.58679962158203
2025-01-30,119.5871353149414
2025-01-31,118.73391723632812
2025-02-03,117.80224609375
2025-02-04,118.90062713623047
2025-02-05,119.52827453613281
2025-02-06,119.92056274414062
2025-02-07,118.94966888427734
2025-02-10,119.73422241210938
2025-02-11,119.80288696289062
2025-02-12,119.68519592285156
2025-02-13,120.97972869873047
2025-02-14,121.10721588134766
2025-02-18,121.57795715332031
2025-02-19,121.43085479736328
2025-02-20,121.2641372680664
2025-02-21,119.55770874023438
2025-02-24,118.96928405761719
2025-02-25,118.83198547363281
2025-02-26,119.00850677490234
2025-02-27,117.21382141113281
2025-02-28,118.24356079101562
2025-03-03,116.9882583618164
2025-03-04,116.13504028320312
2025-03-05,118.05723571777344
2025-03-06,116.30177307128906
2025-03-07,117.03729248046875
2025-03-10,114.05596160888672
2025-03-11,113.59502410888672
2025-03-12,114.21286010742188
2025-03-13,112.8594970703125
2025-03-14,115.20338439941406
2025-03-17,116.35079193115234
2025-03-18,115.51719665527344
2025-03-19,116.46849060058594
2025-03-20,115.96832275390625
2025-03-21,115.70758819580078
2025-03-24,117.17359924316406
2025-03-25,117.39990997314453
2025-03-26,116.1208267211914
2025-03-27,115.992919921875
2025-03-28,113.95622253417969
2025-03-31,114.0841293334961
2025-04-01,114.45802307128906
2025-04-02,115.13692474365234
2025-04-03,110.59127044677734
2025-04-04,103.99907684326172
2025-04-07,102.74952697753906
2025-04-08,101.49995422363281
2025-04-09,110.17802429199219
2025-04-10,107.10823059082031
2025-04-11,109.32202911376953
2025-04-14,110.35513305664062
2025-04-15,110.4633560180664
2025-04-16,108.82022857666016
2025-04-17,109.39089965820312
2025-04-21,107.69857025146484
2025-04-22,110.05011749267578
2025-04-23,111.45710754394531
2025-04-24,113.3954086303711
2025-04-25,113.93656158447266
2025-04-28,114.26123046875
2025-04-29,114.78271484375
2025-04-30,114.72367858886719
2025-05-01,115.13692474365234
2025-05-02,117.14408874511719
2025-05-05,116.8882827758789
2025-05-06,116.22905731201172
2025-05-07,116.30776977539062
2025-05-08,116.71117401123047
2025-05-09,116.8784408569336
2025-05-12,119.77113342285156
2025-05-13,120.3614730834961
2025-05-14,120.3614730834961
2025-05-15,121.04036712646484
2025-05-16,121.6307144165039
2025-05-19,121.96524047851562
2025-05-20,121.83733367919922
2025-05-21,120.31227111816406
2025-05-22,120.22372436523438
2025-05-23,119.94823455810547
2025-05-27,121.8963623046875
2025-05-28,121.06005096435547
2025-05-29,121.552001953125
2025-05-30,121.3847427368164
2025-06-02,122.19154357910156
2025-06-03,122.50639343261719
2025-06-04,122.7917251586914
2025-06-05,122.45719146728516
2025-06-06,123.41159057617188
2025-06-09,123.61820220947266
2025-06-10,124.20854949951172
2025-06-11,123.97241973876953
2025-06-12,124.50372314453125
2025-06-13,122.93930053710938
2025-06-16,124.01176452636719
2025-06-17,122.80156707763672
2025-06-18,122.87043762207031
2025-06-20,122.33163452148438
2025-06-23,123.49820709228516
2025-06-24,125.05033874511719
2025-06-25,124.83283996582031
2025-06-26,125.9994125366211
2025-06-27,126.54315185546875
2025-06-30,127.05724334716797
2025-07-01,127.0671157836914
2025-07-02,127.6405258178711
2025-07-03,128.31277465820312
2025-07-07,127.14620971679688
2025-07-08,127.41314697265625
2025-07-09,128.17437744140625
2025-07-10,128.41163635253906
2025-07-11,127.76904296875
2025-07-14,127.99642944335938
2025-07-15,127.34393310546875
2025-07-16,127.84813690185547
2025-07-17,128.5006103515625
2025-07-18,128.39186096191406
2025-07-21,128.70823669433594
2025-07-22,129.0641326904297
2025-07-23,130.54705810546875
2025-07-24,130.2010498046875
2025-07-25,130.47784423828125
2025-07-28,129.82537841796875
2025-07-29,129.58810424804688
2025-07-30,129.13333129882812
2025-07-31,128.451171875
2025-08-01,126.94849395751953
2025-08-04,128.72799682617188
2025-08-05,128.47096252441406
2025-08-06,129.311279296875
2025-08-07,129.54855346679688
2025-08-08,130.30979919433594
2025-08-11,129.96377563476562
2025-08-12,131.51589965820312
2025-08-13,132.17828369140625
2025-08-14,131.8619384765625
2025-08-15,131.8619384765625
2025-08-18,131.93112182617188
2025-08-19,131.32806396484375
2025-08-20,131.16000366210938
2025-08-21,130.6854705810547
2025-08-22,132.91973876953125
2025-08-25,132.0497589111328
2025-08-26,132.39578247070312
2025-08-27,132.455078125
2025-08-28,132.97906494140625
2025-08-29,132.2474822998047
2025-09-02,131.29840087890625
2025-09-03,131.7828369140625
2025-09-04,132.72201538085938
2025-09-05,132.8505401611328
2025-09-08,133.57223510742188
2025-09-09,133.7007598876953
2025-09-10,133.98745727539062
2025-09-11,135.31219482421875
2025-09-12,135.04527282714844
2025-09-15,135.80650329589844
2025-09-16,135.75709533691406
2025-09-17,135.55934143066406
2025-09-18,136.1920623779297
2025-09-19,136.3785858154297
2025-09-22,136.9341278076172
2025-09-23,136.4182586669922
2025-09-24,135.8031768798828
2025-09-25,135.03929138183594
2025-09-26,135.77342224121094
2025-09-29,136.28929138183594
2025-09-30,136.70596313476562
2025-10-01,137.4103240966797
2025-10-02,137.60873413085938
2025-10-03,137.97579956054688
2025-10-06,138.47183227539062
2025-10-07,137.61865234375
2025-10-08,138.36270141601562
2025-10-09,137.6385040283203
2025-10-10,134.08692932128906
2025-10-13,136.2297821044922
2025-10-14,136.1603240966797
2025-10-15,136.92420959472656
2025-10-16,136.55714416503906
2025-10-17,136.98373413085938
2025-10-20,138.3428497314453
2025-10-21,137.9857177734375
2025-10-22,137.39048767089844
2025-10-23,138.29324340820312
2025-10-24,139.16627502441406
2025-10-27,140.55514526367188
2025-10-28,140.65435791015625
2025-10-29,140.4658660888672
2025-10-30,139.2257843017578
2025-10-31,139.4738006591797
2025-11-03,139.6424560546875
2025-11-04,137.8865203857422
2025-11-05,138.64047241210938
2025-11-06,137.40040588378906
2025-11-07,137.727783203125
2025-11-10,139.6523895263672
2025-11-11,140.02935791015625
2025-11-12,140.36666870117188
2025-11-13,138.1841278076172
2025-11-14,138.13453674316406
2025-11-17,136.61668395996094
2025-11-18,135.5948486328125
2025-11-19,135.73374938964844
2025-11-20,133.6603240966797
2025-11-21,135.0690460205078
2025-11-24,136.70596313476562
2025-11-25,137.97579956054688
2025-11-26,139.10675048828125
2025-11-28,139.77142333984375
2025-12-01,139.10675048828125
2025-12-02,139.36468505859375
2025-12-03,139.94007873535156
2025-12-04,140.1583251953125
2025-12-05,140.4361114501953
2025-12-08,140.009521484375
2025-12-09,139.85079956054688
2025-12-10,141.041259765625
2025-12-11,141.42816162109375
2025-12-12,140.0988006591797
2025-12-15,140.0988006591797
2025-12-16,139.56307983398438
2025-12-17,138.28334045410156
2025-12-18,139.3249969482422
2025-12-19,140.5
2025-12-22,141.33999633789062
2025-12-23,142.00999450683594
2025-12-24,142.36000061035156
2025-12-26,142.5
2025-12-29,142.00999450683594
2025-12-30,141.97999572753906
2025-12-31,141.05999755859375
2026-01-02,142.10000610351562
2026-01-05,143.3000030517578
2026-01-06,144.13999938964844
2026-01-07,143.5399932861328
2026-01-08,143.63999938964844
2026-01-09,144.58999633789062
2026-01-12,145.24000549316406
2026-01-13,144.6999969482422
2026-01-14,144.60000610351562
2026-01-15,144.92999267578125
2026-01-16,144.92999267578125
2026-01-20,142.4499969482422
2026-01-21,144.1199951171875
2026-01-22,144.9199981689453
2026-01-23,145.1999969482422
2026-01-26,145.83999633789062
2026-01-27,147.0500030517578
2026-01-28,146.8000030517578
2026-01-29,146.72000122070312
2026-01-30,145.4499969482422
2026-02-02,146.14999389648438
2026-02-03,145.61000061035156
2026-02-04,145.1300048828125
2026-02-05,143.3699951171875
2026-02-06,146.4600067138672
2026-02-09,147.6699981689453
2026-02-10,147.5800018310547
2026-02-11,147.97999572753906
2026-02-12,145.9600067138672
2026-02-13,146.33999633789062
2026-02-17,146.2899932861328
2026-02-18,147.00999450683594
2026-02-19,146.67999267578125
2026-02-20,147.9499969482422
2026-02-23,146.64999389648438
2026-02-24,147.6999969482422
2026-02-25,148.91000366210938
2026-02-26,148.39999389648438
2026-02-27,147.83999633789062
2026-03-02,146.9499969482422
2026-03-03,144.0399932861328
2026-03-04,145.25999450683594
2026-03-05,143.57000732421875
2026-03-06,141.92999267578125
2026-03-09,143.24000549316406
2026-03-10,143.22000122070312
2026-03-11,143.0399932861328
2026-03-12,140.5500030517578
2026-03-13,139.52000427246094
